{"timestamp":"2025-12-15T00:07:46.679454Z","level":"info","event":"Filling up the DagBag from /opt/airflow/dags/dag.py","logger":"airflow.models.dagbag.DagBag","filename":"dagbag.py","lineno":593}
{"timestamp":"2025-12-15T00:07:46.729637Z","level":"warning","event":"The `airflow.decorators.dag` attribute is deprecated. Please use `'airflow.sdk.dag'`.","category":"DeprecatedImportWarning","filename":"/opt/airflow/dags/dag.py","lineno":1,"logger":"py.warnings"}
{"timestamp":"2025-12-15T00:07:46.730222Z","level":"warning","event":"The `airflow.decorators.task` attribute is deprecated. Please use `'airflow.sdk.task'`.","category":"DeprecatedImportWarning","filename":"/opt/airflow/dags/dag.py","lineno":2,"logger":"py.warnings"}
{"timestamp":"2025-12-15T00:07:46.730455Z","level":"warning","event":"The `airflow.operators.empty.EmptyOperator` attribute is deprecated. Please use `'airflow.providers.standard.operators.empty.EmptyOperator'`.","category":"DeprecatedImportWarning","filename":"/opt/airflow/dags/dag.py","lineno":3,"logger":"py.warnings"}
{"timestamp":"2025-12-15T00:26:42.153912Z","level":"info","event":"Filling up the DagBag from /opt/airflow/dags/dag.py","logger":"airflow.models.dagbag.DagBag","filename":"dagbag.py","lineno":593}
{"timestamp":"2025-12-15T00:26:42.185749Z","level":"warning","event":"The `airflow.decorators.dag` attribute is deprecated. Please use `'airflow.sdk.dag'`.","category":"DeprecatedImportWarning","filename":"/opt/airflow/dags/dag.py","lineno":1,"logger":"py.warnings"}
{"timestamp":"2025-12-15T00:26:42.185807Z","level":"warning","event":"The `airflow.decorators.task` attribute is deprecated. Please use `'airflow.sdk.task'`.","category":"DeprecatedImportWarning","filename":"/opt/airflow/dags/dag.py","lineno":2,"logger":"py.warnings"}
{"timestamp":"2025-12-15T00:26:42.185835Z","level":"warning","event":"The `airflow.operators.empty.EmptyOperator` attribute is deprecated. Please use `'airflow.providers.standard.operators.empty.EmptyOperator'`.","category":"DeprecatedImportWarning","filename":"/opt/airflow/dags/dag.py","lineno":3,"logger":"py.warnings"}
{"timestamp":"2025-12-15T02:05:14.424769Z","level":"info","event":"Filling up the DagBag from /opt/airflow/dags/dag.py","logger":"airflow.models.dagbag.DagBag","filename":"dagbag.py","lineno":593}
{"timestamp":"2025-12-15T02:05:14.463171Z","level":"warning","event":"The `airflow.decorators.dag` attribute is deprecated. Please use `'airflow.sdk.dag'`.","category":"DeprecatedImportWarning","filename":"/opt/airflow/dags/dag.py","lineno":1,"logger":"py.warnings"}
{"timestamp":"2025-12-15T02:05:14.463369Z","level":"warning","event":"The `airflow.decorators.task` attribute is deprecated. Please use `'airflow.sdk.task'`.","category":"DeprecatedImportWarning","filename":"/opt/airflow/dags/dag.py","lineno":2,"logger":"py.warnings"}
{"timestamp":"2025-12-15T02:05:14.463704Z","level":"warning","event":"The `airflow.operators.empty.EmptyOperator` attribute is deprecated. Please use `'airflow.providers.standard.operators.empty.EmptyOperator'`.","category":"DeprecatedImportWarning","filename":"/opt/airflow/dags/dag.py","lineno":3,"logger":"py.warnings"}
{"timestamp":"2025-12-15T03:27:31.382422Z","level":"info","event":"Filling up the DagBag from /opt/airflow/dags/dag.py","logger":"airflow.models.dagbag.DagBag","filename":"dagbag.py","lineno":593}
{"timestamp":"2025-12-15T03:27:31.409544Z","level":"warning","event":"The `airflow.decorators.dag` attribute is deprecated. Please use `'airflow.sdk.dag'`.","category":"DeprecatedImportWarning","filename":"/opt/airflow/dags/dag.py","lineno":1,"logger":"py.warnings"}
{"timestamp":"2025-12-15T03:27:31.409613Z","level":"warning","event":"The `airflow.decorators.task` attribute is deprecated. Please use `'airflow.sdk.task'`.","category":"DeprecatedImportWarning","filename":"/opt/airflow/dags/dag.py","lineno":2,"logger":"py.warnings"}
{"timestamp":"2025-12-15T03:27:31.409643Z","level":"warning","event":"The `airflow.operators.empty.EmptyOperator` attribute is deprecated. Please use `'airflow.providers.standard.operators.empty.EmptyOperator'`.","category":"DeprecatedImportWarning","filename":"/opt/airflow/dags/dag.py","lineno":3,"logger":"py.warnings"}
{"timestamp":"2025-12-15T05:05:49.935846Z","level":"info","event":"Filling up the DagBag from /opt/airflow/dags/dag.py","logger":"airflow.models.dagbag.DagBag","filename":"dagbag.py","lineno":593}
{"timestamp":"2025-12-15T05:05:49.980581Z","level":"warning","event":"The `airflow.decorators.dag` attribute is deprecated. Please use `'airflow.sdk.dag'`.","category":"DeprecatedImportWarning","filename":"/opt/airflow/dags/dag.py","lineno":1,"logger":"py.warnings"}
{"timestamp":"2025-12-15T05:05:49.980813Z","level":"warning","event":"The `airflow.decorators.task` attribute is deprecated. Please use `'airflow.sdk.task'`.","category":"DeprecatedImportWarning","filename":"/opt/airflow/dags/dag.py","lineno":2,"logger":"py.warnings"}
{"timestamp":"2025-12-15T05:05:49.981243Z","level":"warning","event":"The `airflow.operators.empty.EmptyOperator` attribute is deprecated. Please use `'airflow.providers.standard.operators.empty.EmptyOperator'`.","category":"DeprecatedImportWarning","filename":"/opt/airflow/dags/dag.py","lineno":3,"logger":"py.warnings"}
{"timestamp":"2025-12-15T06:28:42.649305Z","level":"info","event":"Filling up the DagBag from /opt/airflow/dags/dag.py","logger":"airflow.models.dagbag.DagBag","filename":"dagbag.py","lineno":593}
{"timestamp":"2025-12-15T06:28:42.689375Z","level":"warning","event":"The `airflow.decorators.dag` attribute is deprecated. Please use `'airflow.sdk.dag'`.","category":"DeprecatedImportWarning","filename":"/opt/airflow/dags/dag.py","lineno":1,"logger":"py.warnings"}
{"timestamp":"2025-12-15T06:28:42.689436Z","level":"warning","event":"The `airflow.decorators.task` attribute is deprecated. Please use `'airflow.sdk.task'`.","category":"DeprecatedImportWarning","filename":"/opt/airflow/dags/dag.py","lineno":2,"logger":"py.warnings"}
{"timestamp":"2025-12-15T06:28:42.689466Z","level":"warning","event":"The `airflow.operators.empty.EmptyOperator` attribute is deprecated. Please use `'airflow.providers.standard.operators.empty.EmptyOperator'`.","category":"DeprecatedImportWarning","filename":"/opt/airflow/dags/dag.py","lineno":3,"logger":"py.warnings"}
{"timestamp":"2025-12-15T07:21:43.413458Z","level":"info","event":"Filling up the DagBag from /opt/airflow/dags/dag.py","logger":"airflow.models.dagbag.DagBag","filename":"dagbag.py","lineno":593}
{"timestamp":"2025-12-15T07:21:43.478794Z","level":"warning","event":"The `airflow.decorators.dag` attribute is deprecated. Please use `'airflow.sdk.dag'`.","category":"DeprecatedImportWarning","filename":"/opt/airflow/dags/dag.py","lineno":1,"logger":"py.warnings"}
{"timestamp":"2025-12-15T07:21:43.478901Z","level":"warning","event":"The `airflow.decorators.task` attribute is deprecated. Please use `'airflow.sdk.task'`.","category":"DeprecatedImportWarning","filename":"/opt/airflow/dags/dag.py","lineno":2,"logger":"py.warnings"}
{"timestamp":"2025-12-15T07:21:43.478951Z","level":"warning","event":"The `airflow.operators.empty.EmptyOperator` attribute is deprecated. Please use `'airflow.providers.standard.operators.empty.EmptyOperator'`.","category":"DeprecatedImportWarning","filename":"/opt/airflow/dags/dag.py","lineno":3,"logger":"py.warnings"}
{"timestamp":"2025-12-15T08:14:36.888863Z","level":"info","event":"Filling up the DagBag from /opt/airflow/dags/dag.py","logger":"airflow.models.dagbag.DagBag","filename":"dagbag.py","lineno":593}
{"timestamp":"2025-12-15T08:14:36.944294Z","level":"warning","event":"The `airflow.decorators.dag` attribute is deprecated. Please use `'airflow.sdk.dag'`.","category":"DeprecatedImportWarning","filename":"/opt/airflow/dags/dag.py","lineno":1,"logger":"py.warnings"}
{"timestamp":"2025-12-15T08:14:36.944529Z","level":"warning","event":"The `airflow.decorators.task` attribute is deprecated. Please use `'airflow.sdk.task'`.","category":"DeprecatedImportWarning","filename":"/opt/airflow/dags/dag.py","lineno":2,"logger":"py.warnings"}
{"timestamp":"2025-12-15T08:14:36.944556Z","level":"warning","event":"The `airflow.operators.empty.EmptyOperator` attribute is deprecated. Please use `'airflow.providers.standard.operators.empty.EmptyOperator'`.","category":"DeprecatedImportWarning","filename":"/opt/airflow/dags/dag.py","lineno":3,"logger":"py.warnings"}
{"timestamp":"2025-12-15T09:40:00.632627Z","level":"info","event":"Filling up the DagBag from /opt/airflow/dags/dag.py","logger":"airflow.models.dagbag.DagBag","filename":"dagbag.py","lineno":593}
{"timestamp":"2025-12-15T09:40:00.710706Z","level":"warning","event":"The `airflow.decorators.dag` attribute is deprecated. Please use `'airflow.sdk.dag'`.","category":"DeprecatedImportWarning","filename":"/opt/airflow/dags/dag.py","lineno":1,"logger":"py.warnings"}
{"timestamp":"2025-12-15T09:40:00.711056Z","level":"warning","event":"The `airflow.decorators.task` attribute is deprecated. Please use `'airflow.sdk.task'`.","category":"DeprecatedImportWarning","filename":"/opt/airflow/dags/dag.py","lineno":2,"logger":"py.warnings"}
{"timestamp":"2025-12-15T09:40:00.711085Z","level":"warning","event":"The `airflow.operators.empty.EmptyOperator` attribute is deprecated. Please use `'airflow.providers.standard.operators.empty.EmptyOperator'`.","category":"DeprecatedImportWarning","filename":"/opt/airflow/dags/dag.py","lineno":3,"logger":"py.warnings"}
{"timestamp":"2025-12-15T09:40:31.147600Z","level":"info","event":"Filling up the DagBag from /opt/airflow/dags/dag.py","logger":"airflow.models.dagbag.DagBag","filename":"dagbag.py","lineno":593}
{"timestamp":"2025-12-15T09:40:31.195765Z","level":"warning","event":"The `airflow.decorators.dag` attribute is deprecated. Please use `'airflow.sdk.dag'`.","category":"DeprecatedImportWarning","filename":"/opt/airflow/dags/dag.py","lineno":1,"logger":"py.warnings"}
{"timestamp":"2025-12-15T09:40:31.196046Z","level":"warning","event":"The `airflow.decorators.task` attribute is deprecated. Please use `'airflow.sdk.task'`.","category":"DeprecatedImportWarning","filename":"/opt/airflow/dags/dag.py","lineno":2,"logger":"py.warnings"}
{"timestamp":"2025-12-15T09:40:31.196076Z","level":"warning","event":"The `airflow.operators.empty.EmptyOperator` attribute is deprecated. Please use `'airflow.providers.standard.operators.empty.EmptyOperator'`.","category":"DeprecatedImportWarning","filename":"/opt/airflow/dags/dag.py","lineno":3,"logger":"py.warnings"}
{"timestamp":"2025-12-15T09:41:01.591976Z","level":"info","event":"Filling up the DagBag from /opt/airflow/dags/dag.py","logger":"airflow.models.dagbag.DagBag","filename":"dagbag.py","lineno":593}
{"timestamp":"2025-12-15T09:41:01.621571Z","level":"warning","event":"The `airflow.decorators.dag` attribute is deprecated. Please use `'airflow.sdk.dag'`.","category":"DeprecatedImportWarning","filename":"/opt/airflow/dags/dag.py","lineno":1,"logger":"py.warnings"}
{"timestamp":"2025-12-15T09:41:01.621633Z","level":"warning","event":"The `airflow.decorators.task` attribute is deprecated. Please use `'airflow.sdk.task'`.","category":"DeprecatedImportWarning","filename":"/opt/airflow/dags/dag.py","lineno":2,"logger":"py.warnings"}
{"timestamp":"2025-12-15T09:41:01.621661Z","level":"warning","event":"The `airflow.operators.empty.EmptyOperator` attribute is deprecated. Please use `'airflow.providers.standard.operators.empty.EmptyOperator'`.","category":"DeprecatedImportWarning","filename":"/opt/airflow/dags/dag.py","lineno":3,"logger":"py.warnings"}
{"timestamp":"2025-12-15T09:41:32.010792Z","level":"info","event":"Filling up the DagBag from /opt/airflow/dags/dag.py","logger":"airflow.models.dagbag.DagBag","filename":"dagbag.py","lineno":593}
{"timestamp":"2025-12-15T09:41:32.050249Z","level":"warning","event":"The `airflow.decorators.dag` attribute is deprecated. Please use `'airflow.sdk.dag'`.","category":"DeprecatedImportWarning","filename":"/opt/airflow/dags/dag.py","lineno":1,"logger":"py.warnings"}
{"timestamp":"2025-12-15T09:41:32.050861Z","level":"warning","event":"The `airflow.decorators.task` attribute is deprecated. Please use `'airflow.sdk.task'`.","category":"DeprecatedImportWarning","filename":"/opt/airflow/dags/dag.py","lineno":2,"logger":"py.warnings"}
{"timestamp":"2025-12-15T09:41:32.050922Z","level":"warning","event":"The `airflow.operators.empty.EmptyOperator` attribute is deprecated. Please use `'airflow.providers.standard.operators.empty.EmptyOperator'`.","category":"DeprecatedImportWarning","filename":"/opt/airflow/dags/dag.py","lineno":3,"logger":"py.warnings"}
{"timestamp":"2025-12-15T09:42:02.375635Z","level":"info","event":"Filling up the DagBag from /opt/airflow/dags/dag.py","logger":"airflow.models.dagbag.DagBag","filename":"dagbag.py","lineno":593}
{"timestamp":"2025-12-15T09:42:02.425775Z","level":"warning","event":"The `airflow.decorators.dag` attribute is deprecated. Please use `'airflow.sdk.dag'`.","category":"DeprecatedImportWarning","filename":"/opt/airflow/dags/dag.py","lineno":1,"logger":"py.warnings"}
{"timestamp":"2025-12-15T09:42:02.426054Z","level":"warning","event":"The `airflow.decorators.task` attribute is deprecated. Please use `'airflow.sdk.task'`.","category":"DeprecatedImportWarning","filename":"/opt/airflow/dags/dag.py","lineno":2,"logger":"py.warnings"}
{"timestamp":"2025-12-15T09:42:02.426096Z","level":"warning","event":"The `airflow.operators.empty.EmptyOperator` attribute is deprecated. Please use `'airflow.providers.standard.operators.empty.EmptyOperator'`.","category":"DeprecatedImportWarning","filename":"/opt/airflow/dags/dag.py","lineno":3,"logger":"py.warnings"}
{"timestamp":"2025-12-15T09:42:32.847480Z","level":"info","event":"Filling up the DagBag from /opt/airflow/dags/dag.py","logger":"airflow.models.dagbag.DagBag","filename":"dagbag.py","lineno":593}
{"timestamp":"2025-12-15T09:42:32.893306Z","level":"warning","event":"The `airflow.decorators.dag` attribute is deprecated. Please use `'airflow.sdk.dag'`.","category":"DeprecatedImportWarning","filename":"/opt/airflow/dags/dag.py","lineno":1,"logger":"py.warnings"}
{"timestamp":"2025-12-15T09:42:32.893516Z","level":"warning","event":"The `airflow.decorators.task` attribute is deprecated. Please use `'airflow.sdk.task'`.","category":"DeprecatedImportWarning","filename":"/opt/airflow/dags/dag.py","lineno":2,"logger":"py.warnings"}
{"timestamp":"2025-12-15T09:42:32.893557Z","level":"warning","event":"The `airflow.operators.empty.EmptyOperator` attribute is deprecated. Please use `'airflow.providers.standard.operators.empty.EmptyOperator'`.","category":"DeprecatedImportWarning","filename":"/opt/airflow/dags/dag.py","lineno":3,"logger":"py.warnings"}
{"timestamp":"2025-12-15T09:43:03.274274Z","level":"info","event":"Filling up the DagBag from /opt/airflow/dags/dag.py","logger":"airflow.models.dagbag.DagBag","filename":"dagbag.py","lineno":593}
{"timestamp":"2025-12-15T09:43:03.334218Z","level":"warning","event":"The `airflow.decorators.dag` attribute is deprecated. Please use `'airflow.sdk.dag'`.","category":"DeprecatedImportWarning","filename":"/opt/airflow/dags/dag.py","lineno":1,"logger":"py.warnings"}
{"timestamp":"2025-12-15T09:43:03.334428Z","level":"warning","event":"The `airflow.decorators.task` attribute is deprecated. Please use `'airflow.sdk.task'`.","category":"DeprecatedImportWarning","filename":"/opt/airflow/dags/dag.py","lineno":2,"logger":"py.warnings"}
{"timestamp":"2025-12-15T09:43:03.334794Z","level":"warning","event":"The `airflow.operators.empty.EmptyOperator` attribute is deprecated. Please use `'airflow.providers.standard.operators.empty.EmptyOperator'`.","category":"DeprecatedImportWarning","filename":"/opt/airflow/dags/dag.py","lineno":3,"logger":"py.warnings"}
{"timestamp":"2025-12-15T09:43:33.719541Z","level":"info","event":"Filling up the DagBag from /opt/airflow/dags/dag.py","logger":"airflow.models.dagbag.DagBag","filename":"dagbag.py","lineno":593}
{"timestamp":"2025-12-15T09:43:33.757204Z","level":"warning","event":"The `airflow.decorators.dag` attribute is deprecated. Please use `'airflow.sdk.dag'`.","category":"DeprecatedImportWarning","filename":"/opt/airflow/dags/dag.py","lineno":1,"logger":"py.warnings"}
{"timestamp":"2025-12-15T09:43:33.757703Z","level":"warning","event":"The `airflow.decorators.task` attribute is deprecated. Please use `'airflow.sdk.task'`.","category":"DeprecatedImportWarning","filename":"/opt/airflow/dags/dag.py","lineno":2,"logger":"py.warnings"}
{"timestamp":"2025-12-15T09:43:33.757742Z","level":"warning","event":"The `airflow.operators.empty.EmptyOperator` attribute is deprecated. Please use `'airflow.providers.standard.operators.empty.EmptyOperator'`.","category":"DeprecatedImportWarning","filename":"/opt/airflow/dags/dag.py","lineno":3,"logger":"py.warnings"}
{"timestamp":"2025-12-15T09:44:04.142309Z","level":"info","event":"Filling up the DagBag from /opt/airflow/dags/dag.py","logger":"airflow.models.dagbag.DagBag","filename":"dagbag.py","lineno":593}
{"timestamp":"2025-12-15T09:44:04.190603Z","level":"warning","event":"The `airflow.decorators.dag` attribute is deprecated. Please use `'airflow.sdk.dag'`.","category":"DeprecatedImportWarning","filename":"/opt/airflow/dags/dag.py","lineno":1,"logger":"py.warnings"}
{"timestamp":"2025-12-15T09:44:04.191169Z","level":"warning","event":"The `airflow.decorators.task` attribute is deprecated. Please use `'airflow.sdk.task'`.","category":"DeprecatedImportWarning","filename":"/opt/airflow/dags/dag.py","lineno":2,"logger":"py.warnings"}
{"timestamp":"2025-12-15T09:44:04.191229Z","level":"warning","event":"The `airflow.operators.empty.EmptyOperator` attribute is deprecated. Please use `'airflow.providers.standard.operators.empty.EmptyOperator'`.","category":"DeprecatedImportWarning","filename":"/opt/airflow/dags/dag.py","lineno":3,"logger":"py.warnings"}
{"timestamp":"2025-12-15T09:44:34.585032Z","level":"info","event":"Filling up the DagBag from /opt/airflow/dags/dag.py","logger":"airflow.models.dagbag.DagBag","filename":"dagbag.py","lineno":593}
{"timestamp":"2025-12-15T09:44:34.632323Z","level":"warning","event":"The `airflow.decorators.dag` attribute is deprecated. Please use `'airflow.sdk.dag'`.","category":"DeprecatedImportWarning","filename":"/opt/airflow/dags/dag.py","lineno":1,"logger":"py.warnings"}
{"timestamp":"2025-12-15T09:44:34.632831Z","level":"warning","event":"The `airflow.decorators.task` attribute is deprecated. Please use `'airflow.sdk.task'`.","category":"DeprecatedImportWarning","filename":"/opt/airflow/dags/dag.py","lineno":2,"logger":"py.warnings"}
{"timestamp":"2025-12-15T09:44:34.632867Z","level":"warning","event":"The `airflow.operators.empty.EmptyOperator` attribute is deprecated. Please use `'airflow.providers.standard.operators.empty.EmptyOperator'`.","category":"DeprecatedImportWarning","filename":"/opt/airflow/dags/dag.py","lineno":3,"logger":"py.warnings"}
{"timestamp":"2025-12-15T09:45:05.025721Z","level":"info","event":"Filling up the DagBag from /opt/airflow/dags/dag.py","logger":"airflow.models.dagbag.DagBag","filename":"dagbag.py","lineno":593}
{"timestamp":"2025-12-15T09:45:05.074167Z","level":"warning","event":"The `airflow.decorators.dag` attribute is deprecated. Please use `'airflow.sdk.dag'`.","category":"DeprecatedImportWarning","filename":"/opt/airflow/dags/dag.py","lineno":1,"logger":"py.warnings"}
{"timestamp":"2025-12-15T09:45:05.074392Z","level":"warning","event":"The `airflow.decorators.task` attribute is deprecated. Please use `'airflow.sdk.task'`.","category":"DeprecatedImportWarning","filename":"/opt/airflow/dags/dag.py","lineno":2,"logger":"py.warnings"}
{"timestamp":"2025-12-15T09:45:05.074941Z","level":"warning","event":"The `airflow.operators.empty.EmptyOperator` attribute is deprecated. Please use `'airflow.providers.standard.operators.empty.EmptyOperator'`.","category":"DeprecatedImportWarning","filename":"/opt/airflow/dags/dag.py","lineno":3,"logger":"py.warnings"}
{"timestamp":"2025-12-15T09:45:35.414919Z","level":"info","event":"Filling up the DagBag from /opt/airflow/dags/dag.py","logger":"airflow.models.dagbag.DagBag","filename":"dagbag.py","lineno":593}
{"timestamp":"2025-12-15T09:45:35.457821Z","level":"warning","event":"The `airflow.decorators.dag` attribute is deprecated. Please use `'airflow.sdk.dag'`.","category":"DeprecatedImportWarning","filename":"/opt/airflow/dags/dag.py","lineno":1,"logger":"py.warnings"}
{"timestamp":"2025-12-15T09:45:35.457882Z","level":"warning","event":"The `airflow.decorators.task` attribute is deprecated. Please use `'airflow.sdk.task'`.","category":"DeprecatedImportWarning","filename":"/opt/airflow/dags/dag.py","lineno":2,"logger":"py.warnings"}
{"timestamp":"2025-12-15T09:45:35.457905Z","level":"warning","event":"The `airflow.operators.empty.EmptyOperator` attribute is deprecated. Please use `'airflow.providers.standard.operators.empty.EmptyOperator'`.","category":"DeprecatedImportWarning","filename":"/opt/airflow/dags/dag.py","lineno":3,"logger":"py.warnings"}
{"timestamp":"2025-12-15T09:46:05.834044Z","level":"info","event":"Filling up the DagBag from /opt/airflow/dags/dag.py","logger":"airflow.models.dagbag.DagBag","filename":"dagbag.py","lineno":593}
{"timestamp":"2025-12-15T09:46:05.866241Z","level":"warning","event":"The `airflow.decorators.dag` attribute is deprecated. Please use `'airflow.sdk.dag'`.","category":"DeprecatedImportWarning","filename":"/opt/airflow/dags/dag.py","lineno":1,"logger":"py.warnings"}
{"timestamp":"2025-12-15T09:46:05.866690Z","level":"warning","event":"The `airflow.decorators.task` attribute is deprecated. Please use `'airflow.sdk.task'`.","category":"DeprecatedImportWarning","filename":"/opt/airflow/dags/dag.py","lineno":2,"logger":"py.warnings"}
{"timestamp":"2025-12-15T09:46:05.866736Z","level":"warning","event":"The `airflow.operators.empty.EmptyOperator` attribute is deprecated. Please use `'airflow.providers.standard.operators.empty.EmptyOperator'`.","category":"DeprecatedImportWarning","filename":"/opt/airflow/dags/dag.py","lineno":3,"logger":"py.warnings"}
{"timestamp":"2025-12-15T09:46:36.248520Z","level":"info","event":"Filling up the DagBag from /opt/airflow/dags/dag.py","logger":"airflow.models.dagbag.DagBag","filename":"dagbag.py","lineno":593}
{"timestamp":"2025-12-15T09:46:36.290788Z","level":"warning","event":"The `airflow.decorators.dag` attribute is deprecated. Please use `'airflow.sdk.dag'`.","category":"DeprecatedImportWarning","filename":"/opt/airflow/dags/dag.py","lineno":1,"logger":"py.warnings"}
{"timestamp":"2025-12-15T09:46:36.290850Z","level":"warning","event":"The `airflow.decorators.task` attribute is deprecated. Please use `'airflow.sdk.task'`.","category":"DeprecatedImportWarning","filename":"/opt/airflow/dags/dag.py","lineno":2,"logger":"py.warnings"}
{"timestamp":"2025-12-15T09:46:36.290874Z","level":"warning","event":"The `airflow.operators.empty.EmptyOperator` attribute is deprecated. Please use `'airflow.providers.standard.operators.empty.EmptyOperator'`.","category":"DeprecatedImportWarning","filename":"/opt/airflow/dags/dag.py","lineno":3,"logger":"py.warnings"}
{"timestamp":"2025-12-15T09:47:06.625265Z","level":"info","event":"Filling up the DagBag from /opt/airflow/dags/dag.py","logger":"airflow.models.dagbag.DagBag","filename":"dagbag.py","lineno":593}
{"timestamp":"2025-12-15T09:47:06.657599Z","level":"warning","event":"The `airflow.decorators.dag` attribute is deprecated. Please use `'airflow.sdk.dag'`.","category":"DeprecatedImportWarning","filename":"/opt/airflow/dags/dag.py","lineno":1,"logger":"py.warnings"}
{"timestamp":"2025-12-15T09:47:06.657657Z","level":"warning","event":"The `airflow.decorators.task` attribute is deprecated. Please use `'airflow.sdk.task'`.","category":"DeprecatedImportWarning","filename":"/opt/airflow/dags/dag.py","lineno":2,"logger":"py.warnings"}
{"timestamp":"2025-12-15T09:47:06.657684Z","level":"warning","event":"The `airflow.operators.empty.EmptyOperator` attribute is deprecated. Please use `'airflow.providers.standard.operators.empty.EmptyOperator'`.","category":"DeprecatedImportWarning","filename":"/opt/airflow/dags/dag.py","lineno":3,"logger":"py.warnings"}
{"timestamp":"2025-12-15T09:47:36.951143Z","level":"info","event":"Filling up the DagBag from /opt/airflow/dags/dag.py","logger":"airflow.models.dagbag.DagBag","filename":"dagbag.py","lineno":593}
{"timestamp":"2025-12-15T09:47:36.986525Z","level":"warning","event":"The `airflow.decorators.dag` attribute is deprecated. Please use `'airflow.sdk.dag'`.","category":"DeprecatedImportWarning","filename":"/opt/airflow/dags/dag.py","lineno":1,"logger":"py.warnings"}
{"timestamp":"2025-12-15T09:47:36.986580Z","level":"warning","event":"The `airflow.decorators.task` attribute is deprecated. Please use `'airflow.sdk.task'`.","category":"DeprecatedImportWarning","filename":"/opt/airflow/dags/dag.py","lineno":2,"logger":"py.warnings"}
{"timestamp":"2025-12-15T09:47:36.986612Z","level":"warning","event":"The `airflow.operators.empty.EmptyOperator` attribute is deprecated. Please use `'airflow.providers.standard.operators.empty.EmptyOperator'`.","category":"DeprecatedImportWarning","filename":"/opt/airflow/dags/dag.py","lineno":3,"logger":"py.warnings"}
{"timestamp":"2025-12-15T09:48:07.342015Z","level":"info","event":"Filling up the DagBag from /opt/airflow/dags/dag.py","logger":"airflow.models.dagbag.DagBag","filename":"dagbag.py","lineno":593}
{"timestamp":"2025-12-15T09:48:07.375458Z","level":"warning","event":"The `airflow.decorators.dag` attribute is deprecated. Please use `'airflow.sdk.dag'`.","category":"DeprecatedImportWarning","filename":"/opt/airflow/dags/dag.py","lineno":1,"logger":"py.warnings"}
{"timestamp":"2025-12-15T09:48:07.375632Z","level":"warning","event":"The `airflow.decorators.task` attribute is deprecated. Please use `'airflow.sdk.task'`.","category":"DeprecatedImportWarning","filename":"/opt/airflow/dags/dag.py","lineno":2,"logger":"py.warnings"}
{"timestamp":"2025-12-15T09:48:07.375677Z","level":"warning","event":"The `airflow.operators.empty.EmptyOperator` attribute is deprecated. Please use `'airflow.providers.standard.operators.empty.EmptyOperator'`.","category":"DeprecatedImportWarning","filename":"/opt/airflow/dags/dag.py","lineno":3,"logger":"py.warnings"}
{"timestamp":"2025-12-15T09:48:37.751348Z","level":"info","event":"Filling up the DagBag from /opt/airflow/dags/dag.py","logger":"airflow.models.dagbag.DagBag","filename":"dagbag.py","lineno":593}
{"timestamp":"2025-12-15T09:48:37.802965Z","level":"warning","event":"The `airflow.decorators.dag` attribute is deprecated. Please use `'airflow.sdk.dag'`.","category":"DeprecatedImportWarning","filename":"/opt/airflow/dags/dag.py","lineno":1,"logger":"py.warnings"}
{"timestamp":"2025-12-15T09:48:37.803156Z","level":"warning","event":"The `airflow.decorators.task` attribute is deprecated. Please use `'airflow.sdk.task'`.","category":"DeprecatedImportWarning","filename":"/opt/airflow/dags/dag.py","lineno":2,"logger":"py.warnings"}
{"timestamp":"2025-12-15T09:48:37.803194Z","level":"warning","event":"The `airflow.operators.empty.EmptyOperator` attribute is deprecated. Please use `'airflow.providers.standard.operators.empty.EmptyOperator'`.","category":"DeprecatedImportWarning","filename":"/opt/airflow/dags/dag.py","lineno":3,"logger":"py.warnings"}
{"timestamp":"2025-12-15T09:49:08.212556Z","level":"info","event":"Filling up the DagBag from /opt/airflow/dags/dag.py","logger":"airflow.models.dagbag.DagBag","filename":"dagbag.py","lineno":593}
{"timestamp":"2025-12-15T09:49:08.250233Z","level":"warning","event":"The `airflow.decorators.dag` attribute is deprecated. Please use `'airflow.sdk.dag'`.","category":"DeprecatedImportWarning","filename":"/opt/airflow/dags/dag.py","lineno":1,"logger":"py.warnings"}
{"timestamp":"2025-12-15T09:49:08.250479Z","level":"warning","event":"The `airflow.decorators.task` attribute is deprecated. Please use `'airflow.sdk.task'`.","category":"DeprecatedImportWarning","filename":"/opt/airflow/dags/dag.py","lineno":2,"logger":"py.warnings"}
{"timestamp":"2025-12-15T09:49:08.250526Z","level":"warning","event":"The `airflow.operators.empty.EmptyOperator` attribute is deprecated. Please use `'airflow.providers.standard.operators.empty.EmptyOperator'`.","category":"DeprecatedImportWarning","filename":"/opt/airflow/dags/dag.py","lineno":3,"logger":"py.warnings"}
{"timestamp":"2025-12-15T10:06:03.126062Z","level":"info","event":"Filling up the DagBag from /opt/airflow/dags/dag.py","logger":"airflow.models.dagbag.DagBag","filename":"dagbag.py","lineno":593}
{"timestamp":"2025-12-15T10:06:03.158323Z","level":"warning","event":"The `airflow.decorators.dag` attribute is deprecated. Please use `'airflow.sdk.dag'`.","category":"DeprecatedImportWarning","filename":"/opt/airflow/dags/dag.py","lineno":1,"logger":"py.warnings"}
{"timestamp":"2025-12-15T10:06:03.158384Z","level":"warning","event":"The `airflow.decorators.task` attribute is deprecated. Please use `'airflow.sdk.task'`.","category":"DeprecatedImportWarning","filename":"/opt/airflow/dags/dag.py","lineno":2,"logger":"py.warnings"}
{"timestamp":"2025-12-15T10:06:03.158425Z","level":"warning","event":"The `airflow.operators.empty.EmptyOperator` attribute is deprecated. Please use `'airflow.providers.standard.operators.empty.EmptyOperator'`.","category":"DeprecatedImportWarning","filename":"/opt/airflow/dags/dag.py","lineno":3,"logger":"py.warnings"}
{"timestamp":"2025-12-15T10:10:33.306963Z","level":"info","event":"Filling up the DagBag from /opt/airflow/dags/dag.py","logger":"airflow.models.dagbag.DagBag","filename":"dagbag.py","lineno":593}
{"timestamp":"2025-12-15T10:10:33.357557Z","level":"warning","event":"The `airflow.decorators.dag` attribute is deprecated. Please use `'airflow.sdk.dag'`.","category":"DeprecatedImportWarning","filename":"/opt/airflow/dags/dag.py","lineno":1,"logger":"py.warnings"}
{"timestamp":"2025-12-15T10:10:33.357786Z","level":"warning","event":"The `airflow.decorators.task` attribute is deprecated. Please use `'airflow.sdk.task'`.","category":"DeprecatedImportWarning","filename":"/opt/airflow/dags/dag.py","lineno":2,"logger":"py.warnings"}
{"timestamp":"2025-12-15T10:10:33.358156Z","level":"warning","event":"The `airflow.operators.empty.EmptyOperator` attribute is deprecated. Please use `'airflow.providers.standard.operators.empty.EmptyOperator'`.","category":"DeprecatedImportWarning","filename":"/opt/airflow/dags/dag.py","lineno":3,"logger":"py.warnings"}
{"timestamp":"2025-12-15T10:11:03.737323Z","level":"info","event":"Filling up the DagBag from /opt/airflow/dags/dag.py","logger":"airflow.models.dagbag.DagBag","filename":"dagbag.py","lineno":593}
{"timestamp":"2025-12-15T10:11:03.764004Z","level":"warning","event":"The `airflow.decorators.dag` attribute is deprecated. Please use `'airflow.sdk.dag'`.","category":"DeprecatedImportWarning","filename":"/opt/airflow/dags/dag.py","lineno":1,"logger":"py.warnings"}
{"timestamp":"2025-12-15T10:11:03.764197Z","level":"warning","event":"The `airflow.decorators.task` attribute is deprecated. Please use `'airflow.sdk.task'`.","category":"DeprecatedImportWarning","filename":"/opt/airflow/dags/dag.py","lineno":2,"logger":"py.warnings"}
{"timestamp":"2025-12-15T10:11:03.764234Z","level":"warning","event":"The `airflow.operators.empty.EmptyOperator` attribute is deprecated. Please use `'airflow.providers.standard.operators.empty.EmptyOperator'`.","category":"DeprecatedImportWarning","filename":"/opt/airflow/dags/dag.py","lineno":3,"logger":"py.warnings"}
{"timestamp":"2025-12-15T10:11:34.107353Z","level":"info","event":"Filling up the DagBag from /opt/airflow/dags/dag.py","logger":"airflow.models.dagbag.DagBag","filename":"dagbag.py","lineno":593}
{"timestamp":"2025-12-15T10:11:34.140622Z","level":"warning","event":"The `airflow.decorators.dag` attribute is deprecated. Please use `'airflow.sdk.dag'`.","category":"DeprecatedImportWarning","filename":"/opt/airflow/dags/dag.py","lineno":1,"logger":"py.warnings"}
{"timestamp":"2025-12-15T10:11:34.141165Z","level":"warning","event":"The `airflow.decorators.task` attribute is deprecated. Please use `'airflow.sdk.task'`.","category":"DeprecatedImportWarning","filename":"/opt/airflow/dags/dag.py","lineno":2,"logger":"py.warnings"}
{"timestamp":"2025-12-15T10:11:34.141208Z","level":"warning","event":"The `airflow.operators.empty.EmptyOperator` attribute is deprecated. Please use `'airflow.providers.standard.operators.empty.EmptyOperator'`.","category":"DeprecatedImportWarning","filename":"/opt/airflow/dags/dag.py","lineno":3,"logger":"py.warnings"}
{"timestamp":"2025-12-15T10:12:04.515237Z","level":"info","event":"Filling up the DagBag from /opt/airflow/dags/dag.py","logger":"airflow.models.dagbag.DagBag","filename":"dagbag.py","lineno":593}
{"timestamp":"2025-12-15T10:12:04.552370Z","level":"warning","event":"The `airflow.decorators.dag` attribute is deprecated. Please use `'airflow.sdk.dag'`.","category":"DeprecatedImportWarning","filename":"/opt/airflow/dags/dag.py","lineno":1,"logger":"py.warnings"}
{"timestamp":"2025-12-15T10:12:04.552440Z","level":"warning","event":"The `airflow.decorators.task` attribute is deprecated. Please use `'airflow.sdk.task'`.","category":"DeprecatedImportWarning","filename":"/opt/airflow/dags/dag.py","lineno":2,"logger":"py.warnings"}
{"timestamp":"2025-12-15T10:12:04.552465Z","level":"warning","event":"The `airflow.operators.empty.EmptyOperator` attribute is deprecated. Please use `'airflow.providers.standard.operators.empty.EmptyOperator'`.","category":"DeprecatedImportWarning","filename":"/opt/airflow/dags/dag.py","lineno":3,"logger":"py.warnings"}
{"timestamp":"2025-12-15T10:12:34.929691Z","level":"info","event":"Filling up the DagBag from /opt/airflow/dags/dag.py","logger":"airflow.models.dagbag.DagBag","filename":"dagbag.py","lineno":593}
{"timestamp":"2025-12-15T10:12:34.969931Z","level":"warning","event":"The `airflow.decorators.dag` attribute is deprecated. Please use `'airflow.sdk.dag'`.","category":"DeprecatedImportWarning","filename":"/opt/airflow/dags/dag.py","lineno":1,"logger":"py.warnings"}
{"timestamp":"2025-12-15T10:12:34.969996Z","level":"warning","event":"The `airflow.decorators.task` attribute is deprecated. Please use `'airflow.sdk.task'`.","category":"DeprecatedImportWarning","filename":"/opt/airflow/dags/dag.py","lineno":2,"logger":"py.warnings"}
{"timestamp":"2025-12-15T10:12:34.970022Z","level":"warning","event":"The `airflow.operators.empty.EmptyOperator` attribute is deprecated. Please use `'airflow.providers.standard.operators.empty.EmptyOperator'`.","category":"DeprecatedImportWarning","filename":"/opt/airflow/dags/dag.py","lineno":3,"logger":"py.warnings"}
{"timestamp":"2025-12-15T10:13:05.349121Z","level":"info","event":"Filling up the DagBag from /opt/airflow/dags/dag.py","logger":"airflow.models.dagbag.DagBag","filename":"dagbag.py","lineno":593}
{"timestamp":"2025-12-15T10:13:05.378136Z","level":"warning","event":"The `airflow.decorators.dag` attribute is deprecated. Please use `'airflow.sdk.dag'`.","category":"DeprecatedImportWarning","filename":"/opt/airflow/dags/dag.py","lineno":1,"logger":"py.warnings"}
{"timestamp":"2025-12-15T10:13:05.378312Z","level":"warning","event":"The `airflow.decorators.task` attribute is deprecated. Please use `'airflow.sdk.task'`.","category":"DeprecatedImportWarning","filename":"/opt/airflow/dags/dag.py","lineno":2,"logger":"py.warnings"}
{"timestamp":"2025-12-15T10:13:05.378355Z","level":"warning","event":"The `airflow.operators.empty.EmptyOperator` attribute is deprecated. Please use `'airflow.providers.standard.operators.empty.EmptyOperator'`.","category":"DeprecatedImportWarning","filename":"/opt/airflow/dags/dag.py","lineno":3,"logger":"py.warnings"}
{"timestamp":"2025-12-15T10:13:35.712011Z","level":"info","event":"Filling up the DagBag from /opt/airflow/dags/dag.py","logger":"airflow.models.dagbag.DagBag","filename":"dagbag.py","lineno":593}
{"timestamp":"2025-12-15T10:13:35.734981Z","level":"warning","event":"The `airflow.decorators.dag` attribute is deprecated. Please use `'airflow.sdk.dag'`.","category":"DeprecatedImportWarning","filename":"/opt/airflow/dags/dag.py","lineno":1,"logger":"py.warnings"}
{"timestamp":"2025-12-15T10:13:35.735149Z","level":"warning","event":"The `airflow.decorators.task` attribute is deprecated. Please use `'airflow.sdk.task'`.","category":"DeprecatedImportWarning","filename":"/opt/airflow/dags/dag.py","lineno":2,"logger":"py.warnings"}
{"timestamp":"2025-12-15T10:13:35.735187Z","level":"warning","event":"The `airflow.operators.empty.EmptyOperator` attribute is deprecated. Please use `'airflow.providers.standard.operators.empty.EmptyOperator'`.","category":"DeprecatedImportWarning","filename":"/opt/airflow/dags/dag.py","lineno":3,"logger":"py.warnings"}
{"timestamp":"2025-12-15T10:14:06.105959Z","level":"info","event":"Filling up the DagBag from /opt/airflow/dags/dag.py","logger":"airflow.models.dagbag.DagBag","filename":"dagbag.py","lineno":593}
{"timestamp":"2025-12-15T10:14:06.142415Z","level":"warning","event":"The `airflow.decorators.dag` attribute is deprecated. Please use `'airflow.sdk.dag'`.","category":"DeprecatedImportWarning","filename":"/opt/airflow/dags/dag.py","lineno":1,"logger":"py.warnings"}
{"timestamp":"2025-12-15T10:14:06.142474Z","level":"warning","event":"The `airflow.decorators.task` attribute is deprecated. Please use `'airflow.sdk.task'`.","category":"DeprecatedImportWarning","filename":"/opt/airflow/dags/dag.py","lineno":2,"logger":"py.warnings"}
{"timestamp":"2025-12-15T10:14:06.142499Z","level":"warning","event":"The `airflow.operators.empty.EmptyOperator` attribute is deprecated. Please use `'airflow.providers.standard.operators.empty.EmptyOperator'`.","category":"DeprecatedImportWarning","filename":"/opt/airflow/dags/dag.py","lineno":3,"logger":"py.warnings"}
{"timestamp":"2025-12-15T10:14:36.486511Z","level":"info","event":"Filling up the DagBag from /opt/airflow/dags/dag.py","logger":"airflow.models.dagbag.DagBag","filename":"dagbag.py","lineno":593}
{"timestamp":"2025-12-15T10:14:36.513705Z","level":"warning","event":"The `airflow.decorators.dag` attribute is deprecated. Please use `'airflow.sdk.dag'`.","category":"DeprecatedImportWarning","filename":"/opt/airflow/dags/dag.py","lineno":1,"logger":"py.warnings"}
{"timestamp":"2025-12-15T10:14:36.513884Z","level":"warning","event":"The `airflow.decorators.task` attribute is deprecated. Please use `'airflow.sdk.task'`.","category":"DeprecatedImportWarning","filename":"/opt/airflow/dags/dag.py","lineno":2,"logger":"py.warnings"}
{"timestamp":"2025-12-15T10:14:36.514212Z","level":"warning","event":"The `airflow.operators.empty.EmptyOperator` attribute is deprecated. Please use `'airflow.providers.standard.operators.empty.EmptyOperator'`.","category":"DeprecatedImportWarning","filename":"/opt/airflow/dags/dag.py","lineno":3,"logger":"py.warnings"}
{"timestamp":"2025-12-15T10:15:06.891156Z","level":"info","event":"Filling up the DagBag from /opt/airflow/dags/dag.py","logger":"airflow.models.dagbag.DagBag","filename":"dagbag.py","lineno":593}
{"timestamp":"2025-12-15T10:15:06.936774Z","level":"warning","event":"The `airflow.decorators.dag` attribute is deprecated. Please use `'airflow.sdk.dag'`.","category":"DeprecatedImportWarning","filename":"/opt/airflow/dags/dag.py","lineno":1,"logger":"py.warnings"}
{"timestamp":"2025-12-15T10:15:06.936850Z","level":"warning","event":"The `airflow.decorators.task` attribute is deprecated. Please use `'airflow.sdk.task'`.","category":"DeprecatedImportWarning","filename":"/opt/airflow/dags/dag.py","lineno":2,"logger":"py.warnings"}
{"timestamp":"2025-12-15T10:15:06.936873Z","level":"warning","event":"The `airflow.operators.empty.EmptyOperator` attribute is deprecated. Please use `'airflow.providers.standard.operators.empty.EmptyOperator'`.","category":"DeprecatedImportWarning","filename":"/opt/airflow/dags/dag.py","lineno":3,"logger":"py.warnings"}
{"timestamp":"2025-12-15T10:15:37.402694Z","level":"info","event":"Filling up the DagBag from /opt/airflow/dags/dag.py","logger":"airflow.models.dagbag.DagBag","filename":"dagbag.py","lineno":593}
{"timestamp":"2025-12-15T10:15:37.444645Z","level":"warning","event":"The `airflow.decorators.dag` attribute is deprecated. Please use `'airflow.sdk.dag'`.","category":"DeprecatedImportWarning","filename":"/opt/airflow/dags/dag.py","lineno":1,"logger":"py.warnings"}
{"timestamp":"2025-12-15T10:15:37.444812Z","level":"warning","event":"The `airflow.decorators.task` attribute is deprecated. Please use `'airflow.sdk.task'`.","category":"DeprecatedImportWarning","filename":"/opt/airflow/dags/dag.py","lineno":2,"logger":"py.warnings"}
{"timestamp":"2025-12-15T10:15:37.444851Z","level":"warning","event":"The `airflow.operators.empty.EmptyOperator` attribute is deprecated. Please use `'airflow.providers.standard.operators.empty.EmptyOperator'`.","category":"DeprecatedImportWarning","filename":"/opt/airflow/dags/dag.py","lineno":3,"logger":"py.warnings"}
{"timestamp":"2025-12-15T10:16:07.804784Z","level":"info","event":"Filling up the DagBag from /opt/airflow/dags/dag.py","logger":"airflow.models.dagbag.DagBag","filename":"dagbag.py","lineno":593}
{"timestamp":"2025-12-15T10:16:07.833441Z","level":"warning","event":"The `airflow.decorators.dag` attribute is deprecated. Please use `'airflow.sdk.dag'`.","category":"DeprecatedImportWarning","filename":"/opt/airflow/dags/dag.py","lineno":1,"logger":"py.warnings"}
{"timestamp":"2025-12-15T10:16:07.833502Z","level":"warning","event":"The `airflow.decorators.task` attribute is deprecated. Please use `'airflow.sdk.task'`.","category":"DeprecatedImportWarning","filename":"/opt/airflow/dags/dag.py","lineno":2,"logger":"py.warnings"}
{"timestamp":"2025-12-15T10:16:07.833529Z","level":"warning","event":"The `airflow.operators.empty.EmptyOperator` attribute is deprecated. Please use `'airflow.providers.standard.operators.empty.EmptyOperator'`.","category":"DeprecatedImportWarning","filename":"/opt/airflow/dags/dag.py","lineno":3,"logger":"py.warnings"}
{"timestamp":"2025-12-15T10:16:38.259398Z","level":"info","event":"Filling up the DagBag from /opt/airflow/dags/dag.py","logger":"airflow.models.dagbag.DagBag","filename":"dagbag.py","lineno":593}
{"timestamp":"2025-12-15T10:16:38.300167Z","level":"warning","event":"The `airflow.decorators.dag` attribute is deprecated. Please use `'airflow.sdk.dag'`.","category":"DeprecatedImportWarning","filename":"/opt/airflow/dags/dag.py","lineno":1,"logger":"py.warnings"}
{"timestamp":"2025-12-15T10:16:38.300261Z","level":"warning","event":"The `airflow.decorators.task` attribute is deprecated. Please use `'airflow.sdk.task'`.","category":"DeprecatedImportWarning","filename":"/opt/airflow/dags/dag.py","lineno":2,"logger":"py.warnings"}
{"timestamp":"2025-12-15T10:16:38.300285Z","level":"warning","event":"The `airflow.operators.empty.EmptyOperator` attribute is deprecated. Please use `'airflow.providers.standard.operators.empty.EmptyOperator'`.","category":"DeprecatedImportWarning","filename":"/opt/airflow/dags/dag.py","lineno":3,"logger":"py.warnings"}
{"timestamp":"2025-12-15T10:17:08.679323Z","level":"info","event":"Filling up the DagBag from /opt/airflow/dags/dag.py","logger":"airflow.models.dagbag.DagBag","filename":"dagbag.py","lineno":593}
{"timestamp":"2025-12-15T10:17:08.711929Z","level":"warning","event":"The `airflow.decorators.dag` attribute is deprecated. Please use `'airflow.sdk.dag'`.","category":"DeprecatedImportWarning","filename":"/opt/airflow/dags/dag.py","lineno":1,"logger":"py.warnings"}
{"timestamp":"2025-12-15T10:17:08.712132Z","level":"warning","event":"The `airflow.decorators.task` attribute is deprecated. Please use `'airflow.sdk.task'`.","category":"DeprecatedImportWarning","filename":"/opt/airflow/dags/dag.py","lineno":2,"logger":"py.warnings"}
{"timestamp":"2025-12-15T10:17:08.712174Z","level":"warning","event":"The `airflow.operators.empty.EmptyOperator` attribute is deprecated. Please use `'airflow.providers.standard.operators.empty.EmptyOperator'`.","category":"DeprecatedImportWarning","filename":"/opt/airflow/dags/dag.py","lineno":3,"logger":"py.warnings"}
{"timestamp":"2025-12-15T10:17:39.068852Z","level":"info","event":"Filling up the DagBag from /opt/airflow/dags/dag.py","logger":"airflow.models.dagbag.DagBag","filename":"dagbag.py","lineno":593}
{"timestamp":"2025-12-15T10:17:39.104411Z","level":"warning","event":"The `airflow.decorators.dag` attribute is deprecated. Please use `'airflow.sdk.dag'`.","category":"DeprecatedImportWarning","filename":"/opt/airflow/dags/dag.py","lineno":1,"logger":"py.warnings"}
{"timestamp":"2025-12-15T10:17:39.104621Z","level":"warning","event":"The `airflow.decorators.task` attribute is deprecated. Please use `'airflow.sdk.task'`.","category":"DeprecatedImportWarning","filename":"/opt/airflow/dags/dag.py","lineno":2,"logger":"py.warnings"}
{"timestamp":"2025-12-15T10:17:39.104963Z","level":"warning","event":"The `airflow.operators.empty.EmptyOperator` attribute is deprecated. Please use `'airflow.providers.standard.operators.empty.EmptyOperator'`.","category":"DeprecatedImportWarning","filename":"/opt/airflow/dags/dag.py","lineno":3,"logger":"py.warnings"}
{"timestamp":"2025-12-15T10:18:09.543437Z","level":"info","event":"Filling up the DagBag from /opt/airflow/dags/dag.py","logger":"airflow.models.dagbag.DagBag","filename":"dagbag.py","lineno":593}
{"timestamp":"2025-12-15T10:18:09.586382Z","level":"warning","event":"The `airflow.decorators.dag` attribute is deprecated. Please use `'airflow.sdk.dag'`.","category":"DeprecatedImportWarning","filename":"/opt/airflow/dags/dag.py","lineno":1,"logger":"py.warnings"}
{"timestamp":"2025-12-15T10:18:09.586454Z","level":"warning","event":"The `airflow.decorators.task` attribute is deprecated. Please use `'airflow.sdk.task'`.","category":"DeprecatedImportWarning","filename":"/opt/airflow/dags/dag.py","lineno":2,"logger":"py.warnings"}
{"timestamp":"2025-12-15T10:18:09.586487Z","level":"warning","event":"The `airflow.operators.empty.EmptyOperator` attribute is deprecated. Please use `'airflow.providers.standard.operators.empty.EmptyOperator'`.","category":"DeprecatedImportWarning","filename":"/opt/airflow/dags/dag.py","lineno":3,"logger":"py.warnings"}
{"timestamp":"2025-12-15T10:18:39.983604Z","level":"info","event":"Filling up the DagBag from /opt/airflow/dags/dag.py","logger":"airflow.models.dagbag.DagBag","filename":"dagbag.py","lineno":593}
{"timestamp":"2025-12-15T10:18:40.029608Z","level":"warning","event":"The `airflow.decorators.dag` attribute is deprecated. Please use `'airflow.sdk.dag'`.","category":"DeprecatedImportWarning","filename":"/opt/airflow/dags/dag.py","lineno":1,"logger":"py.warnings"}
{"timestamp":"2025-12-15T10:18:40.029670Z","level":"warning","event":"The `airflow.decorators.task` attribute is deprecated. Please use `'airflow.sdk.task'`.","category":"DeprecatedImportWarning","filename":"/opt/airflow/dags/dag.py","lineno":2,"logger":"py.warnings"}
{"timestamp":"2025-12-15T10:18:40.029696Z","level":"warning","event":"The `airflow.operators.empty.EmptyOperator` attribute is deprecated. Please use `'airflow.providers.standard.operators.empty.EmptyOperator'`.","category":"DeprecatedImportWarning","filename":"/opt/airflow/dags/dag.py","lineno":3,"logger":"py.warnings"}
{"timestamp":"2025-12-15T10:19:10.363810Z","level":"info","event":"Filling up the DagBag from /opt/airflow/dags/dag.py","logger":"airflow.models.dagbag.DagBag","filename":"dagbag.py","lineno":593}
{"timestamp":"2025-12-15T10:19:10.385044Z","level":"warning","event":"The `airflow.decorators.dag` attribute is deprecated. Please use `'airflow.sdk.dag'`.","category":"DeprecatedImportWarning","filename":"/opt/airflow/dags/dag.py","lineno":1,"logger":"py.warnings"}
{"timestamp":"2025-12-15T10:19:10.385102Z","level":"warning","event":"The `airflow.decorators.task` attribute is deprecated. Please use `'airflow.sdk.task'`.","category":"DeprecatedImportWarning","filename":"/opt/airflow/dags/dag.py","lineno":2,"logger":"py.warnings"}
{"timestamp":"2025-12-15T10:19:10.385126Z","level":"warning","event":"The `airflow.operators.empty.EmptyOperator` attribute is deprecated. Please use `'airflow.providers.standard.operators.empty.EmptyOperator'`.","category":"DeprecatedImportWarning","filename":"/opt/airflow/dags/dag.py","lineno":3,"logger":"py.warnings"}
{"timestamp":"2025-12-15T10:19:40.740006Z","level":"info","event":"Filling up the DagBag from /opt/airflow/dags/dag.py","logger":"airflow.models.dagbag.DagBag","filename":"dagbag.py","lineno":593}
{"timestamp":"2025-12-15T10:19:40.770059Z","level":"warning","event":"The `airflow.decorators.dag` attribute is deprecated. Please use `'airflow.sdk.dag'`.","category":"DeprecatedImportWarning","filename":"/opt/airflow/dags/dag.py","lineno":1,"logger":"py.warnings"}
{"timestamp":"2025-12-15T10:19:40.770128Z","level":"warning","event":"The `airflow.decorators.task` attribute is deprecated. Please use `'airflow.sdk.task'`.","category":"DeprecatedImportWarning","filename":"/opt/airflow/dags/dag.py","lineno":2,"logger":"py.warnings"}
{"timestamp":"2025-12-15T10:19:40.770157Z","level":"warning","event":"The `airflow.operators.empty.EmptyOperator` attribute is deprecated. Please use `'airflow.providers.standard.operators.empty.EmptyOperator'`.","category":"DeprecatedImportWarning","filename":"/opt/airflow/dags/dag.py","lineno":3,"logger":"py.warnings"}
{"timestamp":"2025-12-15T10:20:11.130894Z","level":"info","event":"Filling up the DagBag from /opt/airflow/dags/dag.py","logger":"airflow.models.dagbag.DagBag","filename":"dagbag.py","lineno":593}
{"timestamp":"2025-12-15T10:20:11.285018Z","level":"warning","event":"The `airflow.decorators.dag` attribute is deprecated. Please use `'airflow.sdk.dag'`.","category":"DeprecatedImportWarning","filename":"/opt/airflow/dags/dag.py","lineno":1,"logger":"py.warnings"}
{"timestamp":"2025-12-15T10:20:11.285295Z","level":"warning","event":"The `airflow.decorators.task` attribute is deprecated. Please use `'airflow.sdk.task'`.","category":"DeprecatedImportWarning","filename":"/opt/airflow/dags/dag.py","lineno":2,"logger":"py.warnings"}
{"timestamp":"2025-12-15T10:20:11.285323Z","level":"warning","event":"The `airflow.operators.empty.EmptyOperator` attribute is deprecated. Please use `'airflow.providers.standard.operators.empty.EmptyOperator'`.","category":"DeprecatedImportWarning","filename":"/opt/airflow/dags/dag.py","lineno":3,"logger":"py.warnings"}
{"timestamp":"2025-12-15T10:20:41.721671Z","level":"info","event":"Filling up the DagBag from /opt/airflow/dags/dag.py","logger":"airflow.models.dagbag.DagBag","filename":"dagbag.py","lineno":593}
{"timestamp":"2025-12-15T10:20:41.746543Z","level":"warning","event":"The `airflow.decorators.dag` attribute is deprecated. Please use `'airflow.sdk.dag'`.","category":"DeprecatedImportWarning","filename":"/opt/airflow/dags/dag.py","lineno":1,"logger":"py.warnings"}
{"timestamp":"2025-12-15T10:20:41.746613Z","level":"warning","event":"The `airflow.decorators.task` attribute is deprecated. Please use `'airflow.sdk.task'`.","category":"DeprecatedImportWarning","filename":"/opt/airflow/dags/dag.py","lineno":2,"logger":"py.warnings"}
{"timestamp":"2025-12-15T10:20:41.746643Z","level":"warning","event":"The `airflow.operators.empty.EmptyOperator` attribute is deprecated. Please use `'airflow.providers.standard.operators.empty.EmptyOperator'`.","category":"DeprecatedImportWarning","filename":"/opt/airflow/dags/dag.py","lineno":3,"logger":"py.warnings"}
{"timestamp":"2025-12-15T10:21:12.135997Z","level":"info","event":"Filling up the DagBag from /opt/airflow/dags/dag.py","logger":"airflow.models.dagbag.DagBag","filename":"dagbag.py","lineno":593}
{"timestamp":"2025-12-15T10:21:12.168988Z","level":"warning","event":"The `airflow.decorators.dag` attribute is deprecated. Please use `'airflow.sdk.dag'`.","category":"DeprecatedImportWarning","filename":"/opt/airflow/dags/dag.py","lineno":1,"logger":"py.warnings"}
{"timestamp":"2025-12-15T10:21:12.169175Z","level":"warning","event":"The `airflow.decorators.task` attribute is deprecated. Please use `'airflow.sdk.task'`.","category":"DeprecatedImportWarning","filename":"/opt/airflow/dags/dag.py","lineno":2,"logger":"py.warnings"}
{"timestamp":"2025-12-15T10:21:12.169207Z","level":"warning","event":"The `airflow.operators.empty.EmptyOperator` attribute is deprecated. Please use `'airflow.providers.standard.operators.empty.EmptyOperator'`.","category":"DeprecatedImportWarning","filename":"/opt/airflow/dags/dag.py","lineno":3,"logger":"py.warnings"}
{"timestamp":"2025-12-15T10:21:42.500774Z","level":"info","event":"Filling up the DagBag from /opt/airflow/dags/dag.py","logger":"airflow.models.dagbag.DagBag","filename":"dagbag.py","lineno":593}
{"timestamp":"2025-12-15T10:21:42.527388Z","level":"warning","event":"The `airflow.decorators.dag` attribute is deprecated. Please use `'airflow.sdk.dag'`.","category":"DeprecatedImportWarning","filename":"/opt/airflow/dags/dag.py","lineno":1,"logger":"py.warnings"}
{"timestamp":"2025-12-15T10:21:42.527577Z","level":"warning","event":"The `airflow.decorators.task` attribute is deprecated. Please use `'airflow.sdk.task'`.","category":"DeprecatedImportWarning","filename":"/opt/airflow/dags/dag.py","lineno":2,"logger":"py.warnings"}
{"timestamp":"2025-12-15T10:21:42.527618Z","level":"warning","event":"The `airflow.operators.empty.EmptyOperator` attribute is deprecated. Please use `'airflow.providers.standard.operators.empty.EmptyOperator'`.","category":"DeprecatedImportWarning","filename":"/opt/airflow/dags/dag.py","lineno":3,"logger":"py.warnings"}
{"timestamp":"2025-12-15T10:22:12.930395Z","level":"info","event":"Filling up the DagBag from /opt/airflow/dags/dag.py","logger":"airflow.models.dagbag.DagBag","filename":"dagbag.py","lineno":593}
{"timestamp":"2025-12-15T10:22:12.968686Z","level":"warning","event":"The `airflow.decorators.dag` attribute is deprecated. Please use `'airflow.sdk.dag'`.","category":"DeprecatedImportWarning","filename":"/opt/airflow/dags/dag.py","lineno":1,"logger":"py.warnings"}
{"timestamp":"2025-12-15T10:22:12.968747Z","level":"warning","event":"The `airflow.decorators.task` attribute is deprecated. Please use `'airflow.sdk.task'`.","category":"DeprecatedImportWarning","filename":"/opt/airflow/dags/dag.py","lineno":2,"logger":"py.warnings"}
{"timestamp":"2025-12-15T10:22:12.968778Z","level":"warning","event":"The `airflow.operators.empty.EmptyOperator` attribute is deprecated. Please use `'airflow.providers.standard.operators.empty.EmptyOperator'`.","category":"DeprecatedImportWarning","filename":"/opt/airflow/dags/dag.py","lineno":3,"logger":"py.warnings"}
{"timestamp":"2025-12-15T10:22:43.343364Z","level":"info","event":"Filling up the DagBag from /opt/airflow/dags/dag.py","logger":"airflow.models.dagbag.DagBag","filename":"dagbag.py","lineno":593}
{"timestamp":"2025-12-15T10:22:43.376369Z","level":"warning","event":"The `airflow.decorators.dag` attribute is deprecated. Please use `'airflow.sdk.dag'`.","category":"DeprecatedImportWarning","filename":"/opt/airflow/dags/dag.py","lineno":1,"logger":"py.warnings"}
{"timestamp":"2025-12-15T10:22:43.376433Z","level":"warning","event":"The `airflow.decorators.task` attribute is deprecated. Please use `'airflow.sdk.task'`.","category":"DeprecatedImportWarning","filename":"/opt/airflow/dags/dag.py","lineno":2,"logger":"py.warnings"}
{"timestamp":"2025-12-15T10:22:43.376461Z","level":"warning","event":"The `airflow.operators.empty.EmptyOperator` attribute is deprecated. Please use `'airflow.providers.standard.operators.empty.EmptyOperator'`.","category":"DeprecatedImportWarning","filename":"/opt/airflow/dags/dag.py","lineno":3,"logger":"py.warnings"}
{"timestamp":"2025-12-15T10:23:13.773140Z","level":"info","event":"Filling up the DagBag from /opt/airflow/dags/dag.py","logger":"airflow.models.dagbag.DagBag","filename":"dagbag.py","lineno":593}
{"timestamp":"2025-12-15T10:23:13.806588Z","level":"warning","event":"The `airflow.decorators.dag` attribute is deprecated. Please use `'airflow.sdk.dag'`.","category":"DeprecatedImportWarning","filename":"/opt/airflow/dags/dag.py","lineno":1,"logger":"py.warnings"}
{"timestamp":"2025-12-15T10:23:13.806648Z","level":"warning","event":"The `airflow.decorators.task` attribute is deprecated. Please use `'airflow.sdk.task'`.","category":"DeprecatedImportWarning","filename":"/opt/airflow/dags/dag.py","lineno":2,"logger":"py.warnings"}
{"timestamp":"2025-12-15T10:23:13.806680Z","level":"warning","event":"The `airflow.operators.empty.EmptyOperator` attribute is deprecated. Please use `'airflow.providers.standard.operators.empty.EmptyOperator'`.","category":"DeprecatedImportWarning","filename":"/opt/airflow/dags/dag.py","lineno":3,"logger":"py.warnings"}
{"timestamp":"2025-12-15T10:23:44.152279Z","level":"info","event":"Filling up the DagBag from /opt/airflow/dags/dag.py","logger":"airflow.models.dagbag.DagBag","filename":"dagbag.py","lineno":593}
{"timestamp":"2025-12-15T10:23:44.181590Z","level":"warning","event":"The `airflow.decorators.dag` attribute is deprecated. Please use `'airflow.sdk.dag'`.","category":"DeprecatedImportWarning","filename":"/opt/airflow/dags/dag.py","lineno":1,"logger":"py.warnings"}
{"timestamp":"2025-12-15T10:23:44.181768Z","level":"warning","event":"The `airflow.decorators.task` attribute is deprecated. Please use `'airflow.sdk.task'`.","category":"DeprecatedImportWarning","filename":"/opt/airflow/dags/dag.py","lineno":2,"logger":"py.warnings"}
{"timestamp":"2025-12-15T10:23:44.181813Z","level":"warning","event":"The `airflow.operators.empty.EmptyOperator` attribute is deprecated. Please use `'airflow.providers.standard.operators.empty.EmptyOperator'`.","category":"DeprecatedImportWarning","filename":"/opt/airflow/dags/dag.py","lineno":3,"logger":"py.warnings"}
{"timestamp":"2025-12-15T10:24:14.553939Z","level":"info","event":"Filling up the DagBag from /opt/airflow/dags/dag.py","logger":"airflow.models.dagbag.DagBag","filename":"dagbag.py","lineno":593}
{"timestamp":"2025-12-15T10:24:14.581352Z","level":"warning","event":"The `airflow.decorators.dag` attribute is deprecated. Please use `'airflow.sdk.dag'`.","category":"DeprecatedImportWarning","filename":"/opt/airflow/dags/dag.py","lineno":1,"logger":"py.warnings"}
{"timestamp":"2025-12-15T10:24:14.581540Z","level":"warning","event":"The `airflow.decorators.task` attribute is deprecated. Please use `'airflow.sdk.task'`.","category":"DeprecatedImportWarning","filename":"/opt/airflow/dags/dag.py","lineno":2,"logger":"py.warnings"}
{"timestamp":"2025-12-15T10:24:14.581578Z","level":"warning","event":"The `airflow.operators.empty.EmptyOperator` attribute is deprecated. Please use `'airflow.providers.standard.operators.empty.EmptyOperator'`.","category":"DeprecatedImportWarning","filename":"/opt/airflow/dags/dag.py","lineno":3,"logger":"py.warnings"}
{"timestamp":"2025-12-15T10:24:44.938126Z","level":"info","event":"Filling up the DagBag from /opt/airflow/dags/dag.py","logger":"airflow.models.dagbag.DagBag","filename":"dagbag.py","lineno":593}
{"timestamp":"2025-12-15T10:24:44.977646Z","level":"warning","event":"The `airflow.decorators.dag` attribute is deprecated. Please use `'airflow.sdk.dag'`.","category":"DeprecatedImportWarning","filename":"/opt/airflow/dags/dag.py","lineno":1,"logger":"py.warnings"}
{"timestamp":"2025-12-15T10:24:44.977839Z","level":"warning","event":"The `airflow.decorators.task` attribute is deprecated. Please use `'airflow.sdk.task'`.","category":"DeprecatedImportWarning","filename":"/opt/airflow/dags/dag.py","lineno":2,"logger":"py.warnings"}
{"timestamp":"2025-12-15T10:24:44.977872Z","level":"warning","event":"The `airflow.operators.empty.EmptyOperator` attribute is deprecated. Please use `'airflow.providers.standard.operators.empty.EmptyOperator'`.","category":"DeprecatedImportWarning","filename":"/opt/airflow/dags/dag.py","lineno":3,"logger":"py.warnings"}
{"timestamp":"2025-12-15T10:25:15.343265Z","level":"info","event":"Filling up the DagBag from /opt/airflow/dags/dag.py","logger":"airflow.models.dagbag.DagBag","filename":"dagbag.py","lineno":593}
{"timestamp":"2025-12-15T10:25:15.374542Z","level":"warning","event":"The `airflow.decorators.dag` attribute is deprecated. Please use `'airflow.sdk.dag'`.","category":"DeprecatedImportWarning","filename":"/opt/airflow/dags/dag.py","lineno":1,"logger":"py.warnings"}
{"timestamp":"2025-12-15T10:25:15.374741Z","level":"warning","event":"The `airflow.decorators.task` attribute is deprecated. Please use `'airflow.sdk.task'`.","category":"DeprecatedImportWarning","filename":"/opt/airflow/dags/dag.py","lineno":2,"logger":"py.warnings"}
{"timestamp":"2025-12-15T10:25:15.374791Z","level":"warning","event":"The `airflow.operators.empty.EmptyOperator` attribute is deprecated. Please use `'airflow.providers.standard.operators.empty.EmptyOperator'`.","category":"DeprecatedImportWarning","filename":"/opt/airflow/dags/dag.py","lineno":3,"logger":"py.warnings"}
{"timestamp":"2025-12-15T10:25:45.726180Z","level":"info","event":"Filling up the DagBag from /opt/airflow/dags/dag.py","logger":"airflow.models.dagbag.DagBag","filename":"dagbag.py","lineno":593}
{"timestamp":"2025-12-15T10:25:45.753296Z","level":"warning","event":"The `airflow.decorators.dag` attribute is deprecated. Please use `'airflow.sdk.dag'`.","category":"DeprecatedImportWarning","filename":"/opt/airflow/dags/dag.py","lineno":1,"logger":"py.warnings"}
{"timestamp":"2025-12-15T10:25:45.753368Z","level":"warning","event":"The `airflow.decorators.task` attribute is deprecated. Please use `'airflow.sdk.task'`.","category":"DeprecatedImportWarning","filename":"/opt/airflow/dags/dag.py","lineno":2,"logger":"py.warnings"}
{"timestamp":"2025-12-15T10:25:45.753403Z","level":"warning","event":"The `airflow.operators.empty.EmptyOperator` attribute is deprecated. Please use `'airflow.providers.standard.operators.empty.EmptyOperator'`.","category":"DeprecatedImportWarning","filename":"/opt/airflow/dags/dag.py","lineno":3,"logger":"py.warnings"}
{"timestamp":"2025-12-15T10:26:16.124498Z","level":"info","event":"Filling up the DagBag from /opt/airflow/dags/dag.py","logger":"airflow.models.dagbag.DagBag","filename":"dagbag.py","lineno":593}
{"timestamp":"2025-12-15T10:26:16.165826Z","level":"warning","event":"The `airflow.decorators.dag` attribute is deprecated. Please use `'airflow.sdk.dag'`.","category":"DeprecatedImportWarning","filename":"/opt/airflow/dags/dag.py","lineno":1,"logger":"py.warnings"}
{"timestamp":"2025-12-15T10:26:16.165888Z","level":"warning","event":"The `airflow.decorators.task` attribute is deprecated. Please use `'airflow.sdk.task'`.","category":"DeprecatedImportWarning","filename":"/opt/airflow/dags/dag.py","lineno":2,"logger":"py.warnings"}
{"timestamp":"2025-12-15T10:26:16.165917Z","level":"warning","event":"The `airflow.operators.empty.EmptyOperator` attribute is deprecated. Please use `'airflow.providers.standard.operators.empty.EmptyOperator'`.","category":"DeprecatedImportWarning","filename":"/opt/airflow/dags/dag.py","lineno":3,"logger":"py.warnings"}
{"timestamp":"2025-12-15T10:26:46.603423Z","level":"info","event":"Filling up the DagBag from /opt/airflow/dags/dag.py","logger":"airflow.models.dagbag.DagBag","filename":"dagbag.py","lineno":593}
{"timestamp":"2025-12-15T10:26:46.669972Z","level":"warning","event":"The `airflow.decorators.dag` attribute is deprecated. Please use `'airflow.sdk.dag'`.","category":"DeprecatedImportWarning","filename":"/opt/airflow/dags/dag.py","lineno":1,"logger":"py.warnings"}
{"timestamp":"2025-12-15T10:26:46.670067Z","level":"warning","event":"The `airflow.decorators.task` attribute is deprecated. Please use `'airflow.sdk.task'`.","category":"DeprecatedImportWarning","filename":"/opt/airflow/dags/dag.py","lineno":2,"logger":"py.warnings"}
{"timestamp":"2025-12-15T10:26:46.670114Z","level":"warning","event":"The `airflow.operators.empty.EmptyOperator` attribute is deprecated. Please use `'airflow.providers.standard.operators.empty.EmptyOperator'`.","category":"DeprecatedImportWarning","filename":"/opt/airflow/dags/dag.py","lineno":3,"logger":"py.warnings"}
{"timestamp":"2025-12-15T10:27:17.016831Z","level":"info","event":"Filling up the DagBag from /opt/airflow/dags/dag.py","logger":"airflow.models.dagbag.DagBag","filename":"dagbag.py","lineno":593}
{"timestamp":"2025-12-15T10:27:17.046286Z","level":"warning","event":"The `airflow.decorators.dag` attribute is deprecated. Please use `'airflow.sdk.dag'`.","category":"DeprecatedImportWarning","filename":"/opt/airflow/dags/dag.py","lineno":1,"logger":"py.warnings"}
{"timestamp":"2025-12-15T10:27:17.046770Z","level":"warning","event":"The `airflow.decorators.task` attribute is deprecated. Please use `'airflow.sdk.task'`.","category":"DeprecatedImportWarning","filename":"/opt/airflow/dags/dag.py","lineno":2,"logger":"py.warnings"}
{"timestamp":"2025-12-15T10:27:17.046949Z","level":"warning","event":"The `airflow.operators.empty.EmptyOperator` attribute is deprecated. Please use `'airflow.providers.standard.operators.empty.EmptyOperator'`.","category":"DeprecatedImportWarning","filename":"/opt/airflow/dags/dag.py","lineno":3,"logger":"py.warnings"}
{"timestamp":"2025-12-15T10:27:47.376430Z","level":"info","event":"Filling up the DagBag from /opt/airflow/dags/dag.py","logger":"airflow.models.dagbag.DagBag","filename":"dagbag.py","lineno":593}
{"timestamp":"2025-12-15T10:27:47.411572Z","level":"warning","event":"The `airflow.decorators.dag` attribute is deprecated. Please use `'airflow.sdk.dag'`.","category":"DeprecatedImportWarning","filename":"/opt/airflow/dags/dag.py","lineno":1,"logger":"py.warnings"}
{"timestamp":"2025-12-15T10:27:47.411745Z","level":"warning","event":"The `airflow.decorators.task` attribute is deprecated. Please use `'airflow.sdk.task'`.","category":"DeprecatedImportWarning","filename":"/opt/airflow/dags/dag.py","lineno":2,"logger":"py.warnings"}
{"timestamp":"2025-12-15T10:27:47.412047Z","level":"warning","event":"The `airflow.operators.empty.EmptyOperator` attribute is deprecated. Please use `'airflow.providers.standard.operators.empty.EmptyOperator'`.","category":"DeprecatedImportWarning","filename":"/opt/airflow/dags/dag.py","lineno":3,"logger":"py.warnings"}
{"timestamp":"2025-12-15T10:28:17.793242Z","level":"info","event":"Filling up the DagBag from /opt/airflow/dags/dag.py","logger":"airflow.models.dagbag.DagBag","filename":"dagbag.py","lineno":593}
{"timestamp":"2025-12-15T10:28:17.822507Z","level":"warning","event":"The `airflow.decorators.dag` attribute is deprecated. Please use `'airflow.sdk.dag'`.","category":"DeprecatedImportWarning","filename":"/opt/airflow/dags/dag.py","lineno":1,"logger":"py.warnings"}
{"timestamp":"2025-12-15T10:28:17.822699Z","level":"warning","event":"The `airflow.decorators.task` attribute is deprecated. Please use `'airflow.sdk.task'`.","category":"DeprecatedImportWarning","filename":"/opt/airflow/dags/dag.py","lineno":2,"logger":"py.warnings"}
{"timestamp":"2025-12-15T10:28:17.822735Z","level":"warning","event":"The `airflow.operators.empty.EmptyOperator` attribute is deprecated. Please use `'airflow.providers.standard.operators.empty.EmptyOperator'`.","category":"DeprecatedImportWarning","filename":"/opt/airflow/dags/dag.py","lineno":3,"logger":"py.warnings"}
{"timestamp":"2025-12-15T10:28:48.194937Z","level":"info","event":"Filling up the DagBag from /opt/airflow/dags/dag.py","logger":"airflow.models.dagbag.DagBag","filename":"dagbag.py","lineno":593}
{"timestamp":"2025-12-15T10:28:48.235580Z","level":"warning","event":"The `airflow.decorators.dag` attribute is deprecated. Please use `'airflow.sdk.dag'`.","category":"DeprecatedImportWarning","filename":"/opt/airflow/dags/dag.py","lineno":1,"logger":"py.warnings"}
{"timestamp":"2025-12-15T10:28:48.236011Z","level":"warning","event":"The `airflow.decorators.task` attribute is deprecated. Please use `'airflow.sdk.task'`.","category":"DeprecatedImportWarning","filename":"/opt/airflow/dags/dag.py","lineno":2,"logger":"py.warnings"}
{"timestamp":"2025-12-15T10:28:48.236176Z","level":"warning","event":"The `airflow.operators.empty.EmptyOperator` attribute is deprecated. Please use `'airflow.providers.standard.operators.empty.EmptyOperator'`.","category":"DeprecatedImportWarning","filename":"/opt/airflow/dags/dag.py","lineno":3,"logger":"py.warnings"}
{"timestamp":"2025-12-15T10:29:18.605515Z","level":"info","event":"Filling up the DagBag from /opt/airflow/dags/dag.py","logger":"airflow.models.dagbag.DagBag","filename":"dagbag.py","lineno":593}
{"timestamp":"2025-12-15T10:29:18.637391Z","level":"warning","event":"The `airflow.decorators.dag` attribute is deprecated. Please use `'airflow.sdk.dag'`.","category":"DeprecatedImportWarning","filename":"/opt/airflow/dags/dag.py","lineno":1,"logger":"py.warnings"}
{"timestamp":"2025-12-15T10:29:18.637460Z","level":"warning","event":"The `airflow.decorators.task` attribute is deprecated. Please use `'airflow.sdk.task'`.","category":"DeprecatedImportWarning","filename":"/opt/airflow/dags/dag.py","lineno":2,"logger":"py.warnings"}
{"timestamp":"2025-12-15T10:29:18.637486Z","level":"warning","event":"The `airflow.operators.empty.EmptyOperator` attribute is deprecated. Please use `'airflow.providers.standard.operators.empty.EmptyOperator'`.","category":"DeprecatedImportWarning","filename":"/opt/airflow/dags/dag.py","lineno":3,"logger":"py.warnings"}
{"timestamp":"2025-12-15T10:29:48.957086Z","level":"info","event":"Filling up the DagBag from /opt/airflow/dags/dag.py","logger":"airflow.models.dagbag.DagBag","filename":"dagbag.py","lineno":593}
{"timestamp":"2025-12-15T10:29:49.043868Z","level":"warning","event":"The `airflow.decorators.dag` attribute is deprecated. Please use `'airflow.sdk.dag'`.","category":"DeprecatedImportWarning","filename":"/opt/airflow/dags/dag.py","lineno":1,"logger":"py.warnings"}
{"timestamp":"2025-12-15T10:29:49.044363Z","level":"warning","event":"The `airflow.decorators.task` attribute is deprecated. Please use `'airflow.sdk.task'`.","category":"DeprecatedImportWarning","filename":"/opt/airflow/dags/dag.py","lineno":2,"logger":"py.warnings"}
{"timestamp":"2025-12-15T10:29:49.044894Z","level":"warning","event":"The `airflow.operators.empty.EmptyOperator` attribute is deprecated. Please use `'airflow.providers.standard.operators.empty.EmptyOperator'`.","category":"DeprecatedImportWarning","filename":"/opt/airflow/dags/dag.py","lineno":3,"logger":"py.warnings"}
{"timestamp":"2025-12-15T10:30:19.384330Z","level":"info","event":"Filling up the DagBag from /opt/airflow/dags/dag.py","logger":"airflow.models.dagbag.DagBag","filename":"dagbag.py","lineno":593}
{"timestamp":"2025-12-15T10:30:19.415344Z","level":"warning","event":"The `airflow.decorators.dag` attribute is deprecated. Please use `'airflow.sdk.dag'`.","category":"DeprecatedImportWarning","filename":"/opt/airflow/dags/dag.py","lineno":1,"logger":"py.warnings"}
{"timestamp":"2025-12-15T10:30:19.415418Z","level":"warning","event":"The `airflow.decorators.task` attribute is deprecated. Please use `'airflow.sdk.task'`.","category":"DeprecatedImportWarning","filename":"/opt/airflow/dags/dag.py","lineno":2,"logger":"py.warnings"}
{"timestamp":"2025-12-15T10:30:19.415448Z","level":"warning","event":"The `airflow.operators.empty.EmptyOperator` attribute is deprecated. Please use `'airflow.providers.standard.operators.empty.EmptyOperator'`.","category":"DeprecatedImportWarning","filename":"/opt/airflow/dags/dag.py","lineno":3,"logger":"py.warnings"}
{"timestamp":"2025-12-15T10:30:49.803471Z","level":"info","event":"Filling up the DagBag from /opt/airflow/dags/dag.py","logger":"airflow.models.dagbag.DagBag","filename":"dagbag.py","lineno":593}
{"timestamp":"2025-12-15T10:30:49.865338Z","level":"warning","event":"The `airflow.decorators.dag` attribute is deprecated. Please use `'airflow.sdk.dag'`.","category":"DeprecatedImportWarning","filename":"/opt/airflow/dags/dag.py","lineno":1,"logger":"py.warnings"}
{"timestamp":"2025-12-15T10:30:49.865416Z","level":"warning","event":"The `airflow.decorators.task` attribute is deprecated. Please use `'airflow.sdk.task'`.","category":"DeprecatedImportWarning","filename":"/opt/airflow/dags/dag.py","lineno":2,"logger":"py.warnings"}
{"timestamp":"2025-12-15T10:30:49.865455Z","level":"warning","event":"The `airflow.operators.empty.EmptyOperator` attribute is deprecated. Please use `'airflow.providers.standard.operators.empty.EmptyOperator'`.","category":"DeprecatedImportWarning","filename":"/opt/airflow/dags/dag.py","lineno":3,"logger":"py.warnings"}
{"timestamp":"2025-12-15T10:31:20.223955Z","level":"info","event":"Filling up the DagBag from /opt/airflow/dags/dag.py","logger":"airflow.models.dagbag.DagBag","filename":"dagbag.py","lineno":593}
{"timestamp":"2025-12-15T10:31:20.262097Z","level":"warning","event":"The `airflow.decorators.dag` attribute is deprecated. Please use `'airflow.sdk.dag'`.","category":"DeprecatedImportWarning","filename":"/opt/airflow/dags/dag.py","lineno":1,"logger":"py.warnings"}
{"timestamp":"2025-12-15T10:31:20.262181Z","level":"warning","event":"The `airflow.decorators.task` attribute is deprecated. Please use `'airflow.sdk.task'`.","category":"DeprecatedImportWarning","filename":"/opt/airflow/dags/dag.py","lineno":2,"logger":"py.warnings"}
{"timestamp":"2025-12-15T10:31:20.262208Z","level":"warning","event":"The `airflow.operators.empty.EmptyOperator` attribute is deprecated. Please use `'airflow.providers.standard.operators.empty.EmptyOperator'`.","category":"DeprecatedImportWarning","filename":"/opt/airflow/dags/dag.py","lineno":3,"logger":"py.warnings"}
{"timestamp":"2025-12-15T10:31:50.580582Z","level":"info","event":"Filling up the DagBag from /opt/airflow/dags/dag.py","logger":"airflow.models.dagbag.DagBag","filename":"dagbag.py","lineno":593}
{"timestamp":"2025-12-15T10:31:50.614814Z","level":"warning","event":"The `airflow.decorators.dag` attribute is deprecated. Please use `'airflow.sdk.dag'`.","category":"DeprecatedImportWarning","filename":"/opt/airflow/dags/dag.py","lineno":1,"logger":"py.warnings"}
{"timestamp":"2025-12-15T10:31:50.614875Z","level":"warning","event":"The `airflow.decorators.task` attribute is deprecated. Please use `'airflow.sdk.task'`.","category":"DeprecatedImportWarning","filename":"/opt/airflow/dags/dag.py","lineno":2,"logger":"py.warnings"}
{"timestamp":"2025-12-15T10:31:50.614902Z","level":"warning","event":"The `airflow.operators.empty.EmptyOperator` attribute is deprecated. Please use `'airflow.providers.standard.operators.empty.EmptyOperator'`.","category":"DeprecatedImportWarning","filename":"/opt/airflow/dags/dag.py","lineno":3,"logger":"py.warnings"}
{"timestamp":"2025-12-15T10:32:20.960864Z","level":"info","event":"Filling up the DagBag from /opt/airflow/dags/dag.py","logger":"airflow.models.dagbag.DagBag","filename":"dagbag.py","lineno":593}
{"timestamp":"2025-12-15T10:32:21.001692Z","level":"warning","event":"The `airflow.decorators.dag` attribute is deprecated. Please use `'airflow.sdk.dag'`.","category":"DeprecatedImportWarning","filename":"/opt/airflow/dags/dag.py","lineno":1,"logger":"py.warnings"}
{"timestamp":"2025-12-15T10:32:21.001769Z","level":"warning","event":"The `airflow.decorators.task` attribute is deprecated. Please use `'airflow.sdk.task'`.","category":"DeprecatedImportWarning","filename":"/opt/airflow/dags/dag.py","lineno":2,"logger":"py.warnings"}
{"timestamp":"2025-12-15T10:32:21.001795Z","level":"warning","event":"The `airflow.operators.empty.EmptyOperator` attribute is deprecated. Please use `'airflow.providers.standard.operators.empty.EmptyOperator'`.","category":"DeprecatedImportWarning","filename":"/opt/airflow/dags/dag.py","lineno":3,"logger":"py.warnings"}
{"timestamp":"2025-12-15T10:32:51.441433Z","level":"info","event":"Filling up the DagBag from /opt/airflow/dags/dag.py","logger":"airflow.models.dagbag.DagBag","filename":"dagbag.py","lineno":593}
{"timestamp":"2025-12-15T10:32:51.486919Z","level":"warning","event":"The `airflow.decorators.dag` attribute is deprecated. Please use `'airflow.sdk.dag'`.","category":"DeprecatedImportWarning","filename":"/opt/airflow/dags/dag.py","lineno":1,"logger":"py.warnings"}
{"timestamp":"2025-12-15T10:32:51.486996Z","level":"warning","event":"The `airflow.decorators.task` attribute is deprecated. Please use `'airflow.sdk.task'`.","category":"DeprecatedImportWarning","filename":"/opt/airflow/dags/dag.py","lineno":2,"logger":"py.warnings"}
{"timestamp":"2025-12-15T10:32:51.487027Z","level":"warning","event":"The `airflow.operators.empty.EmptyOperator` attribute is deprecated. Please use `'airflow.providers.standard.operators.empty.EmptyOperator'`.","category":"DeprecatedImportWarning","filename":"/opt/airflow/dags/dag.py","lineno":3,"logger":"py.warnings"}
{"timestamp":"2025-12-15T10:33:21.884509Z","level":"info","event":"Filling up the DagBag from /opt/airflow/dags/dag.py","logger":"airflow.models.dagbag.DagBag","filename":"dagbag.py","lineno":593}
{"timestamp":"2025-12-15T10:33:21.956994Z","level":"warning","event":"The `airflow.decorators.dag` attribute is deprecated. Please use `'airflow.sdk.dag'`.","category":"DeprecatedImportWarning","filename":"/opt/airflow/dags/dag.py","lineno":1,"logger":"py.warnings"}
{"timestamp":"2025-12-15T10:33:21.957115Z","level":"warning","event":"The `airflow.decorators.task` attribute is deprecated. Please use `'airflow.sdk.task'`.","category":"DeprecatedImportWarning","filename":"/opt/airflow/dags/dag.py","lineno":2,"logger":"py.warnings"}
{"timestamp":"2025-12-15T10:33:21.957145Z","level":"warning","event":"The `airflow.operators.empty.EmptyOperator` attribute is deprecated. Please use `'airflow.providers.standard.operators.empty.EmptyOperator'`.","category":"DeprecatedImportWarning","filename":"/opt/airflow/dags/dag.py","lineno":3,"logger":"py.warnings"}
{"timestamp":"2025-12-15T10:33:52.361953Z","level":"info","event":"Filling up the DagBag from /opt/airflow/dags/dag.py","logger":"airflow.models.dagbag.DagBag","filename":"dagbag.py","lineno":593}
{"timestamp":"2025-12-15T10:33:52.423009Z","level":"warning","event":"The `airflow.decorators.dag` attribute is deprecated. Please use `'airflow.sdk.dag'`.","category":"DeprecatedImportWarning","filename":"/opt/airflow/dags/dag.py","lineno":1,"logger":"py.warnings"}
{"timestamp":"2025-12-15T10:33:52.423213Z","level":"warning","event":"The `airflow.decorators.task` attribute is deprecated. Please use `'airflow.sdk.task'`.","category":"DeprecatedImportWarning","filename":"/opt/airflow/dags/dag.py","lineno":2,"logger":"py.warnings"}
{"timestamp":"2025-12-15T10:33:52.423253Z","level":"warning","event":"The `airflow.operators.empty.EmptyOperator` attribute is deprecated. Please use `'airflow.providers.standard.operators.empty.EmptyOperator'`.","category":"DeprecatedImportWarning","filename":"/opt/airflow/dags/dag.py","lineno":3,"logger":"py.warnings"}
{"timestamp":"2025-12-15T10:34:22.835411Z","level":"info","event":"Filling up the DagBag from /opt/airflow/dags/dag.py","logger":"airflow.models.dagbag.DagBag","filename":"dagbag.py","lineno":593}
{"timestamp":"2025-12-15T10:34:22.888818Z","level":"warning","event":"The `airflow.decorators.dag` attribute is deprecated. Please use `'airflow.sdk.dag'`.","category":"DeprecatedImportWarning","filename":"/opt/airflow/dags/dag.py","lineno":1,"logger":"py.warnings"}
{"timestamp":"2025-12-15T10:34:22.888890Z","level":"warning","event":"The `airflow.decorators.task` attribute is deprecated. Please use `'airflow.sdk.task'`.","category":"DeprecatedImportWarning","filename":"/opt/airflow/dags/dag.py","lineno":2,"logger":"py.warnings"}
{"timestamp":"2025-12-15T10:34:22.888912Z","level":"warning","event":"The `airflow.operators.empty.EmptyOperator` attribute is deprecated. Please use `'airflow.providers.standard.operators.empty.EmptyOperator'`.","category":"DeprecatedImportWarning","filename":"/opt/airflow/dags/dag.py","lineno":3,"logger":"py.warnings"}
{"timestamp":"2025-12-15T10:34:53.286098Z","level":"info","event":"Filling up the DagBag from /opt/airflow/dags/dag.py","logger":"airflow.models.dagbag.DagBag","filename":"dagbag.py","lineno":593}
{"timestamp":"2025-12-15T10:34:53.339684Z","level":"warning","event":"The `airflow.decorators.dag` attribute is deprecated. Please use `'airflow.sdk.dag'`.","category":"DeprecatedImportWarning","filename":"/opt/airflow/dags/dag.py","lineno":1,"logger":"py.warnings"}
{"timestamp":"2025-12-15T10:34:53.340034Z","level":"warning","event":"The `airflow.decorators.task` attribute is deprecated. Please use `'airflow.sdk.task'`.","category":"DeprecatedImportWarning","filename":"/opt/airflow/dags/dag.py","lineno":2,"logger":"py.warnings"}
{"timestamp":"2025-12-15T10:34:53.340519Z","level":"warning","event":"The `airflow.operators.empty.EmptyOperator` attribute is deprecated. Please use `'airflow.providers.standard.operators.empty.EmptyOperator'`.","category":"DeprecatedImportWarning","filename":"/opt/airflow/dags/dag.py","lineno":3,"logger":"py.warnings"}
{"timestamp":"2025-12-15T10:35:23.762904Z","level":"info","event":"Filling up the DagBag from /opt/airflow/dags/dag.py","logger":"airflow.models.dagbag.DagBag","filename":"dagbag.py","lineno":593}
{"timestamp":"2025-12-15T10:35:23.817358Z","level":"warning","event":"The `airflow.decorators.dag` attribute is deprecated. Please use `'airflow.sdk.dag'`.","category":"DeprecatedImportWarning","filename":"/opt/airflow/dags/dag.py","lineno":1,"logger":"py.warnings"}
{"timestamp":"2025-12-15T10:35:23.817428Z","level":"warning","event":"The `airflow.decorators.task` attribute is deprecated. Please use `'airflow.sdk.task'`.","category":"DeprecatedImportWarning","filename":"/opt/airflow/dags/dag.py","lineno":2,"logger":"py.warnings"}
{"timestamp":"2025-12-15T10:35:23.817452Z","level":"warning","event":"The `airflow.operators.empty.EmptyOperator` attribute is deprecated. Please use `'airflow.providers.standard.operators.empty.EmptyOperator'`.","category":"DeprecatedImportWarning","filename":"/opt/airflow/dags/dag.py","lineno":3,"logger":"py.warnings"}
{"timestamp":"2025-12-15T10:35:54.230334Z","level":"info","event":"Filling up the DagBag from /opt/airflow/dags/dag.py","logger":"airflow.models.dagbag.DagBag","filename":"dagbag.py","lineno":593}
{"timestamp":"2025-12-15T10:35:54.275077Z","level":"warning","event":"The `airflow.decorators.dag` attribute is deprecated. Please use `'airflow.sdk.dag'`.","category":"DeprecatedImportWarning","filename":"/opt/airflow/dags/dag.py","lineno":1,"logger":"py.warnings"}
{"timestamp":"2025-12-15T10:35:54.275305Z","level":"warning","event":"The `airflow.decorators.task` attribute is deprecated. Please use `'airflow.sdk.task'`.","category":"DeprecatedImportWarning","filename":"/opt/airflow/dags/dag.py","lineno":2,"logger":"py.warnings"}
{"timestamp":"2025-12-15T10:35:54.275664Z","level":"warning","event":"The `airflow.operators.empty.EmptyOperator` attribute is deprecated. Please use `'airflow.providers.standard.operators.empty.EmptyOperator'`.","category":"DeprecatedImportWarning","filename":"/opt/airflow/dags/dag.py","lineno":3,"logger":"py.warnings"}
{"timestamp":"2025-12-15T10:36:24.676875Z","level":"info","event":"Filling up the DagBag from /opt/airflow/dags/dag.py","logger":"airflow.models.dagbag.DagBag","filename":"dagbag.py","lineno":593}
{"timestamp":"2025-12-15T10:36:24.724624Z","level":"warning","event":"The `airflow.decorators.dag` attribute is deprecated. Please use `'airflow.sdk.dag'`.","category":"DeprecatedImportWarning","filename":"/opt/airflow/dags/dag.py","lineno":1,"logger":"py.warnings"}
{"timestamp":"2025-12-15T10:36:24.724685Z","level":"warning","event":"The `airflow.decorators.task` attribute is deprecated. Please use `'airflow.sdk.task'`.","category":"DeprecatedImportWarning","filename":"/opt/airflow/dags/dag.py","lineno":2,"logger":"py.warnings"}
{"timestamp":"2025-12-15T10:36:24.724707Z","level":"warning","event":"The `airflow.operators.empty.EmptyOperator` attribute is deprecated. Please use `'airflow.providers.standard.operators.empty.EmptyOperator'`.","category":"DeprecatedImportWarning","filename":"/opt/airflow/dags/dag.py","lineno":3,"logger":"py.warnings"}
{"timestamp":"2025-12-15T10:36:55.103282Z","level":"info","event":"Filling up the DagBag from /opt/airflow/dags/dag.py","logger":"airflow.models.dagbag.DagBag","filename":"dagbag.py","lineno":593}
{"timestamp":"2025-12-15T10:36:55.152964Z","level":"warning","event":"The `airflow.decorators.dag` attribute is deprecated. Please use `'airflow.sdk.dag'`.","category":"DeprecatedImportWarning","filename":"/opt/airflow/dags/dag.py","lineno":1,"logger":"py.warnings"}
{"timestamp":"2025-12-15T10:36:55.153028Z","level":"warning","event":"The `airflow.decorators.task` attribute is deprecated. Please use `'airflow.sdk.task'`.","category":"DeprecatedImportWarning","filename":"/opt/airflow/dags/dag.py","lineno":2,"logger":"py.warnings"}
{"timestamp":"2025-12-15T10:36:55.153052Z","level":"warning","event":"The `airflow.operators.empty.EmptyOperator` attribute is deprecated. Please use `'airflow.providers.standard.operators.empty.EmptyOperator'`.","category":"DeprecatedImportWarning","filename":"/opt/airflow/dags/dag.py","lineno":3,"logger":"py.warnings"}
{"timestamp":"2025-12-15T10:37:25.594443Z","level":"info","event":"Filling up the DagBag from /opt/airflow/dags/dag.py","logger":"airflow.models.dagbag.DagBag","filename":"dagbag.py","lineno":593}
{"timestamp":"2025-12-15T10:37:25.649349Z","level":"warning","event":"The `airflow.decorators.dag` attribute is deprecated. Please use `'airflow.sdk.dag'`.","category":"DeprecatedImportWarning","filename":"/opt/airflow/dags/dag.py","lineno":1,"logger":"py.warnings"}
{"timestamp":"2025-12-15T10:37:25.649415Z","level":"warning","event":"The `airflow.decorators.task` attribute is deprecated. Please use `'airflow.sdk.task'`.","category":"DeprecatedImportWarning","filename":"/opt/airflow/dags/dag.py","lineno":2,"logger":"py.warnings"}
{"timestamp":"2025-12-15T10:37:25.649439Z","level":"warning","event":"The `airflow.operators.empty.EmptyOperator` attribute is deprecated. Please use `'airflow.providers.standard.operators.empty.EmptyOperator'`.","category":"DeprecatedImportWarning","filename":"/opt/airflow/dags/dag.py","lineno":3,"logger":"py.warnings"}
{"timestamp":"2025-12-15T10:37:56.029386Z","level":"info","event":"Filling up the DagBag from /opt/airflow/dags/dag.py","logger":"airflow.models.dagbag.DagBag","filename":"dagbag.py","lineno":593}
{"timestamp":"2025-12-15T10:37:56.071142Z","level":"warning","event":"The `airflow.decorators.dag` attribute is deprecated. Please use `'airflow.sdk.dag'`.","category":"DeprecatedImportWarning","filename":"/opt/airflow/dags/dag.py","lineno":1,"logger":"py.warnings"}
{"timestamp":"2025-12-15T10:37:56.071367Z","level":"warning","event":"The `airflow.decorators.task` attribute is deprecated. Please use `'airflow.sdk.task'`.","category":"DeprecatedImportWarning","filename":"/opt/airflow/dags/dag.py","lineno":2,"logger":"py.warnings"}
{"timestamp":"2025-12-15T10:37:56.071415Z","level":"warning","event":"The `airflow.operators.empty.EmptyOperator` attribute is deprecated. Please use `'airflow.providers.standard.operators.empty.EmptyOperator'`.","category":"DeprecatedImportWarning","filename":"/opt/airflow/dags/dag.py","lineno":3,"logger":"py.warnings"}
{"timestamp":"2025-12-15T10:38:26.482426Z","level":"info","event":"Filling up the DagBag from /opt/airflow/dags/dag.py","logger":"airflow.models.dagbag.DagBag","filename":"dagbag.py","lineno":593}
{"timestamp":"2025-12-15T10:38:26.530966Z","level":"warning","event":"The `airflow.decorators.dag` attribute is deprecated. Please use `'airflow.sdk.dag'`.","category":"DeprecatedImportWarning","filename":"/opt/airflow/dags/dag.py","lineno":1,"logger":"py.warnings"}
{"timestamp":"2025-12-15T10:38:26.531033Z","level":"warning","event":"The `airflow.decorators.task` attribute is deprecated. Please use `'airflow.sdk.task'`.","category":"DeprecatedImportWarning","filename":"/opt/airflow/dags/dag.py","lineno":2,"logger":"py.warnings"}
{"timestamp":"2025-12-15T10:38:26.531059Z","level":"warning","event":"The `airflow.operators.empty.EmptyOperator` attribute is deprecated. Please use `'airflow.providers.standard.operators.empty.EmptyOperator'`.","category":"DeprecatedImportWarning","filename":"/opt/airflow/dags/dag.py","lineno":3,"logger":"py.warnings"}
{"timestamp":"2025-12-15T10:38:56.924439Z","level":"info","event":"Filling up the DagBag from /opt/airflow/dags/dag.py","logger":"airflow.models.dagbag.DagBag","filename":"dagbag.py","lineno":593}
{"timestamp":"2025-12-15T10:38:56.968666Z","level":"warning","event":"The `airflow.decorators.dag` attribute is deprecated. Please use `'airflow.sdk.dag'`.","category":"DeprecatedImportWarning","filename":"/opt/airflow/dags/dag.py","lineno":1,"logger":"py.warnings"}
{"timestamp":"2025-12-15T10:38:56.968892Z","level":"warning","event":"The `airflow.decorators.task` attribute is deprecated. Please use `'airflow.sdk.task'`.","category":"DeprecatedImportWarning","filename":"/opt/airflow/dags/dag.py","lineno":2,"logger":"py.warnings"}
{"timestamp":"2025-12-15T10:38:56.969340Z","level":"warning","event":"The `airflow.operators.empty.EmptyOperator` attribute is deprecated. Please use `'airflow.providers.standard.operators.empty.EmptyOperator'`.","category":"DeprecatedImportWarning","filename":"/opt/airflow/dags/dag.py","lineno":3,"logger":"py.warnings"}
{"timestamp":"2025-12-15T10:39:27.344915Z","level":"info","event":"Filling up the DagBag from /opt/airflow/dags/dag.py","logger":"airflow.models.dagbag.DagBag","filename":"dagbag.py","lineno":593}
{"timestamp":"2025-12-15T10:39:27.382364Z","level":"warning","event":"The `airflow.decorators.dag` attribute is deprecated. Please use `'airflow.sdk.dag'`.","category":"DeprecatedImportWarning","filename":"/opt/airflow/dags/dag.py","lineno":1,"logger":"py.warnings"}
{"timestamp":"2025-12-15T10:39:27.382426Z","level":"warning","event":"The `airflow.decorators.task` attribute is deprecated. Please use `'airflow.sdk.task'`.","category":"DeprecatedImportWarning","filename":"/opt/airflow/dags/dag.py","lineno":2,"logger":"py.warnings"}
{"timestamp":"2025-12-15T10:39:27.382449Z","level":"warning","event":"The `airflow.operators.empty.EmptyOperator` attribute is deprecated. Please use `'airflow.providers.standard.operators.empty.EmptyOperator'`.","category":"DeprecatedImportWarning","filename":"/opt/airflow/dags/dag.py","lineno":3,"logger":"py.warnings"}
{"timestamp":"2025-12-15T10:39:57.776848Z","level":"info","event":"Filling up the DagBag from /opt/airflow/dags/dag.py","logger":"airflow.models.dagbag.DagBag","filename":"dagbag.py","lineno":593}
{"timestamp":"2025-12-15T10:39:57.816051Z","level":"warning","event":"The `airflow.decorators.dag` attribute is deprecated. Please use `'airflow.sdk.dag'`.","category":"DeprecatedImportWarning","filename":"/opt/airflow/dags/dag.py","lineno":1,"logger":"py.warnings"}
{"timestamp":"2025-12-15T10:39:57.816246Z","level":"warning","event":"The `airflow.decorators.task` attribute is deprecated. Please use `'airflow.sdk.task'`.","category":"DeprecatedImportWarning","filename":"/opt/airflow/dags/dag.py","lineno":2,"logger":"py.warnings"}
{"timestamp":"2025-12-15T10:39:57.816617Z","level":"warning","event":"The `airflow.operators.empty.EmptyOperator` attribute is deprecated. Please use `'airflow.providers.standard.operators.empty.EmptyOperator'`.","category":"DeprecatedImportWarning","filename":"/opt/airflow/dags/dag.py","lineno":3,"logger":"py.warnings"}
{"timestamp":"2025-12-15T10:40:28.220393Z","level":"info","event":"Filling up the DagBag from /opt/airflow/dags/dag.py","logger":"airflow.models.dagbag.DagBag","filename":"dagbag.py","lineno":593}
{"timestamp":"2025-12-15T10:40:28.274995Z","level":"warning","event":"The `airflow.decorators.dag` attribute is deprecated. Please use `'airflow.sdk.dag'`.","category":"DeprecatedImportWarning","filename":"/opt/airflow/dags/dag.py","lineno":1,"logger":"py.warnings"}
{"timestamp":"2025-12-15T10:40:28.275237Z","level":"warning","event":"The `airflow.decorators.task` attribute is deprecated. Please use `'airflow.sdk.task'`.","category":"DeprecatedImportWarning","filename":"/opt/airflow/dags/dag.py","lineno":2,"logger":"py.warnings"}
{"timestamp":"2025-12-15T10:40:28.275648Z","level":"warning","event":"The `airflow.operators.empty.EmptyOperator` attribute is deprecated. Please use `'airflow.providers.standard.operators.empty.EmptyOperator'`.","category":"DeprecatedImportWarning","filename":"/opt/airflow/dags/dag.py","lineno":3,"logger":"py.warnings"}
{"timestamp":"2025-12-15T10:40:58.699493Z","level":"info","event":"Filling up the DagBag from /opt/airflow/dags/dag.py","logger":"airflow.models.dagbag.DagBag","filename":"dagbag.py","lineno":593}
{"timestamp":"2025-12-15T10:40:58.737900Z","level":"warning","event":"The `airflow.decorators.dag` attribute is deprecated. Please use `'airflow.sdk.dag'`.","category":"DeprecatedImportWarning","filename":"/opt/airflow/dags/dag.py","lineno":1,"logger":"py.warnings"}
{"timestamp":"2025-12-15T10:40:58.737958Z","level":"warning","event":"The `airflow.decorators.task` attribute is deprecated. Please use `'airflow.sdk.task'`.","category":"DeprecatedImportWarning","filename":"/opt/airflow/dags/dag.py","lineno":2,"logger":"py.warnings"}
{"timestamp":"2025-12-15T10:40:58.737982Z","level":"warning","event":"The `airflow.operators.empty.EmptyOperator` attribute is deprecated. Please use `'airflow.providers.standard.operators.empty.EmptyOperator'`.","category":"DeprecatedImportWarning","filename":"/opt/airflow/dags/dag.py","lineno":3,"logger":"py.warnings"}
{"timestamp":"2025-12-15T10:41:29.108220Z","level":"info","event":"Filling up the DagBag from /opt/airflow/dags/dag.py","logger":"airflow.models.dagbag.DagBag","filename":"dagbag.py","lineno":593}
{"timestamp":"2025-12-15T10:41:29.145517Z","level":"warning","event":"The `airflow.decorators.dag` attribute is deprecated. Please use `'airflow.sdk.dag'`.","category":"DeprecatedImportWarning","filename":"/opt/airflow/dags/dag.py","lineno":1,"logger":"py.warnings"}
{"timestamp":"2025-12-15T10:41:29.145576Z","level":"warning","event":"The `airflow.decorators.task` attribute is deprecated. Please use `'airflow.sdk.task'`.","category":"DeprecatedImportWarning","filename":"/opt/airflow/dags/dag.py","lineno":2,"logger":"py.warnings"}
{"timestamp":"2025-12-15T10:41:29.145603Z","level":"warning","event":"The `airflow.operators.empty.EmptyOperator` attribute is deprecated. Please use `'airflow.providers.standard.operators.empty.EmptyOperator'`.","category":"DeprecatedImportWarning","filename":"/opt/airflow/dags/dag.py","lineno":3,"logger":"py.warnings"}
{"timestamp":"2025-12-15T10:41:59.500077Z","level":"info","event":"Filling up the DagBag from /opt/airflow/dags/dag.py","logger":"airflow.models.dagbag.DagBag","filename":"dagbag.py","lineno":593}
{"timestamp":"2025-12-15T10:41:59.526142Z","level":"warning","event":"The `airflow.decorators.dag` attribute is deprecated. Please use `'airflow.sdk.dag'`.","category":"DeprecatedImportWarning","filename":"/opt/airflow/dags/dag.py","lineno":1,"logger":"py.warnings"}
{"timestamp":"2025-12-15T10:41:59.526327Z","level":"warning","event":"The `airflow.decorators.task` attribute is deprecated. Please use `'airflow.sdk.task'`.","category":"DeprecatedImportWarning","filename":"/opt/airflow/dags/dag.py","lineno":2,"logger":"py.warnings"}
{"timestamp":"2025-12-15T10:41:59.526378Z","level":"warning","event":"The `airflow.operators.empty.EmptyOperator` attribute is deprecated. Please use `'airflow.providers.standard.operators.empty.EmptyOperator'`.","category":"DeprecatedImportWarning","filename":"/opt/airflow/dags/dag.py","lineno":3,"logger":"py.warnings"}
{"timestamp":"2025-12-15T10:42:29.915313Z","level":"info","event":"Filling up the DagBag from /opt/airflow/dags/dag.py","logger":"airflow.models.dagbag.DagBag","filename":"dagbag.py","lineno":593}
{"timestamp":"2025-12-15T10:42:29.965511Z","level":"warning","event":"The `airflow.decorators.dag` attribute is deprecated. Please use `'airflow.sdk.dag'`.","category":"DeprecatedImportWarning","filename":"/opt/airflow/dags/dag.py","lineno":1,"logger":"py.warnings"}
{"timestamp":"2025-12-15T10:42:29.965569Z","level":"warning","event":"The `airflow.decorators.task` attribute is deprecated. Please use `'airflow.sdk.task'`.","category":"DeprecatedImportWarning","filename":"/opt/airflow/dags/dag.py","lineno":2,"logger":"py.warnings"}
{"timestamp":"2025-12-15T10:42:29.965594Z","level":"warning","event":"The `airflow.operators.empty.EmptyOperator` attribute is deprecated. Please use `'airflow.providers.standard.operators.empty.EmptyOperator'`.","category":"DeprecatedImportWarning","filename":"/opt/airflow/dags/dag.py","lineno":3,"logger":"py.warnings"}
{"timestamp":"2025-12-15T10:43:00.346423Z","level":"info","event":"Filling up the DagBag from /opt/airflow/dags/dag.py","logger":"airflow.models.dagbag.DagBag","filename":"dagbag.py","lineno":593}
{"timestamp":"2025-12-15T10:43:00.396165Z","level":"warning","event":"The `airflow.decorators.dag` attribute is deprecated. Please use `'airflow.sdk.dag'`.","category":"DeprecatedImportWarning","filename":"/opt/airflow/dags/dag.py","lineno":1,"logger":"py.warnings"}
{"timestamp":"2025-12-15T10:43:00.396233Z","level":"warning","event":"The `airflow.decorators.task` attribute is deprecated. Please use `'airflow.sdk.task'`.","category":"DeprecatedImportWarning","filename":"/opt/airflow/dags/dag.py","lineno":2,"logger":"py.warnings"}
{"timestamp":"2025-12-15T10:43:00.396259Z","level":"warning","event":"The `airflow.operators.empty.EmptyOperator` attribute is deprecated. Please use `'airflow.providers.standard.operators.empty.EmptyOperator'`.","category":"DeprecatedImportWarning","filename":"/opt/airflow/dags/dag.py","lineno":3,"logger":"py.warnings"}
{"timestamp":"2025-12-15T10:43:30.740929Z","level":"info","event":"Filling up the DagBag from /opt/airflow/dags/dag.py","logger":"airflow.models.dagbag.DagBag","filename":"dagbag.py","lineno":593}
{"timestamp":"2025-12-15T10:43:30.767769Z","level":"warning","event":"The `airflow.decorators.dag` attribute is deprecated. Please use `'airflow.sdk.dag'`.","category":"DeprecatedImportWarning","filename":"/opt/airflow/dags/dag.py","lineno":1,"logger":"py.warnings"}
{"timestamp":"2025-12-15T10:43:30.767831Z","level":"warning","event":"The `airflow.decorators.task` attribute is deprecated. Please use `'airflow.sdk.task'`.","category":"DeprecatedImportWarning","filename":"/opt/airflow/dags/dag.py","lineno":2,"logger":"py.warnings"}
{"timestamp":"2025-12-15T10:43:30.767859Z","level":"warning","event":"The `airflow.operators.empty.EmptyOperator` attribute is deprecated. Please use `'airflow.providers.standard.operators.empty.EmptyOperator'`.","category":"DeprecatedImportWarning","filename":"/opt/airflow/dags/dag.py","lineno":3,"logger":"py.warnings"}
{"timestamp":"2025-12-15T10:44:01.350989Z","level":"info","event":"Filling up the DagBag from /opt/airflow/dags/dag.py","logger":"airflow.models.dagbag.DagBag","filename":"dagbag.py","lineno":593}
{"timestamp":"2025-12-15T10:44:01.604847Z","level":"warning","event":"The `airflow.decorators.dag` attribute is deprecated. Please use `'airflow.sdk.dag'`.","category":"DeprecatedImportWarning","filename":"/opt/airflow/dags/dag.py","lineno":1,"logger":"py.warnings"}
{"timestamp":"2025-12-15T10:44:01.604975Z","level":"warning","event":"The `airflow.decorators.task` attribute is deprecated. Please use `'airflow.sdk.task'`.","category":"DeprecatedImportWarning","filename":"/opt/airflow/dags/dag.py","lineno":2,"logger":"py.warnings"}
{"timestamp":"2025-12-15T10:44:01.605039Z","level":"warning","event":"The `airflow.operators.empty.EmptyOperator` attribute is deprecated. Please use `'airflow.providers.standard.operators.empty.EmptyOperator'`.","category":"DeprecatedImportWarning","filename":"/opt/airflow/dags/dag.py","lineno":3,"logger":"py.warnings"}
{"timestamp":"2025-12-15T10:45:10.192282Z","level":"info","event":"Filling up the DagBag from /opt/airflow/dags/dag.py","logger":"airflow.models.dagbag.DagBag","filename":"dagbag.py","lineno":593}
{"timestamp":"2025-12-15T10:45:10.240316Z","level":"warning","event":"The `airflow.decorators.dag` attribute is deprecated. Please use `'airflow.sdk.dag'`.","category":"DeprecatedImportWarning","filename":"/opt/airflow/dags/dag.py","lineno":1,"logger":"py.warnings"}
{"timestamp":"2025-12-15T10:45:10.240414Z","level":"warning","event":"The `airflow.decorators.task` attribute is deprecated. Please use `'airflow.sdk.task'`.","category":"DeprecatedImportWarning","filename":"/opt/airflow/dags/dag.py","lineno":2,"logger":"py.warnings"}
{"timestamp":"2025-12-15T10:45:10.240450Z","level":"warning","event":"The `airflow.operators.empty.EmptyOperator` attribute is deprecated. Please use `'airflow.providers.standard.operators.empty.EmptyOperator'`.","category":"DeprecatedImportWarning","filename":"/opt/airflow/dags/dag.py","lineno":3,"logger":"py.warnings"}
{"timestamp":"2025-12-15T10:45:40.618974Z","level":"info","event":"Filling up the DagBag from /opt/airflow/dags/dag.py","logger":"airflow.models.dagbag.DagBag","filename":"dagbag.py","lineno":593}
{"timestamp":"2025-12-15T10:45:40.675052Z","level":"warning","event":"The `airflow.decorators.dag` attribute is deprecated. Please use `'airflow.sdk.dag'`.","category":"DeprecatedImportWarning","filename":"/opt/airflow/dags/dag.py","lineno":1,"logger":"py.warnings"}
{"timestamp":"2025-12-15T10:45:40.675109Z","level":"warning","event":"The `airflow.decorators.task` attribute is deprecated. Please use `'airflow.sdk.task'`.","category":"DeprecatedImportWarning","filename":"/opt/airflow/dags/dag.py","lineno":2,"logger":"py.warnings"}
{"timestamp":"2025-12-15T10:45:40.675131Z","level":"warning","event":"The `airflow.operators.empty.EmptyOperator` attribute is deprecated. Please use `'airflow.providers.standard.operators.empty.EmptyOperator'`.","category":"DeprecatedImportWarning","filename":"/opt/airflow/dags/dag.py","lineno":3,"logger":"py.warnings"}
{"timestamp":"2025-12-15T10:46:11.009574Z","level":"info","event":"Filling up the DagBag from /opt/airflow/dags/dag.py","logger":"airflow.models.dagbag.DagBag","filename":"dagbag.py","lineno":593}
{"timestamp":"2025-12-15T10:46:11.035703Z","level":"warning","event":"The `airflow.decorators.dag` attribute is deprecated. Please use `'airflow.sdk.dag'`.","category":"DeprecatedImportWarning","filename":"/opt/airflow/dags/dag.py","lineno":1,"logger":"py.warnings"}
{"timestamp":"2025-12-15T10:46:11.036402Z","level":"warning","event":"The `airflow.decorators.task` attribute is deprecated. Please use `'airflow.sdk.task'`.","category":"DeprecatedImportWarning","filename":"/opt/airflow/dags/dag.py","lineno":2,"logger":"py.warnings"}
{"timestamp":"2025-12-15T10:46:11.036451Z","level":"warning","event":"The `airflow.operators.empty.EmptyOperator` attribute is deprecated. Please use `'airflow.providers.standard.operators.empty.EmptyOperator'`.","category":"DeprecatedImportWarning","filename":"/opt/airflow/dags/dag.py","lineno":3,"logger":"py.warnings"}
{"timestamp":"2025-12-15T10:46:41.411376Z","level":"info","event":"Filling up the DagBag from /opt/airflow/dags/dag.py","logger":"airflow.models.dagbag.DagBag","filename":"dagbag.py","lineno":593}
{"timestamp":"2025-12-15T10:46:41.454359Z","level":"warning","event":"The `airflow.decorators.dag` attribute is deprecated. Please use `'airflow.sdk.dag'`.","category":"DeprecatedImportWarning","filename":"/opt/airflow/dags/dag.py","lineno":1,"logger":"py.warnings"}
{"timestamp":"2025-12-15T10:46:41.454900Z","level":"warning","event":"The `airflow.decorators.task` attribute is deprecated. Please use `'airflow.sdk.task'`.","category":"DeprecatedImportWarning","filename":"/opt/airflow/dags/dag.py","lineno":2,"logger":"py.warnings"}
{"timestamp":"2025-12-15T10:46:41.455094Z","level":"warning","event":"The `airflow.operators.empty.EmptyOperator` attribute is deprecated. Please use `'airflow.providers.standard.operators.empty.EmptyOperator'`.","category":"DeprecatedImportWarning","filename":"/opt/airflow/dags/dag.py","lineno":3,"logger":"py.warnings"}
{"timestamp":"2025-12-15T10:47:11.776899Z","level":"info","event":"Filling up the DagBag from /opt/airflow/dags/dag.py","logger":"airflow.models.dagbag.DagBag","filename":"dagbag.py","lineno":593}
{"timestamp":"2025-12-15T10:47:11.806667Z","level":"warning","event":"The `airflow.decorators.dag` attribute is deprecated. Please use `'airflow.sdk.dag'`.","category":"DeprecatedImportWarning","filename":"/opt/airflow/dags/dag.py","lineno":1,"logger":"py.warnings"}
{"timestamp":"2025-12-15T10:47:11.806730Z","level":"warning","event":"The `airflow.decorators.task` attribute is deprecated. Please use `'airflow.sdk.task'`.","category":"DeprecatedImportWarning","filename":"/opt/airflow/dags/dag.py","lineno":2,"logger":"py.warnings"}
{"timestamp":"2025-12-15T10:47:11.806756Z","level":"warning","event":"The `airflow.operators.empty.EmptyOperator` attribute is deprecated. Please use `'airflow.providers.standard.operators.empty.EmptyOperator'`.","category":"DeprecatedImportWarning","filename":"/opt/airflow/dags/dag.py","lineno":3,"logger":"py.warnings"}
{"timestamp":"2025-12-15T10:47:42.230162Z","level":"info","event":"Filling up the DagBag from /opt/airflow/dags/dag.py","logger":"airflow.models.dagbag.DagBag","filename":"dagbag.py","lineno":593}
{"timestamp":"2025-12-15T10:47:42.266984Z","level":"warning","event":"The `airflow.decorators.dag` attribute is deprecated. Please use `'airflow.sdk.dag'`.","category":"DeprecatedImportWarning","filename":"/opt/airflow/dags/dag.py","lineno":1,"logger":"py.warnings"}
{"timestamp":"2025-12-15T10:47:42.267047Z","level":"warning","event":"The `airflow.decorators.task` attribute is deprecated. Please use `'airflow.sdk.task'`.","category":"DeprecatedImportWarning","filename":"/opt/airflow/dags/dag.py","lineno":2,"logger":"py.warnings"}
{"timestamp":"2025-12-15T10:47:42.267071Z","level":"warning","event":"The `airflow.operators.empty.EmptyOperator` attribute is deprecated. Please use `'airflow.providers.standard.operators.empty.EmptyOperator'`.","category":"DeprecatedImportWarning","filename":"/opt/airflow/dags/dag.py","lineno":3,"logger":"py.warnings"}
{"timestamp":"2025-12-15T10:48:12.618362Z","level":"info","event":"Filling up the DagBag from /opt/airflow/dags/dag.py","logger":"airflow.models.dagbag.DagBag","filename":"dagbag.py","lineno":593}
{"timestamp":"2025-12-15T10:48:12.644318Z","level":"warning","event":"The `airflow.decorators.dag` attribute is deprecated. Please use `'airflow.sdk.dag'`.","category":"DeprecatedImportWarning","filename":"/opt/airflow/dags/dag.py","lineno":1,"logger":"py.warnings"}
{"timestamp":"2025-12-15T10:48:12.644529Z","level":"warning","event":"The `airflow.decorators.task` attribute is deprecated. Please use `'airflow.sdk.task'`.","category":"DeprecatedImportWarning","filename":"/opt/airflow/dags/dag.py","lineno":2,"logger":"py.warnings"}
{"timestamp":"2025-12-15T10:48:12.644563Z","level":"warning","event":"The `airflow.operators.empty.EmptyOperator` attribute is deprecated. Please use `'airflow.providers.standard.operators.empty.EmptyOperator'`.","category":"DeprecatedImportWarning","filename":"/opt/airflow/dags/dag.py","lineno":3,"logger":"py.warnings"}
{"timestamp":"2025-12-15T10:48:43.022391Z","level":"info","event":"Filling up the DagBag from /opt/airflow/dags/dag.py","logger":"airflow.models.dagbag.DagBag","filename":"dagbag.py","lineno":593}
{"timestamp":"2025-12-15T10:48:43.059259Z","level":"warning","event":"The `airflow.decorators.dag` attribute is deprecated. Please use `'airflow.sdk.dag'`.","category":"DeprecatedImportWarning","filename":"/opt/airflow/dags/dag.py","lineno":1,"logger":"py.warnings"}
{"timestamp":"2025-12-15T10:48:43.059315Z","level":"warning","event":"The `airflow.decorators.task` attribute is deprecated. Please use `'airflow.sdk.task'`.","category":"DeprecatedImportWarning","filename":"/opt/airflow/dags/dag.py","lineno":2,"logger":"py.warnings"}
{"timestamp":"2025-12-15T10:48:43.059339Z","level":"warning","event":"The `airflow.operators.empty.EmptyOperator` attribute is deprecated. Please use `'airflow.providers.standard.operators.empty.EmptyOperator'`.","category":"DeprecatedImportWarning","filename":"/opt/airflow/dags/dag.py","lineno":3,"logger":"py.warnings"}
{"timestamp":"2025-12-15T10:49:13.407225Z","level":"info","event":"Filling up the DagBag from /opt/airflow/dags/dag.py","logger":"airflow.models.dagbag.DagBag","filename":"dagbag.py","lineno":593}
{"timestamp":"2025-12-15T10:49:13.431784Z","level":"warning","event":"The `airflow.decorators.dag` attribute is deprecated. Please use `'airflow.sdk.dag'`.","category":"DeprecatedImportWarning","filename":"/opt/airflow/dags/dag.py","lineno":1,"logger":"py.warnings"}
{"timestamp":"2025-12-15T10:49:13.432198Z","level":"warning","event":"The `airflow.decorators.task` attribute is deprecated. Please use `'airflow.sdk.task'`.","category":"DeprecatedImportWarning","filename":"/opt/airflow/dags/dag.py","lineno":2,"logger":"py.warnings"}
{"timestamp":"2025-12-15T10:49:13.432385Z","level":"warning","event":"The `airflow.operators.empty.EmptyOperator` attribute is deprecated. Please use `'airflow.providers.standard.operators.empty.EmptyOperator'`.","category":"DeprecatedImportWarning","filename":"/opt/airflow/dags/dag.py","lineno":3,"logger":"py.warnings"}
{"timestamp":"2025-12-15T10:49:43.766715Z","level":"info","event":"Filling up the DagBag from /opt/airflow/dags/dag.py","logger":"airflow.models.dagbag.DagBag","filename":"dagbag.py","lineno":593}
{"timestamp":"2025-12-15T10:49:43.808531Z","level":"warning","event":"The `airflow.decorators.dag` attribute is deprecated. Please use `'airflow.sdk.dag'`.","category":"DeprecatedImportWarning","filename":"/opt/airflow/dags/dag.py","lineno":1,"logger":"py.warnings"}
{"timestamp":"2025-12-15T10:49:43.808591Z","level":"warning","event":"The `airflow.decorators.task` attribute is deprecated. Please use `'airflow.sdk.task'`.","category":"DeprecatedImportWarning","filename":"/opt/airflow/dags/dag.py","lineno":2,"logger":"py.warnings"}
{"timestamp":"2025-12-15T10:49:43.808613Z","level":"warning","event":"The `airflow.operators.empty.EmptyOperator` attribute is deprecated. Please use `'airflow.providers.standard.operators.empty.EmptyOperator'`.","category":"DeprecatedImportWarning","filename":"/opt/airflow/dags/dag.py","lineno":3,"logger":"py.warnings"}
{"timestamp":"2025-12-15T10:50:14.210269Z","level":"info","event":"Filling up the DagBag from /opt/airflow/dags/dag.py","logger":"airflow.models.dagbag.DagBag","filename":"dagbag.py","lineno":593}
{"timestamp":"2025-12-15T10:50:14.242407Z","level":"warning","event":"The `airflow.decorators.dag` attribute is deprecated. Please use `'airflow.sdk.dag'`.","category":"DeprecatedImportWarning","filename":"/opt/airflow/dags/dag.py","lineno":1,"logger":"py.warnings"}
{"timestamp":"2025-12-15T10:50:14.242594Z","level":"warning","event":"The `airflow.decorators.task` attribute is deprecated. Please use `'airflow.sdk.task'`.","category":"DeprecatedImportWarning","filename":"/opt/airflow/dags/dag.py","lineno":2,"logger":"py.warnings"}
{"timestamp":"2025-12-15T10:50:14.242636Z","level":"warning","event":"The `airflow.operators.empty.EmptyOperator` attribute is deprecated. Please use `'airflow.providers.standard.operators.empty.EmptyOperator'`.","category":"DeprecatedImportWarning","filename":"/opt/airflow/dags/dag.py","lineno":3,"logger":"py.warnings"}
{"timestamp":"2025-12-15T10:50:44.629676Z","level":"info","event":"Filling up the DagBag from /opt/airflow/dags/dag.py","logger":"airflow.models.dagbag.DagBag","filename":"dagbag.py","lineno":593}
{"timestamp":"2025-12-15T10:50:44.676806Z","level":"warning","event":"The `airflow.decorators.dag` attribute is deprecated. Please use `'airflow.sdk.dag'`.","category":"DeprecatedImportWarning","filename":"/opt/airflow/dags/dag.py","lineno":1,"logger":"py.warnings"}
{"timestamp":"2025-12-15T10:50:44.677013Z","level":"warning","event":"The `airflow.decorators.task` attribute is deprecated. Please use `'airflow.sdk.task'`.","category":"DeprecatedImportWarning","filename":"/opt/airflow/dags/dag.py","lineno":2,"logger":"py.warnings"}
{"timestamp":"2025-12-15T10:50:44.677053Z","level":"warning","event":"The `airflow.operators.empty.EmptyOperator` attribute is deprecated. Please use `'airflow.providers.standard.operators.empty.EmptyOperator'`.","category":"DeprecatedImportWarning","filename":"/opt/airflow/dags/dag.py","lineno":3,"logger":"py.warnings"}
{"timestamp":"2025-12-15T10:51:15.075808Z","level":"info","event":"Filling up the DagBag from /opt/airflow/dags/dag.py","logger":"airflow.models.dagbag.DagBag","filename":"dagbag.py","lineno":593}
{"timestamp":"2025-12-15T10:51:15.123919Z","level":"warning","event":"The `airflow.decorators.dag` attribute is deprecated. Please use `'airflow.sdk.dag'`.","category":"DeprecatedImportWarning","filename":"/opt/airflow/dags/dag.py","lineno":1,"logger":"py.warnings"}
{"timestamp":"2025-12-15T10:51:15.123981Z","level":"warning","event":"The `airflow.decorators.task` attribute is deprecated. Please use `'airflow.sdk.task'`.","category":"DeprecatedImportWarning","filename":"/opt/airflow/dags/dag.py","lineno":2,"logger":"py.warnings"}
{"timestamp":"2025-12-15T10:51:15.124010Z","level":"warning","event":"The `airflow.operators.empty.EmptyOperator` attribute is deprecated. Please use `'airflow.providers.standard.operators.empty.EmptyOperator'`.","category":"DeprecatedImportWarning","filename":"/opt/airflow/dags/dag.py","lineno":3,"logger":"py.warnings"}
{"timestamp":"2025-12-15T10:51:45.468476Z","level":"info","event":"Filling up the DagBag from /opt/airflow/dags/dag.py","logger":"airflow.models.dagbag.DagBag","filename":"dagbag.py","lineno":593}
{"timestamp":"2025-12-15T10:51:45.496822Z","level":"warning","event":"The `airflow.decorators.dag` attribute is deprecated. Please use `'airflow.sdk.dag'`.","category":"DeprecatedImportWarning","filename":"/opt/airflow/dags/dag.py","lineno":1,"logger":"py.warnings"}
{"timestamp":"2025-12-15T10:51:45.496881Z","level":"warning","event":"The `airflow.decorators.task` attribute is deprecated. Please use `'airflow.sdk.task'`.","category":"DeprecatedImportWarning","filename":"/opt/airflow/dags/dag.py","lineno":2,"logger":"py.warnings"}
{"timestamp":"2025-12-15T10:51:45.496906Z","level":"warning","event":"The `airflow.operators.empty.EmptyOperator` attribute is deprecated. Please use `'airflow.providers.standard.operators.empty.EmptyOperator'`.","category":"DeprecatedImportWarning","filename":"/opt/airflow/dags/dag.py","lineno":3,"logger":"py.warnings"}
{"timestamp":"2025-12-15T10:52:15.820452Z","level":"info","event":"Filling up the DagBag from /opt/airflow/dags/dag.py","logger":"airflow.models.dagbag.DagBag","filename":"dagbag.py","lineno":593}
{"timestamp":"2025-12-15T10:52:15.841552Z","level":"warning","event":"The `airflow.decorators.dag` attribute is deprecated. Please use `'airflow.sdk.dag'`.","category":"DeprecatedImportWarning","filename":"/opt/airflow/dags/dag.py","lineno":1,"logger":"py.warnings"}
{"timestamp":"2025-12-15T10:52:15.841743Z","level":"warning","event":"The `airflow.decorators.task` attribute is deprecated. Please use `'airflow.sdk.task'`.","category":"DeprecatedImportWarning","filename":"/opt/airflow/dags/dag.py","lineno":2,"logger":"py.warnings"}
{"timestamp":"2025-12-15T10:52:15.841788Z","level":"warning","event":"The `airflow.operators.empty.EmptyOperator` attribute is deprecated. Please use `'airflow.providers.standard.operators.empty.EmptyOperator'`.","category":"DeprecatedImportWarning","filename":"/opt/airflow/dags/dag.py","lineno":3,"logger":"py.warnings"}
{"timestamp":"2025-12-15T10:52:46.235281Z","level":"info","event":"Filling up the DagBag from /opt/airflow/dags/dag.py","logger":"airflow.models.dagbag.DagBag","filename":"dagbag.py","lineno":593}
{"timestamp":"2025-12-15T10:52:46.276445Z","level":"warning","event":"The `airflow.decorators.dag` attribute is deprecated. Please use `'airflow.sdk.dag'`.","category":"DeprecatedImportWarning","filename":"/opt/airflow/dags/dag.py","lineno":1,"logger":"py.warnings"}
{"timestamp":"2025-12-15T10:52:46.276508Z","level":"warning","event":"The `airflow.decorators.task` attribute is deprecated. Please use `'airflow.sdk.task'`.","category":"DeprecatedImportWarning","filename":"/opt/airflow/dags/dag.py","lineno":2,"logger":"py.warnings"}
{"timestamp":"2025-12-15T10:52:46.276533Z","level":"warning","event":"The `airflow.operators.empty.EmptyOperator` attribute is deprecated. Please use `'airflow.providers.standard.operators.empty.EmptyOperator'`.","category":"DeprecatedImportWarning","filename":"/opt/airflow/dags/dag.py","lineno":3,"logger":"py.warnings"}
{"timestamp":"2025-12-15T10:53:16.650531Z","level":"info","event":"Filling up the DagBag from /opt/airflow/dags/dag.py","logger":"airflow.models.dagbag.DagBag","filename":"dagbag.py","lineno":593}
{"timestamp":"2025-12-15T10:53:16.683171Z","level":"warning","event":"The `airflow.decorators.dag` attribute is deprecated. Please use `'airflow.sdk.dag'`.","category":"DeprecatedImportWarning","filename":"/opt/airflow/dags/dag.py","lineno":1,"logger":"py.warnings"}
{"timestamp":"2025-12-15T10:53:16.683381Z","level":"warning","event":"The `airflow.decorators.task` attribute is deprecated. Please use `'airflow.sdk.task'`.","category":"DeprecatedImportWarning","filename":"/opt/airflow/dags/dag.py","lineno":2,"logger":"py.warnings"}
{"timestamp":"2025-12-15T10:53:16.683412Z","level":"warning","event":"The `airflow.operators.empty.EmptyOperator` attribute is deprecated. Please use `'airflow.providers.standard.operators.empty.EmptyOperator'`.","category":"DeprecatedImportWarning","filename":"/opt/airflow/dags/dag.py","lineno":3,"logger":"py.warnings"}
{"timestamp":"2025-12-15T10:53:46.987883Z","level":"info","event":"Filling up the DagBag from /opt/airflow/dags/dag.py","logger":"airflow.models.dagbag.DagBag","filename":"dagbag.py","lineno":593}
{"timestamp":"2025-12-15T10:53:47.016354Z","level":"warning","event":"The `airflow.decorators.dag` attribute is deprecated. Please use `'airflow.sdk.dag'`.","category":"DeprecatedImportWarning","filename":"/opt/airflow/dags/dag.py","lineno":1,"logger":"py.warnings"}
{"timestamp":"2025-12-15T10:53:47.016412Z","level":"warning","event":"The `airflow.decorators.task` attribute is deprecated. Please use `'airflow.sdk.task'`.","category":"DeprecatedImportWarning","filename":"/opt/airflow/dags/dag.py","lineno":2,"logger":"py.warnings"}
{"timestamp":"2025-12-15T10:53:47.016439Z","level":"warning","event":"The `airflow.operators.empty.EmptyOperator` attribute is deprecated. Please use `'airflow.providers.standard.operators.empty.EmptyOperator'`.","category":"DeprecatedImportWarning","filename":"/opt/airflow/dags/dag.py","lineno":3,"logger":"py.warnings"}
{"timestamp":"2025-12-15T10:54:17.418304Z","level":"info","event":"Filling up the DagBag from /opt/airflow/dags/dag.py","logger":"airflow.models.dagbag.DagBag","filename":"dagbag.py","lineno":593}
{"timestamp":"2025-12-15T10:54:17.458207Z","level":"warning","event":"The `airflow.decorators.dag` attribute is deprecated. Please use `'airflow.sdk.dag'`.","category":"DeprecatedImportWarning","filename":"/opt/airflow/dags/dag.py","lineno":1,"logger":"py.warnings"}
{"timestamp":"2025-12-15T10:54:17.458277Z","level":"warning","event":"The `airflow.decorators.task` attribute is deprecated. Please use `'airflow.sdk.task'`.","category":"DeprecatedImportWarning","filename":"/opt/airflow/dags/dag.py","lineno":2,"logger":"py.warnings"}
{"timestamp":"2025-12-15T10:54:17.458303Z","level":"warning","event":"The `airflow.operators.empty.EmptyOperator` attribute is deprecated. Please use `'airflow.providers.standard.operators.empty.EmptyOperator'`.","category":"DeprecatedImportWarning","filename":"/opt/airflow/dags/dag.py","lineno":3,"logger":"py.warnings"}
{"timestamp":"2025-12-15T10:54:47.850357Z","level":"info","event":"Filling up the DagBag from /opt/airflow/dags/dag.py","logger":"airflow.models.dagbag.DagBag","filename":"dagbag.py","lineno":593}
{"timestamp":"2025-12-15T10:54:47.888075Z","level":"warning","event":"The `airflow.decorators.dag` attribute is deprecated. Please use `'airflow.sdk.dag'`.","category":"DeprecatedImportWarning","filename":"/opt/airflow/dags/dag.py","lineno":1,"logger":"py.warnings"}
{"timestamp":"2025-12-15T10:54:47.888250Z","level":"warning","event":"The `airflow.decorators.task` attribute is deprecated. Please use `'airflow.sdk.task'`.","category":"DeprecatedImportWarning","filename":"/opt/airflow/dags/dag.py","lineno":2,"logger":"py.warnings"}
{"timestamp":"2025-12-15T10:54:47.888288Z","level":"warning","event":"The `airflow.operators.empty.EmptyOperator` attribute is deprecated. Please use `'airflow.providers.standard.operators.empty.EmptyOperator'`.","category":"DeprecatedImportWarning","filename":"/opt/airflow/dags/dag.py","lineno":3,"logger":"py.warnings"}
{"timestamp":"2025-12-15T10:55:18.285530Z","level":"info","event":"Filling up the DagBag from /opt/airflow/dags/dag.py","logger":"airflow.models.dagbag.DagBag","filename":"dagbag.py","lineno":593}
{"timestamp":"2025-12-15T10:55:18.325783Z","level":"warning","event":"The `airflow.decorators.dag` attribute is deprecated. Please use `'airflow.sdk.dag'`.","category":"DeprecatedImportWarning","filename":"/opt/airflow/dags/dag.py","lineno":1,"logger":"py.warnings"}
{"timestamp":"2025-12-15T10:55:18.325952Z","level":"warning","event":"The `airflow.decorators.task` attribute is deprecated. Please use `'airflow.sdk.task'`.","category":"DeprecatedImportWarning","filename":"/opt/airflow/dags/dag.py","lineno":2,"logger":"py.warnings"}
{"timestamp":"2025-12-15T10:55:18.325997Z","level":"warning","event":"The `airflow.operators.empty.EmptyOperator` attribute is deprecated. Please use `'airflow.providers.standard.operators.empty.EmptyOperator'`.","category":"DeprecatedImportWarning","filename":"/opt/airflow/dags/dag.py","lineno":3,"logger":"py.warnings"}
{"timestamp":"2025-12-15T10:55:48.684459Z","level":"info","event":"Filling up the DagBag from /opt/airflow/dags/dag.py","logger":"airflow.models.dagbag.DagBag","filename":"dagbag.py","lineno":593}
{"timestamp":"2025-12-15T10:55:48.764588Z","level":"warning","event":"The `airflow.decorators.dag` attribute is deprecated. Please use `'airflow.sdk.dag'`.","category":"DeprecatedImportWarning","filename":"/opt/airflow/dags/dag.py","lineno":1,"logger":"py.warnings"}
{"timestamp":"2025-12-15T10:55:48.764836Z","level":"warning","event":"The `airflow.decorators.task` attribute is deprecated. Please use `'airflow.sdk.task'`.","category":"DeprecatedImportWarning","filename":"/opt/airflow/dags/dag.py","lineno":2,"logger":"py.warnings"}
{"timestamp":"2025-12-15T10:55:48.764920Z","level":"warning","event":"The `airflow.operators.empty.EmptyOperator` attribute is deprecated. Please use `'airflow.providers.standard.operators.empty.EmptyOperator'`.","category":"DeprecatedImportWarning","filename":"/opt/airflow/dags/dag.py","lineno":3,"logger":"py.warnings"}
{"timestamp":"2025-12-15T10:56:19.072041Z","level":"info","event":"Filling up the DagBag from /opt/airflow/dags/dag.py","logger":"airflow.models.dagbag.DagBag","filename":"dagbag.py","lineno":593}
{"timestamp":"2025-12-15T10:56:19.123983Z","level":"warning","event":"The `airflow.decorators.dag` attribute is deprecated. Please use `'airflow.sdk.dag'`.","category":"DeprecatedImportWarning","filename":"/opt/airflow/dags/dag.py","lineno":1,"logger":"py.warnings"}
{"timestamp":"2025-12-15T10:56:19.124082Z","level":"warning","event":"The `airflow.decorators.task` attribute is deprecated. Please use `'airflow.sdk.task'`.","category":"DeprecatedImportWarning","filename":"/opt/airflow/dags/dag.py","lineno":2,"logger":"py.warnings"}
{"timestamp":"2025-12-15T10:56:19.124114Z","level":"warning","event":"The `airflow.operators.empty.EmptyOperator` attribute is deprecated. Please use `'airflow.providers.standard.operators.empty.EmptyOperator'`.","category":"DeprecatedImportWarning","filename":"/opt/airflow/dags/dag.py","lineno":3,"logger":"py.warnings"}
{"timestamp":"2025-12-15T10:56:49.494260Z","level":"info","event":"Filling up the DagBag from /opt/airflow/dags/dag.py","logger":"airflow.models.dagbag.DagBag","filename":"dagbag.py","lineno":593}
{"timestamp":"2025-12-15T10:56:49.544697Z","level":"warning","event":"The `airflow.decorators.dag` attribute is deprecated. Please use `'airflow.sdk.dag'`.","category":"DeprecatedImportWarning","filename":"/opt/airflow/dags/dag.py","lineno":1,"logger":"py.warnings"}
{"timestamp":"2025-12-15T10:56:49.544772Z","level":"warning","event":"The `airflow.decorators.task` attribute is deprecated. Please use `'airflow.sdk.task'`.","category":"DeprecatedImportWarning","filename":"/opt/airflow/dags/dag.py","lineno":2,"logger":"py.warnings"}
{"timestamp":"2025-12-15T10:56:49.544795Z","level":"warning","event":"The `airflow.operators.empty.EmptyOperator` attribute is deprecated. Please use `'airflow.providers.standard.operators.empty.EmptyOperator'`.","category":"DeprecatedImportWarning","filename":"/opt/airflow/dags/dag.py","lineno":3,"logger":"py.warnings"}
{"timestamp":"2025-12-15T10:57:19.640257Z","level":"info","event":"Filling up the DagBag from /opt/airflow/dags/dag.py","logger":"airflow.models.dagbag.DagBag","filename":"dagbag.py","lineno":593}
{"timestamp":"2025-12-15T10:57:19.686137Z","level":"warning","event":"The `airflow.decorators.dag` attribute is deprecated. Please use `'airflow.sdk.dag'`.","category":"DeprecatedImportWarning","filename":"/opt/airflow/dags/dag.py","lineno":1,"logger":"py.warnings"}
{"timestamp":"2025-12-15T10:57:19.686945Z","level":"warning","event":"The `airflow.decorators.task` attribute is deprecated. Please use `'airflow.sdk.task'`.","category":"DeprecatedImportWarning","filename":"/opt/airflow/dags/dag.py","lineno":2,"logger":"py.warnings"}
{"timestamp":"2025-12-15T10:57:19.687140Z","level":"warning","event":"The `airflow.operators.empty.EmptyOperator` attribute is deprecated. Please use `'airflow.providers.standard.operators.empty.EmptyOperator'`.","category":"DeprecatedImportWarning","filename":"/opt/airflow/dags/dag.py","lineno":3,"logger":"py.warnings"}
{"timestamp":"2025-12-15T10:57:50.229205Z","level":"info","event":"Filling up the DagBag from /opt/airflow/dags/dag.py","logger":"airflow.models.dagbag.DagBag","filename":"dagbag.py","lineno":593}
{"timestamp":"2025-12-15T10:57:50.265760Z","level":"warning","event":"The `airflow.decorators.dag` attribute is deprecated. Please use `'airflow.sdk.dag'`.","category":"DeprecatedImportWarning","filename":"/opt/airflow/dags/dag.py","lineno":1,"logger":"py.warnings"}
{"timestamp":"2025-12-15T10:57:50.265821Z","level":"warning","event":"The `airflow.decorators.task` attribute is deprecated. Please use `'airflow.sdk.task'`.","category":"DeprecatedImportWarning","filename":"/opt/airflow/dags/dag.py","lineno":2,"logger":"py.warnings"}
{"timestamp":"2025-12-15T10:57:50.265845Z","level":"warning","event":"The `airflow.operators.empty.EmptyOperator` attribute is deprecated. Please use `'airflow.providers.standard.operators.empty.EmptyOperator'`.","category":"DeprecatedImportWarning","filename":"/opt/airflow/dags/dag.py","lineno":3,"logger":"py.warnings"}
{"timestamp":"2025-12-15T10:58:20.644458Z","level":"info","event":"Filling up the DagBag from /opt/airflow/dags/dag.py","logger":"airflow.models.dagbag.DagBag","filename":"dagbag.py","lineno":593}
{"timestamp":"2025-12-15T10:58:20.669046Z","level":"warning","event":"The `airflow.decorators.dag` attribute is deprecated. Please use `'airflow.sdk.dag'`.","category":"DeprecatedImportWarning","filename":"/opt/airflow/dags/dag.py","lineno":1,"logger":"py.warnings"}
{"timestamp":"2025-12-15T10:58:20.669231Z","level":"warning","event":"The `airflow.decorators.task` attribute is deprecated. Please use `'airflow.sdk.task'`.","category":"DeprecatedImportWarning","filename":"/opt/airflow/dags/dag.py","lineno":2,"logger":"py.warnings"}
{"timestamp":"2025-12-15T10:58:20.669270Z","level":"warning","event":"The `airflow.operators.empty.EmptyOperator` attribute is deprecated. Please use `'airflow.providers.standard.operators.empty.EmptyOperator'`.","category":"DeprecatedImportWarning","filename":"/opt/airflow/dags/dag.py","lineno":3,"logger":"py.warnings"}
{"timestamp":"2025-12-15T10:58:51.003442Z","level":"info","event":"Filling up the DagBag from /opt/airflow/dags/dag.py","logger":"airflow.models.dagbag.DagBag","filename":"dagbag.py","lineno":593}
{"timestamp":"2025-12-15T10:58:51.032070Z","level":"warning","event":"The `airflow.decorators.dag` attribute is deprecated. Please use `'airflow.sdk.dag'`.","category":"DeprecatedImportWarning","filename":"/opt/airflow/dags/dag.py","lineno":1,"logger":"py.warnings"}
{"timestamp":"2025-12-15T10:58:51.032136Z","level":"warning","event":"The `airflow.decorators.task` attribute is deprecated. Please use `'airflow.sdk.task'`.","category":"DeprecatedImportWarning","filename":"/opt/airflow/dags/dag.py","lineno":2,"logger":"py.warnings"}
{"timestamp":"2025-12-15T10:58:51.032164Z","level":"warning","event":"The `airflow.operators.empty.EmptyOperator` attribute is deprecated. Please use `'airflow.providers.standard.operators.empty.EmptyOperator'`.","category":"DeprecatedImportWarning","filename":"/opt/airflow/dags/dag.py","lineno":3,"logger":"py.warnings"}
{"timestamp":"2025-12-15T10:59:21.418097Z","level":"info","event":"Filling up the DagBag from /opt/airflow/dags/dag.py","logger":"airflow.models.dagbag.DagBag","filename":"dagbag.py","lineno":593}
{"timestamp":"2025-12-15T10:59:21.446232Z","level":"warning","event":"The `airflow.decorators.dag` attribute is deprecated. Please use `'airflow.sdk.dag'`.","category":"DeprecatedImportWarning","filename":"/opt/airflow/dags/dag.py","lineno":1,"logger":"py.warnings"}
{"timestamp":"2025-12-15T10:59:21.446438Z","level":"warning","event":"The `airflow.decorators.task` attribute is deprecated. Please use `'airflow.sdk.task'`.","category":"DeprecatedImportWarning","filename":"/opt/airflow/dags/dag.py","lineno":2,"logger":"py.warnings"}
{"timestamp":"2025-12-15T10:59:21.446471Z","level":"warning","event":"The `airflow.operators.empty.EmptyOperator` attribute is deprecated. Please use `'airflow.providers.standard.operators.empty.EmptyOperator'`.","category":"DeprecatedImportWarning","filename":"/opt/airflow/dags/dag.py","lineno":3,"logger":"py.warnings"}
{"timestamp":"2025-12-15T10:59:51.750569Z","level":"info","event":"Filling up the DagBag from /opt/airflow/dags/dag.py","logger":"airflow.models.dagbag.DagBag","filename":"dagbag.py","lineno":593}
{"timestamp":"2025-12-15T10:59:51.771992Z","level":"warning","event":"The `airflow.decorators.dag` attribute is deprecated. Please use `'airflow.sdk.dag'`.","category":"DeprecatedImportWarning","filename":"/opt/airflow/dags/dag.py","lineno":1,"logger":"py.warnings"}
{"timestamp":"2025-12-15T10:59:51.772048Z","level":"warning","event":"The `airflow.decorators.task` attribute is deprecated. Please use `'airflow.sdk.task'`.","category":"DeprecatedImportWarning","filename":"/opt/airflow/dags/dag.py","lineno":2,"logger":"py.warnings"}
{"timestamp":"2025-12-15T10:59:51.772070Z","level":"warning","event":"The `airflow.operators.empty.EmptyOperator` attribute is deprecated. Please use `'airflow.providers.standard.operators.empty.EmptyOperator'`.","category":"DeprecatedImportWarning","filename":"/opt/airflow/dags/dag.py","lineno":3,"logger":"py.warnings"}
{"timestamp":"2025-12-15T11:00:22.344305Z","level":"info","event":"Filling up the DagBag from /opt/airflow/dags/dag.py","logger":"airflow.models.dagbag.DagBag","filename":"dagbag.py","lineno":593}
{"timestamp":"2025-12-15T11:00:22.386590Z","level":"warning","event":"The `airflow.decorators.dag` attribute is deprecated. Please use `'airflow.sdk.dag'`.","category":"DeprecatedImportWarning","filename":"/opt/airflow/dags/dag.py","lineno":1,"logger":"py.warnings"}
{"timestamp":"2025-12-15T11:00:22.386654Z","level":"warning","event":"The `airflow.decorators.task` attribute is deprecated. Please use `'airflow.sdk.task'`.","category":"DeprecatedImportWarning","filename":"/opt/airflow/dags/dag.py","lineno":2,"logger":"py.warnings"}
{"timestamp":"2025-12-15T11:00:22.386679Z","level":"warning","event":"The `airflow.operators.empty.EmptyOperator` attribute is deprecated. Please use `'airflow.providers.standard.operators.empty.EmptyOperator'`.","category":"DeprecatedImportWarning","filename":"/opt/airflow/dags/dag.py","lineno":3,"logger":"py.warnings"}
{"timestamp":"2025-12-15T11:00:52.721145Z","level":"info","event":"Filling up the DagBag from /opt/airflow/dags/dag.py","logger":"airflow.models.dagbag.DagBag","filename":"dagbag.py","lineno":593}
{"timestamp":"2025-12-15T11:00:52.763998Z","level":"warning","event":"The `airflow.decorators.dag` attribute is deprecated. Please use `'airflow.sdk.dag'`.","category":"DeprecatedImportWarning","filename":"/opt/airflow/dags/dag.py","lineno":1,"logger":"py.warnings"}
{"timestamp":"2025-12-15T11:00:52.764198Z","level":"warning","event":"The `airflow.decorators.task` attribute is deprecated. Please use `'airflow.sdk.task'`.","category":"DeprecatedImportWarning","filename":"/opt/airflow/dags/dag.py","lineno":2,"logger":"py.warnings"}
{"timestamp":"2025-12-15T11:00:52.764552Z","level":"warning","event":"The `airflow.operators.empty.EmptyOperator` attribute is deprecated. Please use `'airflow.providers.standard.operators.empty.EmptyOperator'`.","category":"DeprecatedImportWarning","filename":"/opt/airflow/dags/dag.py","lineno":3,"logger":"py.warnings"}
{"timestamp":"2025-12-15T11:01:23.137761Z","level":"info","event":"Filling up the DagBag from /opt/airflow/dags/dag.py","logger":"airflow.models.dagbag.DagBag","filename":"dagbag.py","lineno":593}
{"timestamp":"2025-12-15T11:01:23.169446Z","level":"warning","event":"The `airflow.decorators.dag` attribute is deprecated. Please use `'airflow.sdk.dag'`.","category":"DeprecatedImportWarning","filename":"/opt/airflow/dags/dag.py","lineno":1,"logger":"py.warnings"}
{"timestamp":"2025-12-15T11:01:23.169649Z","level":"warning","event":"The `airflow.decorators.task` attribute is deprecated. Please use `'airflow.sdk.task'`.","category":"DeprecatedImportWarning","filename":"/opt/airflow/dags/dag.py","lineno":2,"logger":"py.warnings"}
{"timestamp":"2025-12-15T11:01:23.169683Z","level":"warning","event":"The `airflow.operators.empty.EmptyOperator` attribute is deprecated. Please use `'airflow.providers.standard.operators.empty.EmptyOperator'`.","category":"DeprecatedImportWarning","filename":"/opt/airflow/dags/dag.py","lineno":3,"logger":"py.warnings"}
{"timestamp":"2025-12-15T11:01:53.521570Z","level":"info","event":"Filling up the DagBag from /opt/airflow/dags/dag.py","logger":"airflow.models.dagbag.DagBag","filename":"dagbag.py","lineno":593}
{"timestamp":"2025-12-15T11:01:53.547983Z","level":"warning","event":"The `airflow.decorators.dag` attribute is deprecated. Please use `'airflow.sdk.dag'`.","category":"DeprecatedImportWarning","filename":"/opt/airflow/dags/dag.py","lineno":1,"logger":"py.warnings"}
{"timestamp":"2025-12-15T11:01:53.548043Z","level":"warning","event":"The `airflow.decorators.task` attribute is deprecated. Please use `'airflow.sdk.task'`.","category":"DeprecatedImportWarning","filename":"/opt/airflow/dags/dag.py","lineno":2,"logger":"py.warnings"}
{"timestamp":"2025-12-15T11:01:53.548070Z","level":"warning","event":"The `airflow.operators.empty.EmptyOperator` attribute is deprecated. Please use `'airflow.providers.standard.operators.empty.EmptyOperator'`.","category":"DeprecatedImportWarning","filename":"/opt/airflow/dags/dag.py","lineno":3,"logger":"py.warnings"}
{"timestamp":"2025-12-15T11:02:23.912140Z","level":"info","event":"Filling up the DagBag from /opt/airflow/dags/dag.py","logger":"airflow.models.dagbag.DagBag","filename":"dagbag.py","lineno":593}
{"timestamp":"2025-12-15T11:02:23.942665Z","level":"warning","event":"The `airflow.decorators.dag` attribute is deprecated. Please use `'airflow.sdk.dag'`.","category":"DeprecatedImportWarning","filename":"/opt/airflow/dags/dag.py","lineno":1,"logger":"py.warnings"}
{"timestamp":"2025-12-15T11:02:23.942854Z","level":"warning","event":"The `airflow.decorators.task` attribute is deprecated. Please use `'airflow.sdk.task'`.","category":"DeprecatedImportWarning","filename":"/opt/airflow/dags/dag.py","lineno":2,"logger":"py.warnings"}
{"timestamp":"2025-12-15T11:02:23.943200Z","level":"warning","event":"The `airflow.operators.empty.EmptyOperator` attribute is deprecated. Please use `'airflow.providers.standard.operators.empty.EmptyOperator'`.","category":"DeprecatedImportWarning","filename":"/opt/airflow/dags/dag.py","lineno":3,"logger":"py.warnings"}
{"timestamp":"2025-12-15T11:02:54.282885Z","level":"info","event":"Filling up the DagBag from /opt/airflow/dags/dag.py","logger":"airflow.models.dagbag.DagBag","filename":"dagbag.py","lineno":593}
{"timestamp":"2025-12-15T11:02:54.312575Z","level":"warning","event":"The `airflow.decorators.dag` attribute is deprecated. Please use `'airflow.sdk.dag'`.","category":"DeprecatedImportWarning","filename":"/opt/airflow/dags/dag.py","lineno":1,"logger":"py.warnings"}
{"timestamp":"2025-12-15T11:02:54.312766Z","level":"warning","event":"The `airflow.decorators.task` attribute is deprecated. Please use `'airflow.sdk.task'`.","category":"DeprecatedImportWarning","filename":"/opt/airflow/dags/dag.py","lineno":2,"logger":"py.warnings"}
{"timestamp":"2025-12-15T11:02:54.312809Z","level":"warning","event":"The `airflow.operators.empty.EmptyOperator` attribute is deprecated. Please use `'airflow.providers.standard.operators.empty.EmptyOperator'`.","category":"DeprecatedImportWarning","filename":"/opt/airflow/dags/dag.py","lineno":3,"logger":"py.warnings"}
{"timestamp":"2025-12-15T11:03:24.712924Z","level":"info","event":"Filling up the DagBag from /opt/airflow/dags/dag.py","logger":"airflow.models.dagbag.DagBag","filename":"dagbag.py","lineno":593}
{"timestamp":"2025-12-15T11:03:24.755335Z","level":"warning","event":"The `airflow.decorators.dag` attribute is deprecated. Please use `'airflow.sdk.dag'`.","category":"DeprecatedImportWarning","filename":"/opt/airflow/dags/dag.py","lineno":1,"logger":"py.warnings"}
{"timestamp":"2025-12-15T11:03:24.755506Z","level":"warning","event":"The `airflow.decorators.task` attribute is deprecated. Please use `'airflow.sdk.task'`.","category":"DeprecatedImportWarning","filename":"/opt/airflow/dags/dag.py","lineno":2,"logger":"py.warnings"}
{"timestamp":"2025-12-15T11:03:24.755553Z","level":"warning","event":"The `airflow.operators.empty.EmptyOperator` attribute is deprecated. Please use `'airflow.providers.standard.operators.empty.EmptyOperator'`.","category":"DeprecatedImportWarning","filename":"/opt/airflow/dags/dag.py","lineno":3,"logger":"py.warnings"}
{"timestamp":"2025-12-15T11:03:55.115897Z","level":"info","event":"Filling up the DagBag from /opt/airflow/dags/dag.py","logger":"airflow.models.dagbag.DagBag","filename":"dagbag.py","lineno":593}
{"timestamp":"2025-12-15T11:03:55.147101Z","level":"warning","event":"The `airflow.decorators.dag` attribute is deprecated. Please use `'airflow.sdk.dag'`.","category":"DeprecatedImportWarning","filename":"/opt/airflow/dags/dag.py","lineno":1,"logger":"py.warnings"}
{"timestamp":"2025-12-15T11:03:55.147279Z","level":"warning","event":"The `airflow.decorators.task` attribute is deprecated. Please use `'airflow.sdk.task'`.","category":"DeprecatedImportWarning","filename":"/opt/airflow/dags/dag.py","lineno":2,"logger":"py.warnings"}
{"timestamp":"2025-12-15T11:03:55.147323Z","level":"warning","event":"The `airflow.operators.empty.EmptyOperator` attribute is deprecated. Please use `'airflow.providers.standard.operators.empty.EmptyOperator'`.","category":"DeprecatedImportWarning","filename":"/opt/airflow/dags/dag.py","lineno":3,"logger":"py.warnings"}
{"timestamp":"2025-12-15T11:04:25.514093Z","level":"info","event":"Filling up the DagBag from /opt/airflow/dags/dag.py","logger":"airflow.models.dagbag.DagBag","filename":"dagbag.py","lineno":593}
{"timestamp":"2025-12-15T11:04:25.546001Z","level":"warning","event":"The `airflow.decorators.dag` attribute is deprecated. Please use `'airflow.sdk.dag'`.","category":"DeprecatedImportWarning","filename":"/opt/airflow/dags/dag.py","lineno":1,"logger":"py.warnings"}
{"timestamp":"2025-12-15T11:04:25.546182Z","level":"warning","event":"The `airflow.decorators.task` attribute is deprecated. Please use `'airflow.sdk.task'`.","category":"DeprecatedImportWarning","filename":"/opt/airflow/dags/dag.py","lineno":2,"logger":"py.warnings"}
{"timestamp":"2025-12-15T11:04:25.546227Z","level":"warning","event":"The `airflow.operators.empty.EmptyOperator` attribute is deprecated. Please use `'airflow.providers.standard.operators.empty.EmptyOperator'`.","category":"DeprecatedImportWarning","filename":"/opt/airflow/dags/dag.py","lineno":3,"logger":"py.warnings"}
{"timestamp":"2025-12-15T11:04:55.898380Z","level":"info","event":"Filling up the DagBag from /opt/airflow/dags/dag.py","logger":"airflow.models.dagbag.DagBag","filename":"dagbag.py","lineno":593}
{"timestamp":"2025-12-15T11:04:55.925033Z","level":"warning","event":"The `airflow.decorators.dag` attribute is deprecated. Please use `'airflow.sdk.dag'`.","category":"DeprecatedImportWarning","filename":"/opt/airflow/dags/dag.py","lineno":1,"logger":"py.warnings"}
{"timestamp":"2025-12-15T11:04:55.925218Z","level":"warning","event":"The `airflow.decorators.task` attribute is deprecated. Please use `'airflow.sdk.task'`.","category":"DeprecatedImportWarning","filename":"/opt/airflow/dags/dag.py","lineno":2,"logger":"py.warnings"}
{"timestamp":"2025-12-15T11:04:55.925548Z","level":"warning","event":"The `airflow.operators.empty.EmptyOperator` attribute is deprecated. Please use `'airflow.providers.standard.operators.empty.EmptyOperator'`.","category":"DeprecatedImportWarning","filename":"/opt/airflow/dags/dag.py","lineno":3,"logger":"py.warnings"}
{"timestamp":"2025-12-15T11:17:03.285166Z","level":"info","event":"Filling up the DagBag from /opt/airflow/dags/dag.py","logger":"airflow.models.dagbag.DagBag","filename":"dagbag.py","lineno":593}
{"timestamp":"2025-12-15T11:17:03.329399Z","level":"warning","event":"The `airflow.decorators.dag` attribute is deprecated. Please use `'airflow.sdk.dag'`.","category":"DeprecatedImportWarning","filename":"/opt/airflow/dags/dag.py","lineno":1,"logger":"py.warnings"}
{"timestamp":"2025-12-15T11:17:03.329467Z","level":"warning","event":"The `airflow.decorators.task` attribute is deprecated. Please use `'airflow.sdk.task'`.","category":"DeprecatedImportWarning","filename":"/opt/airflow/dags/dag.py","lineno":2,"logger":"py.warnings"}
{"timestamp":"2025-12-15T11:17:03.329498Z","level":"warning","event":"The `airflow.operators.empty.EmptyOperator` attribute is deprecated. Please use `'airflow.providers.standard.operators.empty.EmptyOperator'`.","category":"DeprecatedImportWarning","filename":"/opt/airflow/dags/dag.py","lineno":3,"logger":"py.warnings"}
{"timestamp":"2025-12-15T11:17:33.692325Z","level":"info","event":"Filling up the DagBag from /opt/airflow/dags/dag.py","logger":"airflow.models.dagbag.DagBag","filename":"dagbag.py","lineno":593}
{"timestamp":"2025-12-15T11:17:33.720885Z","level":"warning","event":"The `airflow.decorators.dag` attribute is deprecated. Please use `'airflow.sdk.dag'`.","category":"DeprecatedImportWarning","filename":"/opt/airflow/dags/dag.py","lineno":1,"logger":"py.warnings"}
{"timestamp":"2025-12-15T11:17:33.720952Z","level":"warning","event":"The `airflow.decorators.task` attribute is deprecated. Please use `'airflow.sdk.task'`.","category":"DeprecatedImportWarning","filename":"/opt/airflow/dags/dag.py","lineno":2,"logger":"py.warnings"}
{"timestamp":"2025-12-15T11:17:33.720980Z","level":"warning","event":"The `airflow.operators.empty.EmptyOperator` attribute is deprecated. Please use `'airflow.providers.standard.operators.empty.EmptyOperator'`.","category":"DeprecatedImportWarning","filename":"/opt/airflow/dags/dag.py","lineno":3,"logger":"py.warnings"}
{"timestamp":"2025-12-15T11:18:04.064830Z","level":"info","event":"Filling up the DagBag from /opt/airflow/dags/dag.py","logger":"airflow.models.dagbag.DagBag","filename":"dagbag.py","lineno":593}
{"timestamp":"2025-12-15T11:18:04.097086Z","level":"warning","event":"The `airflow.decorators.dag` attribute is deprecated. Please use `'airflow.sdk.dag'`.","category":"DeprecatedImportWarning","filename":"/opt/airflow/dags/dag.py","lineno":1,"logger":"py.warnings"}
{"timestamp":"2025-12-15T11:18:04.097278Z","level":"warning","event":"The `airflow.decorators.task` attribute is deprecated. Please use `'airflow.sdk.task'`.","category":"DeprecatedImportWarning","filename":"/opt/airflow/dags/dag.py","lineno":2,"logger":"py.warnings"}
{"timestamp":"2025-12-15T11:18:04.097312Z","level":"warning","event":"The `airflow.operators.empty.EmptyOperator` attribute is deprecated. Please use `'airflow.providers.standard.operators.empty.EmptyOperator'`.","category":"DeprecatedImportWarning","filename":"/opt/airflow/dags/dag.py","lineno":3,"logger":"py.warnings"}
{"timestamp":"2025-12-15T11:18:34.401290Z","level":"info","event":"Filling up the DagBag from /opt/airflow/dags/dag.py","logger":"airflow.models.dagbag.DagBag","filename":"dagbag.py","lineno":593}
{"timestamp":"2025-12-15T11:18:34.424543Z","level":"warning","event":"The `airflow.decorators.dag` attribute is deprecated. Please use `'airflow.sdk.dag'`.","category":"DeprecatedImportWarning","filename":"/opt/airflow/dags/dag.py","lineno":1,"logger":"py.warnings"}
{"timestamp":"2025-12-15T11:18:34.424614Z","level":"warning","event":"The `airflow.decorators.task` attribute is deprecated. Please use `'airflow.sdk.task'`.","category":"DeprecatedImportWarning","filename":"/opt/airflow/dags/dag.py","lineno":2,"logger":"py.warnings"}
{"timestamp":"2025-12-15T11:18:34.424639Z","level":"warning","event":"The `airflow.operators.empty.EmptyOperator` attribute is deprecated. Please use `'airflow.providers.standard.operators.empty.EmptyOperator'`.","category":"DeprecatedImportWarning","filename":"/opt/airflow/dags/dag.py","lineno":3,"logger":"py.warnings"}
{"timestamp":"2025-12-15T11:19:04.776612Z","level":"info","event":"Filling up the DagBag from /opt/airflow/dags/dag.py","logger":"airflow.models.dagbag.DagBag","filename":"dagbag.py","lineno":593}
{"timestamp":"2025-12-15T11:19:04.808107Z","level":"warning","event":"The `airflow.decorators.dag` attribute is deprecated. Please use `'airflow.sdk.dag'`.","category":"DeprecatedImportWarning","filename":"/opt/airflow/dags/dag.py","lineno":1,"logger":"py.warnings"}
{"timestamp":"2025-12-15T11:19:04.808298Z","level":"warning","event":"The `airflow.decorators.task` attribute is deprecated. Please use `'airflow.sdk.task'`.","category":"DeprecatedImportWarning","filename":"/opt/airflow/dags/dag.py","lineno":2,"logger":"py.warnings"}
{"timestamp":"2025-12-15T11:19:04.808331Z","level":"warning","event":"The `airflow.operators.empty.EmptyOperator` attribute is deprecated. Please use `'airflow.providers.standard.operators.empty.EmptyOperator'`.","category":"DeprecatedImportWarning","filename":"/opt/airflow/dags/dag.py","lineno":3,"logger":"py.warnings"}
{"timestamp":"2025-12-15T11:19:35.176685Z","level":"info","event":"Filling up the DagBag from /opt/airflow/dags/dag.py","logger":"airflow.models.dagbag.DagBag","filename":"dagbag.py","lineno":593}
{"timestamp":"2025-12-15T11:19:35.213104Z","level":"warning","event":"The `airflow.decorators.dag` attribute is deprecated. Please use `'airflow.sdk.dag'`.","category":"DeprecatedImportWarning","filename":"/opt/airflow/dags/dag.py","lineno":1,"logger":"py.warnings"}
{"timestamp":"2025-12-15T11:19:35.213171Z","level":"warning","event":"The `airflow.decorators.task` attribute is deprecated. Please use `'airflow.sdk.task'`.","category":"DeprecatedImportWarning","filename":"/opt/airflow/dags/dag.py","lineno":2,"logger":"py.warnings"}
{"timestamp":"2025-12-15T11:19:35.213196Z","level":"warning","event":"The `airflow.operators.empty.EmptyOperator` attribute is deprecated. Please use `'airflow.providers.standard.operators.empty.EmptyOperator'`.","category":"DeprecatedImportWarning","filename":"/opt/airflow/dags/dag.py","lineno":3,"logger":"py.warnings"}
{"timestamp":"2025-12-15T11:20:05.620969Z","level":"info","event":"Filling up the DagBag from /opt/airflow/dags/dag.py","logger":"airflow.models.dagbag.DagBag","filename":"dagbag.py","lineno":593}
{"timestamp":"2025-12-15T11:20:05.652705Z","level":"warning","event":"The `airflow.decorators.dag` attribute is deprecated. Please use `'airflow.sdk.dag'`.","category":"DeprecatedImportWarning","filename":"/opt/airflow/dags/dag.py","lineno":1,"logger":"py.warnings"}
{"timestamp":"2025-12-15T11:20:05.653220Z","level":"warning","event":"The `airflow.decorators.task` attribute is deprecated. Please use `'airflow.sdk.task'`.","category":"DeprecatedImportWarning","filename":"/opt/airflow/dags/dag.py","lineno":2,"logger":"py.warnings"}
{"timestamp":"2025-12-15T11:20:05.653261Z","level":"warning","event":"The `airflow.operators.empty.EmptyOperator` attribute is deprecated. Please use `'airflow.providers.standard.operators.empty.EmptyOperator'`.","category":"DeprecatedImportWarning","filename":"/opt/airflow/dags/dag.py","lineno":3,"logger":"py.warnings"}
{"timestamp":"2025-12-15T11:20:35.997775Z","level":"info","event":"Filling up the DagBag from /opt/airflow/dags/dag.py","logger":"airflow.models.dagbag.DagBag","filename":"dagbag.py","lineno":593}
{"timestamp":"2025-12-15T11:20:36.023696Z","level":"warning","event":"The `airflow.decorators.dag` attribute is deprecated. Please use `'airflow.sdk.dag'`.","category":"DeprecatedImportWarning","filename":"/opt/airflow/dags/dag.py","lineno":1,"logger":"py.warnings"}
{"timestamp":"2025-12-15T11:20:36.023771Z","level":"warning","event":"The `airflow.decorators.task` attribute is deprecated. Please use `'airflow.sdk.task'`.","category":"DeprecatedImportWarning","filename":"/opt/airflow/dags/dag.py","lineno":2,"logger":"py.warnings"}
{"timestamp":"2025-12-15T11:20:36.023800Z","level":"warning","event":"The `airflow.operators.empty.EmptyOperator` attribute is deprecated. Please use `'airflow.providers.standard.operators.empty.EmptyOperator'`.","category":"DeprecatedImportWarning","filename":"/opt/airflow/dags/dag.py","lineno":3,"logger":"py.warnings"}
{"timestamp":"2025-12-15T11:21:06.367813Z","level":"info","event":"Filling up the DagBag from /opt/airflow/dags/dag.py","logger":"airflow.models.dagbag.DagBag","filename":"dagbag.py","lineno":593}
{"timestamp":"2025-12-15T11:21:06.400053Z","level":"warning","event":"The `airflow.decorators.dag` attribute is deprecated. Please use `'airflow.sdk.dag'`.","category":"DeprecatedImportWarning","filename":"/opt/airflow/dags/dag.py","lineno":1,"logger":"py.warnings"}
{"timestamp":"2025-12-15T11:21:06.400114Z","level":"warning","event":"The `airflow.decorators.task` attribute is deprecated. Please use `'airflow.sdk.task'`.","category":"DeprecatedImportWarning","filename":"/opt/airflow/dags/dag.py","lineno":2,"logger":"py.warnings"}
{"timestamp":"2025-12-15T11:21:06.400140Z","level":"warning","event":"The `airflow.operators.empty.EmptyOperator` attribute is deprecated. Please use `'airflow.providers.standard.operators.empty.EmptyOperator'`.","category":"DeprecatedImportWarning","filename":"/opt/airflow/dags/dag.py","lineno":3,"logger":"py.warnings"}
{"timestamp":"2025-12-15T11:21:36.776456Z","level":"info","event":"Filling up the DagBag from /opt/airflow/dags/dag.py","logger":"airflow.models.dagbag.DagBag","filename":"dagbag.py","lineno":593}
{"timestamp":"2025-12-15T11:21:36.800775Z","level":"warning","event":"The `airflow.decorators.dag` attribute is deprecated. Please use `'airflow.sdk.dag'`.","category":"DeprecatedImportWarning","filename":"/opt/airflow/dags/dag.py","lineno":1,"logger":"py.warnings"}
{"timestamp":"2025-12-15T11:21:36.800960Z","level":"warning","event":"The `airflow.decorators.task` attribute is deprecated. Please use `'airflow.sdk.task'`.","category":"DeprecatedImportWarning","filename":"/opt/airflow/dags/dag.py","lineno":2,"logger":"py.warnings"}
{"timestamp":"2025-12-15T11:21:36.801004Z","level":"warning","event":"The `airflow.operators.empty.EmptyOperator` attribute is deprecated. Please use `'airflow.providers.standard.operators.empty.EmptyOperator'`.","category":"DeprecatedImportWarning","filename":"/opt/airflow/dags/dag.py","lineno":3,"logger":"py.warnings"}
{"timestamp":"2025-12-15T11:22:07.167532Z","level":"info","event":"Filling up the DagBag from /opt/airflow/dags/dag.py","logger":"airflow.models.dagbag.DagBag","filename":"dagbag.py","lineno":593}
{"timestamp":"2025-12-15T11:22:07.196181Z","level":"warning","event":"The `airflow.decorators.dag` attribute is deprecated. Please use `'airflow.sdk.dag'`.","category":"DeprecatedImportWarning","filename":"/opt/airflow/dags/dag.py","lineno":1,"logger":"py.warnings"}
{"timestamp":"2025-12-15T11:22:07.196240Z","level":"warning","event":"The `airflow.decorators.task` attribute is deprecated. Please use `'airflow.sdk.task'`.","category":"DeprecatedImportWarning","filename":"/opt/airflow/dags/dag.py","lineno":2,"logger":"py.warnings"}
{"timestamp":"2025-12-15T11:22:07.196268Z","level":"warning","event":"The `airflow.operators.empty.EmptyOperator` attribute is deprecated. Please use `'airflow.providers.standard.operators.empty.EmptyOperator'`.","category":"DeprecatedImportWarning","filename":"/opt/airflow/dags/dag.py","lineno":3,"logger":"py.warnings"}
{"timestamp":"2025-12-15T11:22:37.590819Z","level":"info","event":"Filling up the DagBag from /opt/airflow/dags/dag.py","logger":"airflow.models.dagbag.DagBag","filename":"dagbag.py","lineno":593}
{"timestamp":"2025-12-15T11:22:37.621413Z","level":"warning","event":"The `airflow.decorators.dag` attribute is deprecated. Please use `'airflow.sdk.dag'`.","category":"DeprecatedImportWarning","filename":"/opt/airflow/dags/dag.py","lineno":1,"logger":"py.warnings"}
{"timestamp":"2025-12-15T11:22:37.621623Z","level":"warning","event":"The `airflow.decorators.task` attribute is deprecated. Please use `'airflow.sdk.task'`.","category":"DeprecatedImportWarning","filename":"/opt/airflow/dags/dag.py","lineno":2,"logger":"py.warnings"}
{"timestamp":"2025-12-15T11:22:37.621653Z","level":"warning","event":"The `airflow.operators.empty.EmptyOperator` attribute is deprecated. Please use `'airflow.providers.standard.operators.empty.EmptyOperator'`.","category":"DeprecatedImportWarning","filename":"/opt/airflow/dags/dag.py","lineno":3,"logger":"py.warnings"}
{"timestamp":"2025-12-15T11:23:07.997643Z","level":"info","event":"Filling up the DagBag from /opt/airflow/dags/dag.py","logger":"airflow.models.dagbag.DagBag","filename":"dagbag.py","lineno":593}
{"timestamp":"2025-12-15T11:23:08.057568Z","level":"warning","event":"The `airflow.decorators.dag` attribute is deprecated. Please use `'airflow.sdk.dag'`.","category":"DeprecatedImportWarning","filename":"/opt/airflow/dags/dag.py","lineno":1,"logger":"py.warnings"}
{"timestamp":"2025-12-15T11:23:08.057779Z","level":"warning","event":"The `airflow.decorators.task` attribute is deprecated. Please use `'airflow.sdk.task'`.","category":"DeprecatedImportWarning","filename":"/opt/airflow/dags/dag.py","lineno":2,"logger":"py.warnings"}
{"timestamp":"2025-12-15T11:23:08.058171Z","level":"warning","event":"The `airflow.operators.empty.EmptyOperator` attribute is deprecated. Please use `'airflow.providers.standard.operators.empty.EmptyOperator'`.","category":"DeprecatedImportWarning","filename":"/opt/airflow/dags/dag.py","lineno":3,"logger":"py.warnings"}
{"timestamp":"2025-12-15T11:23:38.430560Z","level":"info","event":"Filling up the DagBag from /opt/airflow/dags/dag.py","logger":"airflow.models.dagbag.DagBag","filename":"dagbag.py","lineno":593}
{"timestamp":"2025-12-15T11:23:38.461145Z","level":"warning","event":"The `airflow.decorators.dag` attribute is deprecated. Please use `'airflow.sdk.dag'`.","category":"DeprecatedImportWarning","filename":"/opt/airflow/dags/dag.py","lineno":1,"logger":"py.warnings"}
{"timestamp":"2025-12-15T11:23:38.461333Z","level":"warning","event":"The `airflow.decorators.task` attribute is deprecated. Please use `'airflow.sdk.task'`.","category":"DeprecatedImportWarning","filename":"/opt/airflow/dags/dag.py","lineno":2,"logger":"py.warnings"}
{"timestamp":"2025-12-15T11:23:38.461667Z","level":"warning","event":"The `airflow.operators.empty.EmptyOperator` attribute is deprecated. Please use `'airflow.providers.standard.operators.empty.EmptyOperator'`.","category":"DeprecatedImportWarning","filename":"/opt/airflow/dags/dag.py","lineno":3,"logger":"py.warnings"}
{"timestamp":"2025-12-15T11:24:08.812650Z","level":"info","event":"Filling up the DagBag from /opt/airflow/dags/dag.py","logger":"airflow.models.dagbag.DagBag","filename":"dagbag.py","lineno":593}
{"timestamp":"2025-12-15T11:24:08.842155Z","level":"warning","event":"The `airflow.decorators.dag` attribute is deprecated. Please use `'airflow.sdk.dag'`.","category":"DeprecatedImportWarning","filename":"/opt/airflow/dags/dag.py","lineno":1,"logger":"py.warnings"}
{"timestamp":"2025-12-15T11:24:08.842216Z","level":"warning","event":"The `airflow.decorators.task` attribute is deprecated. Please use `'airflow.sdk.task'`.","category":"DeprecatedImportWarning","filename":"/opt/airflow/dags/dag.py","lineno":2,"logger":"py.warnings"}
{"timestamp":"2025-12-15T11:24:08.842243Z","level":"warning","event":"The `airflow.operators.empty.EmptyOperator` attribute is deprecated. Please use `'airflow.providers.standard.operators.empty.EmptyOperator'`.","category":"DeprecatedImportWarning","filename":"/opt/airflow/dags/dag.py","lineno":3,"logger":"py.warnings"}
{"timestamp":"2025-12-15T11:24:39.181937Z","level":"info","event":"Filling up the DagBag from /opt/airflow/dags/dag.py","logger":"airflow.models.dagbag.DagBag","filename":"dagbag.py","lineno":593}
{"timestamp":"2025-12-15T11:24:39.212155Z","level":"warning","event":"The `airflow.decorators.dag` attribute is deprecated. Please use `'airflow.sdk.dag'`.","category":"DeprecatedImportWarning","filename":"/opt/airflow/dags/dag.py","lineno":1,"logger":"py.warnings"}
{"timestamp":"2025-12-15T11:24:39.212339Z","level":"warning","event":"The `airflow.decorators.task` attribute is deprecated. Please use `'airflow.sdk.task'`.","category":"DeprecatedImportWarning","filename":"/opt/airflow/dags/dag.py","lineno":2,"logger":"py.warnings"}
{"timestamp":"2025-12-15T11:24:39.212390Z","level":"warning","event":"The `airflow.operators.empty.EmptyOperator` attribute is deprecated. Please use `'airflow.providers.standard.operators.empty.EmptyOperator'`.","category":"DeprecatedImportWarning","filename":"/opt/airflow/dags/dag.py","lineno":3,"logger":"py.warnings"}
{"timestamp":"2025-12-15T11:25:09.599865Z","level":"info","event":"Filling up the DagBag from /opt/airflow/dags/dag.py","logger":"airflow.models.dagbag.DagBag","filename":"dagbag.py","lineno":593}
{"timestamp":"2025-12-15T11:25:09.627306Z","level":"warning","event":"The `airflow.decorators.dag` attribute is deprecated. Please use `'airflow.sdk.dag'`.","category":"DeprecatedImportWarning","filename":"/opt/airflow/dags/dag.py","lineno":1,"logger":"py.warnings"}
{"timestamp":"2025-12-15T11:25:09.627366Z","level":"warning","event":"The `airflow.decorators.task` attribute is deprecated. Please use `'airflow.sdk.task'`.","category":"DeprecatedImportWarning","filename":"/opt/airflow/dags/dag.py","lineno":2,"logger":"py.warnings"}
{"timestamp":"2025-12-15T11:25:09.627393Z","level":"warning","event":"The `airflow.operators.empty.EmptyOperator` attribute is deprecated. Please use `'airflow.providers.standard.operators.empty.EmptyOperator'`.","category":"DeprecatedImportWarning","filename":"/opt/airflow/dags/dag.py","lineno":3,"logger":"py.warnings"}
{"timestamp":"2025-12-15T11:25:39.938444Z","level":"info","event":"Filling up the DagBag from /opt/airflow/dags/dag.py","logger":"airflow.models.dagbag.DagBag","filename":"dagbag.py","lineno":593}
{"timestamp":"2025-12-15T11:25:39.961092Z","level":"warning","event":"The `airflow.decorators.dag` attribute is deprecated. Please use `'airflow.sdk.dag'`.","category":"DeprecatedImportWarning","filename":"/opt/airflow/dags/dag.py","lineno":1,"logger":"py.warnings"}
{"timestamp":"2025-12-15T11:25:39.961290Z","level":"warning","event":"The `airflow.decorators.task` attribute is deprecated. Please use `'airflow.sdk.task'`.","category":"DeprecatedImportWarning","filename":"/opt/airflow/dags/dag.py","lineno":2,"logger":"py.warnings"}
{"timestamp":"2025-12-15T11:25:39.961333Z","level":"warning","event":"The `airflow.operators.empty.EmptyOperator` attribute is deprecated. Please use `'airflow.providers.standard.operators.empty.EmptyOperator'`.","category":"DeprecatedImportWarning","filename":"/opt/airflow/dags/dag.py","lineno":3,"logger":"py.warnings"}
{"timestamp":"2025-12-15T11:26:10.273176Z","level":"info","event":"Filling up the DagBag from /opt/airflow/dags/dag.py","logger":"airflow.models.dagbag.DagBag","filename":"dagbag.py","lineno":593}
{"timestamp":"2025-12-15T11:26:10.295044Z","level":"warning","event":"The `airflow.decorators.dag` attribute is deprecated. Please use `'airflow.sdk.dag'`.","category":"DeprecatedImportWarning","filename":"/opt/airflow/dags/dag.py","lineno":1,"logger":"py.warnings"}
{"timestamp":"2025-12-15T11:26:10.295227Z","level":"warning","event":"The `airflow.decorators.task` attribute is deprecated. Please use `'airflow.sdk.task'`.","category":"DeprecatedImportWarning","filename":"/opt/airflow/dags/dag.py","lineno":2,"logger":"py.warnings"}
{"timestamp":"2025-12-15T11:26:10.295255Z","level":"warning","event":"The `airflow.operators.empty.EmptyOperator` attribute is deprecated. Please use `'airflow.providers.standard.operators.empty.EmptyOperator'`.","category":"DeprecatedImportWarning","filename":"/opt/airflow/dags/dag.py","lineno":3,"logger":"py.warnings"}
{"timestamp":"2025-12-15T11:26:40.692301Z","level":"info","event":"Filling up the DagBag from /opt/airflow/dags/dag.py","logger":"airflow.models.dagbag.DagBag","filename":"dagbag.py","lineno":593}
{"timestamp":"2025-12-15T11:26:40.731728Z","level":"warning","event":"The `airflow.decorators.dag` attribute is deprecated. Please use `'airflow.sdk.dag'`.","category":"DeprecatedImportWarning","filename":"/opt/airflow/dags/dag.py","lineno":1,"logger":"py.warnings"}
{"timestamp":"2025-12-15T11:26:40.731782Z","level":"warning","event":"The `airflow.decorators.task` attribute is deprecated. Please use `'airflow.sdk.task'`.","category":"DeprecatedImportWarning","filename":"/opt/airflow/dags/dag.py","lineno":2,"logger":"py.warnings"}
{"timestamp":"2025-12-15T11:26:40.731808Z","level":"warning","event":"The `airflow.operators.empty.EmptyOperator` attribute is deprecated. Please use `'airflow.providers.standard.operators.empty.EmptyOperator'`.","category":"DeprecatedImportWarning","filename":"/opt/airflow/dags/dag.py","lineno":3,"logger":"py.warnings"}
{"timestamp":"2025-12-15T11:27:11.012400Z","level":"info","event":"Filling up the DagBag from /opt/airflow/dags/dag.py","logger":"airflow.models.dagbag.DagBag","filename":"dagbag.py","lineno":593}
{"timestamp":"2025-12-15T11:27:11.037440Z","level":"warning","event":"The `airflow.decorators.dag` attribute is deprecated. Please use `'airflow.sdk.dag'`.","category":"DeprecatedImportWarning","filename":"/opt/airflow/dags/dag.py","lineno":1,"logger":"py.warnings"}
{"timestamp":"2025-12-15T11:27:11.037498Z","level":"warning","event":"The `airflow.decorators.task` attribute is deprecated. Please use `'airflow.sdk.task'`.","category":"DeprecatedImportWarning","filename":"/opt/airflow/dags/dag.py","lineno":2,"logger":"py.warnings"}
{"timestamp":"2025-12-15T11:27:11.037527Z","level":"warning","event":"The `airflow.operators.empty.EmptyOperator` attribute is deprecated. Please use `'airflow.providers.standard.operators.empty.EmptyOperator'`.","category":"DeprecatedImportWarning","filename":"/opt/airflow/dags/dag.py","lineno":3,"logger":"py.warnings"}
{"timestamp":"2025-12-15T11:27:41.357700Z","level":"info","event":"Filling up the DagBag from /opt/airflow/dags/dag.py","logger":"airflow.models.dagbag.DagBag","filename":"dagbag.py","lineno":593}
{"timestamp":"2025-12-15T11:27:41.387090Z","level":"warning","event":"The `airflow.decorators.dag` attribute is deprecated. Please use `'airflow.sdk.dag'`.","category":"DeprecatedImportWarning","filename":"/opt/airflow/dags/dag.py","lineno":1,"logger":"py.warnings"}
{"timestamp":"2025-12-15T11:27:41.387275Z","level":"warning","event":"The `airflow.decorators.task` attribute is deprecated. Please use `'airflow.sdk.task'`.","category":"DeprecatedImportWarning","filename":"/opt/airflow/dags/dag.py","lineno":2,"logger":"py.warnings"}
{"timestamp":"2025-12-15T11:27:41.387322Z","level":"warning","event":"The `airflow.operators.empty.EmptyOperator` attribute is deprecated. Please use `'airflow.providers.standard.operators.empty.EmptyOperator'`.","category":"DeprecatedImportWarning","filename":"/opt/airflow/dags/dag.py","lineno":3,"logger":"py.warnings"}
{"timestamp":"2025-12-15T11:28:11.739177Z","level":"info","event":"Filling up the DagBag from /opt/airflow/dags/dag.py","logger":"airflow.models.dagbag.DagBag","filename":"dagbag.py","lineno":593}
{"timestamp":"2025-12-15T11:28:11.767363Z","level":"warning","event":"The `airflow.decorators.dag` attribute is deprecated. Please use `'airflow.sdk.dag'`.","category":"DeprecatedImportWarning","filename":"/opt/airflow/dags/dag.py","lineno":1,"logger":"py.warnings"}
{"timestamp":"2025-12-15T11:28:11.767560Z","level":"warning","event":"The `airflow.decorators.task` attribute is deprecated. Please use `'airflow.sdk.task'`.","category":"DeprecatedImportWarning","filename":"/opt/airflow/dags/dag.py","lineno":2,"logger":"py.warnings"}
{"timestamp":"2025-12-15T11:28:11.767903Z","level":"warning","event":"The `airflow.operators.empty.EmptyOperator` attribute is deprecated. Please use `'airflow.providers.standard.operators.empty.EmptyOperator'`.","category":"DeprecatedImportWarning","filename":"/opt/airflow/dags/dag.py","lineno":3,"logger":"py.warnings"}
{"timestamp":"2025-12-15T11:28:42.121060Z","level":"info","event":"Filling up the DagBag from /opt/airflow/dags/dag.py","logger":"airflow.models.dagbag.DagBag","filename":"dagbag.py","lineno":593}
{"timestamp":"2025-12-15T11:28:42.151478Z","level":"warning","event":"The `airflow.decorators.dag` attribute is deprecated. Please use `'airflow.sdk.dag'`.","category":"DeprecatedImportWarning","filename":"/opt/airflow/dags/dag.py","lineno":1,"logger":"py.warnings"}
{"timestamp":"2025-12-15T11:28:42.151540Z","level":"warning","event":"The `airflow.decorators.task` attribute is deprecated. Please use `'airflow.sdk.task'`.","category":"DeprecatedImportWarning","filename":"/opt/airflow/dags/dag.py","lineno":2,"logger":"py.warnings"}
{"timestamp":"2025-12-15T11:28:42.151568Z","level":"warning","event":"The `airflow.operators.empty.EmptyOperator` attribute is deprecated. Please use `'airflow.providers.standard.operators.empty.EmptyOperator'`.","category":"DeprecatedImportWarning","filename":"/opt/airflow/dags/dag.py","lineno":3,"logger":"py.warnings"}
{"timestamp":"2025-12-15T11:29:12.457263Z","level":"info","event":"Filling up the DagBag from /opt/airflow/dags/dag.py","logger":"airflow.models.dagbag.DagBag","filename":"dagbag.py","lineno":593}
{"timestamp":"2025-12-15T11:29:12.489144Z","level":"warning","event":"The `airflow.decorators.dag` attribute is deprecated. Please use `'airflow.sdk.dag'`.","category":"DeprecatedImportWarning","filename":"/opt/airflow/dags/dag.py","lineno":1,"logger":"py.warnings"}
{"timestamp":"2025-12-15T11:29:12.489333Z","level":"warning","event":"The `airflow.decorators.task` attribute is deprecated. Please use `'airflow.sdk.task'`.","category":"DeprecatedImportWarning","filename":"/opt/airflow/dags/dag.py","lineno":2,"logger":"py.warnings"}
{"timestamp":"2025-12-15T11:29:12.489385Z","level":"warning","event":"The `airflow.operators.empty.EmptyOperator` attribute is deprecated. Please use `'airflow.providers.standard.operators.empty.EmptyOperator'`.","category":"DeprecatedImportWarning","filename":"/opt/airflow/dags/dag.py","lineno":3,"logger":"py.warnings"}
{"timestamp":"2025-12-15T11:29:42.799049Z","level":"info","event":"Filling up the DagBag from /opt/airflow/dags/dag.py","logger":"airflow.models.dagbag.DagBag","filename":"dagbag.py","lineno":593}
{"timestamp":"2025-12-15T11:29:42.822459Z","level":"warning","event":"The `airflow.decorators.dag` attribute is deprecated. Please use `'airflow.sdk.dag'`.","category":"DeprecatedImportWarning","filename":"/opt/airflow/dags/dag.py","lineno":1,"logger":"py.warnings"}
{"timestamp":"2025-12-15T11:29:42.822518Z","level":"warning","event":"The `airflow.decorators.task` attribute is deprecated. Please use `'airflow.sdk.task'`.","category":"DeprecatedImportWarning","filename":"/opt/airflow/dags/dag.py","lineno":2,"logger":"py.warnings"}
{"timestamp":"2025-12-15T11:29:42.822545Z","level":"warning","event":"The `airflow.operators.empty.EmptyOperator` attribute is deprecated. Please use `'airflow.providers.standard.operators.empty.EmptyOperator'`.","category":"DeprecatedImportWarning","filename":"/opt/airflow/dags/dag.py","lineno":3,"logger":"py.warnings"}
{"timestamp":"2025-12-15T11:30:13.156330Z","level":"info","event":"Filling up the DagBag from /opt/airflow/dags/dag.py","logger":"airflow.models.dagbag.DagBag","filename":"dagbag.py","lineno":593}
{"timestamp":"2025-12-15T11:30:13.180266Z","level":"warning","event":"The `airflow.decorators.dag` attribute is deprecated. Please use `'airflow.sdk.dag'`.","category":"DeprecatedImportWarning","filename":"/opt/airflow/dags/dag.py","lineno":1,"logger":"py.warnings"}
{"timestamp":"2025-12-15T11:30:13.180337Z","level":"warning","event":"The `airflow.decorators.task` attribute is deprecated. Please use `'airflow.sdk.task'`.","category":"DeprecatedImportWarning","filename":"/opt/airflow/dags/dag.py","lineno":2,"logger":"py.warnings"}
{"timestamp":"2025-12-15T11:30:13.180363Z","level":"warning","event":"The `airflow.operators.empty.EmptyOperator` attribute is deprecated. Please use `'airflow.providers.standard.operators.empty.EmptyOperator'`.","category":"DeprecatedImportWarning","filename":"/opt/airflow/dags/dag.py","lineno":3,"logger":"py.warnings"}
{"timestamp":"2025-12-15T11:38:34.919001Z","level":"info","event":"Filling up the DagBag from /opt/airflow/dags/dag.py","logger":"airflow.models.dagbag.DagBag","filename":"dagbag.py","lineno":593}
{"timestamp":"2025-12-15T11:38:34.955425Z","level":"warning","event":"The `airflow.decorators.dag` attribute is deprecated. Please use `'airflow.sdk.dag'`.","category":"DeprecatedImportWarning","filename":"/opt/airflow/dags/dag.py","lineno":1,"logger":"py.warnings"}
{"timestamp":"2025-12-15T11:38:34.955506Z","level":"warning","event":"The `airflow.decorators.task` attribute is deprecated. Please use `'airflow.sdk.task'`.","category":"DeprecatedImportWarning","filename":"/opt/airflow/dags/dag.py","lineno":2,"logger":"py.warnings"}
{"timestamp":"2025-12-15T11:38:34.955540Z","level":"warning","event":"The `airflow.operators.empty.EmptyOperator` attribute is deprecated. Please use `'airflow.providers.standard.operators.empty.EmptyOperator'`.","category":"DeprecatedImportWarning","filename":"/opt/airflow/dags/dag.py","lineno":3,"logger":"py.warnings"}
{"timestamp":"2025-12-15T11:39:05.342510Z","level":"info","event":"Filling up the DagBag from /opt/airflow/dags/dag.py","logger":"airflow.models.dagbag.DagBag","filename":"dagbag.py","lineno":593}
{"timestamp":"2025-12-15T11:39:05.371795Z","level":"warning","event":"The `airflow.decorators.dag` attribute is deprecated. Please use `'airflow.sdk.dag'`.","category":"DeprecatedImportWarning","filename":"/opt/airflow/dags/dag.py","lineno":1,"logger":"py.warnings"}
{"timestamp":"2025-12-15T11:39:05.371852Z","level":"warning","event":"The `airflow.decorators.task` attribute is deprecated. Please use `'airflow.sdk.task'`.","category":"DeprecatedImportWarning","filename":"/opt/airflow/dags/dag.py","lineno":2,"logger":"py.warnings"}
{"timestamp":"2025-12-15T11:39:05.371879Z","level":"warning","event":"The `airflow.operators.empty.EmptyOperator` attribute is deprecated. Please use `'airflow.providers.standard.operators.empty.EmptyOperator'`.","category":"DeprecatedImportWarning","filename":"/opt/airflow/dags/dag.py","lineno":3,"logger":"py.warnings"}
{"timestamp":"2025-12-15T11:39:35.719039Z","level":"info","event":"Filling up the DagBag from /opt/airflow/dags/dag.py","logger":"airflow.models.dagbag.DagBag","filename":"dagbag.py","lineno":593}
{"timestamp":"2025-12-15T11:39:35.747613Z","level":"warning","event":"The `airflow.decorators.dag` attribute is deprecated. Please use `'airflow.sdk.dag'`.","category":"DeprecatedImportWarning","filename":"/opt/airflow/dags/dag.py","lineno":1,"logger":"py.warnings"}
{"timestamp":"2025-12-15T11:39:35.747678Z","level":"warning","event":"The `airflow.decorators.task` attribute is deprecated. Please use `'airflow.sdk.task'`.","category":"DeprecatedImportWarning","filename":"/opt/airflow/dags/dag.py","lineno":2,"logger":"py.warnings"}
{"timestamp":"2025-12-15T11:39:35.747704Z","level":"warning","event":"The `airflow.operators.empty.EmptyOperator` attribute is deprecated. Please use `'airflow.providers.standard.operators.empty.EmptyOperator'`.","category":"DeprecatedImportWarning","filename":"/opt/airflow/dags/dag.py","lineno":3,"logger":"py.warnings"}
{"timestamp":"2025-12-15T11:40:06.072708Z","level":"info","event":"Filling up the DagBag from /opt/airflow/dags/dag.py","logger":"airflow.models.dagbag.DagBag","filename":"dagbag.py","lineno":593}
{"timestamp":"2025-12-15T11:40:06.109753Z","level":"warning","event":"The `airflow.decorators.dag` attribute is deprecated. Please use `'airflow.sdk.dag'`.","category":"DeprecatedImportWarning","filename":"/opt/airflow/dags/dag.py","lineno":1,"logger":"py.warnings"}
{"timestamp":"2025-12-15T11:40:06.109946Z","level":"warning","event":"The `airflow.decorators.task` attribute is deprecated. Please use `'airflow.sdk.task'`.","category":"DeprecatedImportWarning","filename":"/opt/airflow/dags/dag.py","lineno":2,"logger":"py.warnings"}
{"timestamp":"2025-12-15T11:40:06.109987Z","level":"warning","event":"The `airflow.operators.empty.EmptyOperator` attribute is deprecated. Please use `'airflow.providers.standard.operators.empty.EmptyOperator'`.","category":"DeprecatedImportWarning","filename":"/opt/airflow/dags/dag.py","lineno":3,"logger":"py.warnings"}
{"timestamp":"2025-12-15T11:40:36.479127Z","level":"info","event":"Filling up the DagBag from /opt/airflow/dags/dag.py","logger":"airflow.models.dagbag.DagBag","filename":"dagbag.py","lineno":593}
{"timestamp":"2025-12-15T11:40:36.510302Z","level":"warning","event":"The `airflow.decorators.dag` attribute is deprecated. Please use `'airflow.sdk.dag'`.","category":"DeprecatedImportWarning","filename":"/opt/airflow/dags/dag.py","lineno":1,"logger":"py.warnings"}
{"timestamp":"2025-12-15T11:40:36.510487Z","level":"warning","event":"The `airflow.decorators.task` attribute is deprecated. Please use `'airflow.sdk.task'`.","category":"DeprecatedImportWarning","filename":"/opt/airflow/dags/dag.py","lineno":2,"logger":"py.warnings"}
{"timestamp":"2025-12-15T11:40:36.510530Z","level":"warning","event":"The `airflow.operators.empty.EmptyOperator` attribute is deprecated. Please use `'airflow.providers.standard.operators.empty.EmptyOperator'`.","category":"DeprecatedImportWarning","filename":"/opt/airflow/dags/dag.py","lineno":3,"logger":"py.warnings"}
{"timestamp":"2025-12-15T11:41:06.915974Z","level":"info","event":"Filling up the DagBag from /opt/airflow/dags/dag.py","logger":"airflow.models.dagbag.DagBag","filename":"dagbag.py","lineno":593}
{"timestamp":"2025-12-15T11:41:06.953034Z","level":"warning","event":"The `airflow.decorators.dag` attribute is deprecated. Please use `'airflow.sdk.dag'`.","category":"DeprecatedImportWarning","filename":"/opt/airflow/dags/dag.py","lineno":1,"logger":"py.warnings"}
{"timestamp":"2025-12-15T11:41:06.953094Z","level":"warning","event":"The `airflow.decorators.task` attribute is deprecated. Please use `'airflow.sdk.task'`.","category":"DeprecatedImportWarning","filename":"/opt/airflow/dags/dag.py","lineno":2,"logger":"py.warnings"}
{"timestamp":"2025-12-15T11:41:06.953119Z","level":"warning","event":"The `airflow.operators.empty.EmptyOperator` attribute is deprecated. Please use `'airflow.providers.standard.operators.empty.EmptyOperator'`.","category":"DeprecatedImportWarning","filename":"/opt/airflow/dags/dag.py","lineno":3,"logger":"py.warnings"}
{"timestamp":"2025-12-15T11:41:37.331051Z","level":"info","event":"Filling up the DagBag from /opt/airflow/dags/dag.py","logger":"airflow.models.dagbag.DagBag","filename":"dagbag.py","lineno":593}
{"timestamp":"2025-12-15T11:41:37.358380Z","level":"warning","event":"The `airflow.decorators.dag` attribute is deprecated. Please use `'airflow.sdk.dag'`.","category":"DeprecatedImportWarning","filename":"/opt/airflow/dags/dag.py","lineno":1,"logger":"py.warnings"}
{"timestamp":"2025-12-15T11:41:37.358461Z","level":"warning","event":"The `airflow.decorators.task` attribute is deprecated. Please use `'airflow.sdk.task'`.","category":"DeprecatedImportWarning","filename":"/opt/airflow/dags/dag.py","lineno":2,"logger":"py.warnings"}
{"timestamp":"2025-12-15T11:41:37.358489Z","level":"warning","event":"The `airflow.operators.empty.EmptyOperator` attribute is deprecated. Please use `'airflow.providers.standard.operators.empty.EmptyOperator'`.","category":"DeprecatedImportWarning","filename":"/opt/airflow/dags/dag.py","lineno":3,"logger":"py.warnings"}
{"timestamp":"2025-12-15T11:42:07.712333Z","level":"info","event":"Filling up the DagBag from /opt/airflow/dags/dag.py","logger":"airflow.models.dagbag.DagBag","filename":"dagbag.py","lineno":593}
{"timestamp":"2025-12-15T11:42:07.755587Z","level":"warning","event":"The `airflow.decorators.dag` attribute is deprecated. Please use `'airflow.sdk.dag'`.","category":"DeprecatedImportWarning","filename":"/opt/airflow/dags/dag.py","lineno":1,"logger":"py.warnings"}
{"timestamp":"2025-12-15T11:42:07.755644Z","level":"warning","event":"The `airflow.decorators.task` attribute is deprecated. Please use `'airflow.sdk.task'`.","category":"DeprecatedImportWarning","filename":"/opt/airflow/dags/dag.py","lineno":2,"logger":"py.warnings"}
{"timestamp":"2025-12-15T11:42:07.755668Z","level":"warning","event":"The `airflow.operators.empty.EmptyOperator` attribute is deprecated. Please use `'airflow.providers.standard.operators.empty.EmptyOperator'`.","category":"DeprecatedImportWarning","filename":"/opt/airflow/dags/dag.py","lineno":3,"logger":"py.warnings"}
{"timestamp":"2025-12-15T11:42:38.124838Z","level":"info","event":"Filling up the DagBag from /opt/airflow/dags/dag.py","logger":"airflow.models.dagbag.DagBag","filename":"dagbag.py","lineno":593}
{"timestamp":"2025-12-15T11:42:38.148933Z","level":"warning","event":"The `airflow.decorators.dag` attribute is deprecated. Please use `'airflow.sdk.dag'`.","category":"DeprecatedImportWarning","filename":"/opt/airflow/dags/dag.py","lineno":1,"logger":"py.warnings"}
{"timestamp":"2025-12-15T11:42:38.149125Z","level":"warning","event":"The `airflow.decorators.task` attribute is deprecated. Please use `'airflow.sdk.task'`.","category":"DeprecatedImportWarning","filename":"/opt/airflow/dags/dag.py","lineno":2,"logger":"py.warnings"}
{"timestamp":"2025-12-15T11:42:38.149169Z","level":"warning","event":"The `airflow.operators.empty.EmptyOperator` attribute is deprecated. Please use `'airflow.providers.standard.operators.empty.EmptyOperator'`.","category":"DeprecatedImportWarning","filename":"/opt/airflow/dags/dag.py","lineno":3,"logger":"py.warnings"}
{"timestamp":"2025-12-15T11:43:08.515100Z","level":"info","event":"Filling up the DagBag from /opt/airflow/dags/dag.py","logger":"airflow.models.dagbag.DagBag","filename":"dagbag.py","lineno":593}
{"timestamp":"2025-12-15T11:43:08.565123Z","level":"warning","event":"The `airflow.decorators.dag` attribute is deprecated. Please use `'airflow.sdk.dag'`.","category":"DeprecatedImportWarning","filename":"/opt/airflow/dags/dag.py","lineno":1,"logger":"py.warnings"}
{"timestamp":"2025-12-15T11:43:08.565191Z","level":"warning","event":"The `airflow.decorators.task` attribute is deprecated. Please use `'airflow.sdk.task'`.","category":"DeprecatedImportWarning","filename":"/opt/airflow/dags/dag.py","lineno":2,"logger":"py.warnings"}
{"timestamp":"2025-12-15T11:43:08.565217Z","level":"warning","event":"The `airflow.operators.empty.EmptyOperator` attribute is deprecated. Please use `'airflow.providers.standard.operators.empty.EmptyOperator'`.","category":"DeprecatedImportWarning","filename":"/opt/airflow/dags/dag.py","lineno":3,"logger":"py.warnings"}
{"timestamp":"2025-12-15T11:43:38.962174Z","level":"info","event":"Filling up the DagBag from /opt/airflow/dags/dag.py","logger":"airflow.models.dagbag.DagBag","filename":"dagbag.py","lineno":593}
{"timestamp":"2025-12-15T11:43:38.991488Z","level":"warning","event":"The `airflow.decorators.dag` attribute is deprecated. Please use `'airflow.sdk.dag'`.","category":"DeprecatedImportWarning","filename":"/opt/airflow/dags/dag.py","lineno":1,"logger":"py.warnings"}
{"timestamp":"2025-12-15T11:43:38.991666Z","level":"warning","event":"The `airflow.decorators.task` attribute is deprecated. Please use `'airflow.sdk.task'`.","category":"DeprecatedImportWarning","filename":"/opt/airflow/dags/dag.py","lineno":2,"logger":"py.warnings"}
{"timestamp":"2025-12-15T11:43:38.991710Z","level":"warning","event":"The `airflow.operators.empty.EmptyOperator` attribute is deprecated. Please use `'airflow.providers.standard.operators.empty.EmptyOperator'`.","category":"DeprecatedImportWarning","filename":"/opt/airflow/dags/dag.py","lineno":3,"logger":"py.warnings"}
{"timestamp":"2025-12-15T11:44:09.338478Z","level":"info","event":"Filling up the DagBag from /opt/airflow/dags/dag.py","logger":"airflow.models.dagbag.DagBag","filename":"dagbag.py","lineno":593}
{"timestamp":"2025-12-15T11:44:09.379276Z","level":"warning","event":"The `airflow.decorators.dag` attribute is deprecated. Please use `'airflow.sdk.dag'`.","category":"DeprecatedImportWarning","filename":"/opt/airflow/dags/dag.py","lineno":1,"logger":"py.warnings"}
{"timestamp":"2025-12-15T11:44:09.379350Z","level":"warning","event":"The `airflow.decorators.task` attribute is deprecated. Please use `'airflow.sdk.task'`.","category":"DeprecatedImportWarning","filename":"/opt/airflow/dags/dag.py","lineno":2,"logger":"py.warnings"}
{"timestamp":"2025-12-15T11:44:09.379376Z","level":"warning","event":"The `airflow.operators.empty.EmptyOperator` attribute is deprecated. Please use `'airflow.providers.standard.operators.empty.EmptyOperator'`.","category":"DeprecatedImportWarning","filename":"/opt/airflow/dags/dag.py","lineno":3,"logger":"py.warnings"}
{"timestamp":"2025-12-15T11:44:39.720983Z","level":"info","event":"Filling up the DagBag from /opt/airflow/dags/dag.py","logger":"airflow.models.dagbag.DagBag","filename":"dagbag.py","lineno":593}
{"timestamp":"2025-12-15T11:44:39.748222Z","level":"warning","event":"The `airflow.decorators.dag` attribute is deprecated. Please use `'airflow.sdk.dag'`.","category":"DeprecatedImportWarning","filename":"/opt/airflow/dags/dag.py","lineno":1,"logger":"py.warnings"}
{"timestamp":"2025-12-15T11:44:39.748287Z","level":"warning","event":"The `airflow.decorators.task` attribute is deprecated. Please use `'airflow.sdk.task'`.","category":"DeprecatedImportWarning","filename":"/opt/airflow/dags/dag.py","lineno":2,"logger":"py.warnings"}
{"timestamp":"2025-12-15T11:44:39.748313Z","level":"warning","event":"The `airflow.operators.empty.EmptyOperator` attribute is deprecated. Please use `'airflow.providers.standard.operators.empty.EmptyOperator'`.","category":"DeprecatedImportWarning","filename":"/opt/airflow/dags/dag.py","lineno":3,"logger":"py.warnings"}
{"timestamp":"2025-12-15T11:45:10.133155Z","level":"info","event":"Filling up the DagBag from /opt/airflow/dags/dag.py","logger":"airflow.models.dagbag.DagBag","filename":"dagbag.py","lineno":593}
{"timestamp":"2025-12-15T11:45:10.166564Z","level":"warning","event":"The `airflow.decorators.dag` attribute is deprecated. Please use `'airflow.sdk.dag'`.","category":"DeprecatedImportWarning","filename":"/opt/airflow/dags/dag.py","lineno":1,"logger":"py.warnings"}
{"timestamp":"2025-12-15T11:45:10.166627Z","level":"warning","event":"The `airflow.decorators.task` attribute is deprecated. Please use `'airflow.sdk.task'`.","category":"DeprecatedImportWarning","filename":"/opt/airflow/dags/dag.py","lineno":2,"logger":"py.warnings"}
{"timestamp":"2025-12-15T11:45:10.166654Z","level":"warning","event":"The `airflow.operators.empty.EmptyOperator` attribute is deprecated. Please use `'airflow.providers.standard.operators.empty.EmptyOperator'`.","category":"DeprecatedImportWarning","filename":"/opt/airflow/dags/dag.py","lineno":3,"logger":"py.warnings"}
{"timestamp":"2025-12-15T11:45:40.515934Z","level":"info","event":"Filling up the DagBag from /opt/airflow/dags/dag.py","logger":"airflow.models.dagbag.DagBag","filename":"dagbag.py","lineno":593}
{"timestamp":"2025-12-15T11:45:40.556206Z","level":"warning","event":"The `airflow.decorators.dag` attribute is deprecated. Please use `'airflow.sdk.dag'`.","category":"DeprecatedImportWarning","filename":"/opt/airflow/dags/dag.py","lineno":1,"logger":"py.warnings"}
{"timestamp":"2025-12-15T11:45:40.556393Z","level":"warning","event":"The `airflow.decorators.task` attribute is deprecated. Please use `'airflow.sdk.task'`.","category":"DeprecatedImportWarning","filename":"/opt/airflow/dags/dag.py","lineno":2,"logger":"py.warnings"}
{"timestamp":"2025-12-15T11:45:40.556437Z","level":"warning","event":"The `airflow.operators.empty.EmptyOperator` attribute is deprecated. Please use `'airflow.providers.standard.operators.empty.EmptyOperator'`.","category":"DeprecatedImportWarning","filename":"/opt/airflow/dags/dag.py","lineno":3,"logger":"py.warnings"}
{"timestamp":"2025-12-15T11:46:10.786270Z","level":"info","event":"Filling up the DagBag from /opt/airflow/dags/dag.py","logger":"airflow.models.dagbag.DagBag","filename":"dagbag.py","lineno":593}
{"timestamp":"2025-12-15T11:46:10.805851Z","level":"warning","event":"The `airflow.decorators.dag` attribute is deprecated. Please use `'airflow.sdk.dag'`.","category":"DeprecatedImportWarning","filename":"/opt/airflow/dags/dag.py","lineno":1,"logger":"py.warnings"}
{"timestamp":"2025-12-15T11:46:10.806021Z","level":"warning","event":"The `airflow.decorators.task` attribute is deprecated. Please use `'airflow.sdk.task'`.","category":"DeprecatedImportWarning","filename":"/opt/airflow/dags/dag.py","lineno":2,"logger":"py.warnings"}
{"timestamp":"2025-12-15T11:46:10.806063Z","level":"warning","event":"The `airflow.operators.empty.EmptyOperator` attribute is deprecated. Please use `'airflow.providers.standard.operators.empty.EmptyOperator'`.","category":"DeprecatedImportWarning","filename":"/opt/airflow/dags/dag.py","lineno":3,"logger":"py.warnings"}
{"timestamp":"2025-12-15T11:46:41.159280Z","level":"info","event":"Filling up the DagBag from /opt/airflow/dags/dag.py","logger":"airflow.models.dagbag.DagBag","filename":"dagbag.py","lineno":593}
{"timestamp":"2025-12-15T11:46:41.179441Z","level":"warning","event":"The `airflow.decorators.dag` attribute is deprecated. Please use `'airflow.sdk.dag'`.","category":"DeprecatedImportWarning","filename":"/opt/airflow/dags/dag.py","lineno":1,"logger":"py.warnings"}
{"timestamp":"2025-12-15T11:46:41.179636Z","level":"warning","event":"The `airflow.decorators.task` attribute is deprecated. Please use `'airflow.sdk.task'`.","category":"DeprecatedImportWarning","filename":"/opt/airflow/dags/dag.py","lineno":2,"logger":"py.warnings"}
{"timestamp":"2025-12-15T11:46:41.179677Z","level":"warning","event":"The `airflow.operators.empty.EmptyOperator` attribute is deprecated. Please use `'airflow.providers.standard.operators.empty.EmptyOperator'`.","category":"DeprecatedImportWarning","filename":"/opt/airflow/dags/dag.py","lineno":3,"logger":"py.warnings"}
{"timestamp":"2025-12-15T11:47:11.581034Z","level":"info","event":"Filling up the DagBag from /opt/airflow/dags/dag.py","logger":"airflow.models.dagbag.DagBag","filename":"dagbag.py","lineno":593}
{"timestamp":"2025-12-15T11:47:11.607920Z","level":"warning","event":"The `airflow.decorators.dag` attribute is deprecated. Please use `'airflow.sdk.dag'`.","category":"DeprecatedImportWarning","filename":"/opt/airflow/dags/dag.py","lineno":1,"logger":"py.warnings"}
{"timestamp":"2025-12-15T11:47:11.608124Z","level":"warning","event":"The `airflow.decorators.task` attribute is deprecated. Please use `'airflow.sdk.task'`.","category":"DeprecatedImportWarning","filename":"/opt/airflow/dags/dag.py","lineno":2,"logger":"py.warnings"}
{"timestamp":"2025-12-15T11:47:11.608165Z","level":"warning","event":"The `airflow.operators.empty.EmptyOperator` attribute is deprecated. Please use `'airflow.providers.standard.operators.empty.EmptyOperator'`.","category":"DeprecatedImportWarning","filename":"/opt/airflow/dags/dag.py","lineno":3,"logger":"py.warnings"}
{"timestamp":"2025-12-15T11:47:41.986162Z","level":"info","event":"Filling up the DagBag from /opt/airflow/dags/dag.py","logger":"airflow.models.dagbag.DagBag","filename":"dagbag.py","lineno":593}
{"timestamp":"2025-12-15T11:47:42.024776Z","level":"warning","event":"The `airflow.decorators.dag` attribute is deprecated. Please use `'airflow.sdk.dag'`.","category":"DeprecatedImportWarning","filename":"/opt/airflow/dags/dag.py","lineno":1,"logger":"py.warnings"}
{"timestamp":"2025-12-15T11:47:42.024848Z","level":"warning","event":"The `airflow.decorators.task` attribute is deprecated. Please use `'airflow.sdk.task'`.","category":"DeprecatedImportWarning","filename":"/opt/airflow/dags/dag.py","lineno":2,"logger":"py.warnings"}
{"timestamp":"2025-12-15T11:47:42.024880Z","level":"warning","event":"The `airflow.operators.empty.EmptyOperator` attribute is deprecated. Please use `'airflow.providers.standard.operators.empty.EmptyOperator'`.","category":"DeprecatedImportWarning","filename":"/opt/airflow/dags/dag.py","lineno":3,"logger":"py.warnings"}
{"timestamp":"2025-12-15T11:48:12.401161Z","level":"info","event":"Filling up the DagBag from /opt/airflow/dags/dag.py","logger":"airflow.models.dagbag.DagBag","filename":"dagbag.py","lineno":593}
{"timestamp":"2025-12-15T11:48:12.434144Z","level":"warning","event":"The `airflow.decorators.dag` attribute is deprecated. Please use `'airflow.sdk.dag'`.","category":"DeprecatedImportWarning","filename":"/opt/airflow/dags/dag.py","lineno":1,"logger":"py.warnings"}
{"timestamp":"2025-12-15T11:48:12.434215Z","level":"warning","event":"The `airflow.decorators.task` attribute is deprecated. Please use `'airflow.sdk.task'`.","category":"DeprecatedImportWarning","filename":"/opt/airflow/dags/dag.py","lineno":2,"logger":"py.warnings"}
{"timestamp":"2025-12-15T11:48:12.434249Z","level":"warning","event":"The `airflow.operators.empty.EmptyOperator` attribute is deprecated. Please use `'airflow.providers.standard.operators.empty.EmptyOperator'`.","category":"DeprecatedImportWarning","filename":"/opt/airflow/dags/dag.py","lineno":3,"logger":"py.warnings"}
{"timestamp":"2025-12-15T11:48:42.823570Z","level":"info","event":"Filling up the DagBag from /opt/airflow/dags/dag.py","logger":"airflow.models.dagbag.DagBag","filename":"dagbag.py","lineno":593}
{"timestamp":"2025-12-15T11:48:42.863387Z","level":"warning","event":"The `airflow.decorators.dag` attribute is deprecated. Please use `'airflow.sdk.dag'`.","category":"DeprecatedImportWarning","filename":"/opt/airflow/dags/dag.py","lineno":1,"logger":"py.warnings"}
{"timestamp":"2025-12-15T11:48:42.863445Z","level":"warning","event":"The `airflow.decorators.task` attribute is deprecated. Please use `'airflow.sdk.task'`.","category":"DeprecatedImportWarning","filename":"/opt/airflow/dags/dag.py","lineno":2,"logger":"py.warnings"}
{"timestamp":"2025-12-15T11:48:42.863469Z","level":"warning","event":"The `airflow.operators.empty.EmptyOperator` attribute is deprecated. Please use `'airflow.providers.standard.operators.empty.EmptyOperator'`.","category":"DeprecatedImportWarning","filename":"/opt/airflow/dags/dag.py","lineno":3,"logger":"py.warnings"}
{"timestamp":"2025-12-15T11:49:13.230205Z","level":"info","event":"Filling up the DagBag from /opt/airflow/dags/dag.py","logger":"airflow.models.dagbag.DagBag","filename":"dagbag.py","lineno":593}
{"timestamp":"2025-12-15T11:49:13.265742Z","level":"warning","event":"The `airflow.decorators.dag` attribute is deprecated. Please use `'airflow.sdk.dag'`.","category":"DeprecatedImportWarning","filename":"/opt/airflow/dags/dag.py","lineno":1,"logger":"py.warnings"}
{"timestamp":"2025-12-15T11:49:13.265940Z","level":"warning","event":"The `airflow.decorators.task` attribute is deprecated. Please use `'airflow.sdk.task'`.","category":"DeprecatedImportWarning","filename":"/opt/airflow/dags/dag.py","lineno":2,"logger":"py.warnings"}
{"timestamp":"2025-12-15T11:49:13.265984Z","level":"warning","event":"The `airflow.operators.empty.EmptyOperator` attribute is deprecated. Please use `'airflow.providers.standard.operators.empty.EmptyOperator'`.","category":"DeprecatedImportWarning","filename":"/opt/airflow/dags/dag.py","lineno":3,"logger":"py.warnings"}
{"timestamp":"2025-12-15T11:49:43.613106Z","level":"info","event":"Filling up the DagBag from /opt/airflow/dags/dag.py","logger":"airflow.models.dagbag.DagBag","filename":"dagbag.py","lineno":593}
{"timestamp":"2025-12-15T11:49:43.656663Z","level":"warning","event":"The `airflow.decorators.dag` attribute is deprecated. Please use `'airflow.sdk.dag'`.","category":"DeprecatedImportWarning","filename":"/opt/airflow/dags/dag.py","lineno":1,"logger":"py.warnings"}
{"timestamp":"2025-12-15T11:49:43.656862Z","level":"warning","event":"The `airflow.decorators.task` attribute is deprecated. Please use `'airflow.sdk.task'`.","category":"DeprecatedImportWarning","filename":"/opt/airflow/dags/dag.py","lineno":2,"logger":"py.warnings"}
{"timestamp":"2025-12-15T11:49:43.656889Z","level":"warning","event":"The `airflow.operators.empty.EmptyOperator` attribute is deprecated. Please use `'airflow.providers.standard.operators.empty.EmptyOperator'`.","category":"DeprecatedImportWarning","filename":"/opt/airflow/dags/dag.py","lineno":3,"logger":"py.warnings"}
{"timestamp":"2025-12-15T11:50:13.976982Z","level":"info","event":"Filling up the DagBag from /opt/airflow/dags/dag.py","logger":"airflow.models.dagbag.DagBag","filename":"dagbag.py","lineno":593}
{"timestamp":"2025-12-15T11:50:14.002667Z","level":"warning","event":"The `airflow.decorators.dag` attribute is deprecated. Please use `'airflow.sdk.dag'`.","category":"DeprecatedImportWarning","filename":"/opt/airflow/dags/dag.py","lineno":1,"logger":"py.warnings"}
{"timestamp":"2025-12-15T11:50:14.002872Z","level":"warning","event":"The `airflow.decorators.task` attribute is deprecated. Please use `'airflow.sdk.task'`.","category":"DeprecatedImportWarning","filename":"/opt/airflow/dags/dag.py","lineno":2,"logger":"py.warnings"}
{"timestamp":"2025-12-15T11:50:14.002920Z","level":"warning","event":"The `airflow.operators.empty.EmptyOperator` attribute is deprecated. Please use `'airflow.providers.standard.operators.empty.EmptyOperator'`.","category":"DeprecatedImportWarning","filename":"/opt/airflow/dags/dag.py","lineno":3,"logger":"py.warnings"}
{"timestamp":"2025-12-15T11:50:44.395628Z","level":"info","event":"Filling up the DagBag from /opt/airflow/dags/dag.py","logger":"airflow.models.dagbag.DagBag","filename":"dagbag.py","lineno":593}
{"timestamp":"2025-12-15T11:50:44.427594Z","level":"warning","event":"The `airflow.decorators.dag` attribute is deprecated. Please use `'airflow.sdk.dag'`.","category":"DeprecatedImportWarning","filename":"/opt/airflow/dags/dag.py","lineno":1,"logger":"py.warnings"}
{"timestamp":"2025-12-15T11:50:44.427651Z","level":"warning","event":"The `airflow.decorators.task` attribute is deprecated. Please use `'airflow.sdk.task'`.","category":"DeprecatedImportWarning","filename":"/opt/airflow/dags/dag.py","lineno":2,"logger":"py.warnings"}
{"timestamp":"2025-12-15T11:50:44.427677Z","level":"warning","event":"The `airflow.operators.empty.EmptyOperator` attribute is deprecated. Please use `'airflow.providers.standard.operators.empty.EmptyOperator'`.","category":"DeprecatedImportWarning","filename":"/opt/airflow/dags/dag.py","lineno":3,"logger":"py.warnings"}
{"timestamp":"2025-12-15T11:51:14.775677Z","level":"info","event":"Filling up the DagBag from /opt/airflow/dags/dag.py","logger":"airflow.models.dagbag.DagBag","filename":"dagbag.py","lineno":593}
{"timestamp":"2025-12-15T11:51:14.816066Z","level":"warning","event":"The `airflow.decorators.dag` attribute is deprecated. Please use `'airflow.sdk.dag'`.","category":"DeprecatedImportWarning","filename":"/opt/airflow/dags/dag.py","lineno":1,"logger":"py.warnings"}
{"timestamp":"2025-12-15T11:51:14.816256Z","level":"warning","event":"The `airflow.decorators.task` attribute is deprecated. Please use `'airflow.sdk.task'`.","category":"DeprecatedImportWarning","filename":"/opt/airflow/dags/dag.py","lineno":2,"logger":"py.warnings"}
{"timestamp":"2025-12-15T11:51:14.816598Z","level":"warning","event":"The `airflow.operators.empty.EmptyOperator` attribute is deprecated. Please use `'airflow.providers.standard.operators.empty.EmptyOperator'`.","category":"DeprecatedImportWarning","filename":"/opt/airflow/dags/dag.py","lineno":3,"logger":"py.warnings"}
{"timestamp":"2025-12-15T11:51:45.184004Z","level":"info","event":"Filling up the DagBag from /opt/airflow/dags/dag.py","logger":"airflow.models.dagbag.DagBag","filename":"dagbag.py","lineno":593}
{"timestamp":"2025-12-15T11:51:45.215707Z","level":"warning","event":"The `airflow.decorators.dag` attribute is deprecated. Please use `'airflow.sdk.dag'`.","category":"DeprecatedImportWarning","filename":"/opt/airflow/dags/dag.py","lineno":1,"logger":"py.warnings"}
{"timestamp":"2025-12-15T11:51:45.215768Z","level":"warning","event":"The `airflow.decorators.task` attribute is deprecated. Please use `'airflow.sdk.task'`.","category":"DeprecatedImportWarning","filename":"/opt/airflow/dags/dag.py","lineno":2,"logger":"py.warnings"}
{"timestamp":"2025-12-15T11:51:45.215795Z","level":"warning","event":"The `airflow.operators.empty.EmptyOperator` attribute is deprecated. Please use `'airflow.providers.standard.operators.empty.EmptyOperator'`.","category":"DeprecatedImportWarning","filename":"/opt/airflow/dags/dag.py","lineno":3,"logger":"py.warnings"}
{"timestamp":"2025-12-15T11:52:15.545196Z","level":"info","event":"Filling up the DagBag from /opt/airflow/dags/dag.py","logger":"airflow.models.dagbag.DagBag","filename":"dagbag.py","lineno":593}
{"timestamp":"2025-12-15T11:52:15.566689Z","level":"warning","event":"The `airflow.decorators.dag` attribute is deprecated. Please use `'airflow.sdk.dag'`.","category":"DeprecatedImportWarning","filename":"/opt/airflow/dags/dag.py","lineno":1,"logger":"py.warnings"}
{"timestamp":"2025-12-15T11:52:15.566850Z","level":"warning","event":"The `airflow.decorators.task` attribute is deprecated. Please use `'airflow.sdk.task'`.","category":"DeprecatedImportWarning","filename":"/opt/airflow/dags/dag.py","lineno":2,"logger":"py.warnings"}
{"timestamp":"2025-12-15T11:52:15.566889Z","level":"warning","event":"The `airflow.operators.empty.EmptyOperator` attribute is deprecated. Please use `'airflow.providers.standard.operators.empty.EmptyOperator'`.","category":"DeprecatedImportWarning","filename":"/opt/airflow/dags/dag.py","lineno":3,"logger":"py.warnings"}
{"timestamp":"2025-12-15T11:52:45.874940Z","level":"info","event":"Filling up the DagBag from /opt/airflow/dags/dag.py","logger":"airflow.models.dagbag.DagBag","filename":"dagbag.py","lineno":593}
{"timestamp":"2025-12-15T11:52:45.901745Z","level":"warning","event":"The `airflow.decorators.dag` attribute is deprecated. Please use `'airflow.sdk.dag'`.","category":"DeprecatedImportWarning","filename":"/opt/airflow/dags/dag.py","lineno":1,"logger":"py.warnings"}
{"timestamp":"2025-12-15T11:52:45.901952Z","level":"warning","event":"The `airflow.decorators.task` attribute is deprecated. Please use `'airflow.sdk.task'`.","category":"DeprecatedImportWarning","filename":"/opt/airflow/dags/dag.py","lineno":2,"logger":"py.warnings"}
{"timestamp":"2025-12-15T11:52:45.901985Z","level":"warning","event":"The `airflow.operators.empty.EmptyOperator` attribute is deprecated. Please use `'airflow.providers.standard.operators.empty.EmptyOperator'`.","category":"DeprecatedImportWarning","filename":"/opt/airflow/dags/dag.py","lineno":3,"logger":"py.warnings"}
{"timestamp":"2025-12-15T11:53:16.276415Z","level":"info","event":"Filling up the DagBag from /opt/airflow/dags/dag.py","logger":"airflow.models.dagbag.DagBag","filename":"dagbag.py","lineno":593}
{"timestamp":"2025-12-15T11:53:16.301013Z","level":"warning","event":"The `airflow.decorators.dag` attribute is deprecated. Please use `'airflow.sdk.dag'`.","category":"DeprecatedImportWarning","filename":"/opt/airflow/dags/dag.py","lineno":1,"logger":"py.warnings"}
{"timestamp":"2025-12-15T11:53:16.301076Z","level":"warning","event":"The `airflow.decorators.task` attribute is deprecated. Please use `'airflow.sdk.task'`.","category":"DeprecatedImportWarning","filename":"/opt/airflow/dags/dag.py","lineno":2,"logger":"py.warnings"}
{"timestamp":"2025-12-15T11:53:16.301104Z","level":"warning","event":"The `airflow.operators.empty.EmptyOperator` attribute is deprecated. Please use `'airflow.providers.standard.operators.empty.EmptyOperator'`.","category":"DeprecatedImportWarning","filename":"/opt/airflow/dags/dag.py","lineno":3,"logger":"py.warnings"}
{"timestamp":"2025-12-15T11:53:46.656785Z","level":"info","event":"Filling up the DagBag from /opt/airflow/dags/dag.py","logger":"airflow.models.dagbag.DagBag","filename":"dagbag.py","lineno":593}
{"timestamp":"2025-12-15T11:53:46.684075Z","level":"warning","event":"The `airflow.decorators.dag` attribute is deprecated. Please use `'airflow.sdk.dag'`.","category":"DeprecatedImportWarning","filename":"/opt/airflow/dags/dag.py","lineno":1,"logger":"py.warnings"}
{"timestamp":"2025-12-15T11:53:46.684299Z","level":"warning","event":"The `airflow.decorators.task` attribute is deprecated. Please use `'airflow.sdk.task'`.","category":"DeprecatedImportWarning","filename":"/opt/airflow/dags/dag.py","lineno":2,"logger":"py.warnings"}
{"timestamp":"2025-12-15T11:53:46.684334Z","level":"warning","event":"The `airflow.operators.empty.EmptyOperator` attribute is deprecated. Please use `'airflow.providers.standard.operators.empty.EmptyOperator'`.","category":"DeprecatedImportWarning","filename":"/opt/airflow/dags/dag.py","lineno":3,"logger":"py.warnings"}
{"timestamp":"2025-12-15T11:54:17.056921Z","level":"info","event":"Filling up the DagBag from /opt/airflow/dags/dag.py","logger":"airflow.models.dagbag.DagBag","filename":"dagbag.py","lineno":593}
{"timestamp":"2025-12-15T11:54:17.093619Z","level":"warning","event":"The `airflow.decorators.dag` attribute is deprecated. Please use `'airflow.sdk.dag'`.","category":"DeprecatedImportWarning","filename":"/opt/airflow/dags/dag.py","lineno":1,"logger":"py.warnings"}
{"timestamp":"2025-12-15T11:54:17.093684Z","level":"warning","event":"The `airflow.decorators.task` attribute is deprecated. Please use `'airflow.sdk.task'`.","category":"DeprecatedImportWarning","filename":"/opt/airflow/dags/dag.py","lineno":2,"logger":"py.warnings"}
{"timestamp":"2025-12-15T11:54:17.093711Z","level":"warning","event":"The `airflow.operators.empty.EmptyOperator` attribute is deprecated. Please use `'airflow.providers.standard.operators.empty.EmptyOperator'`.","category":"DeprecatedImportWarning","filename":"/opt/airflow/dags/dag.py","lineno":3,"logger":"py.warnings"}
{"timestamp":"2025-12-15T11:54:47.459824Z","level":"info","event":"Filling up the DagBag from /opt/airflow/dags/dag.py","logger":"airflow.models.dagbag.DagBag","filename":"dagbag.py","lineno":593}
{"timestamp":"2025-12-15T11:54:47.489005Z","level":"warning","event":"The `airflow.decorators.dag` attribute is deprecated. Please use `'airflow.sdk.dag'`.","category":"DeprecatedImportWarning","filename":"/opt/airflow/dags/dag.py","lineno":1,"logger":"py.warnings"}
{"timestamp":"2025-12-15T11:54:47.489207Z","level":"warning","event":"The `airflow.decorators.task` attribute is deprecated. Please use `'airflow.sdk.task'`.","category":"DeprecatedImportWarning","filename":"/opt/airflow/dags/dag.py","lineno":2,"logger":"py.warnings"}
{"timestamp":"2025-12-15T11:54:47.489259Z","level":"warning","event":"The `airflow.operators.empty.EmptyOperator` attribute is deprecated. Please use `'airflow.providers.standard.operators.empty.EmptyOperator'`.","category":"DeprecatedImportWarning","filename":"/opt/airflow/dags/dag.py","lineno":3,"logger":"py.warnings"}
{"timestamp":"2025-12-15T11:55:17.859545Z","level":"info","event":"Filling up the DagBag from /opt/airflow/dags/dag.py","logger":"airflow.models.dagbag.DagBag","filename":"dagbag.py","lineno":593}
{"timestamp":"2025-12-15T11:55:17.893496Z","level":"warning","event":"The `airflow.decorators.dag` attribute is deprecated. Please use `'airflow.sdk.dag'`.","category":"DeprecatedImportWarning","filename":"/opt/airflow/dags/dag.py","lineno":1,"logger":"py.warnings"}
{"timestamp":"2025-12-15T11:55:17.893690Z","level":"warning","event":"The `airflow.decorators.task` attribute is deprecated. Please use `'airflow.sdk.task'`.","category":"DeprecatedImportWarning","filename":"/opt/airflow/dags/dag.py","lineno":2,"logger":"py.warnings"}
{"timestamp":"2025-12-15T11:55:17.893735Z","level":"warning","event":"The `airflow.operators.empty.EmptyOperator` attribute is deprecated. Please use `'airflow.providers.standard.operators.empty.EmptyOperator'`.","category":"DeprecatedImportWarning","filename":"/opt/airflow/dags/dag.py","lineno":3,"logger":"py.warnings"}
{"timestamp":"2025-12-15T11:55:48.281794Z","level":"info","event":"Filling up the DagBag from /opt/airflow/dags/dag.py","logger":"airflow.models.dagbag.DagBag","filename":"dagbag.py","lineno":593}
{"timestamp":"2025-12-15T11:55:48.318524Z","level":"warning","event":"The `airflow.decorators.dag` attribute is deprecated. Please use `'airflow.sdk.dag'`.","category":"DeprecatedImportWarning","filename":"/opt/airflow/dags/dag.py","lineno":1,"logger":"py.warnings"}
{"timestamp":"2025-12-15T11:55:48.319015Z","level":"warning","event":"The `airflow.decorators.task` attribute is deprecated. Please use `'airflow.sdk.task'`.","category":"DeprecatedImportWarning","filename":"/opt/airflow/dags/dag.py","lineno":2,"logger":"py.warnings"}
{"timestamp":"2025-12-15T11:55:48.319187Z","level":"warning","event":"The `airflow.operators.empty.EmptyOperator` attribute is deprecated. Please use `'airflow.providers.standard.operators.empty.EmptyOperator'`.","category":"DeprecatedImportWarning","filename":"/opt/airflow/dags/dag.py","lineno":3,"logger":"py.warnings"}
{"timestamp":"2025-12-15T11:56:18.689913Z","level":"info","event":"Filling up the DagBag from /opt/airflow/dags/dag.py","logger":"airflow.models.dagbag.DagBag","filename":"dagbag.py","lineno":593}
{"timestamp":"2025-12-15T11:56:18.718935Z","level":"warning","event":"The `airflow.decorators.dag` attribute is deprecated. Please use `'airflow.sdk.dag'`.","category":"DeprecatedImportWarning","filename":"/opt/airflow/dags/dag.py","lineno":1,"logger":"py.warnings"}
{"timestamp":"2025-12-15T11:56:18.719134Z","level":"warning","event":"The `airflow.decorators.task` attribute is deprecated. Please use `'airflow.sdk.task'`.","category":"DeprecatedImportWarning","filename":"/opt/airflow/dags/dag.py","lineno":2,"logger":"py.warnings"}
{"timestamp":"2025-12-15T11:56:18.719618Z","level":"warning","event":"The `airflow.operators.empty.EmptyOperator` attribute is deprecated. Please use `'airflow.providers.standard.operators.empty.EmptyOperator'`.","category":"DeprecatedImportWarning","filename":"/opt/airflow/dags/dag.py","lineno":3,"logger":"py.warnings"}
{"timestamp":"2025-12-15T11:56:38.994319Z","level":"info","event":"Filling up the DagBag from /opt/airflow/dags/dag.py","logger":"airflow.models.dagbag.DagBag","filename":"dagbag.py","lineno":593}
{"timestamp":"2025-12-15T11:56:39.047789Z","level":"warning","event":"The `airflow.decorators.dag` attribute is deprecated. Please use `'airflow.sdk.dag'`.","category":"DeprecatedImportWarning","filename":"/opt/airflow/dags/dag.py","lineno":1,"logger":"py.warnings"}
{"timestamp":"2025-12-15T11:56:39.048305Z","level":"warning","event":"The `airflow.decorators.task` attribute is deprecated. Please use `'airflow.sdk.task'`.","category":"DeprecatedImportWarning","filename":"/opt/airflow/dags/dag.py","lineno":2,"logger":"py.warnings"}
{"timestamp":"2025-12-15T11:56:39.048348Z","level":"warning","event":"The `airflow.operators.empty.EmptyOperator` attribute is deprecated. Please use `'airflow.providers.standard.operators.empty.EmptyOperator'`.","category":"DeprecatedImportWarning","filename":"/opt/airflow/dags/dag.py","lineno":3,"logger":"py.warnings"}
{"timestamp":"2025-12-15T11:57:09.427790Z","level":"info","event":"Filling up the DagBag from /opt/airflow/dags/dag.py","logger":"airflow.models.dagbag.DagBag","filename":"dagbag.py","lineno":593}
{"timestamp":"2025-12-15T11:57:09.471023Z","level":"warning","event":"The `airflow.decorators.dag` attribute is deprecated. Please use `'airflow.sdk.dag'`.","category":"DeprecatedImportWarning","filename":"/opt/airflow/dags/dag.py","lineno":1,"logger":"py.warnings"}
{"timestamp":"2025-12-15T11:57:09.471095Z","level":"warning","event":"The `airflow.decorators.task` attribute is deprecated. Please use `'airflow.sdk.task'`.","category":"DeprecatedImportWarning","filename":"/opt/airflow/dags/dag.py","lineno":2,"logger":"py.warnings"}
{"timestamp":"2025-12-15T11:57:09.471131Z","level":"warning","event":"The `airflow.operators.empty.EmptyOperator` attribute is deprecated. Please use `'airflow.providers.standard.operators.empty.EmptyOperator'`.","category":"DeprecatedImportWarning","filename":"/opt/airflow/dags/dag.py","lineno":3,"logger":"py.warnings"}
{"timestamp":"2025-12-15T11:57:39.819749Z","level":"info","event":"Filling up the DagBag from /opt/airflow/dags/dag.py","logger":"airflow.models.dagbag.DagBag","filename":"dagbag.py","lineno":593}
{"timestamp":"2025-12-15T11:57:39.841519Z","level":"warning","event":"The `airflow.decorators.dag` attribute is deprecated. Please use `'airflow.sdk.dag'`.","category":"DeprecatedImportWarning","filename":"/opt/airflow/dags/dag.py","lineno":1,"logger":"py.warnings"}
{"timestamp":"2025-12-15T11:57:39.841703Z","level":"warning","event":"The `airflow.decorators.task` attribute is deprecated. Please use `'airflow.sdk.task'`.","category":"DeprecatedImportWarning","filename":"/opt/airflow/dags/dag.py","lineno":2,"logger":"py.warnings"}
{"timestamp":"2025-12-15T11:57:39.842022Z","level":"warning","event":"The `airflow.operators.empty.EmptyOperator` attribute is deprecated. Please use `'airflow.providers.standard.operators.empty.EmptyOperator'`.","category":"DeprecatedImportWarning","filename":"/opt/airflow/dags/dag.py","lineno":3,"logger":"py.warnings"}
{"timestamp":"2025-12-15T11:58:10.221928Z","level":"info","event":"Filling up the DagBag from /opt/airflow/dags/dag.py","logger":"airflow.models.dagbag.DagBag","filename":"dagbag.py","lineno":593}
{"timestamp":"2025-12-15T11:58:10.252406Z","level":"warning","event":"The `airflow.decorators.dag` attribute is deprecated. Please use `'airflow.sdk.dag'`.","category":"DeprecatedImportWarning","filename":"/opt/airflow/dags/dag.py","lineno":1,"logger":"py.warnings"}
{"timestamp":"2025-12-15T11:58:10.252478Z","level":"warning","event":"The `airflow.decorators.task` attribute is deprecated. Please use `'airflow.sdk.task'`.","category":"DeprecatedImportWarning","filename":"/opt/airflow/dags/dag.py","lineno":2,"logger":"py.warnings"}
{"timestamp":"2025-12-15T11:58:10.252505Z","level":"warning","event":"The `airflow.operators.empty.EmptyOperator` attribute is deprecated. Please use `'airflow.providers.standard.operators.empty.EmptyOperator'`.","category":"DeprecatedImportWarning","filename":"/opt/airflow/dags/dag.py","lineno":3,"logger":"py.warnings"}
{"timestamp":"2025-12-15T11:58:40.598624Z","level":"info","event":"Filling up the DagBag from /opt/airflow/dags/dag.py","logger":"airflow.models.dagbag.DagBag","filename":"dagbag.py","lineno":593}
{"timestamp":"2025-12-15T11:58:40.630299Z","level":"warning","event":"The `airflow.decorators.dag` attribute is deprecated. Please use `'airflow.sdk.dag'`.","category":"DeprecatedImportWarning","filename":"/opt/airflow/dags/dag.py","lineno":1,"logger":"py.warnings"}
{"timestamp":"2025-12-15T11:58:40.630489Z","level":"warning","event":"The `airflow.decorators.task` attribute is deprecated. Please use `'airflow.sdk.task'`.","category":"DeprecatedImportWarning","filename":"/opt/airflow/dags/dag.py","lineno":2,"logger":"py.warnings"}
{"timestamp":"2025-12-15T11:58:40.630831Z","level":"warning","event":"The `airflow.operators.empty.EmptyOperator` attribute is deprecated. Please use `'airflow.providers.standard.operators.empty.EmptyOperator'`.","category":"DeprecatedImportWarning","filename":"/opt/airflow/dags/dag.py","lineno":3,"logger":"py.warnings"}
{"timestamp":"2025-12-15T11:58:57.837016Z","level":"info","event":"Filling up the DagBag from /opt/airflow/dags/dag.py","logger":"airflow.models.dagbag.DagBag","filename":"dagbag.py","lineno":593}
{"timestamp":"2025-12-15T11:58:57.906352Z","level":"warning","event":"The `airflow.decorators.dag` attribute is deprecated. Please use `'airflow.sdk.dag'`.","category":"DeprecatedImportWarning","filename":"/opt/airflow/dags/dag.py","lineno":1,"logger":"py.warnings"}
{"timestamp":"2025-12-15T11:58:57.906443Z","level":"warning","event":"The `airflow.decorators.task` attribute is deprecated. Please use `'airflow.sdk.task'`.","category":"DeprecatedImportWarning","filename":"/opt/airflow/dags/dag.py","lineno":2,"logger":"py.warnings"}
{"timestamp":"2025-12-15T11:58:57.906472Z","level":"warning","event":"The `airflow.operators.empty.EmptyOperator` attribute is deprecated. Please use `'airflow.providers.standard.operators.empty.EmptyOperator'`.","category":"DeprecatedImportWarning","filename":"/opt/airflow/dags/dag.py","lineno":3,"logger":"py.warnings"}
{"timestamp":"2025-12-15T11:59:28.269107Z","level":"info","event":"Filling up the DagBag from /opt/airflow/dags/dag.py","logger":"airflow.models.dagbag.DagBag","filename":"dagbag.py","lineno":593}
{"timestamp":"2025-12-15T11:59:28.296773Z","level":"warning","event":"The `airflow.decorators.dag` attribute is deprecated. Please use `'airflow.sdk.dag'`.","category":"DeprecatedImportWarning","filename":"/opt/airflow/dags/dag.py","lineno":1,"logger":"py.warnings"}
{"timestamp":"2025-12-15T11:59:28.296850Z","level":"warning","event":"The `airflow.decorators.task` attribute is deprecated. Please use `'airflow.sdk.task'`.","category":"DeprecatedImportWarning","filename":"/opt/airflow/dags/dag.py","lineno":2,"logger":"py.warnings"}
{"timestamp":"2025-12-15T11:59:28.296880Z","level":"warning","event":"The `airflow.operators.empty.EmptyOperator` attribute is deprecated. Please use `'airflow.providers.standard.operators.empty.EmptyOperator'`.","category":"DeprecatedImportWarning","filename":"/opt/airflow/dags/dag.py","lineno":3,"logger":"py.warnings"}
{"timestamp":"2025-12-15T11:59:58.632512Z","level":"info","event":"Filling up the DagBag from /opt/airflow/dags/dag.py","logger":"airflow.models.dagbag.DagBag","filename":"dagbag.py","lineno":593}
{"timestamp":"2025-12-15T11:59:58.659710Z","level":"warning","event":"The `airflow.decorators.dag` attribute is deprecated. Please use `'airflow.sdk.dag'`.","category":"DeprecatedImportWarning","filename":"/opt/airflow/dags/dag.py","lineno":1,"logger":"py.warnings"}
{"timestamp":"2025-12-15T11:59:58.659913Z","level":"warning","event":"The `airflow.decorators.task` attribute is deprecated. Please use `'airflow.sdk.task'`.","category":"DeprecatedImportWarning","filename":"/opt/airflow/dags/dag.py","lineno":2,"logger":"py.warnings"}
{"timestamp":"2025-12-15T11:59:58.660286Z","level":"warning","event":"The `airflow.operators.empty.EmptyOperator` attribute is deprecated. Please use `'airflow.providers.standard.operators.empty.EmptyOperator'`.","category":"DeprecatedImportWarning","filename":"/opt/airflow/dags/dag.py","lineno":3,"logger":"py.warnings"}
{"timestamp":"2025-12-15T12:00:29.005814Z","level":"info","event":"Filling up the DagBag from /opt/airflow/dags/dag.py","logger":"airflow.models.dagbag.DagBag","filename":"dagbag.py","lineno":593}
{"timestamp":"2025-12-15T12:00:29.041122Z","level":"warning","event":"The `airflow.decorators.dag` attribute is deprecated. Please use `'airflow.sdk.dag'`.","category":"DeprecatedImportWarning","filename":"/opt/airflow/dags/dag.py","lineno":1,"logger":"py.warnings"}
{"timestamp":"2025-12-15T12:00:29.041340Z","level":"warning","event":"The `airflow.decorators.task` attribute is deprecated. Please use `'airflow.sdk.task'`.","category":"DeprecatedImportWarning","filename":"/opt/airflow/dags/dag.py","lineno":2,"logger":"py.warnings"}
{"timestamp":"2025-12-15T12:00:29.041388Z","level":"warning","event":"The `airflow.operators.empty.EmptyOperator` attribute is deprecated. Please use `'airflow.providers.standard.operators.empty.EmptyOperator'`.","category":"DeprecatedImportWarning","filename":"/opt/airflow/dags/dag.py","lineno":3,"logger":"py.warnings"}
{"timestamp":"2025-12-15T12:00:59.383044Z","level":"info","event":"Filling up the DagBag from /opt/airflow/dags/dag.py","logger":"airflow.models.dagbag.DagBag","filename":"dagbag.py","lineno":593}
{"timestamp":"2025-12-15T12:00:59.417827Z","level":"warning","event":"The `airflow.decorators.dag` attribute is deprecated. Please use `'airflow.sdk.dag'`.","category":"DeprecatedImportWarning","filename":"/opt/airflow/dags/dag.py","lineno":1,"logger":"py.warnings"}
{"timestamp":"2025-12-15T12:00:59.417886Z","level":"warning","event":"The `airflow.decorators.task` attribute is deprecated. Please use `'airflow.sdk.task'`.","category":"DeprecatedImportWarning","filename":"/opt/airflow/dags/dag.py","lineno":2,"logger":"py.warnings"}
{"timestamp":"2025-12-15T12:00:59.417913Z","level":"warning","event":"The `airflow.operators.empty.EmptyOperator` attribute is deprecated. Please use `'airflow.providers.standard.operators.empty.EmptyOperator'`.","category":"DeprecatedImportWarning","filename":"/opt/airflow/dags/dag.py","lineno":3,"logger":"py.warnings"}
{"timestamp":"2025-12-15T12:01:29.806611Z","level":"info","event":"Filling up the DagBag from /opt/airflow/dags/dag.py","logger":"airflow.models.dagbag.DagBag","filename":"dagbag.py","lineno":593}
{"timestamp":"2025-12-15T12:01:29.833597Z","level":"warning","event":"The `airflow.decorators.dag` attribute is deprecated. Please use `'airflow.sdk.dag'`.","category":"DeprecatedImportWarning","filename":"/opt/airflow/dags/dag.py","lineno":1,"logger":"py.warnings"}
{"timestamp":"2025-12-15T12:01:29.833676Z","level":"warning","event":"The `airflow.decorators.task` attribute is deprecated. Please use `'airflow.sdk.task'`.","category":"DeprecatedImportWarning","filename":"/opt/airflow/dags/dag.py","lineno":2,"logger":"py.warnings"}
{"timestamp":"2025-12-15T12:01:29.833705Z","level":"warning","event":"The `airflow.operators.empty.EmptyOperator` attribute is deprecated. Please use `'airflow.providers.standard.operators.empty.EmptyOperator'`.","category":"DeprecatedImportWarning","filename":"/opt/airflow/dags/dag.py","lineno":3,"logger":"py.warnings"}
{"timestamp":"2025-12-15T12:02:00.197345Z","level":"info","event":"Filling up the DagBag from /opt/airflow/dags/dag.py","logger":"airflow.models.dagbag.DagBag","filename":"dagbag.py","lineno":593}
{"timestamp":"2025-12-15T12:02:00.227487Z","level":"warning","event":"The `airflow.decorators.dag` attribute is deprecated. Please use `'airflow.sdk.dag'`.","category":"DeprecatedImportWarning","filename":"/opt/airflow/dags/dag.py","lineno":1,"logger":"py.warnings"}
{"timestamp":"2025-12-15T12:02:00.228195Z","level":"warning","event":"The `airflow.decorators.task` attribute is deprecated. Please use `'airflow.sdk.task'`.","category":"DeprecatedImportWarning","filename":"/opt/airflow/dags/dag.py","lineno":2,"logger":"py.warnings"}
{"timestamp":"2025-12-15T12:02:00.228402Z","level":"warning","event":"The `airflow.operators.empty.EmptyOperator` attribute is deprecated. Please use `'airflow.providers.standard.operators.empty.EmptyOperator'`.","category":"DeprecatedImportWarning","filename":"/opt/airflow/dags/dag.py","lineno":3,"logger":"py.warnings"}
{"timestamp":"2025-12-15T12:02:30.569092Z","level":"info","event":"Filling up the DagBag from /opt/airflow/dags/dag.py","logger":"airflow.models.dagbag.DagBag","filename":"dagbag.py","lineno":593}
{"timestamp":"2025-12-15T12:02:30.613914Z","level":"warning","event":"The `airflow.decorators.dag` attribute is deprecated. Please use `'airflow.sdk.dag'`.","category":"DeprecatedImportWarning","filename":"/opt/airflow/dags/dag.py","lineno":1,"logger":"py.warnings"}
{"timestamp":"2025-12-15T12:02:30.614115Z","level":"warning","event":"The `airflow.decorators.task` attribute is deprecated. Please use `'airflow.sdk.task'`.","category":"DeprecatedImportWarning","filename":"/opt/airflow/dags/dag.py","lineno":2,"logger":"py.warnings"}
{"timestamp":"2025-12-15T12:02:30.614460Z","level":"warning","event":"The `airflow.operators.empty.EmptyOperator` attribute is deprecated. Please use `'airflow.providers.standard.operators.empty.EmptyOperator'`.","category":"DeprecatedImportWarning","filename":"/opt/airflow/dags/dag.py","lineno":3,"logger":"py.warnings"}
{"timestamp":"2025-12-15T12:03:00.983184Z","level":"info","event":"Filling up the DagBag from /opt/airflow/dags/dag.py","logger":"airflow.models.dagbag.DagBag","filename":"dagbag.py","lineno":593}
{"timestamp":"2025-12-15T12:03:01.017822Z","level":"warning","event":"The `airflow.decorators.dag` attribute is deprecated. Please use `'airflow.sdk.dag'`.","category":"DeprecatedImportWarning","filename":"/opt/airflow/dags/dag.py","lineno":1,"logger":"py.warnings"}
{"timestamp":"2025-12-15T12:03:01.017913Z","level":"warning","event":"The `airflow.decorators.task` attribute is deprecated. Please use `'airflow.sdk.task'`.","category":"DeprecatedImportWarning","filename":"/opt/airflow/dags/dag.py","lineno":2,"logger":"py.warnings"}
{"timestamp":"2025-12-15T12:03:01.017942Z","level":"warning","event":"The `airflow.operators.empty.EmptyOperator` attribute is deprecated. Please use `'airflow.providers.standard.operators.empty.EmptyOperator'`.","category":"DeprecatedImportWarning","filename":"/opt/airflow/dags/dag.py","lineno":3,"logger":"py.warnings"}
{"timestamp":"2025-12-15T12:03:25.328639Z","level":"info","event":"Filling up the DagBag from /opt/airflow/dags/dag.py","logger":"airflow.models.dagbag.DagBag","filename":"dagbag.py","lineno":593}
{"timestamp":"2025-12-15T12:03:25.371494Z","level":"warning","event":"The `airflow.decorators.dag` attribute is deprecated. Please use `'airflow.sdk.dag'`.","category":"DeprecatedImportWarning","filename":"/opt/airflow/dags/dag.py","lineno":1,"logger":"py.warnings"}
{"timestamp":"2025-12-15T12:03:25.371560Z","level":"warning","event":"The `airflow.decorators.task` attribute is deprecated. Please use `'airflow.sdk.task'`.","category":"DeprecatedImportWarning","filename":"/opt/airflow/dags/dag.py","lineno":2,"logger":"py.warnings"}
{"timestamp":"2025-12-15T12:03:25.371583Z","level":"warning","event":"The `airflow.operators.empty.EmptyOperator` attribute is deprecated. Please use `'airflow.providers.standard.operators.empty.EmptyOperator'`.","category":"DeprecatedImportWarning","filename":"/opt/airflow/dags/dag.py","lineno":3,"logger":"py.warnings"}
{"timestamp":"2025-12-15T12:03:55.719040Z","level":"info","event":"Filling up the DagBag from /opt/airflow/dags/dag.py","logger":"airflow.models.dagbag.DagBag","filename":"dagbag.py","lineno":593}
{"timestamp":"2025-12-15T12:03:55.742800Z","level":"warning","event":"The `airflow.decorators.dag` attribute is deprecated. Please use `'airflow.sdk.dag'`.","category":"DeprecatedImportWarning","filename":"/opt/airflow/dags/dag.py","lineno":1,"logger":"py.warnings"}
{"timestamp":"2025-12-15T12:03:55.743004Z","level":"warning","event":"The `airflow.decorators.task` attribute is deprecated. Please use `'airflow.sdk.task'`.","category":"DeprecatedImportWarning","filename":"/opt/airflow/dags/dag.py","lineno":2,"logger":"py.warnings"}
{"timestamp":"2025-12-15T12:03:55.743035Z","level":"warning","event":"The `airflow.operators.empty.EmptyOperator` attribute is deprecated. Please use `'airflow.providers.standard.operators.empty.EmptyOperator'`.","category":"DeprecatedImportWarning","filename":"/opt/airflow/dags/dag.py","lineno":3,"logger":"py.warnings"}
{"timestamp":"2025-12-15T12:04:26.105677Z","level":"info","event":"Filling up the DagBag from /opt/airflow/dags/dag.py","logger":"airflow.models.dagbag.DagBag","filename":"dagbag.py","lineno":593}
{"timestamp":"2025-12-15T12:04:26.135730Z","level":"warning","event":"The `airflow.decorators.dag` attribute is deprecated. Please use `'airflow.sdk.dag'`.","category":"DeprecatedImportWarning","filename":"/opt/airflow/dags/dag.py","lineno":1,"logger":"py.warnings"}
{"timestamp":"2025-12-15T12:04:26.135932Z","level":"warning","event":"The `airflow.decorators.task` attribute is deprecated. Please use `'airflow.sdk.task'`.","category":"DeprecatedImportWarning","filename":"/opt/airflow/dags/dag.py","lineno":2,"logger":"py.warnings"}
{"timestamp":"2025-12-15T12:04:26.135978Z","level":"warning","event":"The `airflow.operators.empty.EmptyOperator` attribute is deprecated. Please use `'airflow.providers.standard.operators.empty.EmptyOperator'`.","category":"DeprecatedImportWarning","filename":"/opt/airflow/dags/dag.py","lineno":3,"logger":"py.warnings"}
{"timestamp":"2025-12-15T12:04:56.470396Z","level":"info","event":"Filling up the DagBag from /opt/airflow/dags/dag.py","logger":"airflow.models.dagbag.DagBag","filename":"dagbag.py","lineno":593}
{"timestamp":"2025-12-15T12:04:56.502031Z","level":"warning","event":"The `airflow.decorators.dag` attribute is deprecated. Please use `'airflow.sdk.dag'`.","category":"DeprecatedImportWarning","filename":"/opt/airflow/dags/dag.py","lineno":1,"logger":"py.warnings"}
{"timestamp":"2025-12-15T12:04:56.502096Z","level":"warning","event":"The `airflow.decorators.task` attribute is deprecated. Please use `'airflow.sdk.task'`.","category":"DeprecatedImportWarning","filename":"/opt/airflow/dags/dag.py","lineno":2,"logger":"py.warnings"}
{"timestamp":"2025-12-15T12:04:56.502125Z","level":"warning","event":"The `airflow.operators.empty.EmptyOperator` attribute is deprecated. Please use `'airflow.providers.standard.operators.empty.EmptyOperator'`.","category":"DeprecatedImportWarning","filename":"/opt/airflow/dags/dag.py","lineno":3,"logger":"py.warnings"}
{"timestamp":"2025-12-15T12:05:26.835700Z","level":"info","event":"Filling up the DagBag from /opt/airflow/dags/dag.py","logger":"airflow.models.dagbag.DagBag","filename":"dagbag.py","lineno":593}
{"timestamp":"2025-12-15T12:05:26.858648Z","level":"warning","event":"The `airflow.decorators.dag` attribute is deprecated. Please use `'airflow.sdk.dag'`.","category":"DeprecatedImportWarning","filename":"/opt/airflow/dags/dag.py","lineno":1,"logger":"py.warnings"}
{"timestamp":"2025-12-15T12:05:26.858823Z","level":"warning","event":"The `airflow.decorators.task` attribute is deprecated. Please use `'airflow.sdk.task'`.","category":"DeprecatedImportWarning","filename":"/opt/airflow/dags/dag.py","lineno":2,"logger":"py.warnings"}
{"timestamp":"2025-12-15T12:05:26.858862Z","level":"warning","event":"The `airflow.operators.empty.EmptyOperator` attribute is deprecated. Please use `'airflow.providers.standard.operators.empty.EmptyOperator'`.","category":"DeprecatedImportWarning","filename":"/opt/airflow/dags/dag.py","lineno":3,"logger":"py.warnings"}
{"timestamp":"2025-12-15T12:05:57.174686Z","level":"info","event":"Filling up the DagBag from /opt/airflow/dags/dag.py","logger":"airflow.models.dagbag.DagBag","filename":"dagbag.py","lineno":593}
{"timestamp":"2025-12-15T12:05:57.203707Z","level":"warning","event":"The `airflow.decorators.dag` attribute is deprecated. Please use `'airflow.sdk.dag'`.","category":"DeprecatedImportWarning","filename":"/opt/airflow/dags/dag.py","lineno":1,"logger":"py.warnings"}
{"timestamp":"2025-12-15T12:05:57.203768Z","level":"warning","event":"The `airflow.decorators.task` attribute is deprecated. Please use `'airflow.sdk.task'`.","category":"DeprecatedImportWarning","filename":"/opt/airflow/dags/dag.py","lineno":2,"logger":"py.warnings"}
{"timestamp":"2025-12-15T12:05:57.203797Z","level":"warning","event":"The `airflow.operators.empty.EmptyOperator` attribute is deprecated. Please use `'airflow.providers.standard.operators.empty.EmptyOperator'`.","category":"DeprecatedImportWarning","filename":"/opt/airflow/dags/dag.py","lineno":3,"logger":"py.warnings"}
{"timestamp":"2025-12-15T12:06:27.575606Z","level":"info","event":"Filling up the DagBag from /opt/airflow/dags/dag.py","logger":"airflow.models.dagbag.DagBag","filename":"dagbag.py","lineno":593}
{"timestamp":"2025-12-15T12:06:27.613478Z","level":"warning","event":"The `airflow.decorators.dag` attribute is deprecated. Please use `'airflow.sdk.dag'`.","category":"DeprecatedImportWarning","filename":"/opt/airflow/dags/dag.py","lineno":1,"logger":"py.warnings"}
{"timestamp":"2025-12-15T12:06:27.613544Z","level":"warning","event":"The `airflow.decorators.task` attribute is deprecated. Please use `'airflow.sdk.task'`.","category":"DeprecatedImportWarning","filename":"/opt/airflow/dags/dag.py","lineno":2,"logger":"py.warnings"}
{"timestamp":"2025-12-15T12:06:27.613571Z","level":"warning","event":"The `airflow.operators.empty.EmptyOperator` attribute is deprecated. Please use `'airflow.providers.standard.operators.empty.EmptyOperator'`.","category":"DeprecatedImportWarning","filename":"/opt/airflow/dags/dag.py","lineno":3,"logger":"py.warnings"}
{"timestamp":"2025-12-15T12:06:57.999248Z","level":"info","event":"Filling up the DagBag from /opt/airflow/dags/dag.py","logger":"airflow.models.dagbag.DagBag","filename":"dagbag.py","lineno":593}
{"timestamp":"2025-12-15T12:06:58.027359Z","level":"warning","event":"The `airflow.decorators.dag` attribute is deprecated. Please use `'airflow.sdk.dag'`.","category":"DeprecatedImportWarning","filename":"/opt/airflow/dags/dag.py","lineno":1,"logger":"py.warnings"}
{"timestamp":"2025-12-15T12:06:58.027566Z","level":"warning","event":"The `airflow.decorators.task` attribute is deprecated. Please use `'airflow.sdk.task'`.","category":"DeprecatedImportWarning","filename":"/opt/airflow/dags/dag.py","lineno":2,"logger":"py.warnings"}
{"timestamp":"2025-12-15T12:06:58.027920Z","level":"warning","event":"The `airflow.operators.empty.EmptyOperator` attribute is deprecated. Please use `'airflow.providers.standard.operators.empty.EmptyOperator'`.","category":"DeprecatedImportWarning","filename":"/opt/airflow/dags/dag.py","lineno":3,"logger":"py.warnings"}
{"timestamp":"2025-12-15T12:07:28.344609Z","level":"info","event":"Filling up the DagBag from /opt/airflow/dags/dag.py","logger":"airflow.models.dagbag.DagBag","filename":"dagbag.py","lineno":593}
{"timestamp":"2025-12-15T12:07:28.379922Z","level":"warning","event":"The `airflow.decorators.dag` attribute is deprecated. Please use `'airflow.sdk.dag'`.","category":"DeprecatedImportWarning","filename":"/opt/airflow/dags/dag.py","lineno":1,"logger":"py.warnings"}
{"timestamp":"2025-12-15T12:07:28.379988Z","level":"warning","event":"The `airflow.decorators.task` attribute is deprecated. Please use `'airflow.sdk.task'`.","category":"DeprecatedImportWarning","filename":"/opt/airflow/dags/dag.py","lineno":2,"logger":"py.warnings"}
{"timestamp":"2025-12-15T12:07:28.380015Z","level":"warning","event":"The `airflow.operators.empty.EmptyOperator` attribute is deprecated. Please use `'airflow.providers.standard.operators.empty.EmptyOperator'`.","category":"DeprecatedImportWarning","filename":"/opt/airflow/dags/dag.py","lineno":3,"logger":"py.warnings"}
{"timestamp":"2025-12-15T12:07:58.783556Z","level":"info","event":"Filling up the DagBag from /opt/airflow/dags/dag.py","logger":"airflow.models.dagbag.DagBag","filename":"dagbag.py","lineno":593}
{"timestamp":"2025-12-15T12:07:58.820806Z","level":"warning","event":"The `airflow.decorators.dag` attribute is deprecated. Please use `'airflow.sdk.dag'`.","category":"DeprecatedImportWarning","filename":"/opt/airflow/dags/dag.py","lineno":1,"logger":"py.warnings"}
{"timestamp":"2025-12-15T12:07:58.820865Z","level":"warning","event":"The `airflow.decorators.task` attribute is deprecated. Please use `'airflow.sdk.task'`.","category":"DeprecatedImportWarning","filename":"/opt/airflow/dags/dag.py","lineno":2,"logger":"py.warnings"}
{"timestamp":"2025-12-15T12:07:58.820895Z","level":"warning","event":"The `airflow.operators.empty.EmptyOperator` attribute is deprecated. Please use `'airflow.providers.standard.operators.empty.EmptyOperator'`.","category":"DeprecatedImportWarning","filename":"/opt/airflow/dags/dag.py","lineno":3,"logger":"py.warnings"}
{"timestamp":"2025-12-15T12:08:29.149898Z","level":"info","event":"Filling up the DagBag from /opt/airflow/dags/dag.py","logger":"airflow.models.dagbag.DagBag","filename":"dagbag.py","lineno":593}
{"timestamp":"2025-12-15T12:08:29.178504Z","level":"warning","event":"The `airflow.decorators.dag` attribute is deprecated. Please use `'airflow.sdk.dag'`.","category":"DeprecatedImportWarning","filename":"/opt/airflow/dags/dag.py","lineno":1,"logger":"py.warnings"}
{"timestamp":"2025-12-15T12:08:29.178759Z","level":"warning","event":"The `airflow.decorators.task` attribute is deprecated. Please use `'airflow.sdk.task'`.","category":"DeprecatedImportWarning","filename":"/opt/airflow/dags/dag.py","lineno":2,"logger":"py.warnings"}
{"timestamp":"2025-12-15T12:08:29.178797Z","level":"warning","event":"The `airflow.operators.empty.EmptyOperator` attribute is deprecated. Please use `'airflow.providers.standard.operators.empty.EmptyOperator'`.","category":"DeprecatedImportWarning","filename":"/opt/airflow/dags/dag.py","lineno":3,"logger":"py.warnings"}
{"timestamp":"2025-12-15T12:08:59.591947Z","level":"info","event":"Filling up the DagBag from /opt/airflow/dags/dag.py","logger":"airflow.models.dagbag.DagBag","filename":"dagbag.py","lineno":593}
{"timestamp":"2025-12-15T12:08:59.630343Z","level":"warning","event":"The `airflow.decorators.dag` attribute is deprecated. Please use `'airflow.sdk.dag'`.","category":"DeprecatedImportWarning","filename":"/opt/airflow/dags/dag.py","lineno":1,"logger":"py.warnings"}
{"timestamp":"2025-12-15T12:08:59.630543Z","level":"warning","event":"The `airflow.decorators.task` attribute is deprecated. Please use `'airflow.sdk.task'`.","category":"DeprecatedImportWarning","filename":"/opt/airflow/dags/dag.py","lineno":2,"logger":"py.warnings"}
{"timestamp":"2025-12-15T12:08:59.630893Z","level":"warning","event":"The `airflow.operators.empty.EmptyOperator` attribute is deprecated. Please use `'airflow.providers.standard.operators.empty.EmptyOperator'`.","category":"DeprecatedImportWarning","filename":"/opt/airflow/dags/dag.py","lineno":3,"logger":"py.warnings"}
{"timestamp":"2025-12-15T12:09:29.975086Z","level":"info","event":"Filling up the DagBag from /opt/airflow/dags/dag.py","logger":"airflow.models.dagbag.DagBag","filename":"dagbag.py","lineno":593}
{"timestamp":"2025-12-15T12:09:30.005152Z","level":"warning","event":"The `airflow.decorators.dag` attribute is deprecated. Please use `'airflow.sdk.dag'`.","category":"DeprecatedImportWarning","filename":"/opt/airflow/dags/dag.py","lineno":1,"logger":"py.warnings"}
{"timestamp":"2025-12-15T12:09:30.005348Z","level":"warning","event":"The `airflow.decorators.task` attribute is deprecated. Please use `'airflow.sdk.task'`.","category":"DeprecatedImportWarning","filename":"/opt/airflow/dags/dag.py","lineno":2,"logger":"py.warnings"}
{"timestamp":"2025-12-15T12:09:30.005394Z","level":"warning","event":"The `airflow.operators.empty.EmptyOperator` attribute is deprecated. Please use `'airflow.providers.standard.operators.empty.EmptyOperator'`.","category":"DeprecatedImportWarning","filename":"/opt/airflow/dags/dag.py","lineno":3,"logger":"py.warnings"}
{"timestamp":"2025-12-15T12:10:00.327794Z","level":"info","event":"Filling up the DagBag from /opt/airflow/dags/dag.py","logger":"airflow.models.dagbag.DagBag","filename":"dagbag.py","lineno":593}
{"timestamp":"2025-12-15T12:10:00.350249Z","level":"warning","event":"The `airflow.decorators.dag` attribute is deprecated. Please use `'airflow.sdk.dag'`.","category":"DeprecatedImportWarning","filename":"/opt/airflow/dags/dag.py","lineno":1,"logger":"py.warnings"}
{"timestamp":"2025-12-15T12:10:00.350436Z","level":"warning","event":"The `airflow.decorators.task` attribute is deprecated. Please use `'airflow.sdk.task'`.","category":"DeprecatedImportWarning","filename":"/opt/airflow/dags/dag.py","lineno":2,"logger":"py.warnings"}
{"timestamp":"2025-12-15T12:10:00.350478Z","level":"warning","event":"The `airflow.operators.empty.EmptyOperator` attribute is deprecated. Please use `'airflow.providers.standard.operators.empty.EmptyOperator'`.","category":"DeprecatedImportWarning","filename":"/opt/airflow/dags/dag.py","lineno":3,"logger":"py.warnings"}
{"timestamp":"2025-12-15T12:10:30.732051Z","level":"info","event":"Filling up the DagBag from /opt/airflow/dags/dag.py","logger":"airflow.models.dagbag.DagBag","filename":"dagbag.py","lineno":593}
{"timestamp":"2025-12-15T12:10:30.761632Z","level":"warning","event":"The `airflow.decorators.dag` attribute is deprecated. Please use `'airflow.sdk.dag'`.","category":"DeprecatedImportWarning","filename":"/opt/airflow/dags/dag.py","lineno":1,"logger":"py.warnings"}
{"timestamp":"2025-12-15T12:10:30.761833Z","level":"warning","event":"The `airflow.decorators.task` attribute is deprecated. Please use `'airflow.sdk.task'`.","category":"DeprecatedImportWarning","filename":"/opt/airflow/dags/dag.py","lineno":2,"logger":"py.warnings"}
{"timestamp":"2025-12-15T12:10:30.761877Z","level":"warning","event":"The `airflow.operators.empty.EmptyOperator` attribute is deprecated. Please use `'airflow.providers.standard.operators.empty.EmptyOperator'`.","category":"DeprecatedImportWarning","filename":"/opt/airflow/dags/dag.py","lineno":3,"logger":"py.warnings"}
{"timestamp":"2025-12-15T12:11:01.118631Z","level":"info","event":"Filling up the DagBag from /opt/airflow/dags/dag.py","logger":"airflow.models.dagbag.DagBag","filename":"dagbag.py","lineno":593}
{"timestamp":"2025-12-15T12:11:01.150053Z","level":"warning","event":"The `airflow.decorators.dag` attribute is deprecated. Please use `'airflow.sdk.dag'`.","category":"DeprecatedImportWarning","filename":"/opt/airflow/dags/dag.py","lineno":1,"logger":"py.warnings"}
{"timestamp":"2025-12-15T12:11:01.150250Z","level":"warning","event":"The `airflow.decorators.task` attribute is deprecated. Please use `'airflow.sdk.task'`.","category":"DeprecatedImportWarning","filename":"/opt/airflow/dags/dag.py","lineno":2,"logger":"py.warnings"}
{"timestamp":"2025-12-15T12:11:01.150284Z","level":"warning","event":"The `airflow.operators.empty.EmptyOperator` attribute is deprecated. Please use `'airflow.providers.standard.operators.empty.EmptyOperator'`.","category":"DeprecatedImportWarning","filename":"/opt/airflow/dags/dag.py","lineno":3,"logger":"py.warnings"}
{"timestamp":"2025-12-15T12:11:31.496179Z","level":"info","event":"Filling up the DagBag from /opt/airflow/dags/dag.py","logger":"airflow.models.dagbag.DagBag","filename":"dagbag.py","lineno":593}
{"timestamp":"2025-12-15T12:11:31.532638Z","level":"warning","event":"The `airflow.decorators.dag` attribute is deprecated. Please use `'airflow.sdk.dag'`.","category":"DeprecatedImportWarning","filename":"/opt/airflow/dags/dag.py","lineno":1,"logger":"py.warnings"}
{"timestamp":"2025-12-15T12:11:31.532700Z","level":"warning","event":"The `airflow.decorators.task` attribute is deprecated. Please use `'airflow.sdk.task'`.","category":"DeprecatedImportWarning","filename":"/opt/airflow/dags/dag.py","lineno":2,"logger":"py.warnings"}
{"timestamp":"2025-12-15T12:11:31.532723Z","level":"warning","event":"The `airflow.operators.empty.EmptyOperator` attribute is deprecated. Please use `'airflow.providers.standard.operators.empty.EmptyOperator'`.","category":"DeprecatedImportWarning","filename":"/opt/airflow/dags/dag.py","lineno":3,"logger":"py.warnings"}
{"timestamp":"2025-12-15T12:13:39.893780Z","level":"info","event":"Filling up the DagBag from /opt/airflow/dags/dag.py","logger":"airflow.models.dagbag.DagBag","filename":"dagbag.py","lineno":593}
{"timestamp":"2025-12-15T12:13:39.924593Z","level":"warning","event":"The `airflow.decorators.dag` attribute is deprecated. Please use `'airflow.sdk.dag'`.","category":"DeprecatedImportWarning","filename":"/opt/airflow/dags/dag.py","lineno":1,"logger":"py.warnings"}
{"timestamp":"2025-12-15T12:13:39.924658Z","level":"warning","event":"The `airflow.decorators.task` attribute is deprecated. Please use `'airflow.sdk.task'`.","category":"DeprecatedImportWarning","filename":"/opt/airflow/dags/dag.py","lineno":2,"logger":"py.warnings"}
{"timestamp":"2025-12-15T12:13:39.924685Z","level":"warning","event":"The `airflow.operators.empty.EmptyOperator` attribute is deprecated. Please use `'airflow.providers.standard.operators.empty.EmptyOperator'`.","category":"DeprecatedImportWarning","filename":"/opt/airflow/dags/dag.py","lineno":3,"logger":"py.warnings"}
{"timestamp":"2025-12-15T12:14:10.306861Z","level":"info","event":"Filling up the DagBag from /opt/airflow/dags/dag.py","logger":"airflow.models.dagbag.DagBag","filename":"dagbag.py","lineno":593}
{"timestamp":"2025-12-15T12:14:10.350107Z","level":"warning","event":"The `airflow.decorators.dag` attribute is deprecated. Please use `'airflow.sdk.dag'`.","category":"DeprecatedImportWarning","filename":"/opt/airflow/dags/dag.py","lineno":1,"logger":"py.warnings"}
{"timestamp":"2025-12-15T12:14:10.350316Z","level":"warning","event":"The `airflow.decorators.task` attribute is deprecated. Please use `'airflow.sdk.task'`.","category":"DeprecatedImportWarning","filename":"/opt/airflow/dags/dag.py","lineno":2,"logger":"py.warnings"}
{"timestamp":"2025-12-15T12:14:10.350345Z","level":"warning","event":"The `airflow.operators.empty.EmptyOperator` attribute is deprecated. Please use `'airflow.providers.standard.operators.empty.EmptyOperator'`.","category":"DeprecatedImportWarning","filename":"/opt/airflow/dags/dag.py","lineno":3,"logger":"py.warnings"}
{"timestamp":"2025-12-15T12:14:29.650181Z","level":"info","event":"Filling up the DagBag from /opt/airflow/dags/dag.py","logger":"airflow.models.dagbag.DagBag","filename":"dagbag.py","lineno":593}
{"timestamp":"2025-12-15T12:14:29.709314Z","level":"error","event":"Failed to import: /opt/airflow/dags/dag.py","logger":"airflow.models.dagbag.DagBag","filename":"dagbag.py","lineno":415,"error_detail":[{"exc_type":"NameError","exc_value":"name 'none' is not defined","exc_notes":[],"syntax_error":null,"is_cause":false,"frames":[{"filename":"/home/airflow/.local/lib/python3.12/site-packages/airflow/models/dagbag.py","lineno":405,"name":"parse"},{"filename":"<frozen importlib._bootstrap_external>","lineno":999,"name":"exec_module"},{"filename":"<frozen importlib._bootstrap>","lineno":488,"name":"_call_with_frames_removed"},{"filename":"/opt/airflow/dags/dag.py","lineno":49,"name":"<module>"}],"is_group":false,"exceptions":[]}]}
{"timestamp":"2025-12-15T12:14:29.711502Z","level":"warning","event":"The `airflow.decorators.dag` attribute is deprecated. Please use `'airflow.sdk.dag'`.","category":"DeprecatedImportWarning","filename":"/opt/airflow/dags/dag.py","lineno":1,"logger":"py.warnings"}
{"timestamp":"2025-12-15T12:14:29.711541Z","level":"warning","event":"The `airflow.decorators.task` attribute is deprecated. Please use `'airflow.sdk.task'`.","category":"DeprecatedImportWarning","filename":"/opt/airflow/dags/dag.py","lineno":2,"logger":"py.warnings"}
{"timestamp":"2025-12-15T12:14:29.711562Z","level":"warning","event":"The `airflow.operators.empty.EmptyOperator` attribute is deprecated. Please use `'airflow.providers.standard.operators.empty.EmptyOperator'`.","category":"DeprecatedImportWarning","filename":"/opt/airflow/dags/dag.py","lineno":3,"logger":"py.warnings"}
{"timestamp":"2025-12-15T12:14:34.816536Z","level":"info","event":"Filling up the DagBag from /opt/airflow/dags/dag.py","logger":"airflow.models.dagbag.DagBag","filename":"dagbag.py","lineno":593}
{"timestamp":"2025-12-15T12:14:34.853992Z","level":"warning","event":"The `airflow.decorators.dag` attribute is deprecated. Please use `'airflow.sdk.dag'`.","category":"DeprecatedImportWarning","filename":"/opt/airflow/dags/dag.py","lineno":1,"logger":"py.warnings"}
{"timestamp":"2025-12-15T12:14:34.854080Z","level":"warning","event":"The `airflow.decorators.task` attribute is deprecated. Please use `'airflow.sdk.task'`.","category":"DeprecatedImportWarning","filename":"/opt/airflow/dags/dag.py","lineno":2,"logger":"py.warnings"}
{"timestamp":"2025-12-15T12:14:34.854107Z","level":"warning","event":"The `airflow.operators.empty.EmptyOperator` attribute is deprecated. Please use `'airflow.providers.standard.operators.empty.EmptyOperator'`.","category":"DeprecatedImportWarning","filename":"/opt/airflow/dags/dag.py","lineno":3,"logger":"py.warnings"}
{"timestamp":"2025-12-15T12:14:59.197110Z","level":"info","event":"Filling up the DagBag from /opt/airflow/dags/dag.py","logger":"airflow.models.dagbag.DagBag","filename":"dagbag.py","lineno":593}
{"timestamp":"2025-12-15T12:14:59.202379Z","level":"error","event":"Failed to import: /opt/airflow/dags/dag.py","logger":"airflow.models.dagbag.DagBag","filename":"dagbag.py","lineno":415,"error_detail":[{"exc_type":"SyntaxError","exc_value":"invalid syntax (dag.py, line 51)","exc_notes":[],"syntax_error":{"offset":20,"filename":"/opt/airflow/dags/dag.py","line":"    data_file_name=\n","lineno":51,"msg":"invalid syntax"},"is_cause":false,"frames":[{"filename":"/home/airflow/.local/lib/python3.12/site-packages/airflow/models/dagbag.py","lineno":405,"name":"parse"},{"filename":"<frozen importlib._bootstrap_external>","lineno":995,"name":"exec_module"},{"filename":"<frozen importlib._bootstrap_external>","lineno":1133,"name":"get_code"},{"filename":"<frozen importlib._bootstrap_external>","lineno":1063,"name":"source_to_code"},{"filename":"<frozen importlib._bootstrap>","lineno":488,"name":"_call_with_frames_removed"}],"is_group":false,"exceptions":[]}]}
{"timestamp":"2025-12-15T12:15:14.363594Z","level":"info","event":"Filling up the DagBag from /opt/airflow/dags/dag.py","logger":"airflow.models.dagbag.DagBag","filename":"dagbag.py","lineno":593}
{"timestamp":"2025-12-15T12:15:14.413641Z","level":"warning","event":"The `airflow.decorators.dag` attribute is deprecated. Please use `'airflow.sdk.dag'`.","category":"DeprecatedImportWarning","filename":"/opt/airflow/dags/dag.py","lineno":1,"logger":"py.warnings"}
{"timestamp":"2025-12-15T12:15:14.413705Z","level":"warning","event":"The `airflow.decorators.task` attribute is deprecated. Please use `'airflow.sdk.task'`.","category":"DeprecatedImportWarning","filename":"/opt/airflow/dags/dag.py","lineno":2,"logger":"py.warnings"}
{"timestamp":"2025-12-15T12:15:14.413729Z","level":"warning","event":"The `airflow.operators.empty.EmptyOperator` attribute is deprecated. Please use `'airflow.providers.standard.operators.empty.EmptyOperator'`.","category":"DeprecatedImportWarning","filename":"/opt/airflow/dags/dag.py","lineno":3,"logger":"py.warnings"}
{"timestamp":"2025-12-15T12:15:39.722750Z","level":"info","event":"Filling up the DagBag from /opt/airflow/dags/dag.py","logger":"airflow.models.dagbag.DagBag","filename":"dagbag.py","lineno":593}
{"timestamp":"2025-12-15T12:15:39.726168Z","level":"error","event":"Failed to import: /opt/airflow/dags/dag.py","logger":"airflow.models.dagbag.DagBag","filename":"dagbag.py","lineno":415,"error_detail":[{"exc_type":"IndentationError","exc_value":"expected an indented block after 'with' statement on line 52 (dag.py, line 54)","exc_notes":[],"syntax_error":{"offset":5,"filename":"/opt/airflow/dags/dag.py","line":"    conn.execute(\"\"\"\n","lineno":54,"msg":"expected an indented block after 'with' statement on line 52"},"is_cause":false,"frames":[{"filename":"/home/airflow/.local/lib/python3.12/site-packages/airflow/models/dagbag.py","lineno":405,"name":"parse"},{"filename":"<frozen importlib._bootstrap_external>","lineno":995,"name":"exec_module"},{"filename":"<frozen importlib._bootstrap_external>","lineno":1133,"name":"get_code"},{"filename":"<frozen importlib._bootstrap_external>","lineno":1063,"name":"source_to_code"},{"filename":"<frozen importlib._bootstrap>","lineno":488,"name":"_call_with_frames_removed"}],"is_group":false,"exceptions":[]}]}
{"timestamp":"2025-12-15T12:16:10.101683Z","level":"info","event":"Filling up the DagBag from /opt/airflow/dags/dag.py","logger":"airflow.models.dagbag.DagBag","filename":"dagbag.py","lineno":593}
{"timestamp":"2025-12-15T12:16:10.106518Z","level":"error","event":"Failed to import: /opt/airflow/dags/dag.py","logger":"airflow.models.dagbag.DagBag","filename":"dagbag.py","lineno":415,"error_detail":[{"exc_type":"IndentationError","exc_value":"expected an indented block after 'with' statement on line 52 (dag.py, line 54)","exc_notes":[],"syntax_error":{"offset":5,"filename":"/opt/airflow/dags/dag.py","line":"    conn.execute(\"\"\"\n","lineno":54,"msg":"expected an indented block after 'with' statement on line 52"},"is_cause":false,"frames":[{"filename":"/home/airflow/.local/lib/python3.12/site-packages/airflow/models/dagbag.py","lineno":405,"name":"parse"},{"filename":"<frozen importlib._bootstrap_external>","lineno":995,"name":"exec_module"},{"filename":"<frozen importlib._bootstrap_external>","lineno":1133,"name":"get_code"},{"filename":"<frozen importlib._bootstrap_external>","lineno":1063,"name":"source_to_code"},{"filename":"<frozen importlib._bootstrap>","lineno":488,"name":"_call_with_frames_removed"}],"is_group":false,"exceptions":[]}]}
{"timestamp":"2025-12-15T12:16:40.502629Z","level":"info","event":"Filling up the DagBag from /opt/airflow/dags/dag.py","logger":"airflow.models.dagbag.DagBag","filename":"dagbag.py","lineno":593}
{"timestamp":"2025-12-15T12:16:40.507949Z","level":"error","event":"Failed to import: /opt/airflow/dags/dag.py","logger":"airflow.models.dagbag.DagBag","filename":"dagbag.py","lineno":415,"error_detail":[{"exc_type":"IndentationError","exc_value":"expected an indented block after 'with' statement on line 52 (dag.py, line 54)","exc_notes":[],"syntax_error":{"offset":5,"filename":"/opt/airflow/dags/dag.py","line":"    conn.execute(\"\"\"\n","lineno":54,"msg":"expected an indented block after 'with' statement on line 52"},"is_cause":false,"frames":[{"filename":"/home/airflow/.local/lib/python3.12/site-packages/airflow/models/dagbag.py","lineno":405,"name":"parse"},{"filename":"<frozen importlib._bootstrap_external>","lineno":995,"name":"exec_module"},{"filename":"<frozen importlib._bootstrap_external>","lineno":1133,"name":"get_code"},{"filename":"<frozen importlib._bootstrap_external>","lineno":1063,"name":"source_to_code"},{"filename":"<frozen importlib._bootstrap>","lineno":488,"name":"_call_with_frames_removed"}],"is_group":false,"exceptions":[]}]}
{"timestamp":"2025-12-15T12:17:10.874498Z","level":"info","event":"Filling up the DagBag from /opt/airflow/dags/dag.py","logger":"airflow.models.dagbag.DagBag","filename":"dagbag.py","lineno":593}
{"timestamp":"2025-12-15T12:17:10.879212Z","level":"error","event":"Failed to import: /opt/airflow/dags/dag.py","logger":"airflow.models.dagbag.DagBag","filename":"dagbag.py","lineno":415,"error_detail":[{"exc_type":"IndentationError","exc_value":"expected an indented block after 'with' statement on line 52 (dag.py, line 54)","exc_notes":[],"syntax_error":{"offset":5,"filename":"/opt/airflow/dags/dag.py","line":"    conn.execute(\"\"\"\n","lineno":54,"msg":"expected an indented block after 'with' statement on line 52"},"is_cause":false,"frames":[{"filename":"/home/airflow/.local/lib/python3.12/site-packages/airflow/models/dagbag.py","lineno":405,"name":"parse"},{"filename":"<frozen importlib._bootstrap_external>","lineno":995,"name":"exec_module"},{"filename":"<frozen importlib._bootstrap_external>","lineno":1133,"name":"get_code"},{"filename":"<frozen importlib._bootstrap_external>","lineno":1063,"name":"source_to_code"},{"filename":"<frozen importlib._bootstrap>","lineno":488,"name":"_call_with_frames_removed"}],"is_group":false,"exceptions":[]}]}
{"timestamp":"2025-12-15T12:17:41.233630Z","level":"info","event":"Filling up the DagBag from /opt/airflow/dags/dag.py","logger":"airflow.models.dagbag.DagBag","filename":"dagbag.py","lineno":593}
{"timestamp":"2025-12-15T12:17:41.240758Z","level":"error","event":"Failed to import: /opt/airflow/dags/dag.py","logger":"airflow.models.dagbag.DagBag","filename":"dagbag.py","lineno":415,"error_detail":[{"exc_type":"IndentationError","exc_value":"expected an indented block after 'with' statement on line 52 (dag.py, line 54)","exc_notes":[],"syntax_error":{"offset":5,"filename":"/opt/airflow/dags/dag.py","line":"    conn.execute(\"\"\"\n","lineno":54,"msg":"expected an indented block after 'with' statement on line 52"},"is_cause":false,"frames":[{"filename":"/home/airflow/.local/lib/python3.12/site-packages/airflow/models/dagbag.py","lineno":405,"name":"parse"},{"filename":"<frozen importlib._bootstrap_external>","lineno":995,"name":"exec_module"},{"filename":"<frozen importlib._bootstrap_external>","lineno":1133,"name":"get_code"},{"filename":"<frozen importlib._bootstrap_external>","lineno":1063,"name":"source_to_code"},{"filename":"<frozen importlib._bootstrap>","lineno":488,"name":"_call_with_frames_removed"}],"is_group":false,"exceptions":[]}]}
{"timestamp":"2025-12-15T12:18:11.554853Z","level":"info","event":"Filling up the DagBag from /opt/airflow/dags/dag.py","logger":"airflow.models.dagbag.DagBag","filename":"dagbag.py","lineno":593}
{"timestamp":"2025-12-15T12:18:11.559989Z","level":"error","event":"Failed to import: /opt/airflow/dags/dag.py","logger":"airflow.models.dagbag.DagBag","filename":"dagbag.py","lineno":415,"error_detail":[{"exc_type":"IndentationError","exc_value":"expected an indented block after 'with' statement on line 52 (dag.py, line 54)","exc_notes":[],"syntax_error":{"offset":5,"filename":"/opt/airflow/dags/dag.py","line":"    conn.execute(\"\"\"\n","lineno":54,"msg":"expected an indented block after 'with' statement on line 52"},"is_cause":false,"frames":[{"filename":"/home/airflow/.local/lib/python3.12/site-packages/airflow/models/dagbag.py","lineno":405,"name":"parse"},{"filename":"<frozen importlib._bootstrap_external>","lineno":995,"name":"exec_module"},{"filename":"<frozen importlib._bootstrap_external>","lineno":1133,"name":"get_code"},{"filename":"<frozen importlib._bootstrap_external>","lineno":1063,"name":"source_to_code"},{"filename":"<frozen importlib._bootstrap>","lineno":488,"name":"_call_with_frames_removed"}],"is_group":false,"exceptions":[]}]}
{"timestamp":"2025-12-15T12:18:41.931418Z","level":"info","event":"Filling up the DagBag from /opt/airflow/dags/dag.py","logger":"airflow.models.dagbag.DagBag","filename":"dagbag.py","lineno":593}
{"timestamp":"2025-12-15T12:18:41.936863Z","level":"error","event":"Failed to import: /opt/airflow/dags/dag.py","logger":"airflow.models.dagbag.DagBag","filename":"dagbag.py","lineno":415,"error_detail":[{"exc_type":"IndentationError","exc_value":"expected an indented block after 'with' statement on line 52 (dag.py, line 54)","exc_notes":[],"syntax_error":{"offset":5,"filename":"/opt/airflow/dags/dag.py","line":"    conn.execute(\"\"\"\n","lineno":54,"msg":"expected an indented block after 'with' statement on line 52"},"is_cause":false,"frames":[{"filename":"/home/airflow/.local/lib/python3.12/site-packages/airflow/models/dagbag.py","lineno":405,"name":"parse"},{"filename":"<frozen importlib._bootstrap_external>","lineno":995,"name":"exec_module"},{"filename":"<frozen importlib._bootstrap_external>","lineno":1133,"name":"get_code"},{"filename":"<frozen importlib._bootstrap_external>","lineno":1063,"name":"source_to_code"},{"filename":"<frozen importlib._bootstrap>","lineno":488,"name":"_call_with_frames_removed"}],"is_group":false,"exceptions":[]}]}
{"timestamp":"2025-12-15T12:19:12.271042Z","level":"info","event":"Filling up the DagBag from /opt/airflow/dags/dag.py","logger":"airflow.models.dagbag.DagBag","filename":"dagbag.py","lineno":593}
{"timestamp":"2025-12-15T12:19:12.275967Z","level":"error","event":"Failed to import: /opt/airflow/dags/dag.py","logger":"airflow.models.dagbag.DagBag","filename":"dagbag.py","lineno":415,"error_detail":[{"exc_type":"IndentationError","exc_value":"expected an indented block after 'with' statement on line 52 (dag.py, line 54)","exc_notes":[],"syntax_error":{"offset":5,"filename":"/opt/airflow/dags/dag.py","line":"    conn.execute(\"\"\"\n","lineno":54,"msg":"expected an indented block after 'with' statement on line 52"},"is_cause":false,"frames":[{"filename":"/home/airflow/.local/lib/python3.12/site-packages/airflow/models/dagbag.py","lineno":405,"name":"parse"},{"filename":"<frozen importlib._bootstrap_external>","lineno":995,"name":"exec_module"},{"filename":"<frozen importlib._bootstrap_external>","lineno":1133,"name":"get_code"},{"filename":"<frozen importlib._bootstrap_external>","lineno":1063,"name":"source_to_code"},{"filename":"<frozen importlib._bootstrap>","lineno":488,"name":"_call_with_frames_removed"}],"is_group":false,"exceptions":[]}]}
{"timestamp":"2025-12-15T12:19:42.617780Z","level":"info","event":"Filling up the DagBag from /opt/airflow/dags/dag.py","logger":"airflow.models.dagbag.DagBag","filename":"dagbag.py","lineno":593}
{"timestamp":"2025-12-15T12:19:42.622782Z","level":"error","event":"Failed to import: /opt/airflow/dags/dag.py","logger":"airflow.models.dagbag.DagBag","filename":"dagbag.py","lineno":415,"error_detail":[{"exc_type":"IndentationError","exc_value":"expected an indented block after 'with' statement on line 52 (dag.py, line 54)","exc_notes":[],"syntax_error":{"offset":5,"filename":"/opt/airflow/dags/dag.py","line":"    conn.execute(\"\"\"\n","lineno":54,"msg":"expected an indented block after 'with' statement on line 52"},"is_cause":false,"frames":[{"filename":"/home/airflow/.local/lib/python3.12/site-packages/airflow/models/dagbag.py","lineno":405,"name":"parse"},{"filename":"<frozen importlib._bootstrap_external>","lineno":995,"name":"exec_module"},{"filename":"<frozen importlib._bootstrap_external>","lineno":1133,"name":"get_code"},{"filename":"<frozen importlib._bootstrap_external>","lineno":1063,"name":"source_to_code"},{"filename":"<frozen importlib._bootstrap>","lineno":488,"name":"_call_with_frames_removed"}],"is_group":false,"exceptions":[]}]}
{"timestamp":"2025-12-15T12:20:12.986390Z","level":"info","event":"Filling up the DagBag from /opt/airflow/dags/dag.py","logger":"airflow.models.dagbag.DagBag","filename":"dagbag.py","lineno":593}
{"timestamp":"2025-12-15T12:20:12.991544Z","level":"error","event":"Failed to import: /opt/airflow/dags/dag.py","logger":"airflow.models.dagbag.DagBag","filename":"dagbag.py","lineno":415,"error_detail":[{"exc_type":"IndentationError","exc_value":"expected an indented block after 'with' statement on line 52 (dag.py, line 54)","exc_notes":[],"syntax_error":{"offset":5,"filename":"/opt/airflow/dags/dag.py","line":"    conn.execute(\"\"\"\n","lineno":54,"msg":"expected an indented block after 'with' statement on line 52"},"is_cause":false,"frames":[{"filename":"/home/airflow/.local/lib/python3.12/site-packages/airflow/models/dagbag.py","lineno":405,"name":"parse"},{"filename":"<frozen importlib._bootstrap_external>","lineno":995,"name":"exec_module"},{"filename":"<frozen importlib._bootstrap_external>","lineno":1133,"name":"get_code"},{"filename":"<frozen importlib._bootstrap_external>","lineno":1063,"name":"source_to_code"},{"filename":"<frozen importlib._bootstrap>","lineno":488,"name":"_call_with_frames_removed"}],"is_group":false,"exceptions":[]}]}
{"timestamp":"2025-12-15T12:20:43.369652Z","level":"info","event":"Filling up the DagBag from /opt/airflow/dags/dag.py","logger":"airflow.models.dagbag.DagBag","filename":"dagbag.py","lineno":593}
{"timestamp":"2025-12-15T12:20:43.375816Z","level":"error","event":"Failed to import: /opt/airflow/dags/dag.py","logger":"airflow.models.dagbag.DagBag","filename":"dagbag.py","lineno":415,"error_detail":[{"exc_type":"IndentationError","exc_value":"expected an indented block after 'with' statement on line 52 (dag.py, line 54)","exc_notes":[],"syntax_error":{"offset":5,"filename":"/opt/airflow/dags/dag.py","line":"    conn.execute(\"\"\"\n","lineno":54,"msg":"expected an indented block after 'with' statement on line 52"},"is_cause":false,"frames":[{"filename":"/home/airflow/.local/lib/python3.12/site-packages/airflow/models/dagbag.py","lineno":405,"name":"parse"},{"filename":"<frozen importlib._bootstrap_external>","lineno":995,"name":"exec_module"},{"filename":"<frozen importlib._bootstrap_external>","lineno":1133,"name":"get_code"},{"filename":"<frozen importlib._bootstrap_external>","lineno":1063,"name":"source_to_code"},{"filename":"<frozen importlib._bootstrap>","lineno":488,"name":"_call_with_frames_removed"}],"is_group":false,"exceptions":[]}]}
{"timestamp":"2025-12-15T12:21:13.695475Z","level":"info","event":"Filling up the DagBag from /opt/airflow/dags/dag.py","logger":"airflow.models.dagbag.DagBag","filename":"dagbag.py","lineno":593}
{"timestamp":"2025-12-15T12:21:13.701548Z","level":"error","event":"Failed to import: /opt/airflow/dags/dag.py","logger":"airflow.models.dagbag.DagBag","filename":"dagbag.py","lineno":415,"error_detail":[{"exc_type":"IndentationError","exc_value":"expected an indented block after 'with' statement on line 52 (dag.py, line 54)","exc_notes":[],"syntax_error":{"offset":5,"filename":"/opt/airflow/dags/dag.py","line":"    conn.execute(\"\"\"\n","lineno":54,"msg":"expected an indented block after 'with' statement on line 52"},"is_cause":false,"frames":[{"filename":"/home/airflow/.local/lib/python3.12/site-packages/airflow/models/dagbag.py","lineno":405,"name":"parse"},{"filename":"<frozen importlib._bootstrap_external>","lineno":995,"name":"exec_module"},{"filename":"<frozen importlib._bootstrap_external>","lineno":1133,"name":"get_code"},{"filename":"<frozen importlib._bootstrap_external>","lineno":1063,"name":"source_to_code"},{"filename":"<frozen importlib._bootstrap>","lineno":488,"name":"_call_with_frames_removed"}],"is_group":false,"exceptions":[]}]}
{"timestamp":"2025-12-15T12:21:44.066037Z","level":"info","event":"Filling up the DagBag from /opt/airflow/dags/dag.py","logger":"airflow.models.dagbag.DagBag","filename":"dagbag.py","lineno":593}
{"timestamp":"2025-12-15T12:21:44.070085Z","level":"error","event":"Failed to import: /opt/airflow/dags/dag.py","logger":"airflow.models.dagbag.DagBag","filename":"dagbag.py","lineno":415,"error_detail":[{"exc_type":"IndentationError","exc_value":"expected an indented block after 'with' statement on line 52 (dag.py, line 54)","exc_notes":[],"syntax_error":{"offset":5,"filename":"/opt/airflow/dags/dag.py","line":"    conn.execute(\"\"\"\n","lineno":54,"msg":"expected an indented block after 'with' statement on line 52"},"is_cause":false,"frames":[{"filename":"/home/airflow/.local/lib/python3.12/site-packages/airflow/models/dagbag.py","lineno":405,"name":"parse"},{"filename":"<frozen importlib._bootstrap_external>","lineno":995,"name":"exec_module"},{"filename":"<frozen importlib._bootstrap_external>","lineno":1133,"name":"get_code"},{"filename":"<frozen importlib._bootstrap_external>","lineno":1063,"name":"source_to_code"},{"filename":"<frozen importlib._bootstrap>","lineno":488,"name":"_call_with_frames_removed"}],"is_group":false,"exceptions":[]}]}
{"timestamp":"2025-12-15T12:22:14.390059Z","level":"info","event":"Filling up the DagBag from /opt/airflow/dags/dag.py","logger":"airflow.models.dagbag.DagBag","filename":"dagbag.py","lineno":593}
{"timestamp":"2025-12-15T12:22:14.394001Z","level":"error","event":"Failed to import: /opt/airflow/dags/dag.py","logger":"airflow.models.dagbag.DagBag","filename":"dagbag.py","lineno":415,"error_detail":[{"exc_type":"IndentationError","exc_value":"expected an indented block after 'with' statement on line 52 (dag.py, line 54)","exc_notes":[],"syntax_error":{"offset":5,"filename":"/opt/airflow/dags/dag.py","line":"    conn.execute(\"\"\"\n","lineno":54,"msg":"expected an indented block after 'with' statement on line 52"},"is_cause":false,"frames":[{"filename":"/home/airflow/.local/lib/python3.12/site-packages/airflow/models/dagbag.py","lineno":405,"name":"parse"},{"filename":"<frozen importlib._bootstrap_external>","lineno":995,"name":"exec_module"},{"filename":"<frozen importlib._bootstrap_external>","lineno":1133,"name":"get_code"},{"filename":"<frozen importlib._bootstrap_external>","lineno":1063,"name":"source_to_code"},{"filename":"<frozen importlib._bootstrap>","lineno":488,"name":"_call_with_frames_removed"}],"is_group":false,"exceptions":[]}]}
{"timestamp":"2025-12-15T12:22:44.727503Z","level":"info","event":"Filling up the DagBag from /opt/airflow/dags/dag.py","logger":"airflow.models.dagbag.DagBag","filename":"dagbag.py","lineno":593}
{"timestamp":"2025-12-15T12:22:44.732434Z","level":"error","event":"Failed to import: /opt/airflow/dags/dag.py","logger":"airflow.models.dagbag.DagBag","filename":"dagbag.py","lineno":415,"error_detail":[{"exc_type":"IndentationError","exc_value":"expected an indented block after 'with' statement on line 52 (dag.py, line 54)","exc_notes":[],"syntax_error":{"offset":5,"filename":"/opt/airflow/dags/dag.py","line":"    conn.execute(\"\"\"\n","lineno":54,"msg":"expected an indented block after 'with' statement on line 52"},"is_cause":false,"frames":[{"filename":"/home/airflow/.local/lib/python3.12/site-packages/airflow/models/dagbag.py","lineno":405,"name":"parse"},{"filename":"<frozen importlib._bootstrap_external>","lineno":995,"name":"exec_module"},{"filename":"<frozen importlib._bootstrap_external>","lineno":1133,"name":"get_code"},{"filename":"<frozen importlib._bootstrap_external>","lineno":1063,"name":"source_to_code"},{"filename":"<frozen importlib._bootstrap>","lineno":488,"name":"_call_with_frames_removed"}],"is_group":false,"exceptions":[]}]}
{"timestamp":"2025-12-15T12:23:15.115739Z","level":"info","event":"Filling up the DagBag from /opt/airflow/dags/dag.py","logger":"airflow.models.dagbag.DagBag","filename":"dagbag.py","lineno":593}
{"timestamp":"2025-12-15T12:23:15.121730Z","level":"error","event":"Failed to import: /opt/airflow/dags/dag.py","logger":"airflow.models.dagbag.DagBag","filename":"dagbag.py","lineno":415,"error_detail":[{"exc_type":"IndentationError","exc_value":"expected an indented block after 'with' statement on line 52 (dag.py, line 54)","exc_notes":[],"syntax_error":{"offset":5,"filename":"/opt/airflow/dags/dag.py","line":"    conn.execute(\"\"\"\n","lineno":54,"msg":"expected an indented block after 'with' statement on line 52"},"is_cause":false,"frames":[{"filename":"/home/airflow/.local/lib/python3.12/site-packages/airflow/models/dagbag.py","lineno":405,"name":"parse"},{"filename":"<frozen importlib._bootstrap_external>","lineno":995,"name":"exec_module"},{"filename":"<frozen importlib._bootstrap_external>","lineno":1133,"name":"get_code"},{"filename":"<frozen importlib._bootstrap_external>","lineno":1063,"name":"source_to_code"},{"filename":"<frozen importlib._bootstrap>","lineno":488,"name":"_call_with_frames_removed"}],"is_group":false,"exceptions":[]}]}
{"timestamp":"2025-12-15T12:23:45.487351Z","level":"info","event":"Filling up the DagBag from /opt/airflow/dags/dag.py","logger":"airflow.models.dagbag.DagBag","filename":"dagbag.py","lineno":593}
{"timestamp":"2025-12-15T12:23:45.493167Z","level":"error","event":"Failed to import: /opt/airflow/dags/dag.py","logger":"airflow.models.dagbag.DagBag","filename":"dagbag.py","lineno":415,"error_detail":[{"exc_type":"IndentationError","exc_value":"expected an indented block after 'with' statement on line 52 (dag.py, line 54)","exc_notes":[],"syntax_error":{"offset":5,"filename":"/opt/airflow/dags/dag.py","line":"    conn.execute(\"\"\"\n","lineno":54,"msg":"expected an indented block after 'with' statement on line 52"},"is_cause":false,"frames":[{"filename":"/home/airflow/.local/lib/python3.12/site-packages/airflow/models/dagbag.py","lineno":405,"name":"parse"},{"filename":"<frozen importlib._bootstrap_external>","lineno":995,"name":"exec_module"},{"filename":"<frozen importlib._bootstrap_external>","lineno":1133,"name":"get_code"},{"filename":"<frozen importlib._bootstrap_external>","lineno":1063,"name":"source_to_code"},{"filename":"<frozen importlib._bootstrap>","lineno":488,"name":"_call_with_frames_removed"}],"is_group":false,"exceptions":[]}]}
{"timestamp":"2025-12-15T12:24:15.830711Z","level":"info","event":"Filling up the DagBag from /opt/airflow/dags/dag.py","logger":"airflow.models.dagbag.DagBag","filename":"dagbag.py","lineno":593}
{"timestamp":"2025-12-15T12:24:15.833775Z","level":"error","event":"Failed to import: /opt/airflow/dags/dag.py","logger":"airflow.models.dagbag.DagBag","filename":"dagbag.py","lineno":415,"error_detail":[{"exc_type":"IndentationError","exc_value":"expected an indented block after 'with' statement on line 52 (dag.py, line 54)","exc_notes":[],"syntax_error":{"offset":5,"filename":"/opt/airflow/dags/dag.py","line":"    conn.execute(\"\"\"\n","lineno":54,"msg":"expected an indented block after 'with' statement on line 52"},"is_cause":false,"frames":[{"filename":"/home/airflow/.local/lib/python3.12/site-packages/airflow/models/dagbag.py","lineno":405,"name":"parse"},{"filename":"<frozen importlib._bootstrap_external>","lineno":995,"name":"exec_module"},{"filename":"<frozen importlib._bootstrap_external>","lineno":1133,"name":"get_code"},{"filename":"<frozen importlib._bootstrap_external>","lineno":1063,"name":"source_to_code"},{"filename":"<frozen importlib._bootstrap>","lineno":488,"name":"_call_with_frames_removed"}],"is_group":false,"exceptions":[]}]}
{"timestamp":"2025-12-15T12:24:46.125151Z","level":"info","event":"Filling up the DagBag from /opt/airflow/dags/dag.py","logger":"airflow.models.dagbag.DagBag","filename":"dagbag.py","lineno":593}
{"timestamp":"2025-12-15T12:24:46.130084Z","level":"error","event":"Failed to import: /opt/airflow/dags/dag.py","logger":"airflow.models.dagbag.DagBag","filename":"dagbag.py","lineno":415,"error_detail":[{"exc_type":"IndentationError","exc_value":"expected an indented block after 'with' statement on line 52 (dag.py, line 54)","exc_notes":[],"syntax_error":{"offset":5,"filename":"/opt/airflow/dags/dag.py","line":"    conn.execute(\"\"\"\n","lineno":54,"msg":"expected an indented block after 'with' statement on line 52"},"is_cause":false,"frames":[{"filename":"/home/airflow/.local/lib/python3.12/site-packages/airflow/models/dagbag.py","lineno":405,"name":"parse"},{"filename":"<frozen importlib._bootstrap_external>","lineno":995,"name":"exec_module"},{"filename":"<frozen importlib._bootstrap_external>","lineno":1133,"name":"get_code"},{"filename":"<frozen importlib._bootstrap_external>","lineno":1063,"name":"source_to_code"},{"filename":"<frozen importlib._bootstrap>","lineno":488,"name":"_call_with_frames_removed"}],"is_group":false,"exceptions":[]}]}
{"timestamp":"2025-12-15T12:25:16.476453Z","level":"info","event":"Filling up the DagBag from /opt/airflow/dags/dag.py","logger":"airflow.models.dagbag.DagBag","filename":"dagbag.py","lineno":593}
{"timestamp":"2025-12-15T12:25:16.479456Z","level":"error","event":"Failed to import: /opt/airflow/dags/dag.py","logger":"airflow.models.dagbag.DagBag","filename":"dagbag.py","lineno":415,"error_detail":[{"exc_type":"IndentationError","exc_value":"expected an indented block after 'with' statement on line 52 (dag.py, line 54)","exc_notes":[],"syntax_error":{"offset":5,"filename":"/opt/airflow/dags/dag.py","line":"    conn.execute(\"\"\"\n","lineno":54,"msg":"expected an indented block after 'with' statement on line 52"},"is_cause":false,"frames":[{"filename":"/home/airflow/.local/lib/python3.12/site-packages/airflow/models/dagbag.py","lineno":405,"name":"parse"},{"filename":"<frozen importlib._bootstrap_external>","lineno":995,"name":"exec_module"},{"filename":"<frozen importlib._bootstrap_external>","lineno":1133,"name":"get_code"},{"filename":"<frozen importlib._bootstrap_external>","lineno":1063,"name":"source_to_code"},{"filename":"<frozen importlib._bootstrap>","lineno":488,"name":"_call_with_frames_removed"}],"is_group":false,"exceptions":[]}]}
{"timestamp":"2025-12-15T12:25:46.840402Z","level":"info","event":"Filling up the DagBag from /opt/airflow/dags/dag.py","logger":"airflow.models.dagbag.DagBag","filename":"dagbag.py","lineno":593}
{"timestamp":"2025-12-15T12:25:46.844303Z","level":"error","event":"Failed to import: /opt/airflow/dags/dag.py","logger":"airflow.models.dagbag.DagBag","filename":"dagbag.py","lineno":415,"error_detail":[{"exc_type":"IndentationError","exc_value":"expected an indented block after 'with' statement on line 52 (dag.py, line 54)","exc_notes":[],"syntax_error":{"offset":5,"filename":"/opt/airflow/dags/dag.py","line":"    conn.execute(\"\"\"\n","lineno":54,"msg":"expected an indented block after 'with' statement on line 52"},"is_cause":false,"frames":[{"filename":"/home/airflow/.local/lib/python3.12/site-packages/airflow/models/dagbag.py","lineno":405,"name":"parse"},{"filename":"<frozen importlib._bootstrap_external>","lineno":995,"name":"exec_module"},{"filename":"<frozen importlib._bootstrap_external>","lineno":1133,"name":"get_code"},{"filename":"<frozen importlib._bootstrap_external>","lineno":1063,"name":"source_to_code"},{"filename":"<frozen importlib._bootstrap>","lineno":488,"name":"_call_with_frames_removed"}],"is_group":false,"exceptions":[]}]}
{"timestamp":"2025-12-15T12:33:13.794766Z","level":"info","event":"Filling up the DagBag from /opt/airflow/dags/dag.py","logger":"airflow.models.dagbag.DagBag","filename":"dagbag.py","lineno":593}
{"timestamp":"2025-12-15T12:33:13.798666Z","level":"error","event":"Failed to import: /opt/airflow/dags/dag.py","logger":"airflow.models.dagbag.DagBag","filename":"dagbag.py","lineno":415,"error_detail":[{"exc_type":"IndentationError","exc_value":"expected an indented block after 'with' statement on line 52 (dag.py, line 54)","exc_notes":[],"syntax_error":{"offset":5,"filename":"/opt/airflow/dags/dag.py","line":"    conn.execute(\"\"\"\n","lineno":54,"msg":"expected an indented block after 'with' statement on line 52"},"is_cause":false,"frames":[{"filename":"/home/airflow/.local/lib/python3.12/site-packages/airflow/models/dagbag.py","lineno":405,"name":"parse"},{"filename":"<frozen importlib._bootstrap_external>","lineno":995,"name":"exec_module"},{"filename":"<frozen importlib._bootstrap_external>","lineno":1133,"name":"get_code"},{"filename":"<frozen importlib._bootstrap_external>","lineno":1063,"name":"source_to_code"},{"filename":"<frozen importlib._bootstrap>","lineno":488,"name":"_call_with_frames_removed"}],"is_group":false,"exceptions":[]}]}
{"timestamp":"2025-12-15T12:33:44.211828Z","level":"info","event":"Filling up the DagBag from /opt/airflow/dags/dag.py","logger":"airflow.models.dagbag.DagBag","filename":"dagbag.py","lineno":593}
{"timestamp":"2025-12-15T12:33:44.216348Z","level":"error","event":"Failed to import: /opt/airflow/dags/dag.py","logger":"airflow.models.dagbag.DagBag","filename":"dagbag.py","lineno":415,"error_detail":[{"exc_type":"IndentationError","exc_value":"expected an indented block after 'with' statement on line 52 (dag.py, line 54)","exc_notes":[],"syntax_error":{"offset":5,"filename":"/opt/airflow/dags/dag.py","line":"    conn.execute(\"\"\"\n","lineno":54,"msg":"expected an indented block after 'with' statement on line 52"},"is_cause":false,"frames":[{"filename":"/home/airflow/.local/lib/python3.12/site-packages/airflow/models/dagbag.py","lineno":405,"name":"parse"},{"filename":"<frozen importlib._bootstrap_external>","lineno":995,"name":"exec_module"},{"filename":"<frozen importlib._bootstrap_external>","lineno":1133,"name":"get_code"},{"filename":"<frozen importlib._bootstrap_external>","lineno":1063,"name":"source_to_code"},{"filename":"<frozen importlib._bootstrap>","lineno":488,"name":"_call_with_frames_removed"}],"is_group":false,"exceptions":[]}]}
{"timestamp":"2025-12-15T12:33:50.328012Z","level":"info","event":"Filling up the DagBag from /opt/airflow/dags/dag.py","logger":"airflow.models.dagbag.DagBag","filename":"dagbag.py","lineno":593}
{"timestamp":"2025-12-15T12:33:50.332041Z","level":"error","event":"Failed to import: /opt/airflow/dags/dag.py","logger":"airflow.models.dagbag.DagBag","filename":"dagbag.py","lineno":415,"error_detail":[{"exc_type":"IndentationError","exc_value":"expected an indented block after 'with' statement on line 53 (dag.py, line 55)","exc_notes":[],"syntax_error":{"offset":5,"filename":"/opt/airflow/dags/dag.py","line":"    conn.execute(\"\"\"\n","lineno":55,"msg":"expected an indented block after 'with' statement on line 53"},"is_cause":false,"frames":[{"filename":"/home/airflow/.local/lib/python3.12/site-packages/airflow/models/dagbag.py","lineno":405,"name":"parse"},{"filename":"<frozen importlib._bootstrap_external>","lineno":995,"name":"exec_module"},{"filename":"<frozen importlib._bootstrap_external>","lineno":1133,"name":"get_code"},{"filename":"<frozen importlib._bootstrap_external>","lineno":1063,"name":"source_to_code"},{"filename":"<frozen importlib._bootstrap>","lineno":488,"name":"_call_with_frames_removed"}],"is_group":false,"exceptions":[]}]}
{"timestamp":"2025-12-15T12:34:20.697894Z","level":"info","event":"Filling up the DagBag from /opt/airflow/dags/dag.py","logger":"airflow.models.dagbag.DagBag","filename":"dagbag.py","lineno":593}
{"timestamp":"2025-12-15T12:34:20.702946Z","level":"error","event":"Failed to import: /opt/airflow/dags/dag.py","logger":"airflow.models.dagbag.DagBag","filename":"dagbag.py","lineno":415,"error_detail":[{"exc_type":"IndentationError","exc_value":"expected an indented block after 'with' statement on line 53 (dag.py, line 55)","exc_notes":[],"syntax_error":{"offset":5,"filename":"/opt/airflow/dags/dag.py","line":"    conn.execute(\"\"\"\n","lineno":55,"msg":"expected an indented block after 'with' statement on line 53"},"is_cause":false,"frames":[{"filename":"/home/airflow/.local/lib/python3.12/site-packages/airflow/models/dagbag.py","lineno":405,"name":"parse"},{"filename":"<frozen importlib._bootstrap_external>","lineno":995,"name":"exec_module"},{"filename":"<frozen importlib._bootstrap_external>","lineno":1133,"name":"get_code"},{"filename":"<frozen importlib._bootstrap_external>","lineno":1063,"name":"source_to_code"},{"filename":"<frozen importlib._bootstrap>","lineno":488,"name":"_call_with_frames_removed"}],"is_group":false,"exceptions":[]}]}
{"timestamp":"2025-12-15T12:34:51.037750Z","level":"info","event":"Filling up the DagBag from /opt/airflow/dags/dag.py","logger":"airflow.models.dagbag.DagBag","filename":"dagbag.py","lineno":593}
{"timestamp":"2025-12-15T12:34:51.041003Z","level":"error","event":"Failed to import: /opt/airflow/dags/dag.py","logger":"airflow.models.dagbag.DagBag","filename":"dagbag.py","lineno":415,"error_detail":[{"exc_type":"IndentationError","exc_value":"expected an indented block after 'with' statement on line 53 (dag.py, line 55)","exc_notes":[],"syntax_error":{"offset":5,"filename":"/opt/airflow/dags/dag.py","line":"    conn.execute(\"\"\"\n","lineno":55,"msg":"expected an indented block after 'with' statement on line 53"},"is_cause":false,"frames":[{"filename":"/home/airflow/.local/lib/python3.12/site-packages/airflow/models/dagbag.py","lineno":405,"name":"parse"},{"filename":"<frozen importlib._bootstrap_external>","lineno":995,"name":"exec_module"},{"filename":"<frozen importlib._bootstrap_external>","lineno":1133,"name":"get_code"},{"filename":"<frozen importlib._bootstrap_external>","lineno":1063,"name":"source_to_code"},{"filename":"<frozen importlib._bootstrap>","lineno":488,"name":"_call_with_frames_removed"}],"is_group":false,"exceptions":[]}]}
{"timestamp":"2025-12-15T12:35:21.375015Z","level":"info","event":"Filling up the DagBag from /opt/airflow/dags/dag.py","logger":"airflow.models.dagbag.DagBag","filename":"dagbag.py","lineno":593}
{"timestamp":"2025-12-15T12:35:21.379618Z","level":"error","event":"Failed to import: /opt/airflow/dags/dag.py","logger":"airflow.models.dagbag.DagBag","filename":"dagbag.py","lineno":415,"error_detail":[{"exc_type":"IndentationError","exc_value":"expected an indented block after 'with' statement on line 53 (dag.py, line 55)","exc_notes":[],"syntax_error":{"offset":5,"filename":"/opt/airflow/dags/dag.py","line":"    conn.execute(\"\"\"\n","lineno":55,"msg":"expected an indented block after 'with' statement on line 53"},"is_cause":false,"frames":[{"filename":"/home/airflow/.local/lib/python3.12/site-packages/airflow/models/dagbag.py","lineno":405,"name":"parse"},{"filename":"<frozen importlib._bootstrap_external>","lineno":995,"name":"exec_module"},{"filename":"<frozen importlib._bootstrap_external>","lineno":1133,"name":"get_code"},{"filename":"<frozen importlib._bootstrap_external>","lineno":1063,"name":"source_to_code"},{"filename":"<frozen importlib._bootstrap>","lineno":488,"name":"_call_with_frames_removed"}],"is_group":false,"exceptions":[]}]}
{"timestamp":"2025-12-15T12:35:51.753274Z","level":"info","event":"Filling up the DagBag from /opt/airflow/dags/dag.py","logger":"airflow.models.dagbag.DagBag","filename":"dagbag.py","lineno":593}
{"timestamp":"2025-12-15T12:35:51.756677Z","level":"error","event":"Failed to import: /opt/airflow/dags/dag.py","logger":"airflow.models.dagbag.DagBag","filename":"dagbag.py","lineno":415,"error_detail":[{"exc_type":"IndentationError","exc_value":"expected an indented block after 'with' statement on line 53 (dag.py, line 55)","exc_notes":[],"syntax_error":{"offset":5,"filename":"/opt/airflow/dags/dag.py","line":"    conn.execute(\"\"\"\n","lineno":55,"msg":"expected an indented block after 'with' statement on line 53"},"is_cause":false,"frames":[{"filename":"/home/airflow/.local/lib/python3.12/site-packages/airflow/models/dagbag.py","lineno":405,"name":"parse"},{"filename":"<frozen importlib._bootstrap_external>","lineno":995,"name":"exec_module"},{"filename":"<frozen importlib._bootstrap_external>","lineno":1133,"name":"get_code"},{"filename":"<frozen importlib._bootstrap_external>","lineno":1063,"name":"source_to_code"},{"filename":"<frozen importlib._bootstrap>","lineno":488,"name":"_call_with_frames_removed"}],"is_group":false,"exceptions":[]}]}
{"timestamp":"2025-12-15T12:36:22.134091Z","level":"info","event":"Filling up the DagBag from /opt/airflow/dags/dag.py","logger":"airflow.models.dagbag.DagBag","filename":"dagbag.py","lineno":593}
{"timestamp":"2025-12-15T12:36:22.138635Z","level":"error","event":"Failed to import: /opt/airflow/dags/dag.py","logger":"airflow.models.dagbag.DagBag","filename":"dagbag.py","lineno":415,"error_detail":[{"exc_type":"IndentationError","exc_value":"expected an indented block after 'with' statement on line 53 (dag.py, line 55)","exc_notes":[],"syntax_error":{"offset":5,"filename":"/opt/airflow/dags/dag.py","line":"    conn.execute(\"\"\"\n","lineno":55,"msg":"expected an indented block after 'with' statement on line 53"},"is_cause":false,"frames":[{"filename":"/home/airflow/.local/lib/python3.12/site-packages/airflow/models/dagbag.py","lineno":405,"name":"parse"},{"filename":"<frozen importlib._bootstrap_external>","lineno":995,"name":"exec_module"},{"filename":"<frozen importlib._bootstrap_external>","lineno":1133,"name":"get_code"},{"filename":"<frozen importlib._bootstrap_external>","lineno":1063,"name":"source_to_code"},{"filename":"<frozen importlib._bootstrap>","lineno":488,"name":"_call_with_frames_removed"}],"is_group":false,"exceptions":[]}]}
{"timestamp":"2025-12-15T12:36:52.494301Z","level":"info","event":"Filling up the DagBag from /opt/airflow/dags/dag.py","logger":"airflow.models.dagbag.DagBag","filename":"dagbag.py","lineno":593}
{"timestamp":"2025-12-15T12:36:52.500447Z","level":"error","event":"Failed to import: /opt/airflow/dags/dag.py","logger":"airflow.models.dagbag.DagBag","filename":"dagbag.py","lineno":415,"error_detail":[{"exc_type":"IndentationError","exc_value":"expected an indented block after 'with' statement on line 53 (dag.py, line 55)","exc_notes":[],"syntax_error":{"offset":5,"filename":"/opt/airflow/dags/dag.py","line":"    conn.execute(\"\"\"\n","lineno":55,"msg":"expected an indented block after 'with' statement on line 53"},"is_cause":false,"frames":[{"filename":"/home/airflow/.local/lib/python3.12/site-packages/airflow/models/dagbag.py","lineno":405,"name":"parse"},{"filename":"<frozen importlib._bootstrap_external>","lineno":995,"name":"exec_module"},{"filename":"<frozen importlib._bootstrap_external>","lineno":1133,"name":"get_code"},{"filename":"<frozen importlib._bootstrap_external>","lineno":1063,"name":"source_to_code"},{"filename":"<frozen importlib._bootstrap>","lineno":488,"name":"_call_with_frames_removed"}],"is_group":false,"exceptions":[]}]}
{"timestamp":"2025-12-15T12:37:22.894049Z","level":"info","event":"Filling up the DagBag from /opt/airflow/dags/dag.py","logger":"airflow.models.dagbag.DagBag","filename":"dagbag.py","lineno":593}
{"timestamp":"2025-12-15T12:37:22.898954Z","level":"error","event":"Failed to import: /opt/airflow/dags/dag.py","logger":"airflow.models.dagbag.DagBag","filename":"dagbag.py","lineno":415,"error_detail":[{"exc_type":"IndentationError","exc_value":"expected an indented block after 'with' statement on line 53 (dag.py, line 55)","exc_notes":[],"syntax_error":{"offset":5,"filename":"/opt/airflow/dags/dag.py","line":"    conn.execute(\"\"\"\n","lineno":55,"msg":"expected an indented block after 'with' statement on line 53"},"is_cause":false,"frames":[{"filename":"/home/airflow/.local/lib/python3.12/site-packages/airflow/models/dagbag.py","lineno":405,"name":"parse"},{"filename":"<frozen importlib._bootstrap_external>","lineno":995,"name":"exec_module"},{"filename":"<frozen importlib._bootstrap_external>","lineno":1133,"name":"get_code"},{"filename":"<frozen importlib._bootstrap_external>","lineno":1063,"name":"source_to_code"},{"filename":"<frozen importlib._bootstrap>","lineno":488,"name":"_call_with_frames_removed"}],"is_group":false,"exceptions":[]}]}
{"timestamp":"2025-12-15T12:37:53.260195Z","level":"info","event":"Filling up the DagBag from /opt/airflow/dags/dag.py","logger":"airflow.models.dagbag.DagBag","filename":"dagbag.py","lineno":593}
{"timestamp":"2025-12-15T12:37:53.265548Z","level":"error","event":"Failed to import: /opt/airflow/dags/dag.py","logger":"airflow.models.dagbag.DagBag","filename":"dagbag.py","lineno":415,"error_detail":[{"exc_type":"IndentationError","exc_value":"expected an indented block after 'with' statement on line 53 (dag.py, line 55)","exc_notes":[],"syntax_error":{"offset":5,"filename":"/opt/airflow/dags/dag.py","line":"    conn.execute(\"\"\"\n","lineno":55,"msg":"expected an indented block after 'with' statement on line 53"},"is_cause":false,"frames":[{"filename":"/home/airflow/.local/lib/python3.12/site-packages/airflow/models/dagbag.py","lineno":405,"name":"parse"},{"filename":"<frozen importlib._bootstrap_external>","lineno":995,"name":"exec_module"},{"filename":"<frozen importlib._bootstrap_external>","lineno":1133,"name":"get_code"},{"filename":"<frozen importlib._bootstrap_external>","lineno":1063,"name":"source_to_code"},{"filename":"<frozen importlib._bootstrap>","lineno":488,"name":"_call_with_frames_removed"}],"is_group":false,"exceptions":[]}]}
{"timestamp":"2025-12-15T12:38:23.656384Z","level":"info","event":"Filling up the DagBag from /opt/airflow/dags/dag.py","logger":"airflow.models.dagbag.DagBag","filename":"dagbag.py","lineno":593}
{"timestamp":"2025-12-15T12:38:23.662238Z","level":"error","event":"Failed to import: /opt/airflow/dags/dag.py","logger":"airflow.models.dagbag.DagBag","filename":"dagbag.py","lineno":415,"error_detail":[{"exc_type":"IndentationError","exc_value":"expected an indented block after 'with' statement on line 53 (dag.py, line 55)","exc_notes":[],"syntax_error":{"offset":5,"filename":"/opt/airflow/dags/dag.py","line":"    conn.execute(\"\"\"\n","lineno":55,"msg":"expected an indented block after 'with' statement on line 53"},"is_cause":false,"frames":[{"filename":"/home/airflow/.local/lib/python3.12/site-packages/airflow/models/dagbag.py","lineno":405,"name":"parse"},{"filename":"<frozen importlib._bootstrap_external>","lineno":995,"name":"exec_module"},{"filename":"<frozen importlib._bootstrap_external>","lineno":1133,"name":"get_code"},{"filename":"<frozen importlib._bootstrap_external>","lineno":1063,"name":"source_to_code"},{"filename":"<frozen importlib._bootstrap>","lineno":488,"name":"_call_with_frames_removed"}],"is_group":false,"exceptions":[]}]}
{"timestamp":"2025-12-15T12:38:54.010136Z","level":"info","event":"Filling up the DagBag from /opt/airflow/dags/dag.py","logger":"airflow.models.dagbag.DagBag","filename":"dagbag.py","lineno":593}
{"timestamp":"2025-12-15T12:38:54.014769Z","level":"error","event":"Failed to import: /opt/airflow/dags/dag.py","logger":"airflow.models.dagbag.DagBag","filename":"dagbag.py","lineno":415,"error_detail":[{"exc_type":"IndentationError","exc_value":"expected an indented block after 'with' statement on line 53 (dag.py, line 55)","exc_notes":[],"syntax_error":{"offset":5,"filename":"/opt/airflow/dags/dag.py","line":"    conn.execute(\"\"\"\n","lineno":55,"msg":"expected an indented block after 'with' statement on line 53"},"is_cause":false,"frames":[{"filename":"/home/airflow/.local/lib/python3.12/site-packages/airflow/models/dagbag.py","lineno":405,"name":"parse"},{"filename":"<frozen importlib._bootstrap_external>","lineno":995,"name":"exec_module"},{"filename":"<frozen importlib._bootstrap_external>","lineno":1133,"name":"get_code"},{"filename":"<frozen importlib._bootstrap_external>","lineno":1063,"name":"source_to_code"},{"filename":"<frozen importlib._bootstrap>","lineno":488,"name":"_call_with_frames_removed"}],"is_group":false,"exceptions":[]}]}
{"timestamp":"2025-12-15T12:39:24.331984Z","level":"info","event":"Filling up the DagBag from /opt/airflow/dags/dag.py","logger":"airflow.models.dagbag.DagBag","filename":"dagbag.py","lineno":593}
{"timestamp":"2025-12-15T12:39:24.336849Z","level":"error","event":"Failed to import: /opt/airflow/dags/dag.py","logger":"airflow.models.dagbag.DagBag","filename":"dagbag.py","lineno":415,"error_detail":[{"exc_type":"IndentationError","exc_value":"expected an indented block after 'with' statement on line 53 (dag.py, line 55)","exc_notes":[],"syntax_error":{"offset":5,"filename":"/opt/airflow/dags/dag.py","line":"    conn.execute(\"\"\"\n","lineno":55,"msg":"expected an indented block after 'with' statement on line 53"},"is_cause":false,"frames":[{"filename":"/home/airflow/.local/lib/python3.12/site-packages/airflow/models/dagbag.py","lineno":405,"name":"parse"},{"filename":"<frozen importlib._bootstrap_external>","lineno":995,"name":"exec_module"},{"filename":"<frozen importlib._bootstrap_external>","lineno":1133,"name":"get_code"},{"filename":"<frozen importlib._bootstrap_external>","lineno":1063,"name":"source_to_code"},{"filename":"<frozen importlib._bootstrap>","lineno":488,"name":"_call_with_frames_removed"}],"is_group":false,"exceptions":[]}]}
{"timestamp":"2025-12-15T12:39:54.704781Z","level":"info","event":"Filling up the DagBag from /opt/airflow/dags/dag.py","logger":"airflow.models.dagbag.DagBag","filename":"dagbag.py","lineno":593}
{"timestamp":"2025-12-15T12:39:54.709368Z","level":"error","event":"Failed to import: /opt/airflow/dags/dag.py","logger":"airflow.models.dagbag.DagBag","filename":"dagbag.py","lineno":415,"error_detail":[{"exc_type":"IndentationError","exc_value":"expected an indented block after 'with' statement on line 53 (dag.py, line 55)","exc_notes":[],"syntax_error":{"offset":5,"filename":"/opt/airflow/dags/dag.py","line":"    conn.execute(\"\"\"\n","lineno":55,"msg":"expected an indented block after 'with' statement on line 53"},"is_cause":false,"frames":[{"filename":"/home/airflow/.local/lib/python3.12/site-packages/airflow/models/dagbag.py","lineno":405,"name":"parse"},{"filename":"<frozen importlib._bootstrap_external>","lineno":995,"name":"exec_module"},{"filename":"<frozen importlib._bootstrap_external>","lineno":1133,"name":"get_code"},{"filename":"<frozen importlib._bootstrap_external>","lineno":1063,"name":"source_to_code"},{"filename":"<frozen importlib._bootstrap>","lineno":488,"name":"_call_with_frames_removed"}],"is_group":false,"exceptions":[]}]}
{"timestamp":"2025-12-15T12:40:25.089347Z","level":"info","event":"Filling up the DagBag from /opt/airflow/dags/dag.py","logger":"airflow.models.dagbag.DagBag","filename":"dagbag.py","lineno":593}
{"timestamp":"2025-12-15T12:40:25.094534Z","level":"error","event":"Failed to import: /opt/airflow/dags/dag.py","logger":"airflow.models.dagbag.DagBag","filename":"dagbag.py","lineno":415,"error_detail":[{"exc_type":"IndentationError","exc_value":"expected an indented block after 'with' statement on line 53 (dag.py, line 55)","exc_notes":[],"syntax_error":{"offset":5,"filename":"/opt/airflow/dags/dag.py","line":"    conn.execute(\"\"\"\n","lineno":55,"msg":"expected an indented block after 'with' statement on line 53"},"is_cause":false,"frames":[{"filename":"/home/airflow/.local/lib/python3.12/site-packages/airflow/models/dagbag.py","lineno":405,"name":"parse"},{"filename":"<frozen importlib._bootstrap_external>","lineno":995,"name":"exec_module"},{"filename":"<frozen importlib._bootstrap_external>","lineno":1133,"name":"get_code"},{"filename":"<frozen importlib._bootstrap_external>","lineno":1063,"name":"source_to_code"},{"filename":"<frozen importlib._bootstrap>","lineno":488,"name":"_call_with_frames_removed"}],"is_group":false,"exceptions":[]}]}
{"timestamp":"2025-12-15T12:40:55.467706Z","level":"info","event":"Filling up the DagBag from /opt/airflow/dags/dag.py","logger":"airflow.models.dagbag.DagBag","filename":"dagbag.py","lineno":593}
{"timestamp":"2025-12-15T12:40:55.473757Z","level":"error","event":"Failed to import: /opt/airflow/dags/dag.py","logger":"airflow.models.dagbag.DagBag","filename":"dagbag.py","lineno":415,"error_detail":[{"exc_type":"IndentationError","exc_value":"expected an indented block after 'with' statement on line 53 (dag.py, line 55)","exc_notes":[],"syntax_error":{"offset":5,"filename":"/opt/airflow/dags/dag.py","line":"    conn.execute(\"\"\"\n","lineno":55,"msg":"expected an indented block after 'with' statement on line 53"},"is_cause":false,"frames":[{"filename":"/home/airflow/.local/lib/python3.12/site-packages/airflow/models/dagbag.py","lineno":405,"name":"parse"},{"filename":"<frozen importlib._bootstrap_external>","lineno":995,"name":"exec_module"},{"filename":"<frozen importlib._bootstrap_external>","lineno":1133,"name":"get_code"},{"filename":"<frozen importlib._bootstrap_external>","lineno":1063,"name":"source_to_code"},{"filename":"<frozen importlib._bootstrap>","lineno":488,"name":"_call_with_frames_removed"}],"is_group":false,"exceptions":[]}]}
{"timestamp":"2025-12-15T13:00:28.748945Z","level":"info","event":"Filling up the DagBag from /opt/airflow/dags/dag.py","logger":"airflow.models.dagbag.DagBag","filename":"dagbag.py","lineno":593}
{"timestamp":"2025-12-15T13:00:28.753644Z","level":"error","event":"Failed to import: /opt/airflow/dags/dag.py","logger":"airflow.models.dagbag.DagBag","filename":"dagbag.py","lineno":415,"error_detail":[{"exc_type":"IndentationError","exc_value":"expected an indented block after 'with' statement on line 53 (dag.py, line 55)","exc_notes":[],"syntax_error":{"offset":5,"filename":"/opt/airflow/dags/dag.py","line":"    conn.execute(\"\"\"\n","lineno":55,"msg":"expected an indented block after 'with' statement on line 53"},"is_cause":false,"frames":[{"filename":"/home/airflow/.local/lib/python3.12/site-packages/airflow/models/dagbag.py","lineno":405,"name":"parse"},{"filename":"<frozen importlib._bootstrap_external>","lineno":995,"name":"exec_module"},{"filename":"<frozen importlib._bootstrap_external>","lineno":1133,"name":"get_code"},{"filename":"<frozen importlib._bootstrap_external>","lineno":1063,"name":"source_to_code"},{"filename":"<frozen importlib._bootstrap>","lineno":488,"name":"_call_with_frames_removed"}],"is_group":false,"exceptions":[]}]}
{"timestamp":"2025-12-15T13:09:22.815152Z","level":"info","event":"Filling up the DagBag from /opt/airflow/dags/dag.py","logger":"airflow.models.dagbag.DagBag","filename":"dagbag.py","lineno":593}
{"timestamp":"2025-12-15T13:09:22.822137Z","level":"error","event":"Failed to import: /opt/airflow/dags/dag.py","logger":"airflow.models.dagbag.DagBag","filename":"dagbag.py","lineno":415,"error_detail":[{"exc_type":"IndentationError","exc_value":"expected an indented block after 'with' statement on line 53 (dag.py, line 55)","exc_notes":[],"syntax_error":{"offset":5,"filename":"/opt/airflow/dags/dag.py","line":"    conn.execute(\"\"\"\n","lineno":55,"msg":"expected an indented block after 'with' statement on line 53"},"is_cause":false,"frames":[{"filename":"/home/airflow/.local/lib/python3.12/site-packages/airflow/models/dagbag.py","lineno":405,"name":"parse"},{"filename":"<frozen importlib._bootstrap_external>","lineno":995,"name":"exec_module"},{"filename":"<frozen importlib._bootstrap_external>","lineno":1133,"name":"get_code"},{"filename":"<frozen importlib._bootstrap_external>","lineno":1063,"name":"source_to_code"},{"filename":"<frozen importlib._bootstrap>","lineno":488,"name":"_call_with_frames_removed"}],"is_group":false,"exceptions":[]}]}
{"timestamp":"2025-12-15T13:09:53.159077Z","level":"info","event":"Filling up the DagBag from /opt/airflow/dags/dag.py","logger":"airflow.models.dagbag.DagBag","filename":"dagbag.py","lineno":593}
{"timestamp":"2025-12-15T13:09:53.161678Z","level":"error","event":"Failed to import: /opt/airflow/dags/dag.py","logger":"airflow.models.dagbag.DagBag","filename":"dagbag.py","lineno":415,"error_detail":[{"exc_type":"IndentationError","exc_value":"expected an indented block after 'with' statement on line 53 (dag.py, line 55)","exc_notes":[],"syntax_error":{"offset":5,"filename":"/opt/airflow/dags/dag.py","line":"    conn.execute(\"\"\"\n","lineno":55,"msg":"expected an indented block after 'with' statement on line 53"},"is_cause":false,"frames":[{"filename":"/home/airflow/.local/lib/python3.12/site-packages/airflow/models/dagbag.py","lineno":405,"name":"parse"},{"filename":"<frozen importlib._bootstrap_external>","lineno":995,"name":"exec_module"},{"filename":"<frozen importlib._bootstrap_external>","lineno":1133,"name":"get_code"},{"filename":"<frozen importlib._bootstrap_external>","lineno":1063,"name":"source_to_code"},{"filename":"<frozen importlib._bootstrap>","lineno":488,"name":"_call_with_frames_removed"}],"is_group":false,"exceptions":[]}]}
{"timestamp":"2025-12-15T13:10:23.532977Z","level":"info","event":"Filling up the DagBag from /opt/airflow/dags/dag.py","logger":"airflow.models.dagbag.DagBag","filename":"dagbag.py","lineno":593}
{"timestamp":"2025-12-15T13:10:23.536778Z","level":"error","event":"Failed to import: /opt/airflow/dags/dag.py","logger":"airflow.models.dagbag.DagBag","filename":"dagbag.py","lineno":415,"error_detail":[{"exc_type":"IndentationError","exc_value":"expected an indented block after 'with' statement on line 53 (dag.py, line 55)","exc_notes":[],"syntax_error":{"offset":5,"filename":"/opt/airflow/dags/dag.py","line":"    conn.execute(\"\"\"\n","lineno":55,"msg":"expected an indented block after 'with' statement on line 53"},"is_cause":false,"frames":[{"filename":"/home/airflow/.local/lib/python3.12/site-packages/airflow/models/dagbag.py","lineno":405,"name":"parse"},{"filename":"<frozen importlib._bootstrap_external>","lineno":995,"name":"exec_module"},{"filename":"<frozen importlib._bootstrap_external>","lineno":1133,"name":"get_code"},{"filename":"<frozen importlib._bootstrap_external>","lineno":1063,"name":"source_to_code"},{"filename":"<frozen importlib._bootstrap>","lineno":488,"name":"_call_with_frames_removed"}],"is_group":false,"exceptions":[]}]}
{"timestamp":"2025-12-15T13:10:53.826391Z","level":"info","event":"Filling up the DagBag from /opt/airflow/dags/dag.py","logger":"airflow.models.dagbag.DagBag","filename":"dagbag.py","lineno":593}
{"timestamp":"2025-12-15T13:10:53.829858Z","level":"error","event":"Failed to import: /opt/airflow/dags/dag.py","logger":"airflow.models.dagbag.DagBag","filename":"dagbag.py","lineno":415,"error_detail":[{"exc_type":"IndentationError","exc_value":"expected an indented block after 'with' statement on line 53 (dag.py, line 55)","exc_notes":[],"syntax_error":{"offset":5,"filename":"/opt/airflow/dags/dag.py","line":"    conn.execute(\"\"\"\n","lineno":55,"msg":"expected an indented block after 'with' statement on line 53"},"is_cause":false,"frames":[{"filename":"/home/airflow/.local/lib/python3.12/site-packages/airflow/models/dagbag.py","lineno":405,"name":"parse"},{"filename":"<frozen importlib._bootstrap_external>","lineno":995,"name":"exec_module"},{"filename":"<frozen importlib._bootstrap_external>","lineno":1133,"name":"get_code"},{"filename":"<frozen importlib._bootstrap_external>","lineno":1063,"name":"source_to_code"},{"filename":"<frozen importlib._bootstrap>","lineno":488,"name":"_call_with_frames_removed"}],"is_group":false,"exceptions":[]}]}
{"timestamp":"2025-12-15T13:11:24.154486Z","level":"info","event":"Filling up the DagBag from /opt/airflow/dags/dag.py","logger":"airflow.models.dagbag.DagBag","filename":"dagbag.py","lineno":593}
{"timestamp":"2025-12-15T13:11:24.159547Z","level":"error","event":"Failed to import: /opt/airflow/dags/dag.py","logger":"airflow.models.dagbag.DagBag","filename":"dagbag.py","lineno":415,"error_detail":[{"exc_type":"IndentationError","exc_value":"expected an indented block after 'with' statement on line 53 (dag.py, line 55)","exc_notes":[],"syntax_error":{"offset":5,"filename":"/opt/airflow/dags/dag.py","line":"    conn.execute(\"\"\"\n","lineno":55,"msg":"expected an indented block after 'with' statement on line 53"},"is_cause":false,"frames":[{"filename":"/home/airflow/.local/lib/python3.12/site-packages/airflow/models/dagbag.py","lineno":405,"name":"parse"},{"filename":"<frozen importlib._bootstrap_external>","lineno":995,"name":"exec_module"},{"filename":"<frozen importlib._bootstrap_external>","lineno":1133,"name":"get_code"},{"filename":"<frozen importlib._bootstrap_external>","lineno":1063,"name":"source_to_code"},{"filename":"<frozen importlib._bootstrap>","lineno":488,"name":"_call_with_frames_removed"}],"is_group":false,"exceptions":[]}]}
{"timestamp":"2025-12-15T13:11:54.547680Z","level":"info","event":"Filling up the DagBag from /opt/airflow/dags/dag.py","logger":"airflow.models.dagbag.DagBag","filename":"dagbag.py","lineno":593}
{"timestamp":"2025-12-15T13:11:54.552221Z","level":"error","event":"Failed to import: /opt/airflow/dags/dag.py","logger":"airflow.models.dagbag.DagBag","filename":"dagbag.py","lineno":415,"error_detail":[{"exc_type":"IndentationError","exc_value":"expected an indented block after 'with' statement on line 53 (dag.py, line 55)","exc_notes":[],"syntax_error":{"offset":5,"filename":"/opt/airflow/dags/dag.py","line":"    conn.execute(\"\"\"\n","lineno":55,"msg":"expected an indented block after 'with' statement on line 53"},"is_cause":false,"frames":[{"filename":"/home/airflow/.local/lib/python3.12/site-packages/airflow/models/dagbag.py","lineno":405,"name":"parse"},{"filename":"<frozen importlib._bootstrap_external>","lineno":995,"name":"exec_module"},{"filename":"<frozen importlib._bootstrap_external>","lineno":1133,"name":"get_code"},{"filename":"<frozen importlib._bootstrap_external>","lineno":1063,"name":"source_to_code"},{"filename":"<frozen importlib._bootstrap>","lineno":488,"name":"_call_with_frames_removed"}],"is_group":false,"exceptions":[]}]}
{"timestamp":"2025-12-15T13:12:24.942914Z","level":"info","event":"Filling up the DagBag from /opt/airflow/dags/dag.py","logger":"airflow.models.dagbag.DagBag","filename":"dagbag.py","lineno":593}
{"timestamp":"2025-12-15T13:12:24.948162Z","level":"error","event":"Failed to import: /opt/airflow/dags/dag.py","logger":"airflow.models.dagbag.DagBag","filename":"dagbag.py","lineno":415,"error_detail":[{"exc_type":"IndentationError","exc_value":"expected an indented block after 'with' statement on line 53 (dag.py, line 55)","exc_notes":[],"syntax_error":{"offset":5,"filename":"/opt/airflow/dags/dag.py","line":"    conn.execute(\"\"\"\n","lineno":55,"msg":"expected an indented block after 'with' statement on line 53"},"is_cause":false,"frames":[{"filename":"/home/airflow/.local/lib/python3.12/site-packages/airflow/models/dagbag.py","lineno":405,"name":"parse"},{"filename":"<frozen importlib._bootstrap_external>","lineno":995,"name":"exec_module"},{"filename":"<frozen importlib._bootstrap_external>","lineno":1133,"name":"get_code"},{"filename":"<frozen importlib._bootstrap_external>","lineno":1063,"name":"source_to_code"},{"filename":"<frozen importlib._bootstrap>","lineno":488,"name":"_call_with_frames_removed"}],"is_group":false,"exceptions":[]}]}
{"timestamp":"2025-12-15T13:12:55.326074Z","level":"info","event":"Filling up the DagBag from /opt/airflow/dags/dag.py","logger":"airflow.models.dagbag.DagBag","filename":"dagbag.py","lineno":593}
{"timestamp":"2025-12-15T13:12:55.329137Z","level":"error","event":"Failed to import: /opt/airflow/dags/dag.py","logger":"airflow.models.dagbag.DagBag","filename":"dagbag.py","lineno":415,"error_detail":[{"exc_type":"IndentationError","exc_value":"expected an indented block after 'with' statement on line 53 (dag.py, line 55)","exc_notes":[],"syntax_error":{"offset":5,"filename":"/opt/airflow/dags/dag.py","line":"    conn.execute(\"\"\"\n","lineno":55,"msg":"expected an indented block after 'with' statement on line 53"},"is_cause":false,"frames":[{"filename":"/home/airflow/.local/lib/python3.12/site-packages/airflow/models/dagbag.py","lineno":405,"name":"parse"},{"filename":"<frozen importlib._bootstrap_external>","lineno":995,"name":"exec_module"},{"filename":"<frozen importlib._bootstrap_external>","lineno":1133,"name":"get_code"},{"filename":"<frozen importlib._bootstrap_external>","lineno":1063,"name":"source_to_code"},{"filename":"<frozen importlib._bootstrap>","lineno":488,"name":"_call_with_frames_removed"}],"is_group":false,"exceptions":[]}]}
{"timestamp":"2025-12-15T13:13:25.666152Z","level":"info","event":"Filling up the DagBag from /opt/airflow/dags/dag.py","logger":"airflow.models.dagbag.DagBag","filename":"dagbag.py","lineno":593}
{"timestamp":"2025-12-15T13:13:25.670379Z","level":"error","event":"Failed to import: /opt/airflow/dags/dag.py","logger":"airflow.models.dagbag.DagBag","filename":"dagbag.py","lineno":415,"error_detail":[{"exc_type":"IndentationError","exc_value":"expected an indented block after 'with' statement on line 53 (dag.py, line 55)","exc_notes":[],"syntax_error":{"offset":5,"filename":"/opt/airflow/dags/dag.py","line":"    conn.execute(\"\"\"\n","lineno":55,"msg":"expected an indented block after 'with' statement on line 53"},"is_cause":false,"frames":[{"filename":"/home/airflow/.local/lib/python3.12/site-packages/airflow/models/dagbag.py","lineno":405,"name":"parse"},{"filename":"<frozen importlib._bootstrap_external>","lineno":995,"name":"exec_module"},{"filename":"<frozen importlib._bootstrap_external>","lineno":1133,"name":"get_code"},{"filename":"<frozen importlib._bootstrap_external>","lineno":1063,"name":"source_to_code"},{"filename":"<frozen importlib._bootstrap>","lineno":488,"name":"_call_with_frames_removed"}],"is_group":false,"exceptions":[]}]}
{"timestamp":"2025-12-15T13:13:56.039604Z","level":"info","event":"Filling up the DagBag from /opt/airflow/dags/dag.py","logger":"airflow.models.dagbag.DagBag","filename":"dagbag.py","lineno":593}
{"timestamp":"2025-12-15T13:13:56.044376Z","level":"error","event":"Failed to import: /opt/airflow/dags/dag.py","logger":"airflow.models.dagbag.DagBag","filename":"dagbag.py","lineno":415,"error_detail":[{"exc_type":"IndentationError","exc_value":"expected an indented block after 'with' statement on line 53 (dag.py, line 55)","exc_notes":[],"syntax_error":{"offset":5,"filename":"/opt/airflow/dags/dag.py","line":"    conn.execute(\"\"\"\n","lineno":55,"msg":"expected an indented block after 'with' statement on line 53"},"is_cause":false,"frames":[{"filename":"/home/airflow/.local/lib/python3.12/site-packages/airflow/models/dagbag.py","lineno":405,"name":"parse"},{"filename":"<frozen importlib._bootstrap_external>","lineno":995,"name":"exec_module"},{"filename":"<frozen importlib._bootstrap_external>","lineno":1133,"name":"get_code"},{"filename":"<frozen importlib._bootstrap_external>","lineno":1063,"name":"source_to_code"},{"filename":"<frozen importlib._bootstrap>","lineno":488,"name":"_call_with_frames_removed"}],"is_group":false,"exceptions":[]}]}
{"timestamp":"2025-12-15T13:14:26.424472Z","level":"info","event":"Filling up the DagBag from /opt/airflow/dags/dag.py","logger":"airflow.models.dagbag.DagBag","filename":"dagbag.py","lineno":593}
{"timestamp":"2025-12-15T13:14:26.429451Z","level":"error","event":"Failed to import: /opt/airflow/dags/dag.py","logger":"airflow.models.dagbag.DagBag","filename":"dagbag.py","lineno":415,"error_detail":[{"exc_type":"IndentationError","exc_value":"expected an indented block after 'with' statement on line 53 (dag.py, line 55)","exc_notes":[],"syntax_error":{"offset":5,"filename":"/opt/airflow/dags/dag.py","line":"    conn.execute(\"\"\"\n","lineno":55,"msg":"expected an indented block after 'with' statement on line 53"},"is_cause":false,"frames":[{"filename":"/home/airflow/.local/lib/python3.12/site-packages/airflow/models/dagbag.py","lineno":405,"name":"parse"},{"filename":"<frozen importlib._bootstrap_external>","lineno":995,"name":"exec_module"},{"filename":"<frozen importlib._bootstrap_external>","lineno":1133,"name":"get_code"},{"filename":"<frozen importlib._bootstrap_external>","lineno":1063,"name":"source_to_code"},{"filename":"<frozen importlib._bootstrap>","lineno":488,"name":"_call_with_frames_removed"}],"is_group":false,"exceptions":[]}]}
{"timestamp":"2025-12-15T13:14:56.810358Z","level":"info","event":"Filling up the DagBag from /opt/airflow/dags/dag.py","logger":"airflow.models.dagbag.DagBag","filename":"dagbag.py","lineno":593}
{"timestamp":"2025-12-15T13:14:56.815496Z","level":"error","event":"Failed to import: /opt/airflow/dags/dag.py","logger":"airflow.models.dagbag.DagBag","filename":"dagbag.py","lineno":415,"error_detail":[{"exc_type":"IndentationError","exc_value":"expected an indented block after 'with' statement on line 53 (dag.py, line 55)","exc_notes":[],"syntax_error":{"offset":5,"filename":"/opt/airflow/dags/dag.py","line":"    conn.execute(\"\"\"\n","lineno":55,"msg":"expected an indented block after 'with' statement on line 53"},"is_cause":false,"frames":[{"filename":"/home/airflow/.local/lib/python3.12/site-packages/airflow/models/dagbag.py","lineno":405,"name":"parse"},{"filename":"<frozen importlib._bootstrap_external>","lineno":995,"name":"exec_module"},{"filename":"<frozen importlib._bootstrap_external>","lineno":1133,"name":"get_code"},{"filename":"<frozen importlib._bootstrap_external>","lineno":1063,"name":"source_to_code"},{"filename":"<frozen importlib._bootstrap>","lineno":488,"name":"_call_with_frames_removed"}],"is_group":false,"exceptions":[]}]}
{"timestamp":"2025-12-15T13:15:27.153664Z","level":"info","event":"Filling up the DagBag from /opt/airflow/dags/dag.py","logger":"airflow.models.dagbag.DagBag","filename":"dagbag.py","lineno":593}
{"timestamp":"2025-12-15T13:15:27.158562Z","level":"error","event":"Failed to import: /opt/airflow/dags/dag.py","logger":"airflow.models.dagbag.DagBag","filename":"dagbag.py","lineno":415,"error_detail":[{"exc_type":"IndentationError","exc_value":"expected an indented block after 'with' statement on line 53 (dag.py, line 55)","exc_notes":[],"syntax_error":{"offset":5,"filename":"/opt/airflow/dags/dag.py","line":"    conn.execute(\"\"\"\n","lineno":55,"msg":"expected an indented block after 'with' statement on line 53"},"is_cause":false,"frames":[{"filename":"/home/airflow/.local/lib/python3.12/site-packages/airflow/models/dagbag.py","lineno":405,"name":"parse"},{"filename":"<frozen importlib._bootstrap_external>","lineno":995,"name":"exec_module"},{"filename":"<frozen importlib._bootstrap_external>","lineno":1133,"name":"get_code"},{"filename":"<frozen importlib._bootstrap_external>","lineno":1063,"name":"source_to_code"},{"filename":"<frozen importlib._bootstrap>","lineno":488,"name":"_call_with_frames_removed"}],"is_group":false,"exceptions":[]}]}
{"timestamp":"2025-12-15T13:15:57.558733Z","level":"info","event":"Filling up the DagBag from /opt/airflow/dags/dag.py","logger":"airflow.models.dagbag.DagBag","filename":"dagbag.py","lineno":593}
{"timestamp":"2025-12-15T13:15:57.564015Z","level":"error","event":"Failed to import: /opt/airflow/dags/dag.py","logger":"airflow.models.dagbag.DagBag","filename":"dagbag.py","lineno":415,"error_detail":[{"exc_type":"IndentationError","exc_value":"expected an indented block after 'with' statement on line 53 (dag.py, line 55)","exc_notes":[],"syntax_error":{"offset":5,"filename":"/opt/airflow/dags/dag.py","line":"    conn.execute(\"\"\"\n","lineno":55,"msg":"expected an indented block after 'with' statement on line 53"},"is_cause":false,"frames":[{"filename":"/home/airflow/.local/lib/python3.12/site-packages/airflow/models/dagbag.py","lineno":405,"name":"parse"},{"filename":"<frozen importlib._bootstrap_external>","lineno":995,"name":"exec_module"},{"filename":"<frozen importlib._bootstrap_external>","lineno":1133,"name":"get_code"},{"filename":"<frozen importlib._bootstrap_external>","lineno":1063,"name":"source_to_code"},{"filename":"<frozen importlib._bootstrap>","lineno":488,"name":"_call_with_frames_removed"}],"is_group":false,"exceptions":[]}]}
{"timestamp":"2025-12-15T13:16:27.913521Z","level":"info","event":"Filling up the DagBag from /opt/airflow/dags/dag.py","logger":"airflow.models.dagbag.DagBag","filename":"dagbag.py","lineno":593}
{"timestamp":"2025-12-15T13:16:27.918027Z","level":"error","event":"Failed to import: /opt/airflow/dags/dag.py","logger":"airflow.models.dagbag.DagBag","filename":"dagbag.py","lineno":415,"error_detail":[{"exc_type":"IndentationError","exc_value":"expected an indented block after 'with' statement on line 53 (dag.py, line 55)","exc_notes":[],"syntax_error":{"offset":5,"filename":"/opt/airflow/dags/dag.py","line":"    conn.execute(\"\"\"\n","lineno":55,"msg":"expected an indented block after 'with' statement on line 53"},"is_cause":false,"frames":[{"filename":"/home/airflow/.local/lib/python3.12/site-packages/airflow/models/dagbag.py","lineno":405,"name":"parse"},{"filename":"<frozen importlib._bootstrap_external>","lineno":995,"name":"exec_module"},{"filename":"<frozen importlib._bootstrap_external>","lineno":1133,"name":"get_code"},{"filename":"<frozen importlib._bootstrap_external>","lineno":1063,"name":"source_to_code"},{"filename":"<frozen importlib._bootstrap>","lineno":488,"name":"_call_with_frames_removed"}],"is_group":false,"exceptions":[]}]}
{"timestamp":"2025-12-15T13:16:58.237850Z","level":"info","event":"Filling up the DagBag from /opt/airflow/dags/dag.py","logger":"airflow.models.dagbag.DagBag","filename":"dagbag.py","lineno":593}
{"timestamp":"2025-12-15T13:16:58.243114Z","level":"error","event":"Failed to import: /opt/airflow/dags/dag.py","logger":"airflow.models.dagbag.DagBag","filename":"dagbag.py","lineno":415,"error_detail":[{"exc_type":"IndentationError","exc_value":"expected an indented block after 'with' statement on line 53 (dag.py, line 55)","exc_notes":[],"syntax_error":{"offset":5,"filename":"/opt/airflow/dags/dag.py","line":"    conn.execute(\"\"\"\n","lineno":55,"msg":"expected an indented block after 'with' statement on line 53"},"is_cause":false,"frames":[{"filename":"/home/airflow/.local/lib/python3.12/site-packages/airflow/models/dagbag.py","lineno":405,"name":"parse"},{"filename":"<frozen importlib._bootstrap_external>","lineno":995,"name":"exec_module"},{"filename":"<frozen importlib._bootstrap_external>","lineno":1133,"name":"get_code"},{"filename":"<frozen importlib._bootstrap_external>","lineno":1063,"name":"source_to_code"},{"filename":"<frozen importlib._bootstrap>","lineno":488,"name":"_call_with_frames_removed"}],"is_group":false,"exceptions":[]}]}
{"timestamp":"2025-12-15T13:17:28.626210Z","level":"info","event":"Filling up the DagBag from /opt/airflow/dags/dag.py","logger":"airflow.models.dagbag.DagBag","filename":"dagbag.py","lineno":593}
{"timestamp":"2025-12-15T13:17:28.630869Z","level":"error","event":"Failed to import: /opt/airflow/dags/dag.py","logger":"airflow.models.dagbag.DagBag","filename":"dagbag.py","lineno":415,"error_detail":[{"exc_type":"IndentationError","exc_value":"expected an indented block after 'with' statement on line 53 (dag.py, line 55)","exc_notes":[],"syntax_error":{"offset":5,"filename":"/opt/airflow/dags/dag.py","line":"    conn.execute(\"\"\"\n","lineno":55,"msg":"expected an indented block after 'with' statement on line 53"},"is_cause":false,"frames":[{"filename":"/home/airflow/.local/lib/python3.12/site-packages/airflow/models/dagbag.py","lineno":405,"name":"parse"},{"filename":"<frozen importlib._bootstrap_external>","lineno":995,"name":"exec_module"},{"filename":"<frozen importlib._bootstrap_external>","lineno":1133,"name":"get_code"},{"filename":"<frozen importlib._bootstrap_external>","lineno":1063,"name":"source_to_code"},{"filename":"<frozen importlib._bootstrap>","lineno":488,"name":"_call_with_frames_removed"}],"is_group":false,"exceptions":[]}]}
{"timestamp":"2025-12-15T13:17:58.973238Z","level":"info","event":"Filling up the DagBag from /opt/airflow/dags/dag.py","logger":"airflow.models.dagbag.DagBag","filename":"dagbag.py","lineno":593}
{"timestamp":"2025-12-15T13:17:58.977595Z","level":"error","event":"Failed to import: /opt/airflow/dags/dag.py","logger":"airflow.models.dagbag.DagBag","filename":"dagbag.py","lineno":415,"error_detail":[{"exc_type":"IndentationError","exc_value":"expected an indented block after 'with' statement on line 53 (dag.py, line 55)","exc_notes":[],"syntax_error":{"offset":5,"filename":"/opt/airflow/dags/dag.py","line":"    conn.execute(\"\"\"\n","lineno":55,"msg":"expected an indented block after 'with' statement on line 53"},"is_cause":false,"frames":[{"filename":"/home/airflow/.local/lib/python3.12/site-packages/airflow/models/dagbag.py","lineno":405,"name":"parse"},{"filename":"<frozen importlib._bootstrap_external>","lineno":995,"name":"exec_module"},{"filename":"<frozen importlib._bootstrap_external>","lineno":1133,"name":"get_code"},{"filename":"<frozen importlib._bootstrap_external>","lineno":1063,"name":"source_to_code"},{"filename":"<frozen importlib._bootstrap>","lineno":488,"name":"_call_with_frames_removed"}],"is_group":false,"exceptions":[]}]}
{"timestamp":"2025-12-15T13:19:46.489104Z","level":"info","event":"Filling up the DagBag from /opt/airflow/dags/dag.py","logger":"airflow.models.dagbag.DagBag","filename":"dagbag.py","lineno":593}
{"timestamp":"2025-12-15T13:19:46.492801Z","level":"error","event":"Failed to import: /opt/airflow/dags/dag.py","logger":"airflow.models.dagbag.DagBag","filename":"dagbag.py","lineno":415,"error_detail":[{"exc_type":"IndentationError","exc_value":"expected an indented block after 'with' statement on line 53 (dag.py, line 55)","exc_notes":[],"syntax_error":{"offset":5,"filename":"/opt/airflow/dags/dag.py","line":"    conn.execute(\"\"\"\n","lineno":55,"msg":"expected an indented block after 'with' statement on line 53"},"is_cause":false,"frames":[{"filename":"/home/airflow/.local/lib/python3.12/site-packages/airflow/models/dagbag.py","lineno":405,"name":"parse"},{"filename":"<frozen importlib._bootstrap_external>","lineno":995,"name":"exec_module"},{"filename":"<frozen importlib._bootstrap_external>","lineno":1133,"name":"get_code"},{"filename":"<frozen importlib._bootstrap_external>","lineno":1063,"name":"source_to_code"},{"filename":"<frozen importlib._bootstrap>","lineno":488,"name":"_call_with_frames_removed"}],"is_group":false,"exceptions":[]}]}
{"timestamp":"2025-12-15T13:20:16.887104Z","level":"info","event":"Filling up the DagBag from /opt/airflow/dags/dag.py","logger":"airflow.models.dagbag.DagBag","filename":"dagbag.py","lineno":593}
{"timestamp":"2025-12-15T13:20:16.892060Z","level":"error","event":"Failed to import: /opt/airflow/dags/dag.py","logger":"airflow.models.dagbag.DagBag","filename":"dagbag.py","lineno":415,"error_detail":[{"exc_type":"IndentationError","exc_value":"expected an indented block after 'with' statement on line 53 (dag.py, line 55)","exc_notes":[],"syntax_error":{"offset":5,"filename":"/opt/airflow/dags/dag.py","line":"    conn.execute(\"\"\"\n","lineno":55,"msg":"expected an indented block after 'with' statement on line 53"},"is_cause":false,"frames":[{"filename":"/home/airflow/.local/lib/python3.12/site-packages/airflow/models/dagbag.py","lineno":405,"name":"parse"},{"filename":"<frozen importlib._bootstrap_external>","lineno":995,"name":"exec_module"},{"filename":"<frozen importlib._bootstrap_external>","lineno":1133,"name":"get_code"},{"filename":"<frozen importlib._bootstrap_external>","lineno":1063,"name":"source_to_code"},{"filename":"<frozen importlib._bootstrap>","lineno":488,"name":"_call_with_frames_removed"}],"is_group":false,"exceptions":[]}]}
{"timestamp":"2025-12-15T13:20:47.284092Z","level":"info","event":"Filling up the DagBag from /opt/airflow/dags/dag.py","logger":"airflow.models.dagbag.DagBag","filename":"dagbag.py","lineno":593}
{"timestamp":"2025-12-15T13:20:47.288802Z","level":"error","event":"Failed to import: /opt/airflow/dags/dag.py","logger":"airflow.models.dagbag.DagBag","filename":"dagbag.py","lineno":415,"error_detail":[{"exc_type":"IndentationError","exc_value":"expected an indented block after 'with' statement on line 53 (dag.py, line 55)","exc_notes":[],"syntax_error":{"offset":5,"filename":"/opt/airflow/dags/dag.py","line":"    conn.execute(\"\"\"\n","lineno":55,"msg":"expected an indented block after 'with' statement on line 53"},"is_cause":false,"frames":[{"filename":"/home/airflow/.local/lib/python3.12/site-packages/airflow/models/dagbag.py","lineno":405,"name":"parse"},{"filename":"<frozen importlib._bootstrap_external>","lineno":995,"name":"exec_module"},{"filename":"<frozen importlib._bootstrap_external>","lineno":1133,"name":"get_code"},{"filename":"<frozen importlib._bootstrap_external>","lineno":1063,"name":"source_to_code"},{"filename":"<frozen importlib._bootstrap>","lineno":488,"name":"_call_with_frames_removed"}],"is_group":false,"exceptions":[]}]}
{"timestamp":"2025-12-15T13:21:17.643921Z","level":"info","event":"Filling up the DagBag from /opt/airflow/dags/dag.py","logger":"airflow.models.dagbag.DagBag","filename":"dagbag.py","lineno":593}
{"timestamp":"2025-12-15T13:21:17.648794Z","level":"error","event":"Failed to import: /opt/airflow/dags/dag.py","logger":"airflow.models.dagbag.DagBag","filename":"dagbag.py","lineno":415,"error_detail":[{"exc_type":"IndentationError","exc_value":"expected an indented block after 'with' statement on line 53 (dag.py, line 55)","exc_notes":[],"syntax_error":{"offset":5,"filename":"/opt/airflow/dags/dag.py","line":"    conn.execute(\"\"\"\n","lineno":55,"msg":"expected an indented block after 'with' statement on line 53"},"is_cause":false,"frames":[{"filename":"/home/airflow/.local/lib/python3.12/site-packages/airflow/models/dagbag.py","lineno":405,"name":"parse"},{"filename":"<frozen importlib._bootstrap_external>","lineno":995,"name":"exec_module"},{"filename":"<frozen importlib._bootstrap_external>","lineno":1133,"name":"get_code"},{"filename":"<frozen importlib._bootstrap_external>","lineno":1063,"name":"source_to_code"},{"filename":"<frozen importlib._bootstrap>","lineno":488,"name":"_call_with_frames_removed"}],"is_group":false,"exceptions":[]}]}
{"timestamp":"2025-12-15T13:21:47.996560Z","level":"info","event":"Filling up the DagBag from /opt/airflow/dags/dag.py","logger":"airflow.models.dagbag.DagBag","filename":"dagbag.py","lineno":593}
{"timestamp":"2025-12-15T13:21:47.998927Z","level":"error","event":"Failed to import: /opt/airflow/dags/dag.py","logger":"airflow.models.dagbag.DagBag","filename":"dagbag.py","lineno":415,"error_detail":[{"exc_type":"IndentationError","exc_value":"expected an indented block after 'with' statement on line 53 (dag.py, line 55)","exc_notes":[],"syntax_error":{"offset":5,"filename":"/opt/airflow/dags/dag.py","line":"    conn.execute(\"\"\"\n","lineno":55,"msg":"expected an indented block after 'with' statement on line 53"},"is_cause":false,"frames":[{"filename":"/home/airflow/.local/lib/python3.12/site-packages/airflow/models/dagbag.py","lineno":405,"name":"parse"},{"filename":"<frozen importlib._bootstrap_external>","lineno":995,"name":"exec_module"},{"filename":"<frozen importlib._bootstrap_external>","lineno":1133,"name":"get_code"},{"filename":"<frozen importlib._bootstrap_external>","lineno":1063,"name":"source_to_code"},{"filename":"<frozen importlib._bootstrap>","lineno":488,"name":"_call_with_frames_removed"}],"is_group":false,"exceptions":[]}]}
{"timestamp":"2025-12-15T13:22:18.297522Z","level":"info","event":"Filling up the DagBag from /opt/airflow/dags/dag.py","logger":"airflow.models.dagbag.DagBag","filename":"dagbag.py","lineno":593}
{"timestamp":"2025-12-15T13:22:18.300146Z","level":"error","event":"Failed to import: /opt/airflow/dags/dag.py","logger":"airflow.models.dagbag.DagBag","filename":"dagbag.py","lineno":415,"error_detail":[{"exc_type":"IndentationError","exc_value":"expected an indented block after 'with' statement on line 53 (dag.py, line 55)","exc_notes":[],"syntax_error":{"offset":5,"filename":"/opt/airflow/dags/dag.py","line":"    conn.execute(\"\"\"\n","lineno":55,"msg":"expected an indented block after 'with' statement on line 53"},"is_cause":false,"frames":[{"filename":"/home/airflow/.local/lib/python3.12/site-packages/airflow/models/dagbag.py","lineno":405,"name":"parse"},{"filename":"<frozen importlib._bootstrap_external>","lineno":995,"name":"exec_module"},{"filename":"<frozen importlib._bootstrap_external>","lineno":1133,"name":"get_code"},{"filename":"<frozen importlib._bootstrap_external>","lineno":1063,"name":"source_to_code"},{"filename":"<frozen importlib._bootstrap>","lineno":488,"name":"_call_with_frames_removed"}],"is_group":false,"exceptions":[]}]}
{"timestamp":"2025-12-15T13:22:48.646789Z","level":"info","event":"Filling up the DagBag from /opt/airflow/dags/dag.py","logger":"airflow.models.dagbag.DagBag","filename":"dagbag.py","lineno":593}
{"timestamp":"2025-12-15T13:22:48.651014Z","level":"error","event":"Failed to import: /opt/airflow/dags/dag.py","logger":"airflow.models.dagbag.DagBag","filename":"dagbag.py","lineno":415,"error_detail":[{"exc_type":"IndentationError","exc_value":"expected an indented block after 'with' statement on line 53 (dag.py, line 55)","exc_notes":[],"syntax_error":{"offset":5,"filename":"/opt/airflow/dags/dag.py","line":"    conn.execute(\"\"\"\n","lineno":55,"msg":"expected an indented block after 'with' statement on line 53"},"is_cause":false,"frames":[{"filename":"/home/airflow/.local/lib/python3.12/site-packages/airflow/models/dagbag.py","lineno":405,"name":"parse"},{"filename":"<frozen importlib._bootstrap_external>","lineno":995,"name":"exec_module"},{"filename":"<frozen importlib._bootstrap_external>","lineno":1133,"name":"get_code"},{"filename":"<frozen importlib._bootstrap_external>","lineno":1063,"name":"source_to_code"},{"filename":"<frozen importlib._bootstrap>","lineno":488,"name":"_call_with_frames_removed"}],"is_group":false,"exceptions":[]}]}
{"timestamp":"2025-12-15T13:23:19.018587Z","level":"info","event":"Filling up the DagBag from /opt/airflow/dags/dag.py","logger":"airflow.models.dagbag.DagBag","filename":"dagbag.py","lineno":593}
{"timestamp":"2025-12-15T13:23:19.023766Z","level":"error","event":"Failed to import: /opt/airflow/dags/dag.py","logger":"airflow.models.dagbag.DagBag","filename":"dagbag.py","lineno":415,"error_detail":[{"exc_type":"IndentationError","exc_value":"expected an indented block after 'with' statement on line 53 (dag.py, line 55)","exc_notes":[],"syntax_error":{"offset":5,"filename":"/opt/airflow/dags/dag.py","line":"    conn.execute(\"\"\"\n","lineno":55,"msg":"expected an indented block after 'with' statement on line 53"},"is_cause":false,"frames":[{"filename":"/home/airflow/.local/lib/python3.12/site-packages/airflow/models/dagbag.py","lineno":405,"name":"parse"},{"filename":"<frozen importlib._bootstrap_external>","lineno":995,"name":"exec_module"},{"filename":"<frozen importlib._bootstrap_external>","lineno":1133,"name":"get_code"},{"filename":"<frozen importlib._bootstrap_external>","lineno":1063,"name":"source_to_code"},{"filename":"<frozen importlib._bootstrap>","lineno":488,"name":"_call_with_frames_removed"}],"is_group":false,"exceptions":[]}]}
{"timestamp":"2025-12-15T13:23:49.378969Z","level":"info","event":"Filling up the DagBag from /opt/airflow/dags/dag.py","logger":"airflow.models.dagbag.DagBag","filename":"dagbag.py","lineno":593}
{"timestamp":"2025-12-15T13:23:49.384542Z","level":"error","event":"Failed to import: /opt/airflow/dags/dag.py","logger":"airflow.models.dagbag.DagBag","filename":"dagbag.py","lineno":415,"error_detail":[{"exc_type":"IndentationError","exc_value":"expected an indented block after 'with' statement on line 53 (dag.py, line 55)","exc_notes":[],"syntax_error":{"offset":5,"filename":"/opt/airflow/dags/dag.py","line":"    conn.execute(\"\"\"\n","lineno":55,"msg":"expected an indented block after 'with' statement on line 53"},"is_cause":false,"frames":[{"filename":"/home/airflow/.local/lib/python3.12/site-packages/airflow/models/dagbag.py","lineno":405,"name":"parse"},{"filename":"<frozen importlib._bootstrap_external>","lineno":995,"name":"exec_module"},{"filename":"<frozen importlib._bootstrap_external>","lineno":1133,"name":"get_code"},{"filename":"<frozen importlib._bootstrap_external>","lineno":1063,"name":"source_to_code"},{"filename":"<frozen importlib._bootstrap>","lineno":488,"name":"_call_with_frames_removed"}],"is_group":false,"exceptions":[]}]}
{"timestamp":"2025-12-15T13:24:19.757470Z","level":"info","event":"Filling up the DagBag from /opt/airflow/dags/dag.py","logger":"airflow.models.dagbag.DagBag","filename":"dagbag.py","lineno":593}
{"timestamp":"2025-12-15T13:24:19.761346Z","level":"error","event":"Failed to import: /opt/airflow/dags/dag.py","logger":"airflow.models.dagbag.DagBag","filename":"dagbag.py","lineno":415,"error_detail":[{"exc_type":"IndentationError","exc_value":"expected an indented block after 'with' statement on line 53 (dag.py, line 55)","exc_notes":[],"syntax_error":{"offset":5,"filename":"/opt/airflow/dags/dag.py","line":"    conn.execute(\"\"\"\n","lineno":55,"msg":"expected an indented block after 'with' statement on line 53"},"is_cause":false,"frames":[{"filename":"/home/airflow/.local/lib/python3.12/site-packages/airflow/models/dagbag.py","lineno":405,"name":"parse"},{"filename":"<frozen importlib._bootstrap_external>","lineno":995,"name":"exec_module"},{"filename":"<frozen importlib._bootstrap_external>","lineno":1133,"name":"get_code"},{"filename":"<frozen importlib._bootstrap_external>","lineno":1063,"name":"source_to_code"},{"filename":"<frozen importlib._bootstrap>","lineno":488,"name":"_call_with_frames_removed"}],"is_group":false,"exceptions":[]}]}
{"timestamp":"2025-12-15T13:24:50.135050Z","level":"info","event":"Filling up the DagBag from /opt/airflow/dags/dag.py","logger":"airflow.models.dagbag.DagBag","filename":"dagbag.py","lineno":593}
{"timestamp":"2025-12-15T13:24:50.143534Z","level":"error","event":"Failed to import: /opt/airflow/dags/dag.py","logger":"airflow.models.dagbag.DagBag","filename":"dagbag.py","lineno":415,"error_detail":[{"exc_type":"IndentationError","exc_value":"expected an indented block after 'with' statement on line 53 (dag.py, line 55)","exc_notes":[],"syntax_error":{"offset":5,"filename":"/opt/airflow/dags/dag.py","line":"    conn.execute(\"\"\"\n","lineno":55,"msg":"expected an indented block after 'with' statement on line 53"},"is_cause":false,"frames":[{"filename":"/home/airflow/.local/lib/python3.12/site-packages/airflow/models/dagbag.py","lineno":405,"name":"parse"},{"filename":"<frozen importlib._bootstrap_external>","lineno":995,"name":"exec_module"},{"filename":"<frozen importlib._bootstrap_external>","lineno":1133,"name":"get_code"},{"filename":"<frozen importlib._bootstrap_external>","lineno":1063,"name":"source_to_code"},{"filename":"<frozen importlib._bootstrap>","lineno":488,"name":"_call_with_frames_removed"}],"is_group":false,"exceptions":[]}]}
{"timestamp":"2025-12-15T13:25:20.587699Z","level":"info","event":"Filling up the DagBag from /opt/airflow/dags/dag.py","logger":"airflow.models.dagbag.DagBag","filename":"dagbag.py","lineno":593}
{"timestamp":"2025-12-15T13:25:20.594002Z","level":"error","event":"Failed to import: /opt/airflow/dags/dag.py","logger":"airflow.models.dagbag.DagBag","filename":"dagbag.py","lineno":415,"error_detail":[{"exc_type":"IndentationError","exc_value":"expected an indented block after 'with' statement on line 53 (dag.py, line 55)","exc_notes":[],"syntax_error":{"offset":5,"filename":"/opt/airflow/dags/dag.py","line":"    conn.execute(\"\"\"\n","lineno":55,"msg":"expected an indented block after 'with' statement on line 53"},"is_cause":false,"frames":[{"filename":"/home/airflow/.local/lib/python3.12/site-packages/airflow/models/dagbag.py","lineno":405,"name":"parse"},{"filename":"<frozen importlib._bootstrap_external>","lineno":995,"name":"exec_module"},{"filename":"<frozen importlib._bootstrap_external>","lineno":1133,"name":"get_code"},{"filename":"<frozen importlib._bootstrap_external>","lineno":1063,"name":"source_to_code"},{"filename":"<frozen importlib._bootstrap>","lineno":488,"name":"_call_with_frames_removed"}],"is_group":false,"exceptions":[]}]}
{"timestamp":"2025-12-15T13:25:50.963620Z","level":"info","event":"Filling up the DagBag from /opt/airflow/dags/dag.py","logger":"airflow.models.dagbag.DagBag","filename":"dagbag.py","lineno":593}
{"timestamp":"2025-12-15T13:25:50.968605Z","level":"error","event":"Failed to import: /opt/airflow/dags/dag.py","logger":"airflow.models.dagbag.DagBag","filename":"dagbag.py","lineno":415,"error_detail":[{"exc_type":"IndentationError","exc_value":"expected an indented block after 'with' statement on line 53 (dag.py, line 55)","exc_notes":[],"syntax_error":{"offset":5,"filename":"/opt/airflow/dags/dag.py","line":"    conn.execute(\"\"\"\n","lineno":55,"msg":"expected an indented block after 'with' statement on line 53"},"is_cause":false,"frames":[{"filename":"/home/airflow/.local/lib/python3.12/site-packages/airflow/models/dagbag.py","lineno":405,"name":"parse"},{"filename":"<frozen importlib._bootstrap_external>","lineno":995,"name":"exec_module"},{"filename":"<frozen importlib._bootstrap_external>","lineno":1133,"name":"get_code"},{"filename":"<frozen importlib._bootstrap_external>","lineno":1063,"name":"source_to_code"},{"filename":"<frozen importlib._bootstrap>","lineno":488,"name":"_call_with_frames_removed"}],"is_group":false,"exceptions":[]}]}
{"timestamp":"2025-12-15T13:26:21.341699Z","level":"info","event":"Filling up the DagBag from /opt/airflow/dags/dag.py","logger":"airflow.models.dagbag.DagBag","filename":"dagbag.py","lineno":593}
{"timestamp":"2025-12-15T13:26:21.345356Z","level":"error","event":"Failed to import: /opt/airflow/dags/dag.py","logger":"airflow.models.dagbag.DagBag","filename":"dagbag.py","lineno":415,"error_detail":[{"exc_type":"IndentationError","exc_value":"expected an indented block after 'with' statement on line 53 (dag.py, line 55)","exc_notes":[],"syntax_error":{"offset":5,"filename":"/opt/airflow/dags/dag.py","line":"    conn.execute(\"\"\"\n","lineno":55,"msg":"expected an indented block after 'with' statement on line 53"},"is_cause":false,"frames":[{"filename":"/home/airflow/.local/lib/python3.12/site-packages/airflow/models/dagbag.py","lineno":405,"name":"parse"},{"filename":"<frozen importlib._bootstrap_external>","lineno":995,"name":"exec_module"},{"filename":"<frozen importlib._bootstrap_external>","lineno":1133,"name":"get_code"},{"filename":"<frozen importlib._bootstrap_external>","lineno":1063,"name":"source_to_code"},{"filename":"<frozen importlib._bootstrap>","lineno":488,"name":"_call_with_frames_removed"}],"is_group":false,"exceptions":[]}]}
{"timestamp":"2025-12-15T13:26:51.576427Z","level":"info","event":"Filling up the DagBag from /opt/airflow/dags/dag.py","logger":"airflow.models.dagbag.DagBag","filename":"dagbag.py","lineno":593}
{"timestamp":"2025-12-15T13:26:51.579987Z","level":"error","event":"Failed to import: /opt/airflow/dags/dag.py","logger":"airflow.models.dagbag.DagBag","filename":"dagbag.py","lineno":415,"error_detail":[{"exc_type":"IndentationError","exc_value":"expected an indented block after 'with' statement on line 53 (dag.py, line 55)","exc_notes":[],"syntax_error":{"offset":5,"filename":"/opt/airflow/dags/dag.py","line":"    conn.execute(\"\"\"\n","lineno":55,"msg":"expected an indented block after 'with' statement on line 53"},"is_cause":false,"frames":[{"filename":"/home/airflow/.local/lib/python3.12/site-packages/airflow/models/dagbag.py","lineno":405,"name":"parse"},{"filename":"<frozen importlib._bootstrap_external>","lineno":995,"name":"exec_module"},{"filename":"<frozen importlib._bootstrap_external>","lineno":1133,"name":"get_code"},{"filename":"<frozen importlib._bootstrap_external>","lineno":1063,"name":"source_to_code"},{"filename":"<frozen importlib._bootstrap>","lineno":488,"name":"_call_with_frames_removed"}],"is_group":false,"exceptions":[]}]}
{"timestamp":"2025-12-15T13:27:21.958688Z","level":"info","event":"Filling up the DagBag from /opt/airflow/dags/dag.py","logger":"airflow.models.dagbag.DagBag","filename":"dagbag.py","lineno":593}
{"timestamp":"2025-12-15T13:27:21.963226Z","level":"error","event":"Failed to import: /opt/airflow/dags/dag.py","logger":"airflow.models.dagbag.DagBag","filename":"dagbag.py","lineno":415,"error_detail":[{"exc_type":"IndentationError","exc_value":"expected an indented block after 'with' statement on line 53 (dag.py, line 55)","exc_notes":[],"syntax_error":{"offset":5,"filename":"/opt/airflow/dags/dag.py","line":"    conn.execute(\"\"\"\n","lineno":55,"msg":"expected an indented block after 'with' statement on line 53"},"is_cause":false,"frames":[{"filename":"/home/airflow/.local/lib/python3.12/site-packages/airflow/models/dagbag.py","lineno":405,"name":"parse"},{"filename":"<frozen importlib._bootstrap_external>","lineno":995,"name":"exec_module"},{"filename":"<frozen importlib._bootstrap_external>","lineno":1133,"name":"get_code"},{"filename":"<frozen importlib._bootstrap_external>","lineno":1063,"name":"source_to_code"},{"filename":"<frozen importlib._bootstrap>","lineno":488,"name":"_call_with_frames_removed"}],"is_group":false,"exceptions":[]}]}
{"timestamp":"2025-12-15T13:27:52.315532Z","level":"info","event":"Filling up the DagBag from /opt/airflow/dags/dag.py","logger":"airflow.models.dagbag.DagBag","filename":"dagbag.py","lineno":593}
{"timestamp":"2025-12-15T13:27:52.320072Z","level":"error","event":"Failed to import: /opt/airflow/dags/dag.py","logger":"airflow.models.dagbag.DagBag","filename":"dagbag.py","lineno":415,"error_detail":[{"exc_type":"IndentationError","exc_value":"expected an indented block after 'with' statement on line 53 (dag.py, line 55)","exc_notes":[],"syntax_error":{"offset":5,"filename":"/opt/airflow/dags/dag.py","line":"    conn.execute(\"\"\"\n","lineno":55,"msg":"expected an indented block after 'with' statement on line 53"},"is_cause":false,"frames":[{"filename":"/home/airflow/.local/lib/python3.12/site-packages/airflow/models/dagbag.py","lineno":405,"name":"parse"},{"filename":"<frozen importlib._bootstrap_external>","lineno":995,"name":"exec_module"},{"filename":"<frozen importlib._bootstrap_external>","lineno":1133,"name":"get_code"},{"filename":"<frozen importlib._bootstrap_external>","lineno":1063,"name":"source_to_code"},{"filename":"<frozen importlib._bootstrap>","lineno":488,"name":"_call_with_frames_removed"}],"is_group":false,"exceptions":[]}]}
{"timestamp":"2025-12-15T13:28:22.751775Z","level":"info","event":"Filling up the DagBag from /opt/airflow/dags/dag.py","logger":"airflow.models.dagbag.DagBag","filename":"dagbag.py","lineno":593}
{"timestamp":"2025-12-15T13:28:22.756368Z","level":"error","event":"Failed to import: /opt/airflow/dags/dag.py","logger":"airflow.models.dagbag.DagBag","filename":"dagbag.py","lineno":415,"error_detail":[{"exc_type":"IndentationError","exc_value":"expected an indented block after 'with' statement on line 53 (dag.py, line 55)","exc_notes":[],"syntax_error":{"offset":5,"filename":"/opt/airflow/dags/dag.py","line":"    conn.execute(\"\"\"\n","lineno":55,"msg":"expected an indented block after 'with' statement on line 53"},"is_cause":false,"frames":[{"filename":"/home/airflow/.local/lib/python3.12/site-packages/airflow/models/dagbag.py","lineno":405,"name":"parse"},{"filename":"<frozen importlib._bootstrap_external>","lineno":995,"name":"exec_module"},{"filename":"<frozen importlib._bootstrap_external>","lineno":1133,"name":"get_code"},{"filename":"<frozen importlib._bootstrap_external>","lineno":1063,"name":"source_to_code"},{"filename":"<frozen importlib._bootstrap>","lineno":488,"name":"_call_with_frames_removed"}],"is_group":false,"exceptions":[]}]}
{"timestamp":"2025-12-15T13:46:57.787988Z","level":"info","event":"Filling up the DagBag from /opt/airflow/dags/dag.py","logger":"airflow.models.dagbag.DagBag","filename":"dagbag.py","lineno":593}
{"timestamp":"2025-12-15T13:46:57.791777Z","level":"error","event":"Failed to import: /opt/airflow/dags/dag.py","logger":"airflow.models.dagbag.DagBag","filename":"dagbag.py","lineno":415,"error_detail":[{"exc_type":"IndentationError","exc_value":"expected an indented block after 'with' statement on line 53 (dag.py, line 55)","exc_notes":[],"syntax_error":{"offset":5,"filename":"/opt/airflow/dags/dag.py","line":"    conn.execute(\"\"\"\n","lineno":55,"msg":"expected an indented block after 'with' statement on line 53"},"is_cause":false,"frames":[{"filename":"/home/airflow/.local/lib/python3.12/site-packages/airflow/models/dagbag.py","lineno":405,"name":"parse"},{"filename":"<frozen importlib._bootstrap_external>","lineno":995,"name":"exec_module"},{"filename":"<frozen importlib._bootstrap_external>","lineno":1133,"name":"get_code"},{"filename":"<frozen importlib._bootstrap_external>","lineno":1063,"name":"source_to_code"},{"filename":"<frozen importlib._bootstrap>","lineno":488,"name":"_call_with_frames_removed"}],"is_group":false,"exceptions":[]}]}
{"timestamp":"2025-12-15T13:47:28.069948Z","level":"info","event":"Filling up the DagBag from /opt/airflow/dags/dag.py","logger":"airflow.models.dagbag.DagBag","filename":"dagbag.py","lineno":593}
{"timestamp":"2025-12-15T13:47:28.074754Z","level":"error","event":"Failed to import: /opt/airflow/dags/dag.py","logger":"airflow.models.dagbag.DagBag","filename":"dagbag.py","lineno":415,"error_detail":[{"exc_type":"IndentationError","exc_value":"expected an indented block after 'with' statement on line 53 (dag.py, line 55)","exc_notes":[],"syntax_error":{"offset":5,"filename":"/opt/airflow/dags/dag.py","line":"    conn.execute(\"\"\"\n","lineno":55,"msg":"expected an indented block after 'with' statement on line 53"},"is_cause":false,"frames":[{"filename":"/home/airflow/.local/lib/python3.12/site-packages/airflow/models/dagbag.py","lineno":405,"name":"parse"},{"filename":"<frozen importlib._bootstrap_external>","lineno":995,"name":"exec_module"},{"filename":"<frozen importlib._bootstrap_external>","lineno":1133,"name":"get_code"},{"filename":"<frozen importlib._bootstrap_external>","lineno":1063,"name":"source_to_code"},{"filename":"<frozen importlib._bootstrap>","lineno":488,"name":"_call_with_frames_removed"}],"is_group":false,"exceptions":[]}]}
{"timestamp":"2025-12-15T13:47:58.478603Z","level":"info","event":"Filling up the DagBag from /opt/airflow/dags/dag.py","logger":"airflow.models.dagbag.DagBag","filename":"dagbag.py","lineno":593}
{"timestamp":"2025-12-15T13:47:58.483791Z","level":"error","event":"Failed to import: /opt/airflow/dags/dag.py","logger":"airflow.models.dagbag.DagBag","filename":"dagbag.py","lineno":415,"error_detail":[{"exc_type":"IndentationError","exc_value":"expected an indented block after 'with' statement on line 53 (dag.py, line 55)","exc_notes":[],"syntax_error":{"offset":5,"filename":"/opt/airflow/dags/dag.py","line":"    conn.execute(\"\"\"\n","lineno":55,"msg":"expected an indented block after 'with' statement on line 53"},"is_cause":false,"frames":[{"filename":"/home/airflow/.local/lib/python3.12/site-packages/airflow/models/dagbag.py","lineno":405,"name":"parse"},{"filename":"<frozen importlib._bootstrap_external>","lineno":995,"name":"exec_module"},{"filename":"<frozen importlib._bootstrap_external>","lineno":1133,"name":"get_code"},{"filename":"<frozen importlib._bootstrap_external>","lineno":1063,"name":"source_to_code"},{"filename":"<frozen importlib._bootstrap>","lineno":488,"name":"_call_with_frames_removed"}],"is_group":false,"exceptions":[]}]}
{"timestamp":"2025-12-15T13:48:28.796101Z","level":"info","event":"Filling up the DagBag from /opt/airflow/dags/dag.py","logger":"airflow.models.dagbag.DagBag","filename":"dagbag.py","lineno":593}
{"timestamp":"2025-12-15T13:48:28.799815Z","level":"error","event":"Failed to import: /opt/airflow/dags/dag.py","logger":"airflow.models.dagbag.DagBag","filename":"dagbag.py","lineno":415,"error_detail":[{"exc_type":"IndentationError","exc_value":"expected an indented block after 'with' statement on line 53 (dag.py, line 55)","exc_notes":[],"syntax_error":{"offset":5,"filename":"/opt/airflow/dags/dag.py","line":"    conn.execute(\"\"\"\n","lineno":55,"msg":"expected an indented block after 'with' statement on line 53"},"is_cause":false,"frames":[{"filename":"/home/airflow/.local/lib/python3.12/site-packages/airflow/models/dagbag.py","lineno":405,"name":"parse"},{"filename":"<frozen importlib._bootstrap_external>","lineno":995,"name":"exec_module"},{"filename":"<frozen importlib._bootstrap_external>","lineno":1133,"name":"get_code"},{"filename":"<frozen importlib._bootstrap_external>","lineno":1063,"name":"source_to_code"},{"filename":"<frozen importlib._bootstrap>","lineno":488,"name":"_call_with_frames_removed"}],"is_group":false,"exceptions":[]}]}
{"timestamp":"2025-12-15T13:48:59.108028Z","level":"info","event":"Filling up the DagBag from /opt/airflow/dags/dag.py","logger":"airflow.models.dagbag.DagBag","filename":"dagbag.py","lineno":593}
{"timestamp":"2025-12-15T13:48:59.112964Z","level":"error","event":"Failed to import: /opt/airflow/dags/dag.py","logger":"airflow.models.dagbag.DagBag","filename":"dagbag.py","lineno":415,"error_detail":[{"exc_type":"IndentationError","exc_value":"expected an indented block after 'with' statement on line 53 (dag.py, line 55)","exc_notes":[],"syntax_error":{"offset":5,"filename":"/opt/airflow/dags/dag.py","line":"    conn.execute(\"\"\"\n","lineno":55,"msg":"expected an indented block after 'with' statement on line 53"},"is_cause":false,"frames":[{"filename":"/home/airflow/.local/lib/python3.12/site-packages/airflow/models/dagbag.py","lineno":405,"name":"parse"},{"filename":"<frozen importlib._bootstrap_external>","lineno":995,"name":"exec_module"},{"filename":"<frozen importlib._bootstrap_external>","lineno":1133,"name":"get_code"},{"filename":"<frozen importlib._bootstrap_external>","lineno":1063,"name":"source_to_code"},{"filename":"<frozen importlib._bootstrap>","lineno":488,"name":"_call_with_frames_removed"}],"is_group":false,"exceptions":[]}]}
{"timestamp":"2025-12-15T13:49:29.475426Z","level":"info","event":"Filling up the DagBag from /opt/airflow/dags/dag.py","logger":"airflow.models.dagbag.DagBag","filename":"dagbag.py","lineno":593}
{"timestamp":"2025-12-15T13:49:29.480863Z","level":"error","event":"Failed to import: /opt/airflow/dags/dag.py","logger":"airflow.models.dagbag.DagBag","filename":"dagbag.py","lineno":415,"error_detail":[{"exc_type":"IndentationError","exc_value":"expected an indented block after 'with' statement on line 53 (dag.py, line 55)","exc_notes":[],"syntax_error":{"offset":5,"filename":"/opt/airflow/dags/dag.py","line":"    conn.execute(\"\"\"\n","lineno":55,"msg":"expected an indented block after 'with' statement on line 53"},"is_cause":false,"frames":[{"filename":"/home/airflow/.local/lib/python3.12/site-packages/airflow/models/dagbag.py","lineno":405,"name":"parse"},{"filename":"<frozen importlib._bootstrap_external>","lineno":995,"name":"exec_module"},{"filename":"<frozen importlib._bootstrap_external>","lineno":1133,"name":"get_code"},{"filename":"<frozen importlib._bootstrap_external>","lineno":1063,"name":"source_to_code"},{"filename":"<frozen importlib._bootstrap>","lineno":488,"name":"_call_with_frames_removed"}],"is_group":false,"exceptions":[]}]}
{"timestamp":"2025-12-15T13:50:16.364973Z","level":"info","event":"Filling up the DagBag from /opt/airflow/dags/dag.py","logger":"airflow.models.dagbag.DagBag","filename":"dagbag.py","lineno":593}
{"timestamp":"2025-12-15T13:50:16.368373Z","level":"error","event":"Failed to import: /opt/airflow/dags/dag.py","logger":"airflow.models.dagbag.DagBag","filename":"dagbag.py","lineno":415,"error_detail":[{"exc_type":"IndentationError","exc_value":"expected an indented block after 'with' statement on line 53 (dag.py, line 55)","exc_notes":[],"syntax_error":{"offset":5,"filename":"/opt/airflow/dags/dag.py","line":"    conn.execute(\"\"\"\n","lineno":55,"msg":"expected an indented block after 'with' statement on line 53"},"is_cause":false,"frames":[{"filename":"/home/airflow/.local/lib/python3.12/site-packages/airflow/models/dagbag.py","lineno":405,"name":"parse"},{"filename":"<frozen importlib._bootstrap_external>","lineno":995,"name":"exec_module"},{"filename":"<frozen importlib._bootstrap_external>","lineno":1133,"name":"get_code"},{"filename":"<frozen importlib._bootstrap_external>","lineno":1063,"name":"source_to_code"},{"filename":"<frozen importlib._bootstrap>","lineno":488,"name":"_call_with_frames_removed"}],"is_group":false,"exceptions":[]}]}
{"timestamp":"2025-12-15T13:50:46.743841Z","level":"info","event":"Filling up the DagBag from /opt/airflow/dags/dag.py","logger":"airflow.models.dagbag.DagBag","filename":"dagbag.py","lineno":593}
{"timestamp":"2025-12-15T13:50:46.748730Z","level":"error","event":"Failed to import: /opt/airflow/dags/dag.py","logger":"airflow.models.dagbag.DagBag","filename":"dagbag.py","lineno":415,"error_detail":[{"exc_type":"IndentationError","exc_value":"expected an indented block after 'with' statement on line 53 (dag.py, line 55)","exc_notes":[],"syntax_error":{"offset":5,"filename":"/opt/airflow/dags/dag.py","line":"    conn.execute(\"\"\"\n","lineno":55,"msg":"expected an indented block after 'with' statement on line 53"},"is_cause":false,"frames":[{"filename":"/home/airflow/.local/lib/python3.12/site-packages/airflow/models/dagbag.py","lineno":405,"name":"parse"},{"filename":"<frozen importlib._bootstrap_external>","lineno":995,"name":"exec_module"},{"filename":"<frozen importlib._bootstrap_external>","lineno":1133,"name":"get_code"},{"filename":"<frozen importlib._bootstrap_external>","lineno":1063,"name":"source_to_code"},{"filename":"<frozen importlib._bootstrap>","lineno":488,"name":"_call_with_frames_removed"}],"is_group":false,"exceptions":[]}]}
{"timestamp":"2025-12-15T13:51:17.102726Z","level":"info","event":"Filling up the DagBag from /opt/airflow/dags/dag.py","logger":"airflow.models.dagbag.DagBag","filename":"dagbag.py","lineno":593}
{"timestamp":"2025-12-15T13:51:17.106439Z","level":"error","event":"Failed to import: /opt/airflow/dags/dag.py","logger":"airflow.models.dagbag.DagBag","filename":"dagbag.py","lineno":415,"error_detail":[{"exc_type":"IndentationError","exc_value":"expected an indented block after 'with' statement on line 53 (dag.py, line 55)","exc_notes":[],"syntax_error":{"offset":5,"filename":"/opt/airflow/dags/dag.py","line":"    conn.execute(\"\"\"\n","lineno":55,"msg":"expected an indented block after 'with' statement on line 53"},"is_cause":false,"frames":[{"filename":"/home/airflow/.local/lib/python3.12/site-packages/airflow/models/dagbag.py","lineno":405,"name":"parse"},{"filename":"<frozen importlib._bootstrap_external>","lineno":995,"name":"exec_module"},{"filename":"<frozen importlib._bootstrap_external>","lineno":1133,"name":"get_code"},{"filename":"<frozen importlib._bootstrap_external>","lineno":1063,"name":"source_to_code"},{"filename":"<frozen importlib._bootstrap>","lineno":488,"name":"_call_with_frames_removed"}],"is_group":false,"exceptions":[]}]}
{"timestamp":"2025-12-15T13:51:47.470123Z","level":"info","event":"Filling up the DagBag from /opt/airflow/dags/dag.py","logger":"airflow.models.dagbag.DagBag","filename":"dagbag.py","lineno":593}
{"timestamp":"2025-12-15T13:51:47.475642Z","level":"error","event":"Failed to import: /opt/airflow/dags/dag.py","logger":"airflow.models.dagbag.DagBag","filename":"dagbag.py","lineno":415,"error_detail":[{"exc_type":"IndentationError","exc_value":"expected an indented block after 'with' statement on line 53 (dag.py, line 55)","exc_notes":[],"syntax_error":{"offset":5,"filename":"/opt/airflow/dags/dag.py","line":"    conn.execute(\"\"\"\n","lineno":55,"msg":"expected an indented block after 'with' statement on line 53"},"is_cause":false,"frames":[{"filename":"/home/airflow/.local/lib/python3.12/site-packages/airflow/models/dagbag.py","lineno":405,"name":"parse"},{"filename":"<frozen importlib._bootstrap_external>","lineno":995,"name":"exec_module"},{"filename":"<frozen importlib._bootstrap_external>","lineno":1133,"name":"get_code"},{"filename":"<frozen importlib._bootstrap_external>","lineno":1063,"name":"source_to_code"},{"filename":"<frozen importlib._bootstrap>","lineno":488,"name":"_call_with_frames_removed"}],"is_group":false,"exceptions":[]}]}
{"timestamp":"2025-12-15T13:52:17.848222Z","level":"info","event":"Filling up the DagBag from /opt/airflow/dags/dag.py","logger":"airflow.models.dagbag.DagBag","filename":"dagbag.py","lineno":593}
{"timestamp":"2025-12-15T13:52:17.851516Z","level":"error","event":"Failed to import: /opt/airflow/dags/dag.py","logger":"airflow.models.dagbag.DagBag","filename":"dagbag.py","lineno":415,"error_detail":[{"exc_type":"IndentationError","exc_value":"expected an indented block after 'with' statement on line 53 (dag.py, line 55)","exc_notes":[],"syntax_error":{"offset":5,"filename":"/opt/airflow/dags/dag.py","line":"    conn.execute(\"\"\"\n","lineno":55,"msg":"expected an indented block after 'with' statement on line 53"},"is_cause":false,"frames":[{"filename":"/home/airflow/.local/lib/python3.12/site-packages/airflow/models/dagbag.py","lineno":405,"name":"parse"},{"filename":"<frozen importlib._bootstrap_external>","lineno":995,"name":"exec_module"},{"filename":"<frozen importlib._bootstrap_external>","lineno":1133,"name":"get_code"},{"filename":"<frozen importlib._bootstrap_external>","lineno":1063,"name":"source_to_code"},{"filename":"<frozen importlib._bootstrap>","lineno":488,"name":"_call_with_frames_removed"}],"is_group":false,"exceptions":[]}]}
{"timestamp":"2025-12-15T13:52:48.153692Z","level":"info","event":"Filling up the DagBag from /opt/airflow/dags/dag.py","logger":"airflow.models.dagbag.DagBag","filename":"dagbag.py","lineno":593}
{"timestamp":"2025-12-15T13:52:48.158949Z","level":"error","event":"Failed to import: /opt/airflow/dags/dag.py","logger":"airflow.models.dagbag.DagBag","filename":"dagbag.py","lineno":415,"error_detail":[{"exc_type":"IndentationError","exc_value":"expected an indented block after 'with' statement on line 53 (dag.py, line 55)","exc_notes":[],"syntax_error":{"offset":5,"filename":"/opt/airflow/dags/dag.py","line":"    conn.execute(\"\"\"\n","lineno":55,"msg":"expected an indented block after 'with' statement on line 53"},"is_cause":false,"frames":[{"filename":"/home/airflow/.local/lib/python3.12/site-packages/airflow/models/dagbag.py","lineno":405,"name":"parse"},{"filename":"<frozen importlib._bootstrap_external>","lineno":995,"name":"exec_module"},{"filename":"<frozen importlib._bootstrap_external>","lineno":1133,"name":"get_code"},{"filename":"<frozen importlib._bootstrap_external>","lineno":1063,"name":"source_to_code"},{"filename":"<frozen importlib._bootstrap>","lineno":488,"name":"_call_with_frames_removed"}],"is_group":false,"exceptions":[]}]}
{"timestamp":"2025-12-15T13:53:18.523758Z","level":"info","event":"Filling up the DagBag from /opt/airflow/dags/dag.py","logger":"airflow.models.dagbag.DagBag","filename":"dagbag.py","lineno":593}
{"timestamp":"2025-12-15T13:53:18.529070Z","level":"error","event":"Failed to import: /opt/airflow/dags/dag.py","logger":"airflow.models.dagbag.DagBag","filename":"dagbag.py","lineno":415,"error_detail":[{"exc_type":"IndentationError","exc_value":"expected an indented block after 'with' statement on line 53 (dag.py, line 55)","exc_notes":[],"syntax_error":{"offset":5,"filename":"/opt/airflow/dags/dag.py","line":"    conn.execute(\"\"\"\n","lineno":55,"msg":"expected an indented block after 'with' statement on line 53"},"is_cause":false,"frames":[{"filename":"/home/airflow/.local/lib/python3.12/site-packages/airflow/models/dagbag.py","lineno":405,"name":"parse"},{"filename":"<frozen importlib._bootstrap_external>","lineno":995,"name":"exec_module"},{"filename":"<frozen importlib._bootstrap_external>","lineno":1133,"name":"get_code"},{"filename":"<frozen importlib._bootstrap_external>","lineno":1063,"name":"source_to_code"},{"filename":"<frozen importlib._bootstrap>","lineno":488,"name":"_call_with_frames_removed"}],"is_group":false,"exceptions":[]}]}
{"timestamp":"2025-12-15T13:53:48.904762Z","level":"info","event":"Filling up the DagBag from /opt/airflow/dags/dag.py","logger":"airflow.models.dagbag.DagBag","filename":"dagbag.py","lineno":593}
{"timestamp":"2025-12-15T13:53:48.909296Z","level":"error","event":"Failed to import: /opt/airflow/dags/dag.py","logger":"airflow.models.dagbag.DagBag","filename":"dagbag.py","lineno":415,"error_detail":[{"exc_type":"IndentationError","exc_value":"expected an indented block after 'with' statement on line 53 (dag.py, line 55)","exc_notes":[],"syntax_error":{"offset":5,"filename":"/opt/airflow/dags/dag.py","line":"    conn.execute(\"\"\"\n","lineno":55,"msg":"expected an indented block after 'with' statement on line 53"},"is_cause":false,"frames":[{"filename":"/home/airflow/.local/lib/python3.12/site-packages/airflow/models/dagbag.py","lineno":405,"name":"parse"},{"filename":"<frozen importlib._bootstrap_external>","lineno":995,"name":"exec_module"},{"filename":"<frozen importlib._bootstrap_external>","lineno":1133,"name":"get_code"},{"filename":"<frozen importlib._bootstrap_external>","lineno":1063,"name":"source_to_code"},{"filename":"<frozen importlib._bootstrap>","lineno":488,"name":"_call_with_frames_removed"}],"is_group":false,"exceptions":[]}]}
{"timestamp":"2025-12-15T13:58:48.216834Z","level":"info","event":"Filling up the DagBag from /opt/airflow/dags/dag.py","logger":"airflow.models.dagbag.DagBag","filename":"dagbag.py","lineno":593}
{"timestamp":"2025-12-15T13:58:48.224032Z","level":"error","event":"Failed to import: /opt/airflow/dags/dag.py","logger":"airflow.models.dagbag.DagBag","filename":"dagbag.py","lineno":415,"error_detail":[{"exc_type":"IndentationError","exc_value":"expected an indented block after 'with' statement on line 53 (dag.py, line 55)","exc_notes":[],"syntax_error":{"offset":5,"filename":"/opt/airflow/dags/dag.py","line":"    conn.execute(\"\"\"\n","lineno":55,"msg":"expected an indented block after 'with' statement on line 53"},"is_cause":false,"frames":[{"filename":"/home/airflow/.local/lib/python3.12/site-packages/airflow/models/dagbag.py","lineno":405,"name":"parse"},{"filename":"<frozen importlib._bootstrap_external>","lineno":995,"name":"exec_module"},{"filename":"<frozen importlib._bootstrap_external>","lineno":1133,"name":"get_code"},{"filename":"<frozen importlib._bootstrap_external>","lineno":1063,"name":"source_to_code"},{"filename":"<frozen importlib._bootstrap>","lineno":488,"name":"_call_with_frames_removed"}],"is_group":false,"exceptions":[]}]}
{"timestamp":"2025-12-15T13:59:18.567234Z","level":"info","event":"Filling up the DagBag from /opt/airflow/dags/dag.py","logger":"airflow.models.dagbag.DagBag","filename":"dagbag.py","lineno":593}
{"timestamp":"2025-12-15T13:59:18.571928Z","level":"error","event":"Failed to import: /opt/airflow/dags/dag.py","logger":"airflow.models.dagbag.DagBag","filename":"dagbag.py","lineno":415,"error_detail":[{"exc_type":"IndentationError","exc_value":"expected an indented block after 'with' statement on line 53 (dag.py, line 55)","exc_notes":[],"syntax_error":{"offset":5,"filename":"/opt/airflow/dags/dag.py","line":"    conn.execute(\"\"\"\n","lineno":55,"msg":"expected an indented block after 'with' statement on line 53"},"is_cause":false,"frames":[{"filename":"/home/airflow/.local/lib/python3.12/site-packages/airflow/models/dagbag.py","lineno":405,"name":"parse"},{"filename":"<frozen importlib._bootstrap_external>","lineno":995,"name":"exec_module"},{"filename":"<frozen importlib._bootstrap_external>","lineno":1133,"name":"get_code"},{"filename":"<frozen importlib._bootstrap_external>","lineno":1063,"name":"source_to_code"},{"filename":"<frozen importlib._bootstrap>","lineno":488,"name":"_call_with_frames_removed"}],"is_group":false,"exceptions":[]}]}
{"timestamp":"2025-12-15T13:59:48.928036Z","level":"info","event":"Filling up the DagBag from /opt/airflow/dags/dag.py","logger":"airflow.models.dagbag.DagBag","filename":"dagbag.py","lineno":593}
{"timestamp":"2025-12-15T13:59:48.932035Z","level":"error","event":"Failed to import: /opt/airflow/dags/dag.py","logger":"airflow.models.dagbag.DagBag","filename":"dagbag.py","lineno":415,"error_detail":[{"exc_type":"IndentationError","exc_value":"expected an indented block after 'with' statement on line 53 (dag.py, line 55)","exc_notes":[],"syntax_error":{"offset":5,"filename":"/opt/airflow/dags/dag.py","line":"    conn.execute(\"\"\"\n","lineno":55,"msg":"expected an indented block after 'with' statement on line 53"},"is_cause":false,"frames":[{"filename":"/home/airflow/.local/lib/python3.12/site-packages/airflow/models/dagbag.py","lineno":405,"name":"parse"},{"filename":"<frozen importlib._bootstrap_external>","lineno":995,"name":"exec_module"},{"filename":"<frozen importlib._bootstrap_external>","lineno":1133,"name":"get_code"},{"filename":"<frozen importlib._bootstrap_external>","lineno":1063,"name":"source_to_code"},{"filename":"<frozen importlib._bootstrap>","lineno":488,"name":"_call_with_frames_removed"}],"is_group":false,"exceptions":[]}]}
{"timestamp":"2025-12-15T14:00:19.294573Z","level":"info","event":"Filling up the DagBag from /opt/airflow/dags/dag.py","logger":"airflow.models.dagbag.DagBag","filename":"dagbag.py","lineno":593}
{"timestamp":"2025-12-15T14:00:19.298907Z","level":"error","event":"Failed to import: /opt/airflow/dags/dag.py","logger":"airflow.models.dagbag.DagBag","filename":"dagbag.py","lineno":415,"error_detail":[{"exc_type":"IndentationError","exc_value":"expected an indented block after 'with' statement on line 53 (dag.py, line 55)","exc_notes":[],"syntax_error":{"offset":5,"filename":"/opt/airflow/dags/dag.py","line":"    conn.execute(\"\"\"\n","lineno":55,"msg":"expected an indented block after 'with' statement on line 53"},"is_cause":false,"frames":[{"filename":"/home/airflow/.local/lib/python3.12/site-packages/airflow/models/dagbag.py","lineno":405,"name":"parse"},{"filename":"<frozen importlib._bootstrap_external>","lineno":995,"name":"exec_module"},{"filename":"<frozen importlib._bootstrap_external>","lineno":1133,"name":"get_code"},{"filename":"<frozen importlib._bootstrap_external>","lineno":1063,"name":"source_to_code"},{"filename":"<frozen importlib._bootstrap>","lineno":488,"name":"_call_with_frames_removed"}],"is_group":false,"exceptions":[]}]}
{"timestamp":"2025-12-15T14:00:49.677110Z","level":"info","event":"Filling up the DagBag from /opt/airflow/dags/dag.py","logger":"airflow.models.dagbag.DagBag","filename":"dagbag.py","lineno":593}
{"timestamp":"2025-12-15T14:00:49.684894Z","level":"error","event":"Failed to import: /opt/airflow/dags/dag.py","logger":"airflow.models.dagbag.DagBag","filename":"dagbag.py","lineno":415,"error_detail":[{"exc_type":"IndentationError","exc_value":"expected an indented block after 'with' statement on line 53 (dag.py, line 55)","exc_notes":[],"syntax_error":{"offset":5,"filename":"/opt/airflow/dags/dag.py","line":"    conn.execute(\"\"\"\n","lineno":55,"msg":"expected an indented block after 'with' statement on line 53"},"is_cause":false,"frames":[{"filename":"/home/airflow/.local/lib/python3.12/site-packages/airflow/models/dagbag.py","lineno":405,"name":"parse"},{"filename":"<frozen importlib._bootstrap_external>","lineno":995,"name":"exec_module"},{"filename":"<frozen importlib._bootstrap_external>","lineno":1133,"name":"get_code"},{"filename":"<frozen importlib._bootstrap_external>","lineno":1063,"name":"source_to_code"},{"filename":"<frozen importlib._bootstrap>","lineno":488,"name":"_call_with_frames_removed"}],"is_group":false,"exceptions":[]}]}
{"timestamp":"2025-12-15T14:01:20.042704Z","level":"info","event":"Filling up the DagBag from /opt/airflow/dags/dag.py","logger":"airflow.models.dagbag.DagBag","filename":"dagbag.py","lineno":593}
{"timestamp":"2025-12-15T14:01:20.046560Z","level":"error","event":"Failed to import: /opt/airflow/dags/dag.py","logger":"airflow.models.dagbag.DagBag","filename":"dagbag.py","lineno":415,"error_detail":[{"exc_type":"IndentationError","exc_value":"expected an indented block after 'with' statement on line 53 (dag.py, line 55)","exc_notes":[],"syntax_error":{"offset":5,"filename":"/opt/airflow/dags/dag.py","line":"    conn.execute(\"\"\"\n","lineno":55,"msg":"expected an indented block after 'with' statement on line 53"},"is_cause":false,"frames":[{"filename":"/home/airflow/.local/lib/python3.12/site-packages/airflow/models/dagbag.py","lineno":405,"name":"parse"},{"filename":"<frozen importlib._bootstrap_external>","lineno":995,"name":"exec_module"},{"filename":"<frozen importlib._bootstrap_external>","lineno":1133,"name":"get_code"},{"filename":"<frozen importlib._bootstrap_external>","lineno":1063,"name":"source_to_code"},{"filename":"<frozen importlib._bootstrap>","lineno":488,"name":"_call_with_frames_removed"}],"is_group":false,"exceptions":[]}]}
{"timestamp":"2025-12-15T14:01:50.416399Z","level":"info","event":"Filling up the DagBag from /opt/airflow/dags/dag.py","logger":"airflow.models.dagbag.DagBag","filename":"dagbag.py","lineno":593}
{"timestamp":"2025-12-15T14:01:50.421745Z","level":"error","event":"Failed to import: /opt/airflow/dags/dag.py","logger":"airflow.models.dagbag.DagBag","filename":"dagbag.py","lineno":415,"error_detail":[{"exc_type":"IndentationError","exc_value":"expected an indented block after 'with' statement on line 53 (dag.py, line 55)","exc_notes":[],"syntax_error":{"offset":5,"filename":"/opt/airflow/dags/dag.py","line":"    conn.execute(\"\"\"\n","lineno":55,"msg":"expected an indented block after 'with' statement on line 53"},"is_cause":false,"frames":[{"filename":"/home/airflow/.local/lib/python3.12/site-packages/airflow/models/dagbag.py","lineno":405,"name":"parse"},{"filename":"<frozen importlib._bootstrap_external>","lineno":995,"name":"exec_module"},{"filename":"<frozen importlib._bootstrap_external>","lineno":1133,"name":"get_code"},{"filename":"<frozen importlib._bootstrap_external>","lineno":1063,"name":"source_to_code"},{"filename":"<frozen importlib._bootstrap>","lineno":488,"name":"_call_with_frames_removed"}],"is_group":false,"exceptions":[]}]}
{"timestamp":"2025-12-15T14:02:20.803575Z","level":"info","event":"Filling up the DagBag from /opt/airflow/dags/dag.py","logger":"airflow.models.dagbag.DagBag","filename":"dagbag.py","lineno":593}
{"timestamp":"2025-12-15T14:02:20.808537Z","level":"error","event":"Failed to import: /opt/airflow/dags/dag.py","logger":"airflow.models.dagbag.DagBag","filename":"dagbag.py","lineno":415,"error_detail":[{"exc_type":"IndentationError","exc_value":"expected an indented block after 'with' statement on line 53 (dag.py, line 55)","exc_notes":[],"syntax_error":{"offset":5,"filename":"/opt/airflow/dags/dag.py","line":"    conn.execute(\"\"\"\n","lineno":55,"msg":"expected an indented block after 'with' statement on line 53"},"is_cause":false,"frames":[{"filename":"/home/airflow/.local/lib/python3.12/site-packages/airflow/models/dagbag.py","lineno":405,"name":"parse"},{"filename":"<frozen importlib._bootstrap_external>","lineno":995,"name":"exec_module"},{"filename":"<frozen importlib._bootstrap_external>","lineno":1133,"name":"get_code"},{"filename":"<frozen importlib._bootstrap_external>","lineno":1063,"name":"source_to_code"},{"filename":"<frozen importlib._bootstrap>","lineno":488,"name":"_call_with_frames_removed"}],"is_group":false,"exceptions":[]}]}
{"timestamp":"2025-12-15T14:02:51.180632Z","level":"info","event":"Filling up the DagBag from /opt/airflow/dags/dag.py","logger":"airflow.models.dagbag.DagBag","filename":"dagbag.py","lineno":593}
{"timestamp":"2025-12-15T14:02:51.184472Z","level":"error","event":"Failed to import: /opt/airflow/dags/dag.py","logger":"airflow.models.dagbag.DagBag","filename":"dagbag.py","lineno":415,"error_detail":[{"exc_type":"IndentationError","exc_value":"expected an indented block after 'with' statement on line 53 (dag.py, line 55)","exc_notes":[],"syntax_error":{"offset":5,"filename":"/opt/airflow/dags/dag.py","line":"    conn.execute(\"\"\"\n","lineno":55,"msg":"expected an indented block after 'with' statement on line 53"},"is_cause":false,"frames":[{"filename":"/home/airflow/.local/lib/python3.12/site-packages/airflow/models/dagbag.py","lineno":405,"name":"parse"},{"filename":"<frozen importlib._bootstrap_external>","lineno":995,"name":"exec_module"},{"filename":"<frozen importlib._bootstrap_external>","lineno":1133,"name":"get_code"},{"filename":"<frozen importlib._bootstrap_external>","lineno":1063,"name":"source_to_code"},{"filename":"<frozen importlib._bootstrap>","lineno":488,"name":"_call_with_frames_removed"}],"is_group":false,"exceptions":[]}]}
{"timestamp":"2025-12-15T14:03:21.562555Z","level":"info","event":"Filling up the DagBag from /opt/airflow/dags/dag.py","logger":"airflow.models.dagbag.DagBag","filename":"dagbag.py","lineno":593}
{"timestamp":"2025-12-15T14:03:21.567276Z","level":"error","event":"Failed to import: /opt/airflow/dags/dag.py","logger":"airflow.models.dagbag.DagBag","filename":"dagbag.py","lineno":415,"error_detail":[{"exc_type":"IndentationError","exc_value":"expected an indented block after 'with' statement on line 53 (dag.py, line 55)","exc_notes":[],"syntax_error":{"offset":5,"filename":"/opt/airflow/dags/dag.py","line":"    conn.execute(\"\"\"\n","lineno":55,"msg":"expected an indented block after 'with' statement on line 53"},"is_cause":false,"frames":[{"filename":"/home/airflow/.local/lib/python3.12/site-packages/airflow/models/dagbag.py","lineno":405,"name":"parse"},{"filename":"<frozen importlib._bootstrap_external>","lineno":995,"name":"exec_module"},{"filename":"<frozen importlib._bootstrap_external>","lineno":1133,"name":"get_code"},{"filename":"<frozen importlib._bootstrap_external>","lineno":1063,"name":"source_to_code"},{"filename":"<frozen importlib._bootstrap>","lineno":488,"name":"_call_with_frames_removed"}],"is_group":false,"exceptions":[]}]}
{"timestamp":"2025-12-15T14:03:51.906937Z","level":"info","event":"Filling up the DagBag from /opt/airflow/dags/dag.py","logger":"airflow.models.dagbag.DagBag","filename":"dagbag.py","lineno":593}
{"timestamp":"2025-12-15T14:03:51.911756Z","level":"error","event":"Failed to import: /opt/airflow/dags/dag.py","logger":"airflow.models.dagbag.DagBag","filename":"dagbag.py","lineno":415,"error_detail":[{"exc_type":"IndentationError","exc_value":"expected an indented block after 'with' statement on line 53 (dag.py, line 55)","exc_notes":[],"syntax_error":{"offset":5,"filename":"/opt/airflow/dags/dag.py","line":"    conn.execute(\"\"\"\n","lineno":55,"msg":"expected an indented block after 'with' statement on line 53"},"is_cause":false,"frames":[{"filename":"/home/airflow/.local/lib/python3.12/site-packages/airflow/models/dagbag.py","lineno":405,"name":"parse"},{"filename":"<frozen importlib._bootstrap_external>","lineno":995,"name":"exec_module"},{"filename":"<frozen importlib._bootstrap_external>","lineno":1133,"name":"get_code"},{"filename":"<frozen importlib._bootstrap_external>","lineno":1063,"name":"source_to_code"},{"filename":"<frozen importlib._bootstrap>","lineno":488,"name":"_call_with_frames_removed"}],"is_group":false,"exceptions":[]}]}
{"timestamp":"2025-12-15T14:04:22.259782Z","level":"info","event":"Filling up the DagBag from /opt/airflow/dags/dag.py","logger":"airflow.models.dagbag.DagBag","filename":"dagbag.py","lineno":593}
{"timestamp":"2025-12-15T14:04:22.264359Z","level":"error","event":"Failed to import: /opt/airflow/dags/dag.py","logger":"airflow.models.dagbag.DagBag","filename":"dagbag.py","lineno":415,"error_detail":[{"exc_type":"IndentationError","exc_value":"expected an indented block after 'with' statement on line 53 (dag.py, line 55)","exc_notes":[],"syntax_error":{"offset":5,"filename":"/opt/airflow/dags/dag.py","line":"    conn.execute(\"\"\"\n","lineno":55,"msg":"expected an indented block after 'with' statement on line 53"},"is_cause":false,"frames":[{"filename":"/home/airflow/.local/lib/python3.12/site-packages/airflow/models/dagbag.py","lineno":405,"name":"parse"},{"filename":"<frozen importlib._bootstrap_external>","lineno":995,"name":"exec_module"},{"filename":"<frozen importlib._bootstrap_external>","lineno":1133,"name":"get_code"},{"filename":"<frozen importlib._bootstrap_external>","lineno":1063,"name":"source_to_code"},{"filename":"<frozen importlib._bootstrap>","lineno":488,"name":"_call_with_frames_removed"}],"is_group":false,"exceptions":[]}]}
{"timestamp":"2025-12-15T14:04:52.613658Z","level":"info","event":"Filling up the DagBag from /opt/airflow/dags/dag.py","logger":"airflow.models.dagbag.DagBag","filename":"dagbag.py","lineno":593}
{"timestamp":"2025-12-15T14:04:52.619385Z","level":"error","event":"Failed to import: /opt/airflow/dags/dag.py","logger":"airflow.models.dagbag.DagBag","filename":"dagbag.py","lineno":415,"error_detail":[{"exc_type":"IndentationError","exc_value":"expected an indented block after 'with' statement on line 53 (dag.py, line 55)","exc_notes":[],"syntax_error":{"offset":5,"filename":"/opt/airflow/dags/dag.py","line":"    conn.execute(\"\"\"\n","lineno":55,"msg":"expected an indented block after 'with' statement on line 53"},"is_cause":false,"frames":[{"filename":"/home/airflow/.local/lib/python3.12/site-packages/airflow/models/dagbag.py","lineno":405,"name":"parse"},{"filename":"<frozen importlib._bootstrap_external>","lineno":995,"name":"exec_module"},{"filename":"<frozen importlib._bootstrap_external>","lineno":1133,"name":"get_code"},{"filename":"<frozen importlib._bootstrap_external>","lineno":1063,"name":"source_to_code"},{"filename":"<frozen importlib._bootstrap>","lineno":488,"name":"_call_with_frames_removed"}],"is_group":false,"exceptions":[]}]}
{"timestamp":"2025-12-15T14:05:22.951585Z","level":"info","event":"Filling up the DagBag from /opt/airflow/dags/dag.py","logger":"airflow.models.dagbag.DagBag","filename":"dagbag.py","lineno":593}
{"timestamp":"2025-12-15T14:05:22.954859Z","level":"error","event":"Failed to import: /opt/airflow/dags/dag.py","logger":"airflow.models.dagbag.DagBag","filename":"dagbag.py","lineno":415,"error_detail":[{"exc_type":"IndentationError","exc_value":"expected an indented block after 'with' statement on line 53 (dag.py, line 55)","exc_notes":[],"syntax_error":{"offset":5,"filename":"/opt/airflow/dags/dag.py","line":"    conn.execute(\"\"\"\n","lineno":55,"msg":"expected an indented block after 'with' statement on line 53"},"is_cause":false,"frames":[{"filename":"/home/airflow/.local/lib/python3.12/site-packages/airflow/models/dagbag.py","lineno":405,"name":"parse"},{"filename":"<frozen importlib._bootstrap_external>","lineno":995,"name":"exec_module"},{"filename":"<frozen importlib._bootstrap_external>","lineno":1133,"name":"get_code"},{"filename":"<frozen importlib._bootstrap_external>","lineno":1063,"name":"source_to_code"},{"filename":"<frozen importlib._bootstrap>","lineno":488,"name":"_call_with_frames_removed"}],"is_group":false,"exceptions":[]}]}
{"timestamp":"2025-12-15T14:05:53.272685Z","level":"info","event":"Filling up the DagBag from /opt/airflow/dags/dag.py","logger":"airflow.models.dagbag.DagBag","filename":"dagbag.py","lineno":593}
{"timestamp":"2025-12-15T14:05:53.275171Z","level":"error","event":"Failed to import: /opt/airflow/dags/dag.py","logger":"airflow.models.dagbag.DagBag","filename":"dagbag.py","lineno":415,"error_detail":[{"exc_type":"IndentationError","exc_value":"expected an indented block after 'with' statement on line 53 (dag.py, line 55)","exc_notes":[],"syntax_error":{"offset":5,"filename":"/opt/airflow/dags/dag.py","line":"    conn.execute(\"\"\"\n","lineno":55,"msg":"expected an indented block after 'with' statement on line 53"},"is_cause":false,"frames":[{"filename":"/home/airflow/.local/lib/python3.12/site-packages/airflow/models/dagbag.py","lineno":405,"name":"parse"},{"filename":"<frozen importlib._bootstrap_external>","lineno":995,"name":"exec_module"},{"filename":"<frozen importlib._bootstrap_external>","lineno":1133,"name":"get_code"},{"filename":"<frozen importlib._bootstrap_external>","lineno":1063,"name":"source_to_code"},{"filename":"<frozen importlib._bootstrap>","lineno":488,"name":"_call_with_frames_removed"}],"is_group":false,"exceptions":[]}]}
{"timestamp":"2025-12-15T14:06:23.653372Z","level":"info","event":"Filling up the DagBag from /opt/airflow/dags/dag.py","logger":"airflow.models.dagbag.DagBag","filename":"dagbag.py","lineno":593}
{"timestamp":"2025-12-15T14:06:23.657515Z","level":"error","event":"Failed to import: /opt/airflow/dags/dag.py","logger":"airflow.models.dagbag.DagBag","filename":"dagbag.py","lineno":415,"error_detail":[{"exc_type":"IndentationError","exc_value":"expected an indented block after 'with' statement on line 53 (dag.py, line 55)","exc_notes":[],"syntax_error":{"offset":5,"filename":"/opt/airflow/dags/dag.py","line":"    conn.execute(\"\"\"\n","lineno":55,"msg":"expected an indented block after 'with' statement on line 53"},"is_cause":false,"frames":[{"filename":"/home/airflow/.local/lib/python3.12/site-packages/airflow/models/dagbag.py","lineno":405,"name":"parse"},{"filename":"<frozen importlib._bootstrap_external>","lineno":995,"name":"exec_module"},{"filename":"<frozen importlib._bootstrap_external>","lineno":1133,"name":"get_code"},{"filename":"<frozen importlib._bootstrap_external>","lineno":1063,"name":"source_to_code"},{"filename":"<frozen importlib._bootstrap>","lineno":488,"name":"_call_with_frames_removed"}],"is_group":false,"exceptions":[]}]}
{"timestamp":"2025-12-15T14:06:54.014029Z","level":"info","event":"Filling up the DagBag from /opt/airflow/dags/dag.py","logger":"airflow.models.dagbag.DagBag","filename":"dagbag.py","lineno":593}
{"timestamp":"2025-12-15T14:06:54.019273Z","level":"error","event":"Failed to import: /opt/airflow/dags/dag.py","logger":"airflow.models.dagbag.DagBag","filename":"dagbag.py","lineno":415,"error_detail":[{"exc_type":"IndentationError","exc_value":"expected an indented block after 'with' statement on line 53 (dag.py, line 55)","exc_notes":[],"syntax_error":{"offset":5,"filename":"/opt/airflow/dags/dag.py","line":"    conn.execute(\"\"\"\n","lineno":55,"msg":"expected an indented block after 'with' statement on line 53"},"is_cause":false,"frames":[{"filename":"/home/airflow/.local/lib/python3.12/site-packages/airflow/models/dagbag.py","lineno":405,"name":"parse"},{"filename":"<frozen importlib._bootstrap_external>","lineno":995,"name":"exec_module"},{"filename":"<frozen importlib._bootstrap_external>","lineno":1133,"name":"get_code"},{"filename":"<frozen importlib._bootstrap_external>","lineno":1063,"name":"source_to_code"},{"filename":"<frozen importlib._bootstrap>","lineno":488,"name":"_call_with_frames_removed"}],"is_group":false,"exceptions":[]}]}
{"timestamp":"2025-12-15T14:07:24.359271Z","level":"info","event":"Filling up the DagBag from /opt/airflow/dags/dag.py","logger":"airflow.models.dagbag.DagBag","filename":"dagbag.py","lineno":593}
{"timestamp":"2025-12-15T14:07:24.362978Z","level":"error","event":"Failed to import: /opt/airflow/dags/dag.py","logger":"airflow.models.dagbag.DagBag","filename":"dagbag.py","lineno":415,"error_detail":[{"exc_type":"IndentationError","exc_value":"expected an indented block after 'with' statement on line 53 (dag.py, line 55)","exc_notes":[],"syntax_error":{"offset":5,"filename":"/opt/airflow/dags/dag.py","line":"    conn.execute(\"\"\"\n","lineno":55,"msg":"expected an indented block after 'with' statement on line 53"},"is_cause":false,"frames":[{"filename":"/home/airflow/.local/lib/python3.12/site-packages/airflow/models/dagbag.py","lineno":405,"name":"parse"},{"filename":"<frozen importlib._bootstrap_external>","lineno":995,"name":"exec_module"},{"filename":"<frozen importlib._bootstrap_external>","lineno":1133,"name":"get_code"},{"filename":"<frozen importlib._bootstrap_external>","lineno":1063,"name":"source_to_code"},{"filename":"<frozen importlib._bootstrap>","lineno":488,"name":"_call_with_frames_removed"}],"is_group":false,"exceptions":[]}]}
{"timestamp":"2025-12-15T14:07:54.744776Z","level":"info","event":"Filling up the DagBag from /opt/airflow/dags/dag.py","logger":"airflow.models.dagbag.DagBag","filename":"dagbag.py","lineno":593}
{"timestamp":"2025-12-15T14:07:54.749755Z","level":"error","event":"Failed to import: /opt/airflow/dags/dag.py","logger":"airflow.models.dagbag.DagBag","filename":"dagbag.py","lineno":415,"error_detail":[{"exc_type":"IndentationError","exc_value":"expected an indented block after 'with' statement on line 53 (dag.py, line 55)","exc_notes":[],"syntax_error":{"offset":5,"filename":"/opt/airflow/dags/dag.py","line":"    conn.execute(\"\"\"\n","lineno":55,"msg":"expected an indented block after 'with' statement on line 53"},"is_cause":false,"frames":[{"filename":"/home/airflow/.local/lib/python3.12/site-packages/airflow/models/dagbag.py","lineno":405,"name":"parse"},{"filename":"<frozen importlib._bootstrap_external>","lineno":995,"name":"exec_module"},{"filename":"<frozen importlib._bootstrap_external>","lineno":1133,"name":"get_code"},{"filename":"<frozen importlib._bootstrap_external>","lineno":1063,"name":"source_to_code"},{"filename":"<frozen importlib._bootstrap>","lineno":488,"name":"_call_with_frames_removed"}],"is_group":false,"exceptions":[]}]}
{"timestamp":"2025-12-15T14:08:25.143604Z","level":"info","event":"Filling up the DagBag from /opt/airflow/dags/dag.py","logger":"airflow.models.dagbag.DagBag","filename":"dagbag.py","lineno":593}
{"timestamp":"2025-12-15T14:08:25.148596Z","level":"error","event":"Failed to import: /opt/airflow/dags/dag.py","logger":"airflow.models.dagbag.DagBag","filename":"dagbag.py","lineno":415,"error_detail":[{"exc_type":"IndentationError","exc_value":"expected an indented block after 'with' statement on line 53 (dag.py, line 55)","exc_notes":[],"syntax_error":{"offset":5,"filename":"/opt/airflow/dags/dag.py","line":"    conn.execute(\"\"\"\n","lineno":55,"msg":"expected an indented block after 'with' statement on line 53"},"is_cause":false,"frames":[{"filename":"/home/airflow/.local/lib/python3.12/site-packages/airflow/models/dagbag.py","lineno":405,"name":"parse"},{"filename":"<frozen importlib._bootstrap_external>","lineno":995,"name":"exec_module"},{"filename":"<frozen importlib._bootstrap_external>","lineno":1133,"name":"get_code"},{"filename":"<frozen importlib._bootstrap_external>","lineno":1063,"name":"source_to_code"},{"filename":"<frozen importlib._bootstrap>","lineno":488,"name":"_call_with_frames_removed"}],"is_group":false,"exceptions":[]}]}
{"timestamp":"2025-12-15T14:08:55.475899Z","level":"info","event":"Filling up the DagBag from /opt/airflow/dags/dag.py","logger":"airflow.models.dagbag.DagBag","filename":"dagbag.py","lineno":593}
{"timestamp":"2025-12-15T14:08:55.478753Z","level":"error","event":"Failed to import: /opt/airflow/dags/dag.py","logger":"airflow.models.dagbag.DagBag","filename":"dagbag.py","lineno":415,"error_detail":[{"exc_type":"IndentationError","exc_value":"expected an indented block after 'with' statement on line 53 (dag.py, line 55)","exc_notes":[],"syntax_error":{"offset":5,"filename":"/opt/airflow/dags/dag.py","line":"    conn.execute(\"\"\"\n","lineno":55,"msg":"expected an indented block after 'with' statement on line 53"},"is_cause":false,"frames":[{"filename":"/home/airflow/.local/lib/python3.12/site-packages/airflow/models/dagbag.py","lineno":405,"name":"parse"},{"filename":"<frozen importlib._bootstrap_external>","lineno":995,"name":"exec_module"},{"filename":"<frozen importlib._bootstrap_external>","lineno":1133,"name":"get_code"},{"filename":"<frozen importlib._bootstrap_external>","lineno":1063,"name":"source_to_code"},{"filename":"<frozen importlib._bootstrap>","lineno":488,"name":"_call_with_frames_removed"}],"is_group":false,"exceptions":[]}]}
{"timestamp":"2025-12-15T14:09:25.840366Z","level":"info","event":"Filling up the DagBag from /opt/airflow/dags/dag.py","logger":"airflow.models.dagbag.DagBag","filename":"dagbag.py","lineno":593}
{"timestamp":"2025-12-15T14:09:25.844826Z","level":"error","event":"Failed to import: /opt/airflow/dags/dag.py","logger":"airflow.models.dagbag.DagBag","filename":"dagbag.py","lineno":415,"error_detail":[{"exc_type":"IndentationError","exc_value":"expected an indented block after 'with' statement on line 53 (dag.py, line 55)","exc_notes":[],"syntax_error":{"offset":5,"filename":"/opt/airflow/dags/dag.py","line":"    conn.execute(\"\"\"\n","lineno":55,"msg":"expected an indented block after 'with' statement on line 53"},"is_cause":false,"frames":[{"filename":"/home/airflow/.local/lib/python3.12/site-packages/airflow/models/dagbag.py","lineno":405,"name":"parse"},{"filename":"<frozen importlib._bootstrap_external>","lineno":995,"name":"exec_module"},{"filename":"<frozen importlib._bootstrap_external>","lineno":1133,"name":"get_code"},{"filename":"<frozen importlib._bootstrap_external>","lineno":1063,"name":"source_to_code"},{"filename":"<frozen importlib._bootstrap>","lineno":488,"name":"_call_with_frames_removed"}],"is_group":false,"exceptions":[]}]}
{"timestamp":"2025-12-15T14:09:56.212246Z","level":"info","event":"Filling up the DagBag from /opt/airflow/dags/dag.py","logger":"airflow.models.dagbag.DagBag","filename":"dagbag.py","lineno":593}
{"timestamp":"2025-12-15T14:09:56.217001Z","level":"error","event":"Failed to import: /opt/airflow/dags/dag.py","logger":"airflow.models.dagbag.DagBag","filename":"dagbag.py","lineno":415,"error_detail":[{"exc_type":"IndentationError","exc_value":"expected an indented block after 'with' statement on line 53 (dag.py, line 55)","exc_notes":[],"syntax_error":{"offset":5,"filename":"/opt/airflow/dags/dag.py","line":"    conn.execute(\"\"\"\n","lineno":55,"msg":"expected an indented block after 'with' statement on line 53"},"is_cause":false,"frames":[{"filename":"/home/airflow/.local/lib/python3.12/site-packages/airflow/models/dagbag.py","lineno":405,"name":"parse"},{"filename":"<frozen importlib._bootstrap_external>","lineno":995,"name":"exec_module"},{"filename":"<frozen importlib._bootstrap_external>","lineno":1133,"name":"get_code"},{"filename":"<frozen importlib._bootstrap_external>","lineno":1063,"name":"source_to_code"},{"filename":"<frozen importlib._bootstrap>","lineno":488,"name":"_call_with_frames_removed"}],"is_group":false,"exceptions":[]}]}
{"timestamp":"2025-12-15T14:10:26.582651Z","level":"info","event":"Filling up the DagBag from /opt/airflow/dags/dag.py","logger":"airflow.models.dagbag.DagBag","filename":"dagbag.py","lineno":593}
{"timestamp":"2025-12-15T14:10:26.587035Z","level":"error","event":"Failed to import: /opt/airflow/dags/dag.py","logger":"airflow.models.dagbag.DagBag","filename":"dagbag.py","lineno":415,"error_detail":[{"exc_type":"IndentationError","exc_value":"expected an indented block after 'with' statement on line 53 (dag.py, line 55)","exc_notes":[],"syntax_error":{"offset":5,"filename":"/opt/airflow/dags/dag.py","line":"    conn.execute(\"\"\"\n","lineno":55,"msg":"expected an indented block after 'with' statement on line 53"},"is_cause":false,"frames":[{"filename":"/home/airflow/.local/lib/python3.12/site-packages/airflow/models/dagbag.py","lineno":405,"name":"parse"},{"filename":"<frozen importlib._bootstrap_external>","lineno":995,"name":"exec_module"},{"filename":"<frozen importlib._bootstrap_external>","lineno":1133,"name":"get_code"},{"filename":"<frozen importlib._bootstrap_external>","lineno":1063,"name":"source_to_code"},{"filename":"<frozen importlib._bootstrap>","lineno":488,"name":"_call_with_frames_removed"}],"is_group":false,"exceptions":[]}]}
{"timestamp":"2025-12-15T14:10:56.953955Z","level":"info","event":"Filling up the DagBag from /opt/airflow/dags/dag.py","logger":"airflow.models.dagbag.DagBag","filename":"dagbag.py","lineno":593}
{"timestamp":"2025-12-15T14:10:56.957597Z","level":"error","event":"Failed to import: /opt/airflow/dags/dag.py","logger":"airflow.models.dagbag.DagBag","filename":"dagbag.py","lineno":415,"error_detail":[{"exc_type":"IndentationError","exc_value":"expected an indented block after 'with' statement on line 53 (dag.py, line 55)","exc_notes":[],"syntax_error":{"offset":5,"filename":"/opt/airflow/dags/dag.py","line":"    conn.execute(\"\"\"\n","lineno":55,"msg":"expected an indented block after 'with' statement on line 53"},"is_cause":false,"frames":[{"filename":"/home/airflow/.local/lib/python3.12/site-packages/airflow/models/dagbag.py","lineno":405,"name":"parse"},{"filename":"<frozen importlib._bootstrap_external>","lineno":995,"name":"exec_module"},{"filename":"<frozen importlib._bootstrap_external>","lineno":1133,"name":"get_code"},{"filename":"<frozen importlib._bootstrap_external>","lineno":1063,"name":"source_to_code"},{"filename":"<frozen importlib._bootstrap>","lineno":488,"name":"_call_with_frames_removed"}],"is_group":false,"exceptions":[]}]}
{"timestamp":"2025-12-15T14:11:27.324681Z","level":"info","event":"Filling up the DagBag from /opt/airflow/dags/dag.py","logger":"airflow.models.dagbag.DagBag","filename":"dagbag.py","lineno":593}
{"timestamp":"2025-12-15T14:11:27.329037Z","level":"error","event":"Failed to import: /opt/airflow/dags/dag.py","logger":"airflow.models.dagbag.DagBag","filename":"dagbag.py","lineno":415,"error_detail":[{"exc_type":"IndentationError","exc_value":"expected an indented block after 'with' statement on line 53 (dag.py, line 55)","exc_notes":[],"syntax_error":{"offset":5,"filename":"/opt/airflow/dags/dag.py","line":"    conn.execute(\"\"\"\n","lineno":55,"msg":"expected an indented block after 'with' statement on line 53"},"is_cause":false,"frames":[{"filename":"/home/airflow/.local/lib/python3.12/site-packages/airflow/models/dagbag.py","lineno":405,"name":"parse"},{"filename":"<frozen importlib._bootstrap_external>","lineno":995,"name":"exec_module"},{"filename":"<frozen importlib._bootstrap_external>","lineno":1133,"name":"get_code"},{"filename":"<frozen importlib._bootstrap_external>","lineno":1063,"name":"source_to_code"},{"filename":"<frozen importlib._bootstrap>","lineno":488,"name":"_call_with_frames_removed"}],"is_group":false,"exceptions":[]}]}
{"timestamp":"2025-12-15T14:11:57.670045Z","level":"info","event":"Filling up the DagBag from /opt/airflow/dags/dag.py","logger":"airflow.models.dagbag.DagBag","filename":"dagbag.py","lineno":593}
{"timestamp":"2025-12-15T14:11:57.674306Z","level":"error","event":"Failed to import: /opt/airflow/dags/dag.py","logger":"airflow.models.dagbag.DagBag","filename":"dagbag.py","lineno":415,"error_detail":[{"exc_type":"IndentationError","exc_value":"expected an indented block after 'with' statement on line 53 (dag.py, line 55)","exc_notes":[],"syntax_error":{"offset":5,"filename":"/opt/airflow/dags/dag.py","line":"    conn.execute(\"\"\"\n","lineno":55,"msg":"expected an indented block after 'with' statement on line 53"},"is_cause":false,"frames":[{"filename":"/home/airflow/.local/lib/python3.12/site-packages/airflow/models/dagbag.py","lineno":405,"name":"parse"},{"filename":"<frozen importlib._bootstrap_external>","lineno":995,"name":"exec_module"},{"filename":"<frozen importlib._bootstrap_external>","lineno":1133,"name":"get_code"},{"filename":"<frozen importlib._bootstrap_external>","lineno":1063,"name":"source_to_code"},{"filename":"<frozen importlib._bootstrap>","lineno":488,"name":"_call_with_frames_removed"}],"is_group":false,"exceptions":[]}]}
{"timestamp":"2025-12-15T14:12:28.023168Z","level":"info","event":"Filling up the DagBag from /opt/airflow/dags/dag.py","logger":"airflow.models.dagbag.DagBag","filename":"dagbag.py","lineno":593}
{"timestamp":"2025-12-15T14:12:28.027853Z","level":"error","event":"Failed to import: /opt/airflow/dags/dag.py","logger":"airflow.models.dagbag.DagBag","filename":"dagbag.py","lineno":415,"error_detail":[{"exc_type":"IndentationError","exc_value":"expected an indented block after 'with' statement on line 53 (dag.py, line 55)","exc_notes":[],"syntax_error":{"offset":5,"filename":"/opt/airflow/dags/dag.py","line":"    conn.execute(\"\"\"\n","lineno":55,"msg":"expected an indented block after 'with' statement on line 53"},"is_cause":false,"frames":[{"filename":"/home/airflow/.local/lib/python3.12/site-packages/airflow/models/dagbag.py","lineno":405,"name":"parse"},{"filename":"<frozen importlib._bootstrap_external>","lineno":995,"name":"exec_module"},{"filename":"<frozen importlib._bootstrap_external>","lineno":1133,"name":"get_code"},{"filename":"<frozen importlib._bootstrap_external>","lineno":1063,"name":"source_to_code"},{"filename":"<frozen importlib._bootstrap>","lineno":488,"name":"_call_with_frames_removed"}],"is_group":false,"exceptions":[]}]}
{"timestamp":"2025-12-15T14:12:58.403256Z","level":"info","event":"Filling up the DagBag from /opt/airflow/dags/dag.py","logger":"airflow.models.dagbag.DagBag","filename":"dagbag.py","lineno":593}
{"timestamp":"2025-12-15T14:12:58.407840Z","level":"error","event":"Failed to import: /opt/airflow/dags/dag.py","logger":"airflow.models.dagbag.DagBag","filename":"dagbag.py","lineno":415,"error_detail":[{"exc_type":"IndentationError","exc_value":"expected an indented block after 'with' statement on line 53 (dag.py, line 55)","exc_notes":[],"syntax_error":{"offset":5,"filename":"/opt/airflow/dags/dag.py","line":"    conn.execute(\"\"\"\n","lineno":55,"msg":"expected an indented block after 'with' statement on line 53"},"is_cause":false,"frames":[{"filename":"/home/airflow/.local/lib/python3.12/site-packages/airflow/models/dagbag.py","lineno":405,"name":"parse"},{"filename":"<frozen importlib._bootstrap_external>","lineno":995,"name":"exec_module"},{"filename":"<frozen importlib._bootstrap_external>","lineno":1133,"name":"get_code"},{"filename":"<frozen importlib._bootstrap_external>","lineno":1063,"name":"source_to_code"},{"filename":"<frozen importlib._bootstrap>","lineno":488,"name":"_call_with_frames_removed"}],"is_group":false,"exceptions":[]}]}
{"timestamp":"2025-12-15T14:13:28.717000Z","level":"info","event":"Filling up the DagBag from /opt/airflow/dags/dag.py","logger":"airflow.models.dagbag.DagBag","filename":"dagbag.py","lineno":593}
{"timestamp":"2025-12-15T14:13:28.721926Z","level":"error","event":"Failed to import: /opt/airflow/dags/dag.py","logger":"airflow.models.dagbag.DagBag","filename":"dagbag.py","lineno":415,"error_detail":[{"exc_type":"IndentationError","exc_value":"expected an indented block after 'with' statement on line 53 (dag.py, line 55)","exc_notes":[],"syntax_error":{"offset":5,"filename":"/opt/airflow/dags/dag.py","line":"    conn.execute(\"\"\"\n","lineno":55,"msg":"expected an indented block after 'with' statement on line 53"},"is_cause":false,"frames":[{"filename":"/home/airflow/.local/lib/python3.12/site-packages/airflow/models/dagbag.py","lineno":405,"name":"parse"},{"filename":"<frozen importlib._bootstrap_external>","lineno":995,"name":"exec_module"},{"filename":"<frozen importlib._bootstrap_external>","lineno":1133,"name":"get_code"},{"filename":"<frozen importlib._bootstrap_external>","lineno":1063,"name":"source_to_code"},{"filename":"<frozen importlib._bootstrap>","lineno":488,"name":"_call_with_frames_removed"}],"is_group":false,"exceptions":[]}]}
{"timestamp":"2025-12-15T14:30:22.896873Z","level":"info","event":"Filling up the DagBag from /opt/airflow/dags/dag.py","logger":"airflow.models.dagbag.DagBag","filename":"dagbag.py","lineno":593}
{"timestamp":"2025-12-15T14:30:22.900415Z","level":"error","event":"Failed to import: /opt/airflow/dags/dag.py","logger":"airflow.models.dagbag.DagBag","filename":"dagbag.py","lineno":415,"error_detail":[{"exc_type":"IndentationError","exc_value":"expected an indented block after 'with' statement on line 53 (dag.py, line 55)","exc_notes":[],"syntax_error":{"offset":5,"filename":"/opt/airflow/dags/dag.py","line":"    conn.execute(\"\"\"\n","lineno":55,"msg":"expected an indented block after 'with' statement on line 53"},"is_cause":false,"frames":[{"filename":"/home/airflow/.local/lib/python3.12/site-packages/airflow/models/dagbag.py","lineno":405,"name":"parse"},{"filename":"<frozen importlib._bootstrap_external>","lineno":995,"name":"exec_module"},{"filename":"<frozen importlib._bootstrap_external>","lineno":1133,"name":"get_code"},{"filename":"<frozen importlib._bootstrap_external>","lineno":1063,"name":"source_to_code"},{"filename":"<frozen importlib._bootstrap>","lineno":488,"name":"_call_with_frames_removed"}],"is_group":false,"exceptions":[]}]}
{"timestamp":"2025-12-15T14:31:17.088306Z","level":"info","event":"Filling up the DagBag from /opt/airflow/dags/dag.py","logger":"airflow.models.dagbag.DagBag","filename":"dagbag.py","lineno":593}
{"timestamp":"2025-12-15T14:31:17.092254Z","level":"error","event":"Failed to import: /opt/airflow/dags/dag.py","logger":"airflow.models.dagbag.DagBag","filename":"dagbag.py","lineno":415,"error_detail":[{"exc_type":"IndentationError","exc_value":"expected an indented block after 'with' statement on line 53 (dag.py, line 55)","exc_notes":[],"syntax_error":{"offset":5,"filename":"/opt/airflow/dags/dag.py","line":"    conn.execute(\"\"\"\n","lineno":55,"msg":"expected an indented block after 'with' statement on line 53"},"is_cause":false,"frames":[{"filename":"/home/airflow/.local/lib/python3.12/site-packages/airflow/models/dagbag.py","lineno":405,"name":"parse"},{"filename":"<frozen importlib._bootstrap_external>","lineno":995,"name":"exec_module"},{"filename":"<frozen importlib._bootstrap_external>","lineno":1133,"name":"get_code"},{"filename":"<frozen importlib._bootstrap_external>","lineno":1063,"name":"source_to_code"},{"filename":"<frozen importlib._bootstrap>","lineno":488,"name":"_call_with_frames_removed"}],"is_group":false,"exceptions":[]}]}
{"timestamp":"2025-12-15T14:31:47.512682Z","level":"info","event":"Filling up the DagBag from /opt/airflow/dags/dag.py","logger":"airflow.models.dagbag.DagBag","filename":"dagbag.py","lineno":593}
{"timestamp":"2025-12-15T14:31:47.518295Z","level":"error","event":"Failed to import: /opt/airflow/dags/dag.py","logger":"airflow.models.dagbag.DagBag","filename":"dagbag.py","lineno":415,"error_detail":[{"exc_type":"IndentationError","exc_value":"expected an indented block after 'with' statement on line 53 (dag.py, line 55)","exc_notes":[],"syntax_error":{"offset":5,"filename":"/opt/airflow/dags/dag.py","line":"    conn.execute(\"\"\"\n","lineno":55,"msg":"expected an indented block after 'with' statement on line 53"},"is_cause":false,"frames":[{"filename":"/home/airflow/.local/lib/python3.12/site-packages/airflow/models/dagbag.py","lineno":405,"name":"parse"},{"filename":"<frozen importlib._bootstrap_external>","lineno":995,"name":"exec_module"},{"filename":"<frozen importlib._bootstrap_external>","lineno":1133,"name":"get_code"},{"filename":"<frozen importlib._bootstrap_external>","lineno":1063,"name":"source_to_code"},{"filename":"<frozen importlib._bootstrap>","lineno":488,"name":"_call_with_frames_removed"}],"is_group":false,"exceptions":[]}]}
{"timestamp":"2025-12-15T14:32:17.904015Z","level":"info","event":"Filling up the DagBag from /opt/airflow/dags/dag.py","logger":"airflow.models.dagbag.DagBag","filename":"dagbag.py","lineno":593}
{"timestamp":"2025-12-15T14:32:17.909010Z","level":"error","event":"Failed to import: /opt/airflow/dags/dag.py","logger":"airflow.models.dagbag.DagBag","filename":"dagbag.py","lineno":415,"error_detail":[{"exc_type":"IndentationError","exc_value":"expected an indented block after 'with' statement on line 53 (dag.py, line 55)","exc_notes":[],"syntax_error":{"offset":5,"filename":"/opt/airflow/dags/dag.py","line":"    conn.execute(\"\"\"\n","lineno":55,"msg":"expected an indented block after 'with' statement on line 53"},"is_cause":false,"frames":[{"filename":"/home/airflow/.local/lib/python3.12/site-packages/airflow/models/dagbag.py","lineno":405,"name":"parse"},{"filename":"<frozen importlib._bootstrap_external>","lineno":995,"name":"exec_module"},{"filename":"<frozen importlib._bootstrap_external>","lineno":1133,"name":"get_code"},{"filename":"<frozen importlib._bootstrap_external>","lineno":1063,"name":"source_to_code"},{"filename":"<frozen importlib._bootstrap>","lineno":488,"name":"_call_with_frames_removed"}],"is_group":false,"exceptions":[]}]}
{"timestamp":"2025-12-15T14:39:40.277212Z","level":"info","event":"Filling up the DagBag from /opt/airflow/dags/dag.py","logger":"airflow.models.dagbag.DagBag","filename":"dagbag.py","lineno":593}
{"timestamp":"2025-12-15T14:39:40.282812Z","level":"error","event":"Failed to import: /opt/airflow/dags/dag.py","logger":"airflow.models.dagbag.DagBag","filename":"dagbag.py","lineno":415,"error_detail":[{"exc_type":"IndentationError","exc_value":"expected an indented block after 'with' statement on line 53 (dag.py, line 55)","exc_notes":[],"syntax_error":{"offset":5,"filename":"/opt/airflow/dags/dag.py","line":"    conn.execute(\"\"\"\n","lineno":55,"msg":"expected an indented block after 'with' statement on line 53"},"is_cause":false,"frames":[{"filename":"/home/airflow/.local/lib/python3.12/site-packages/airflow/models/dagbag.py","lineno":405,"name":"parse"},{"filename":"<frozen importlib._bootstrap_external>","lineno":995,"name":"exec_module"},{"filename":"<frozen importlib._bootstrap_external>","lineno":1133,"name":"get_code"},{"filename":"<frozen importlib._bootstrap_external>","lineno":1063,"name":"source_to_code"},{"filename":"<frozen importlib._bootstrap>","lineno":488,"name":"_call_with_frames_removed"}],"is_group":false,"exceptions":[]}]}
{"timestamp":"2025-12-15T14:48:34.766706Z","level":"info","event":"Filling up the DagBag from /opt/airflow/dags/dag.py","logger":"airflow.models.dagbag.DagBag","filename":"dagbag.py","lineno":593}
{"timestamp":"2025-12-15T14:48:34.771748Z","level":"error","event":"Failed to import: /opt/airflow/dags/dag.py","logger":"airflow.models.dagbag.DagBag","filename":"dagbag.py","lineno":415,"error_detail":[{"exc_type":"IndentationError","exc_value":"expected an indented block after 'with' statement on line 53 (dag.py, line 55)","exc_notes":[],"syntax_error":{"offset":5,"filename":"/opt/airflow/dags/dag.py","line":"    conn.execute(\"\"\"\n","lineno":55,"msg":"expected an indented block after 'with' statement on line 53"},"is_cause":false,"frames":[{"filename":"/home/airflow/.local/lib/python3.12/site-packages/airflow/models/dagbag.py","lineno":405,"name":"parse"},{"filename":"<frozen importlib._bootstrap_external>","lineno":995,"name":"exec_module"},{"filename":"<frozen importlib._bootstrap_external>","lineno":1133,"name":"get_code"},{"filename":"<frozen importlib._bootstrap_external>","lineno":1063,"name":"source_to_code"},{"filename":"<frozen importlib._bootstrap>","lineno":488,"name":"_call_with_frames_removed"}],"is_group":false,"exceptions":[]}]}
{"timestamp":"2025-12-15T14:50:23.466806Z","level":"info","event":"Filling up the DagBag from /opt/airflow/dags/dag.py","logger":"airflow.models.dagbag.DagBag","filename":"dagbag.py","lineno":593}
{"timestamp":"2025-12-15T14:50:23.474414Z","level":"error","event":"Failed to import: /opt/airflow/dags/dag.py","logger":"airflow.models.dagbag.DagBag","filename":"dagbag.py","lineno":415,"error_detail":[{"exc_type":"IndentationError","exc_value":"expected an indented block after 'with' statement on line 53 (dag.py, line 55)","exc_notes":[],"syntax_error":{"offset":5,"filename":"/opt/airflow/dags/dag.py","line":"    conn.execute(\"\"\"\n","lineno":55,"msg":"expected an indented block after 'with' statement on line 53"},"is_cause":false,"frames":[{"filename":"/home/airflow/.local/lib/python3.12/site-packages/airflow/models/dagbag.py","lineno":405,"name":"parse"},{"filename":"<frozen importlib._bootstrap_external>","lineno":995,"name":"exec_module"},{"filename":"<frozen importlib._bootstrap_external>","lineno":1133,"name":"get_code"},{"filename":"<frozen importlib._bootstrap_external>","lineno":1063,"name":"source_to_code"},{"filename":"<frozen importlib._bootstrap>","lineno":488,"name":"_call_with_frames_removed"}],"is_group":false,"exceptions":[]}]}
{"timestamp":"2025-12-15T15:06:58.395664Z","level":"info","event":"Filling up the DagBag from /opt/airflow/dags/dag.py","logger":"airflow.models.dagbag.DagBag","filename":"dagbag.py","lineno":593}
{"timestamp":"2025-12-15T15:06:58.399590Z","level":"error","event":"Failed to import: /opt/airflow/dags/dag.py","logger":"airflow.models.dagbag.DagBag","filename":"dagbag.py","lineno":415,"error_detail":[{"exc_type":"IndentationError","exc_value":"expected an indented block after 'with' statement on line 53 (dag.py, line 55)","exc_notes":[],"syntax_error":{"offset":5,"filename":"/opt/airflow/dags/dag.py","line":"    conn.execute(\"\"\"\n","lineno":55,"msg":"expected an indented block after 'with' statement on line 53"},"is_cause":false,"frames":[{"filename":"/home/airflow/.local/lib/python3.12/site-packages/airflow/models/dagbag.py","lineno":405,"name":"parse"},{"filename":"<frozen importlib._bootstrap_external>","lineno":995,"name":"exec_module"},{"filename":"<frozen importlib._bootstrap_external>","lineno":1133,"name":"get_code"},{"filename":"<frozen importlib._bootstrap_external>","lineno":1063,"name":"source_to_code"},{"filename":"<frozen importlib._bootstrap>","lineno":488,"name":"_call_with_frames_removed"}],"is_group":false,"exceptions":[]}]}
{"timestamp":"2025-12-15T15:19:01.110102Z","level":"info","event":"Filling up the DagBag from /opt/airflow/dags/dag.py","logger":"airflow.models.dagbag.DagBag","filename":"dagbag.py","lineno":593}
{"timestamp":"2025-12-15T15:19:01.114358Z","level":"error","event":"Failed to import: /opt/airflow/dags/dag.py","logger":"airflow.models.dagbag.DagBag","filename":"dagbag.py","lineno":415,"error_detail":[{"exc_type":"IndentationError","exc_value":"expected an indented block after 'with' statement on line 53 (dag.py, line 55)","exc_notes":[],"syntax_error":{"offset":5,"filename":"/opt/airflow/dags/dag.py","line":"    conn.execute(\"\"\"\n","lineno":55,"msg":"expected an indented block after 'with' statement on line 53"},"is_cause":false,"frames":[{"filename":"/home/airflow/.local/lib/python3.12/site-packages/airflow/models/dagbag.py","lineno":405,"name":"parse"},{"filename":"<frozen importlib._bootstrap_external>","lineno":995,"name":"exec_module"},{"filename":"<frozen importlib._bootstrap_external>","lineno":1133,"name":"get_code"},{"filename":"<frozen importlib._bootstrap_external>","lineno":1063,"name":"source_to_code"},{"filename":"<frozen importlib._bootstrap>","lineno":488,"name":"_call_with_frames_removed"}],"is_group":false,"exceptions":[]}]}
{"timestamp":"2025-12-15T15:54:51.903967Z","level":"info","event":"Filling up the DagBag from /opt/airflow/dags/dag.py","logger":"airflow.models.dagbag.DagBag","filename":"dagbag.py","lineno":593}
{"timestamp":"2025-12-15T15:54:51.911214Z","level":"error","event":"Failed to import: /opt/airflow/dags/dag.py","logger":"airflow.models.dagbag.DagBag","filename":"dagbag.py","lineno":415,"error_detail":[{"exc_type":"IndentationError","exc_value":"expected an indented block after 'with' statement on line 53 (dag.py, line 55)","exc_notes":[],"syntax_error":{"offset":5,"filename":"/opt/airflow/dags/dag.py","line":"    conn.execute(\"\"\"\n","lineno":55,"msg":"expected an indented block after 'with' statement on line 53"},"is_cause":false,"frames":[{"filename":"/home/airflow/.local/lib/python3.12/site-packages/airflow/models/dagbag.py","lineno":405,"name":"parse"},{"filename":"<frozen importlib._bootstrap_external>","lineno":995,"name":"exec_module"},{"filename":"<frozen importlib._bootstrap_external>","lineno":1133,"name":"get_code"},{"filename":"<frozen importlib._bootstrap_external>","lineno":1063,"name":"source_to_code"},{"filename":"<frozen importlib._bootstrap>","lineno":488,"name":"_call_with_frames_removed"}],"is_group":false,"exceptions":[]}]}
{"timestamp":"2025-12-15T16:48:50.419145Z","level":"info","event":"Filling up the DagBag from /opt/airflow/dags/dag.py","logger":"airflow.models.dagbag.DagBag","filename":"dagbag.py","lineno":593}
{"timestamp":"2025-12-15T16:48:50.422082Z","level":"error","event":"Failed to import: /opt/airflow/dags/dag.py","logger":"airflow.models.dagbag.DagBag","filename":"dagbag.py","lineno":415,"error_detail":[{"exc_type":"IndentationError","exc_value":"expected an indented block after 'with' statement on line 53 (dag.py, line 55)","exc_notes":[],"syntax_error":{"offset":5,"filename":"/opt/airflow/dags/dag.py","line":"    conn.execute(\"\"\"\n","lineno":55,"msg":"expected an indented block after 'with' statement on line 53"},"is_cause":false,"frames":[{"filename":"/home/airflow/.local/lib/python3.12/site-packages/airflow/models/dagbag.py","lineno":405,"name":"parse"},{"filename":"<frozen importlib._bootstrap_external>","lineno":995,"name":"exec_module"},{"filename":"<frozen importlib._bootstrap_external>","lineno":1133,"name":"get_code"},{"filename":"<frozen importlib._bootstrap_external>","lineno":1063,"name":"source_to_code"},{"filename":"<frozen importlib._bootstrap>","lineno":488,"name":"_call_with_frames_removed"}],"is_group":false,"exceptions":[]}]}
{"timestamp":"2025-12-15T18:12:54.400145Z","level":"info","event":"Filling up the DagBag from /opt/airflow/dags/dag.py","logger":"airflow.models.dagbag.DagBag","filename":"dagbag.py","lineno":593}
{"timestamp":"2025-12-15T18:12:54.403716Z","level":"error","event":"Failed to import: /opt/airflow/dags/dag.py","logger":"airflow.models.dagbag.DagBag","filename":"dagbag.py","lineno":415,"error_detail":[{"exc_type":"IndentationError","exc_value":"expected an indented block after 'with' statement on line 53 (dag.py, line 55)","exc_notes":[],"syntax_error":{"offset":5,"filename":"/opt/airflow/dags/dag.py","line":"    conn.execute(\"\"\"\n","lineno":55,"msg":"expected an indented block after 'with' statement on line 53"},"is_cause":false,"frames":[{"filename":"/home/airflow/.local/lib/python3.12/site-packages/airflow/models/dagbag.py","lineno":405,"name":"parse"},{"filename":"<frozen importlib._bootstrap_external>","lineno":995,"name":"exec_module"},{"filename":"<frozen importlib._bootstrap_external>","lineno":1133,"name":"get_code"},{"filename":"<frozen importlib._bootstrap_external>","lineno":1063,"name":"source_to_code"},{"filename":"<frozen importlib._bootstrap>","lineno":488,"name":"_call_with_frames_removed"}],"is_group":false,"exceptions":[]}]}
{"timestamp":"2025-12-15T18:39:24.789967Z","level":"info","event":"Filling up the DagBag from /opt/airflow/dags/dag.py","logger":"airflow.models.dagbag.DagBag","filename":"dagbag.py","lineno":593}
{"timestamp":"2025-12-15T18:39:24.794992Z","level":"error","event":"Failed to import: /opt/airflow/dags/dag.py","logger":"airflow.models.dagbag.DagBag","filename":"dagbag.py","lineno":415,"error_detail":[{"exc_type":"IndentationError","exc_value":"expected an indented block after 'with' statement on line 53 (dag.py, line 55)","exc_notes":[],"syntax_error":{"offset":5,"filename":"/opt/airflow/dags/dag.py","line":"    conn.execute(\"\"\"\n","lineno":55,"msg":"expected an indented block after 'with' statement on line 53"},"is_cause":false,"frames":[{"filename":"/home/airflow/.local/lib/python3.12/site-packages/airflow/models/dagbag.py","lineno":405,"name":"parse"},{"filename":"<frozen importlib._bootstrap_external>","lineno":995,"name":"exec_module"},{"filename":"<frozen importlib._bootstrap_external>","lineno":1133,"name":"get_code"},{"filename":"<frozen importlib._bootstrap_external>","lineno":1063,"name":"source_to_code"},{"filename":"<frozen importlib._bootstrap>","lineno":488,"name":"_call_with_frames_removed"}],"is_group":false,"exceptions":[]}]}
{"timestamp":"2025-12-15T19:40:28.526440Z","level":"info","event":"Filling up the DagBag from /opt/airflow/dags/dag.py","logger":"airflow.models.dagbag.DagBag","filename":"dagbag.py","lineno":593}
{"timestamp":"2025-12-15T19:40:28.529933Z","level":"error","event":"Failed to import: /opt/airflow/dags/dag.py","logger":"airflow.models.dagbag.DagBag","filename":"dagbag.py","lineno":415,"error_detail":[{"exc_type":"IndentationError","exc_value":"expected an indented block after 'with' statement on line 53 (dag.py, line 55)","exc_notes":[],"syntax_error":{"offset":5,"filename":"/opt/airflow/dags/dag.py","line":"    conn.execute(\"\"\"\n","lineno":55,"msg":"expected an indented block after 'with' statement on line 53"},"is_cause":false,"frames":[{"filename":"/home/airflow/.local/lib/python3.12/site-packages/airflow/models/dagbag.py","lineno":405,"name":"parse"},{"filename":"<frozen importlib._bootstrap_external>","lineno":995,"name":"exec_module"},{"filename":"<frozen importlib._bootstrap_external>","lineno":1133,"name":"get_code"},{"filename":"<frozen importlib._bootstrap_external>","lineno":1063,"name":"source_to_code"},{"filename":"<frozen importlib._bootstrap>","lineno":488,"name":"_call_with_frames_removed"}],"is_group":false,"exceptions":[]}]}
{"timestamp":"2025-12-15T20:41:29.634448Z","level":"info","event":"Filling up the DagBag from /opt/airflow/dags/dag.py","logger":"airflow.models.dagbag.DagBag","filename":"dagbag.py","lineno":593}
{"timestamp":"2025-12-15T20:41:29.638115Z","level":"error","event":"Failed to import: /opt/airflow/dags/dag.py","logger":"airflow.models.dagbag.DagBag","filename":"dagbag.py","lineno":415,"error_detail":[{"exc_type":"IndentationError","exc_value":"expected an indented block after 'with' statement on line 53 (dag.py, line 55)","exc_notes":[],"syntax_error":{"offset":5,"filename":"/opt/airflow/dags/dag.py","line":"    conn.execute(\"\"\"\n","lineno":55,"msg":"expected an indented block after 'with' statement on line 53"},"is_cause":false,"frames":[{"filename":"/home/airflow/.local/lib/python3.12/site-packages/airflow/models/dagbag.py","lineno":405,"name":"parse"},{"filename":"<frozen importlib._bootstrap_external>","lineno":995,"name":"exec_module"},{"filename":"<frozen importlib._bootstrap_external>","lineno":1133,"name":"get_code"},{"filename":"<frozen importlib._bootstrap_external>","lineno":1063,"name":"source_to_code"},{"filename":"<frozen importlib._bootstrap>","lineno":488,"name":"_call_with_frames_removed"}],"is_group":false,"exceptions":[]}]}
{"timestamp":"2025-12-15T21:24:44.265011Z","level":"info","event":"Filling up the DagBag from /opt/airflow/dags/dag.py","logger":"airflow.models.dagbag.DagBag","filename":"dagbag.py","lineno":593}
{"timestamp":"2025-12-15T21:24:44.268582Z","level":"error","event":"Failed to import: /opt/airflow/dags/dag.py","logger":"airflow.models.dagbag.DagBag","filename":"dagbag.py","lineno":415,"error_detail":[{"exc_type":"IndentationError","exc_value":"expected an indented block after 'with' statement on line 53 (dag.py, line 55)","exc_notes":[],"syntax_error":{"offset":5,"filename":"/opt/airflow/dags/dag.py","line":"    conn.execute(\"\"\"\n","lineno":55,"msg":"expected an indented block after 'with' statement on line 53"},"is_cause":false,"frames":[{"filename":"/home/airflow/.local/lib/python3.12/site-packages/airflow/models/dagbag.py","lineno":405,"name":"parse"},{"filename":"<frozen importlib._bootstrap_external>","lineno":995,"name":"exec_module"},{"filename":"<frozen importlib._bootstrap_external>","lineno":1133,"name":"get_code"},{"filename":"<frozen importlib._bootstrap_external>","lineno":1063,"name":"source_to_code"},{"filename":"<frozen importlib._bootstrap>","lineno":488,"name":"_call_with_frames_removed"}],"is_group":false,"exceptions":[]}]}
{"timestamp":"2025-12-15T21:42:38.927540Z","level":"info","event":"Filling up the DagBag from /opt/airflow/dags/dag.py","logger":"airflow.models.dagbag.DagBag","filename":"dagbag.py","lineno":593}
{"timestamp":"2025-12-15T21:42:38.931619Z","level":"error","event":"Failed to import: /opt/airflow/dags/dag.py","logger":"airflow.models.dagbag.DagBag","filename":"dagbag.py","lineno":415,"error_detail":[{"exc_type":"IndentationError","exc_value":"expected an indented block after 'with' statement on line 53 (dag.py, line 55)","exc_notes":[],"syntax_error":{"offset":5,"filename":"/opt/airflow/dags/dag.py","line":"    conn.execute(\"\"\"\n","lineno":55,"msg":"expected an indented block after 'with' statement on line 53"},"is_cause":false,"frames":[{"filename":"/home/airflow/.local/lib/python3.12/site-packages/airflow/models/dagbag.py","lineno":405,"name":"parse"},{"filename":"<frozen importlib._bootstrap_external>","lineno":995,"name":"exec_module"},{"filename":"<frozen importlib._bootstrap_external>","lineno":1133,"name":"get_code"},{"filename":"<frozen importlib._bootstrap_external>","lineno":1063,"name":"source_to_code"},{"filename":"<frozen importlib._bootstrap>","lineno":488,"name":"_call_with_frames_removed"}],"is_group":false,"exceptions":[]}]}
{"timestamp":"2025-12-15T22:28:44.126535Z","level":"info","event":"Filling up the DagBag from /opt/airflow/dags/dag.py","logger":"airflow.models.dagbag.DagBag","filename":"dagbag.py","lineno":593}
{"timestamp":"2025-12-15T22:28:44.134138Z","level":"error","event":"Failed to import: /opt/airflow/dags/dag.py","logger":"airflow.models.dagbag.DagBag","filename":"dagbag.py","lineno":415,"error_detail":[{"exc_type":"IndentationError","exc_value":"expected an indented block after 'with' statement on line 53 (dag.py, line 55)","exc_notes":[],"syntax_error":{"offset":5,"filename":"/opt/airflow/dags/dag.py","line":"    conn.execute(\"\"\"\n","lineno":55,"msg":"expected an indented block after 'with' statement on line 53"},"is_cause":false,"frames":[{"filename":"/home/airflow/.local/lib/python3.12/site-packages/airflow/models/dagbag.py","lineno":405,"name":"parse"},{"filename":"<frozen importlib._bootstrap_external>","lineno":995,"name":"exec_module"},{"filename":"<frozen importlib._bootstrap_external>","lineno":1133,"name":"get_code"},{"filename":"<frozen importlib._bootstrap_external>","lineno":1063,"name":"source_to_code"},{"filename":"<frozen importlib._bootstrap>","lineno":488,"name":"_call_with_frames_removed"}],"is_group":false,"exceptions":[]}]}
{"timestamp":"2025-12-15T22:52:10.986039Z","level":"info","event":"Filling up the DagBag from /opt/airflow/dags/dag.py","logger":"airflow.models.dagbag.DagBag","filename":"dagbag.py","lineno":593}
{"timestamp":"2025-12-15T22:52:10.992355Z","level":"error","event":"Failed to import: /opt/airflow/dags/dag.py","logger":"airflow.models.dagbag.DagBag","filename":"dagbag.py","lineno":415,"error_detail":[{"exc_type":"IndentationError","exc_value":"expected an indented block after 'with' statement on line 53 (dag.py, line 55)","exc_notes":[],"syntax_error":{"offset":5,"filename":"/opt/airflow/dags/dag.py","line":"    conn.execute(\"\"\"\n","lineno":55,"msg":"expected an indented block after 'with' statement on line 53"},"is_cause":false,"frames":[{"filename":"/home/airflow/.local/lib/python3.12/site-packages/airflow/models/dagbag.py","lineno":405,"name":"parse"},{"filename":"<frozen importlib._bootstrap_external>","lineno":995,"name":"exec_module"},{"filename":"<frozen importlib._bootstrap_external>","lineno":1133,"name":"get_code"},{"filename":"<frozen importlib._bootstrap_external>","lineno":1063,"name":"source_to_code"},{"filename":"<frozen importlib._bootstrap>","lineno":488,"name":"_call_with_frames_removed"}],"is_group":false,"exceptions":[]}]}
{"timestamp":"2025-12-15T22:52:41.419535Z","level":"info","event":"Filling up the DagBag from /opt/airflow/dags/dag.py","logger":"airflow.models.dagbag.DagBag","filename":"dagbag.py","lineno":593}
{"timestamp":"2025-12-15T22:52:41.422936Z","level":"error","event":"Failed to import: /opt/airflow/dags/dag.py","logger":"airflow.models.dagbag.DagBag","filename":"dagbag.py","lineno":415,"error_detail":[{"exc_type":"IndentationError","exc_value":"expected an indented block after 'with' statement on line 53 (dag.py, line 55)","exc_notes":[],"syntax_error":{"offset":5,"filename":"/opt/airflow/dags/dag.py","line":"    conn.execute(\"\"\"\n","lineno":55,"msg":"expected an indented block after 'with' statement on line 53"},"is_cause":false,"frames":[{"filename":"/home/airflow/.local/lib/python3.12/site-packages/airflow/models/dagbag.py","lineno":405,"name":"parse"},{"filename":"<frozen importlib._bootstrap_external>","lineno":995,"name":"exec_module"},{"filename":"<frozen importlib._bootstrap_external>","lineno":1133,"name":"get_code"},{"filename":"<frozen importlib._bootstrap_external>","lineno":1063,"name":"source_to_code"},{"filename":"<frozen importlib._bootstrap>","lineno":488,"name":"_call_with_frames_removed"}],"is_group":false,"exceptions":[]}]}
{"timestamp":"2025-12-15T23:51:10.459672Z","level":"info","event":"Filling up the DagBag from /opt/airflow/dags/dag.py","logger":"airflow.models.dagbag.DagBag","filename":"dagbag.py","lineno":593}
{"timestamp":"2025-12-15T23:51:10.469312Z","level":"error","event":"Failed to import: /opt/airflow/dags/dag.py","logger":"airflow.models.dagbag.DagBag","filename":"dagbag.py","lineno":415,"error_detail":[{"exc_type":"IndentationError","exc_value":"expected an indented block after 'with' statement on line 53 (dag.py, line 55)","exc_notes":[],"syntax_error":{"offset":5,"filename":"/opt/airflow/dags/dag.py","line":"    conn.execute(\"\"\"\n","lineno":55,"msg":"expected an indented block after 'with' statement on line 53"},"is_cause":false,"frames":[{"filename":"/home/airflow/.local/lib/python3.12/site-packages/airflow/models/dagbag.py","lineno":405,"name":"parse"},{"filename":"<frozen importlib._bootstrap_external>","lineno":995,"name":"exec_module"},{"filename":"<frozen importlib._bootstrap_external>","lineno":1133,"name":"get_code"},{"filename":"<frozen importlib._bootstrap_external>","lineno":1063,"name":"source_to_code"},{"filename":"<frozen importlib._bootstrap>","lineno":488,"name":"_call_with_frames_removed"}],"is_group":false,"exceptions":[]}]}
