{"timestamp":"2025-12-24T00:05:26.049179Z","level":"info","event":"Filling up the DagBag from /opt/airflow/dags/dag.py","logger":"airflow.models.dagbag.DagBag","filename":"dagbag.py","lineno":593}
{"timestamp":"2025-12-24T00:05:26.086622Z","level":"warning","event":"The `airflow.decorators.dag` attribute is deprecated. Please use `'airflow.sdk.dag'`.","category":"DeprecatedImportWarning","filename":"/opt/airflow/dags/dag.py","lineno":1,"logger":"py.warnings"}
{"timestamp":"2025-12-24T00:05:26.086829Z","level":"warning","event":"The `airflow.decorators.task` attribute is deprecated. Please use `'airflow.sdk.task'`.","category":"DeprecatedImportWarning","filename":"/opt/airflow/dags/dag.py","lineno":2,"logger":"py.warnings"}
{"timestamp":"2025-12-24T00:05:26.086870Z","level":"warning","event":"The `airflow.operators.empty.EmptyOperator` attribute is deprecated. Please use `'airflow.providers.standard.operators.empty.EmptyOperator'`.","category":"DeprecatedImportWarning","filename":"/opt/airflow/dags/dag.py","lineno":3,"logger":"py.warnings"}
{"timestamp":"2025-12-24T00:05:26.086892Z","level":"warning","event":"The `airflow.operators.python.get_current_context` attribute is deprecated. Please use `'airflow.sdk.get_current_context'`.","category":"DeprecatedImportWarning","filename":"/opt/airflow/dags/dag.py","lineno":5,"logger":"py.warnings"}
{"timestamp":"2025-12-24T00:05:26.086913Z","level":"warning","event":"The `airflow.models.param.Param` attribute is deprecated. Please use `'airflow.sdk.Param'`.","category":"DeprecatedImportWarning","filename":"/opt/airflow/dags/dag.py","lineno":10,"logger":"py.warnings"}
{"timestamp":"2025-12-24T00:05:26.086931Z","level":"warning","event":"The `airflow.operators.python.get_current_context` attribute is deprecated. Please use `'airflow.sdk.get_current_context'`.","category":"DeprecatedImportWarning","filename":"/opt/airflow/dags/dag.py","lineno":18,"logger":"py.warnings"}
{"timestamp":"2025-12-24T00:21:21.405316Z","level":"info","event":"Filling up the DagBag from /opt/airflow/dags/dag.py","logger":"airflow.models.dagbag.DagBag","filename":"dagbag.py","lineno":593}
{"timestamp":"2025-12-24T00:21:21.441881Z","level":"warning","event":"The `airflow.decorators.dag` attribute is deprecated. Please use `'airflow.sdk.dag'`.","category":"DeprecatedImportWarning","filename":"/opt/airflow/dags/dag.py","lineno":1,"logger":"py.warnings"}
{"timestamp":"2025-12-24T00:21:21.442275Z","level":"warning","event":"The `airflow.decorators.task` attribute is deprecated. Please use `'airflow.sdk.task'`.","category":"DeprecatedImportWarning","filename":"/opt/airflow/dags/dag.py","lineno":2,"logger":"py.warnings"}
{"timestamp":"2025-12-24T00:21:21.442318Z","level":"warning","event":"The `airflow.operators.empty.EmptyOperator` attribute is deprecated. Please use `'airflow.providers.standard.operators.empty.EmptyOperator'`.","category":"DeprecatedImportWarning","filename":"/opt/airflow/dags/dag.py","lineno":3,"logger":"py.warnings"}
{"timestamp":"2025-12-24T00:21:21.442468Z","level":"warning","event":"The `airflow.operators.python.get_current_context` attribute is deprecated. Please use `'airflow.sdk.get_current_context'`.","category":"DeprecatedImportWarning","filename":"/opt/airflow/dags/dag.py","lineno":5,"logger":"py.warnings"}
{"timestamp":"2025-12-24T00:21:21.442495Z","level":"warning","event":"The `airflow.models.param.Param` attribute is deprecated. Please use `'airflow.sdk.Param'`.","category":"DeprecatedImportWarning","filename":"/opt/airflow/dags/dag.py","lineno":10,"logger":"py.warnings"}
{"timestamp":"2025-12-24T00:21:21.442517Z","level":"warning","event":"The `airflow.operators.python.get_current_context` attribute is deprecated. Please use `'airflow.sdk.get_current_context'`.","category":"DeprecatedImportWarning","filename":"/opt/airflow/dags/dag.py","lineno":18,"logger":"py.warnings"}
{"timestamp":"2025-12-24T00:52:42.583965Z","level":"info","event":"Filling up the DagBag from /opt/airflow/dags/dag.py","logger":"airflow.models.dagbag.DagBag","filename":"dagbag.py","lineno":593}
{"timestamp":"2025-12-24T00:52:42.626297Z","level":"warning","event":"The `airflow.decorators.dag` attribute is deprecated. Please use `'airflow.sdk.dag'`.","category":"DeprecatedImportWarning","filename":"/opt/airflow/dags/dag.py","lineno":1,"logger":"py.warnings"}
{"timestamp":"2025-12-24T00:52:42.626381Z","level":"warning","event":"The `airflow.decorators.task` attribute is deprecated. Please use `'airflow.sdk.task'`.","category":"DeprecatedImportWarning","filename":"/opt/airflow/dags/dag.py","lineno":2,"logger":"py.warnings"}
{"timestamp":"2025-12-24T00:52:42.626414Z","level":"warning","event":"The `airflow.operators.empty.EmptyOperator` attribute is deprecated. Please use `'airflow.providers.standard.operators.empty.EmptyOperator'`.","category":"DeprecatedImportWarning","filename":"/opt/airflow/dags/dag.py","lineno":3,"logger":"py.warnings"}
{"timestamp":"2025-12-24T00:52:42.626441Z","level":"warning","event":"The `airflow.operators.python.get_current_context` attribute is deprecated. Please use `'airflow.sdk.get_current_context'`.","category":"DeprecatedImportWarning","filename":"/opt/airflow/dags/dag.py","lineno":5,"logger":"py.warnings"}
{"timestamp":"2025-12-24T00:52:42.626475Z","level":"warning","event":"The `airflow.models.param.Param` attribute is deprecated. Please use `'airflow.sdk.Param'`.","category":"DeprecatedImportWarning","filename":"/opt/airflow/dags/dag.py","lineno":10,"logger":"py.warnings"}
{"timestamp":"2025-12-24T00:52:42.626499Z","level":"warning","event":"The `airflow.operators.python.get_current_context` attribute is deprecated. Please use `'airflow.sdk.get_current_context'`.","category":"DeprecatedImportWarning","filename":"/opt/airflow/dags/dag.py","lineno":18,"logger":"py.warnings"}
{"timestamp":"2025-12-24T00:53:13.195767Z","level":"info","event":"Filling up the DagBag from /opt/airflow/dags/dag.py","logger":"airflow.models.dagbag.DagBag","filename":"dagbag.py","lineno":593}
{"timestamp":"2025-12-24T00:53:13.226736Z","level":"warning","event":"The `airflow.decorators.dag` attribute is deprecated. Please use `'airflow.sdk.dag'`.","category":"DeprecatedImportWarning","filename":"/opt/airflow/dags/dag.py","lineno":1,"logger":"py.warnings"}
{"timestamp":"2025-12-24T00:53:13.226796Z","level":"warning","event":"The `airflow.decorators.task` attribute is deprecated. Please use `'airflow.sdk.task'`.","category":"DeprecatedImportWarning","filename":"/opt/airflow/dags/dag.py","lineno":2,"logger":"py.warnings"}
{"timestamp":"2025-12-24T00:53:13.226826Z","level":"warning","event":"The `airflow.operators.empty.EmptyOperator` attribute is deprecated. Please use `'airflow.providers.standard.operators.empty.EmptyOperator'`.","category":"DeprecatedImportWarning","filename":"/opt/airflow/dags/dag.py","lineno":3,"logger":"py.warnings"}
{"timestamp":"2025-12-24T00:53:13.226847Z","level":"warning","event":"The `airflow.operators.python.get_current_context` attribute is deprecated. Please use `'airflow.sdk.get_current_context'`.","category":"DeprecatedImportWarning","filename":"/opt/airflow/dags/dag.py","lineno":5,"logger":"py.warnings"}
{"timestamp":"2025-12-24T00:53:13.226867Z","level":"warning","event":"The `airflow.models.param.Param` attribute is deprecated. Please use `'airflow.sdk.Param'`.","category":"DeprecatedImportWarning","filename":"/opt/airflow/dags/dag.py","lineno":10,"logger":"py.warnings"}
{"timestamp":"2025-12-24T00:53:13.226884Z","level":"warning","event":"The `airflow.operators.python.get_current_context` attribute is deprecated. Please use `'airflow.sdk.get_current_context'`.","category":"DeprecatedImportWarning","filename":"/opt/airflow/dags/dag.py","lineno":18,"logger":"py.warnings"}
{"timestamp":"2025-12-24T01:11:20.540873Z","level":"info","event":"Filling up the DagBag from /opt/airflow/dags/dag.py","logger":"airflow.models.dagbag.DagBag","filename":"dagbag.py","lineno":593}
{"timestamp":"2025-12-24T01:11:20.586784Z","level":"warning","event":"The `airflow.decorators.dag` attribute is deprecated. Please use `'airflow.sdk.dag'`.","category":"DeprecatedImportWarning","filename":"/opt/airflow/dags/dag.py","lineno":1,"logger":"py.warnings"}
{"timestamp":"2025-12-24T01:11:20.586834Z","level":"warning","event":"The `airflow.decorators.task` attribute is deprecated. Please use `'airflow.sdk.task'`.","category":"DeprecatedImportWarning","filename":"/opt/airflow/dags/dag.py","lineno":2,"logger":"py.warnings"}
{"timestamp":"2025-12-24T01:11:20.586854Z","level":"warning","event":"The `airflow.operators.empty.EmptyOperator` attribute is deprecated. Please use `'airflow.providers.standard.operators.empty.EmptyOperator'`.","category":"DeprecatedImportWarning","filename":"/opt/airflow/dags/dag.py","lineno":3,"logger":"py.warnings"}
{"timestamp":"2025-12-24T01:11:20.586873Z","level":"warning","event":"The `airflow.operators.python.get_current_context` attribute is deprecated. Please use `'airflow.sdk.get_current_context'`.","category":"DeprecatedImportWarning","filename":"/opt/airflow/dags/dag.py","lineno":5,"logger":"py.warnings"}
{"timestamp":"2025-12-24T01:11:20.586892Z","level":"warning","event":"The `airflow.models.param.Param` attribute is deprecated. Please use `'airflow.sdk.Param'`.","category":"DeprecatedImportWarning","filename":"/opt/airflow/dags/dag.py","lineno":10,"logger":"py.warnings"}
{"timestamp":"2025-12-24T01:11:20.586909Z","level":"warning","event":"The `airflow.operators.python.get_current_context` attribute is deprecated. Please use `'airflow.sdk.get_current_context'`.","category":"DeprecatedImportWarning","filename":"/opt/airflow/dags/dag.py","lineno":18,"logger":"py.warnings"}
{"timestamp":"2025-12-24T01:28:58.991581Z","level":"info","event":"Filling up the DagBag from /opt/airflow/dags/dag.py","logger":"airflow.models.dagbag.DagBag","filename":"dagbag.py","lineno":593}
{"timestamp":"2025-12-24T01:28:59.025859Z","level":"warning","event":"The `airflow.decorators.dag` attribute is deprecated. Please use `'airflow.sdk.dag'`.","category":"DeprecatedImportWarning","filename":"/opt/airflow/dags/dag.py","lineno":1,"logger":"py.warnings"}
{"timestamp":"2025-12-24T01:28:59.026074Z","level":"warning","event":"The `airflow.decorators.task` attribute is deprecated. Please use `'airflow.sdk.task'`.","category":"DeprecatedImportWarning","filename":"/opt/airflow/dags/dag.py","lineno":2,"logger":"py.warnings"}
{"timestamp":"2025-12-24T01:28:59.026104Z","level":"warning","event":"The `airflow.operators.empty.EmptyOperator` attribute is deprecated. Please use `'airflow.providers.standard.operators.empty.EmptyOperator'`.","category":"DeprecatedImportWarning","filename":"/opt/airflow/dags/dag.py","lineno":3,"logger":"py.warnings"}
{"timestamp":"2025-12-24T01:28:59.026126Z","level":"warning","event":"The `airflow.operators.python.get_current_context` attribute is deprecated. Please use `'airflow.sdk.get_current_context'`.","category":"DeprecatedImportWarning","filename":"/opt/airflow/dags/dag.py","lineno":5,"logger":"py.warnings"}
{"timestamp":"2025-12-24T01:28:59.026150Z","level":"warning","event":"The `airflow.models.param.Param` attribute is deprecated. Please use `'airflow.sdk.Param'`.","category":"DeprecatedImportWarning","filename":"/opt/airflow/dags/dag.py","lineno":10,"logger":"py.warnings"}
{"timestamp":"2025-12-24T01:28:59.026169Z","level":"warning","event":"The `airflow.operators.python.get_current_context` attribute is deprecated. Please use `'airflow.sdk.get_current_context'`.","category":"DeprecatedImportWarning","filename":"/opt/airflow/dags/dag.py","lineno":18,"logger":"py.warnings"}
{"timestamp":"2025-12-24T01:44:38.348159Z","level":"info","event":"Filling up the DagBag from /opt/airflow/dags/dag.py","logger":"airflow.models.dagbag.DagBag","filename":"dagbag.py","lineno":593}
{"timestamp":"2025-12-24T01:44:38.378725Z","level":"warning","event":"The `airflow.decorators.dag` attribute is deprecated. Please use `'airflow.sdk.dag'`.","category":"DeprecatedImportWarning","filename":"/opt/airflow/dags/dag.py","lineno":1,"logger":"py.warnings"}
{"timestamp":"2025-12-24T01:44:38.378792Z","level":"warning","event":"The `airflow.decorators.task` attribute is deprecated. Please use `'airflow.sdk.task'`.","category":"DeprecatedImportWarning","filename":"/opt/airflow/dags/dag.py","lineno":2,"logger":"py.warnings"}
{"timestamp":"2025-12-24T01:44:38.378821Z","level":"warning","event":"The `airflow.operators.empty.EmptyOperator` attribute is deprecated. Please use `'airflow.providers.standard.operators.empty.EmptyOperator'`.","category":"DeprecatedImportWarning","filename":"/opt/airflow/dags/dag.py","lineno":3,"logger":"py.warnings"}
{"timestamp":"2025-12-24T01:44:38.378844Z","level":"warning","event":"The `airflow.operators.python.get_current_context` attribute is deprecated. Please use `'airflow.sdk.get_current_context'`.","category":"DeprecatedImportWarning","filename":"/opt/airflow/dags/dag.py","lineno":5,"logger":"py.warnings"}
{"timestamp":"2025-12-24T01:44:38.378867Z","level":"warning","event":"The `airflow.models.param.Param` attribute is deprecated. Please use `'airflow.sdk.Param'`.","category":"DeprecatedImportWarning","filename":"/opt/airflow/dags/dag.py","lineno":10,"logger":"py.warnings"}
{"timestamp":"2025-12-24T01:44:38.378887Z","level":"warning","event":"The `airflow.operators.python.get_current_context` attribute is deprecated. Please use `'airflow.sdk.get_current_context'`.","category":"DeprecatedImportWarning","filename":"/opt/airflow/dags/dag.py","lineno":18,"logger":"py.warnings"}
{"timestamp":"2025-12-24T02:02:43.683536Z","level":"info","event":"Filling up the DagBag from /opt/airflow/dags/dag.py","logger":"airflow.models.dagbag.DagBag","filename":"dagbag.py","lineno":593}
{"timestamp":"2025-12-24T02:02:43.712357Z","level":"warning","event":"The `airflow.decorators.dag` attribute is deprecated. Please use `'airflow.sdk.dag'`.","category":"DeprecatedImportWarning","filename":"/opt/airflow/dags/dag.py","lineno":1,"logger":"py.warnings"}
{"timestamp":"2025-12-24T02:02:43.712420Z","level":"warning","event":"The `airflow.decorators.task` attribute is deprecated. Please use `'airflow.sdk.task'`.","category":"DeprecatedImportWarning","filename":"/opt/airflow/dags/dag.py","lineno":2,"logger":"py.warnings"}
{"timestamp":"2025-12-24T02:02:43.712442Z","level":"warning","event":"The `airflow.operators.empty.EmptyOperator` attribute is deprecated. Please use `'airflow.providers.standard.operators.empty.EmptyOperator'`.","category":"DeprecatedImportWarning","filename":"/opt/airflow/dags/dag.py","lineno":3,"logger":"py.warnings"}
{"timestamp":"2025-12-24T02:02:43.712460Z","level":"warning","event":"The `airflow.operators.python.get_current_context` attribute is deprecated. Please use `'airflow.sdk.get_current_context'`.","category":"DeprecatedImportWarning","filename":"/opt/airflow/dags/dag.py","lineno":5,"logger":"py.warnings"}
{"timestamp":"2025-12-24T02:02:43.712480Z","level":"warning","event":"The `airflow.models.param.Param` attribute is deprecated. Please use `'airflow.sdk.Param'`.","category":"DeprecatedImportWarning","filename":"/opt/airflow/dags/dag.py","lineno":10,"logger":"py.warnings"}
{"timestamp":"2025-12-24T02:02:43.712496Z","level":"warning","event":"The `airflow.operators.python.get_current_context` attribute is deprecated. Please use `'airflow.sdk.get_current_context'`.","category":"DeprecatedImportWarning","filename":"/opt/airflow/dags/dag.py","lineno":18,"logger":"py.warnings"}
{"timestamp":"2025-12-24T02:18:36.016520Z","level":"info","event":"Filling up the DagBag from /opt/airflow/dags/dag.py","logger":"airflow.models.dagbag.DagBag","filename":"dagbag.py","lineno":593}
{"timestamp":"2025-12-24T02:18:36.046555Z","level":"warning","event":"The `airflow.decorators.dag` attribute is deprecated. Please use `'airflow.sdk.dag'`.","category":"DeprecatedImportWarning","filename":"/opt/airflow/dags/dag.py","lineno":1,"logger":"py.warnings"}
{"timestamp":"2025-12-24T02:18:36.046622Z","level":"warning","event":"The `airflow.decorators.task` attribute is deprecated. Please use `'airflow.sdk.task'`.","category":"DeprecatedImportWarning","filename":"/opt/airflow/dags/dag.py","lineno":2,"logger":"py.warnings"}
{"timestamp":"2025-12-24T02:18:36.046649Z","level":"warning","event":"The `airflow.operators.empty.EmptyOperator` attribute is deprecated. Please use `'airflow.providers.standard.operators.empty.EmptyOperator'`.","category":"DeprecatedImportWarning","filename":"/opt/airflow/dags/dag.py","lineno":3,"logger":"py.warnings"}
{"timestamp":"2025-12-24T02:18:36.046672Z","level":"warning","event":"The `airflow.operators.python.get_current_context` attribute is deprecated. Please use `'airflow.sdk.get_current_context'`.","category":"DeprecatedImportWarning","filename":"/opt/airflow/dags/dag.py","lineno":5,"logger":"py.warnings"}
{"timestamp":"2025-12-24T02:18:36.046695Z","level":"warning","event":"The `airflow.models.param.Param` attribute is deprecated. Please use `'airflow.sdk.Param'`.","category":"DeprecatedImportWarning","filename":"/opt/airflow/dags/dag.py","lineno":10,"logger":"py.warnings"}
{"timestamp":"2025-12-24T02:18:36.046714Z","level":"warning","event":"The `airflow.operators.python.get_current_context` attribute is deprecated. Please use `'airflow.sdk.get_current_context'`.","category":"DeprecatedImportWarning","filename":"/opt/airflow/dags/dag.py","lineno":18,"logger":"py.warnings"}
{"timestamp":"2025-12-24T02:35:57.339345Z","level":"info","event":"Filling up the DagBag from /opt/airflow/dags/dag.py","logger":"airflow.models.dagbag.DagBag","filename":"dagbag.py","lineno":593}
{"timestamp":"2025-12-24T02:35:57.379179Z","level":"warning","event":"The `airflow.decorators.dag` attribute is deprecated. Please use `'airflow.sdk.dag'`.","category":"DeprecatedImportWarning","filename":"/opt/airflow/dags/dag.py","lineno":1,"logger":"py.warnings"}
{"timestamp":"2025-12-24T02:35:57.379258Z","level":"warning","event":"The `airflow.decorators.task` attribute is deprecated. Please use `'airflow.sdk.task'`.","category":"DeprecatedImportWarning","filename":"/opt/airflow/dags/dag.py","lineno":2,"logger":"py.warnings"}
{"timestamp":"2025-12-24T02:35:57.379283Z","level":"warning","event":"The `airflow.operators.empty.EmptyOperator` attribute is deprecated. Please use `'airflow.providers.standard.operators.empty.EmptyOperator'`.","category":"DeprecatedImportWarning","filename":"/opt/airflow/dags/dag.py","lineno":3,"logger":"py.warnings"}
{"timestamp":"2025-12-24T02:35:57.379303Z","level":"warning","event":"The `airflow.operators.python.get_current_context` attribute is deprecated. Please use `'airflow.sdk.get_current_context'`.","category":"DeprecatedImportWarning","filename":"/opt/airflow/dags/dag.py","lineno":5,"logger":"py.warnings"}
{"timestamp":"2025-12-24T02:35:57.379323Z","level":"warning","event":"The `airflow.models.param.Param` attribute is deprecated. Please use `'airflow.sdk.Param'`.","category":"DeprecatedImportWarning","filename":"/opt/airflow/dags/dag.py","lineno":10,"logger":"py.warnings"}
{"timestamp":"2025-12-24T02:35:57.379340Z","level":"warning","event":"The `airflow.operators.python.get_current_context` attribute is deprecated. Please use `'airflow.sdk.get_current_context'`.","category":"DeprecatedImportWarning","filename":"/opt/airflow/dags/dag.py","lineno":18,"logger":"py.warnings"}
{"timestamp":"2025-12-24T02:53:09.592292Z","level":"info","event":"Filling up the DagBag from /opt/airflow/dags/dag.py","logger":"airflow.models.dagbag.DagBag","filename":"dagbag.py","lineno":593}
{"timestamp":"2025-12-24T02:53:09.619017Z","level":"warning","event":"The `airflow.decorators.dag` attribute is deprecated. Please use `'airflow.sdk.dag'`.","category":"DeprecatedImportWarning","filename":"/opt/airflow/dags/dag.py","lineno":1,"logger":"py.warnings"}
{"timestamp":"2025-12-24T02:53:09.619075Z","level":"warning","event":"The `airflow.decorators.task` attribute is deprecated. Please use `'airflow.sdk.task'`.","category":"DeprecatedImportWarning","filename":"/opt/airflow/dags/dag.py","lineno":2,"logger":"py.warnings"}
{"timestamp":"2025-12-24T02:53:09.619104Z","level":"warning","event":"The `airflow.operators.empty.EmptyOperator` attribute is deprecated. Please use `'airflow.providers.standard.operators.empty.EmptyOperator'`.","category":"DeprecatedImportWarning","filename":"/opt/airflow/dags/dag.py","lineno":3,"logger":"py.warnings"}
{"timestamp":"2025-12-24T02:53:09.619127Z","level":"warning","event":"The `airflow.operators.python.get_current_context` attribute is deprecated. Please use `'airflow.sdk.get_current_context'`.","category":"DeprecatedImportWarning","filename":"/opt/airflow/dags/dag.py","lineno":5,"logger":"py.warnings"}
{"timestamp":"2025-12-24T02:53:09.619152Z","level":"warning","event":"The `airflow.models.param.Param` attribute is deprecated. Please use `'airflow.sdk.Param'`.","category":"DeprecatedImportWarning","filename":"/opt/airflow/dags/dag.py","lineno":10,"logger":"py.warnings"}
{"timestamp":"2025-12-24T02:53:09.619173Z","level":"warning","event":"The `airflow.operators.python.get_current_context` attribute is deprecated. Please use `'airflow.sdk.get_current_context'`.","category":"DeprecatedImportWarning","filename":"/opt/airflow/dags/dag.py","lineno":18,"logger":"py.warnings"}
{"timestamp":"2025-12-24T03:11:00.918123Z","level":"info","event":"Filling up the DagBag from /opt/airflow/dags/dag.py","logger":"airflow.models.dagbag.DagBag","filename":"dagbag.py","lineno":593}
{"timestamp":"2025-12-24T03:11:00.951648Z","level":"warning","event":"The `airflow.decorators.dag` attribute is deprecated. Please use `'airflow.sdk.dag'`.","category":"DeprecatedImportWarning","filename":"/opt/airflow/dags/dag.py","lineno":1,"logger":"py.warnings"}
{"timestamp":"2025-12-24T03:11:00.951837Z","level":"warning","event":"The `airflow.decorators.task` attribute is deprecated. Please use `'airflow.sdk.task'`.","category":"DeprecatedImportWarning","filename":"/opt/airflow/dags/dag.py","lineno":2,"logger":"py.warnings"}
{"timestamp":"2025-12-24T03:11:00.952162Z","level":"warning","event":"The `airflow.operators.empty.EmptyOperator` attribute is deprecated. Please use `'airflow.providers.standard.operators.empty.EmptyOperator'`.","category":"DeprecatedImportWarning","filename":"/opt/airflow/dags/dag.py","lineno":3,"logger":"py.warnings"}
{"timestamp":"2025-12-24T03:11:00.952302Z","level":"warning","event":"The `airflow.operators.python.get_current_context` attribute is deprecated. Please use `'airflow.sdk.get_current_context'`.","category":"DeprecatedImportWarning","filename":"/opt/airflow/dags/dag.py","lineno":5,"logger":"py.warnings"}
{"timestamp":"2025-12-24T03:11:00.952346Z","level":"warning","event":"The `airflow.models.param.Param` attribute is deprecated. Please use `'airflow.sdk.Param'`.","category":"DeprecatedImportWarning","filename":"/opt/airflow/dags/dag.py","lineno":10,"logger":"py.warnings"}
{"timestamp":"2025-12-24T03:11:00.952368Z","level":"warning","event":"The `airflow.operators.python.get_current_context` attribute is deprecated. Please use `'airflow.sdk.get_current_context'`.","category":"DeprecatedImportWarning","filename":"/opt/airflow/dags/dag.py","lineno":18,"logger":"py.warnings"}
{"timestamp":"2025-12-24T03:28:40.265789Z","level":"info","event":"Filling up the DagBag from /opt/airflow/dags/dag.py","logger":"airflow.models.dagbag.DagBag","filename":"dagbag.py","lineno":593}
{"timestamp":"2025-12-24T03:28:40.308723Z","level":"warning","event":"The `airflow.decorators.dag` attribute is deprecated. Please use `'airflow.sdk.dag'`.","category":"DeprecatedImportWarning","filename":"/opt/airflow/dags/dag.py","lineno":1,"logger":"py.warnings"}
{"timestamp":"2025-12-24T03:28:40.308780Z","level":"warning","event":"The `airflow.decorators.task` attribute is deprecated. Please use `'airflow.sdk.task'`.","category":"DeprecatedImportWarning","filename":"/opt/airflow/dags/dag.py","lineno":2,"logger":"py.warnings"}
{"timestamp":"2025-12-24T03:28:40.308802Z","level":"warning","event":"The `airflow.operators.empty.EmptyOperator` attribute is deprecated. Please use `'airflow.providers.standard.operators.empty.EmptyOperator'`.","category":"DeprecatedImportWarning","filename":"/opt/airflow/dags/dag.py","lineno":3,"logger":"py.warnings"}
{"timestamp":"2025-12-24T03:28:40.308827Z","level":"warning","event":"The `airflow.operators.python.get_current_context` attribute is deprecated. Please use `'airflow.sdk.get_current_context'`.","category":"DeprecatedImportWarning","filename":"/opt/airflow/dags/dag.py","lineno":5,"logger":"py.warnings"}
{"timestamp":"2025-12-24T03:28:40.308856Z","level":"warning","event":"The `airflow.models.param.Param` attribute is deprecated. Please use `'airflow.sdk.Param'`.","category":"DeprecatedImportWarning","filename":"/opt/airflow/dags/dag.py","lineno":10,"logger":"py.warnings"}
{"timestamp":"2025-12-24T03:28:40.308873Z","level":"warning","event":"The `airflow.operators.python.get_current_context` attribute is deprecated. Please use `'airflow.sdk.get_current_context'`.","category":"DeprecatedImportWarning","filename":"/opt/airflow/dags/dag.py","lineno":18,"logger":"py.warnings"}
{"timestamp":"2025-12-24T03:45:39.593074Z","level":"info","event":"Filling up the DagBag from /opt/airflow/dags/dag.py","logger":"airflow.models.dagbag.DagBag","filename":"dagbag.py","lineno":593}
{"timestamp":"2025-12-24T03:45:39.615813Z","level":"warning","event":"The `airflow.decorators.dag` attribute is deprecated. Please use `'airflow.sdk.dag'`.","category":"DeprecatedImportWarning","filename":"/opt/airflow/dags/dag.py","lineno":1,"logger":"py.warnings"}
{"timestamp":"2025-12-24T03:45:39.616017Z","level":"warning","event":"The `airflow.decorators.task` attribute is deprecated. Please use `'airflow.sdk.task'`.","category":"DeprecatedImportWarning","filename":"/opt/airflow/dags/dag.py","lineno":2,"logger":"py.warnings"}
{"timestamp":"2025-12-24T03:45:39.616051Z","level":"warning","event":"The `airflow.operators.empty.EmptyOperator` attribute is deprecated. Please use `'airflow.providers.standard.operators.empty.EmptyOperator'`.","category":"DeprecatedImportWarning","filename":"/opt/airflow/dags/dag.py","lineno":3,"logger":"py.warnings"}
{"timestamp":"2025-12-24T03:45:39.616074Z","level":"warning","event":"The `airflow.operators.python.get_current_context` attribute is deprecated. Please use `'airflow.sdk.get_current_context'`.","category":"DeprecatedImportWarning","filename":"/opt/airflow/dags/dag.py","lineno":5,"logger":"py.warnings"}
{"timestamp":"2025-12-24T03:45:39.616098Z","level":"warning","event":"The `airflow.models.param.Param` attribute is deprecated. Please use `'airflow.sdk.Param'`.","category":"DeprecatedImportWarning","filename":"/opt/airflow/dags/dag.py","lineno":10,"logger":"py.warnings"}
{"timestamp":"2025-12-24T03:45:39.616118Z","level":"warning","event":"The `airflow.operators.python.get_current_context` attribute is deprecated. Please use `'airflow.sdk.get_current_context'`.","category":"DeprecatedImportWarning","filename":"/opt/airflow/dags/dag.py","lineno":18,"logger":"py.warnings"}
{"timestamp":"2025-12-24T04:01:40.913991Z","level":"info","event":"Filling up the DagBag from /opt/airflow/dags/dag.py","logger":"airflow.models.dagbag.DagBag","filename":"dagbag.py","lineno":593}
{"timestamp":"2025-12-24T04:01:40.940037Z","level":"warning","event":"The `airflow.decorators.dag` attribute is deprecated. Please use `'airflow.sdk.dag'`.","category":"DeprecatedImportWarning","filename":"/opt/airflow/dags/dag.py","lineno":1,"logger":"py.warnings"}
{"timestamp":"2025-12-24T04:01:40.940503Z","level":"warning","event":"The `airflow.decorators.task` attribute is deprecated. Please use `'airflow.sdk.task'`.","category":"DeprecatedImportWarning","filename":"/opt/airflow/dags/dag.py","lineno":2,"logger":"py.warnings"}
{"timestamp":"2025-12-24T04:01:40.940669Z","level":"warning","event":"The `airflow.operators.empty.EmptyOperator` attribute is deprecated. Please use `'airflow.providers.standard.operators.empty.EmptyOperator'`.","category":"DeprecatedImportWarning","filename":"/opt/airflow/dags/dag.py","lineno":3,"logger":"py.warnings"}
{"timestamp":"2025-12-24T04:01:40.940719Z","level":"warning","event":"The `airflow.operators.python.get_current_context` attribute is deprecated. Please use `'airflow.sdk.get_current_context'`.","category":"DeprecatedImportWarning","filename":"/opt/airflow/dags/dag.py","lineno":5,"logger":"py.warnings"}
{"timestamp":"2025-12-24T04:01:40.940833Z","level":"warning","event":"The `airflow.models.param.Param` attribute is deprecated. Please use `'airflow.sdk.Param'`.","category":"DeprecatedImportWarning","filename":"/opt/airflow/dags/dag.py","lineno":10,"logger":"py.warnings"}
{"timestamp":"2025-12-24T04:01:40.941043Z","level":"warning","event":"The `airflow.operators.python.get_current_context` attribute is deprecated. Please use `'airflow.sdk.get_current_context'`.","category":"DeprecatedImportWarning","filename":"/opt/airflow/dags/dag.py","lineno":18,"logger":"py.warnings"}
{"timestamp":"2025-12-24T04:19:22.214796Z","level":"info","event":"Filling up the DagBag from /opt/airflow/dags/dag.py","logger":"airflow.models.dagbag.DagBag","filename":"dagbag.py","lineno":593}
{"timestamp":"2025-12-24T04:19:22.249145Z","level":"warning","event":"The `airflow.decorators.dag` attribute is deprecated. Please use `'airflow.sdk.dag'`.","category":"DeprecatedImportWarning","filename":"/opt/airflow/dags/dag.py","lineno":1,"logger":"py.warnings"}
{"timestamp":"2025-12-24T04:19:22.249213Z","level":"warning","event":"The `airflow.decorators.task` attribute is deprecated. Please use `'airflow.sdk.task'`.","category":"DeprecatedImportWarning","filename":"/opt/airflow/dags/dag.py","lineno":2,"logger":"py.warnings"}
{"timestamp":"2025-12-24T04:19:22.249241Z","level":"warning","event":"The `airflow.operators.empty.EmptyOperator` attribute is deprecated. Please use `'airflow.providers.standard.operators.empty.EmptyOperator'`.","category":"DeprecatedImportWarning","filename":"/opt/airflow/dags/dag.py","lineno":3,"logger":"py.warnings"}
{"timestamp":"2025-12-24T04:19:22.249262Z","level":"warning","event":"The `airflow.operators.python.get_current_context` attribute is deprecated. Please use `'airflow.sdk.get_current_context'`.","category":"DeprecatedImportWarning","filename":"/opt/airflow/dags/dag.py","lineno":5,"logger":"py.warnings"}
{"timestamp":"2025-12-24T04:19:22.249293Z","level":"warning","event":"The `airflow.models.param.Param` attribute is deprecated. Please use `'airflow.sdk.Param'`.","category":"DeprecatedImportWarning","filename":"/opt/airflow/dags/dag.py","lineno":10,"logger":"py.warnings"}
{"timestamp":"2025-12-24T04:19:22.249314Z","level":"warning","event":"The `airflow.operators.python.get_current_context` attribute is deprecated. Please use `'airflow.sdk.get_current_context'`.","category":"DeprecatedImportWarning","filename":"/opt/airflow/dags/dag.py","lineno":18,"logger":"py.warnings"}
{"timestamp":"2025-12-24T04:37:09.444446Z","level":"info","event":"Filling up the DagBag from /opt/airflow/dags/dag.py","logger":"airflow.models.dagbag.DagBag","filename":"dagbag.py","lineno":593}
{"timestamp":"2025-12-24T04:37:09.463602Z","level":"warning","event":"The `airflow.decorators.dag` attribute is deprecated. Please use `'airflow.sdk.dag'`.","category":"DeprecatedImportWarning","filename":"/opt/airflow/dags/dag.py","lineno":1,"logger":"py.warnings"}
{"timestamp":"2025-12-24T04:37:09.463647Z","level":"warning","event":"The `airflow.decorators.task` attribute is deprecated. Please use `'airflow.sdk.task'`.","category":"DeprecatedImportWarning","filename":"/opt/airflow/dags/dag.py","lineno":2,"logger":"py.warnings"}
{"timestamp":"2025-12-24T04:37:09.463669Z","level":"warning","event":"The `airflow.operators.empty.EmptyOperator` attribute is deprecated. Please use `'airflow.providers.standard.operators.empty.EmptyOperator'`.","category":"DeprecatedImportWarning","filename":"/opt/airflow/dags/dag.py","lineno":3,"logger":"py.warnings"}
{"timestamp":"2025-12-24T04:37:09.463688Z","level":"warning","event":"The `airflow.operators.python.get_current_context` attribute is deprecated. Please use `'airflow.sdk.get_current_context'`.","category":"DeprecatedImportWarning","filename":"/opt/airflow/dags/dag.py","lineno":5,"logger":"py.warnings"}
{"timestamp":"2025-12-24T04:37:09.463707Z","level":"warning","event":"The `airflow.models.param.Param` attribute is deprecated. Please use `'airflow.sdk.Param'`.","category":"DeprecatedImportWarning","filename":"/opt/airflow/dags/dag.py","lineno":10,"logger":"py.warnings"}
{"timestamp":"2025-12-24T04:37:09.463724Z","level":"warning","event":"The `airflow.operators.python.get_current_context` attribute is deprecated. Please use `'airflow.sdk.get_current_context'`.","category":"DeprecatedImportWarning","filename":"/opt/airflow/dags/dag.py","lineno":18,"logger":"py.warnings"}
{"timestamp":"2025-12-24T04:53:25.722633Z","level":"info","event":"Filling up the DagBag from /opt/airflow/dags/dag.py","logger":"airflow.models.dagbag.DagBag","filename":"dagbag.py","lineno":593}
{"timestamp":"2025-12-24T04:53:25.757707Z","level":"warning","event":"The `airflow.decorators.dag` attribute is deprecated. Please use `'airflow.sdk.dag'`.","category":"DeprecatedImportWarning","filename":"/opt/airflow/dags/dag.py","lineno":1,"logger":"py.warnings"}
{"timestamp":"2025-12-24T04:53:25.757770Z","level":"warning","event":"The `airflow.decorators.task` attribute is deprecated. Please use `'airflow.sdk.task'`.","category":"DeprecatedImportWarning","filename":"/opt/airflow/dags/dag.py","lineno":2,"logger":"py.warnings"}
{"timestamp":"2025-12-24T04:53:25.757794Z","level":"warning","event":"The `airflow.operators.empty.EmptyOperator` attribute is deprecated. Please use `'airflow.providers.standard.operators.empty.EmptyOperator'`.","category":"DeprecatedImportWarning","filename":"/opt/airflow/dags/dag.py","lineno":3,"logger":"py.warnings"}
{"timestamp":"2025-12-24T04:53:25.757814Z","level":"warning","event":"The `airflow.operators.python.get_current_context` attribute is deprecated. Please use `'airflow.sdk.get_current_context'`.","category":"DeprecatedImportWarning","filename":"/opt/airflow/dags/dag.py","lineno":5,"logger":"py.warnings"}
{"timestamp":"2025-12-24T04:53:25.757837Z","level":"warning","event":"The `airflow.models.param.Param` attribute is deprecated. Please use `'airflow.sdk.Param'`.","category":"DeprecatedImportWarning","filename":"/opt/airflow/dags/dag.py","lineno":10,"logger":"py.warnings"}
{"timestamp":"2025-12-24T04:53:25.757855Z","level":"warning","event":"The `airflow.operators.python.get_current_context` attribute is deprecated. Please use `'airflow.sdk.get_current_context'`.","category":"DeprecatedImportWarning","filename":"/opt/airflow/dags/dag.py","lineno":18,"logger":"py.warnings"}
{"timestamp":"2025-12-24T04:53:56.217850Z","level":"info","event":"Filling up the DagBag from /opt/airflow/dags/dag.py","logger":"airflow.models.dagbag.DagBag","filename":"dagbag.py","lineno":593}
{"timestamp":"2025-12-24T04:53:56.246487Z","level":"warning","event":"The `airflow.decorators.dag` attribute is deprecated. Please use `'airflow.sdk.dag'`.","category":"DeprecatedImportWarning","filename":"/opt/airflow/dags/dag.py","lineno":1,"logger":"py.warnings"}
{"timestamp":"2025-12-24T04:53:56.246542Z","level":"warning","event":"The `airflow.decorators.task` attribute is deprecated. Please use `'airflow.sdk.task'`.","category":"DeprecatedImportWarning","filename":"/opt/airflow/dags/dag.py","lineno":2,"logger":"py.warnings"}
{"timestamp":"2025-12-24T04:53:56.246567Z","level":"warning","event":"The `airflow.operators.empty.EmptyOperator` attribute is deprecated. Please use `'airflow.providers.standard.operators.empty.EmptyOperator'`.","category":"DeprecatedImportWarning","filename":"/opt/airflow/dags/dag.py","lineno":3,"logger":"py.warnings"}
{"timestamp":"2025-12-24T04:53:56.246589Z","level":"warning","event":"The `airflow.operators.python.get_current_context` attribute is deprecated. Please use `'airflow.sdk.get_current_context'`.","category":"DeprecatedImportWarning","filename":"/opt/airflow/dags/dag.py","lineno":5,"logger":"py.warnings"}
{"timestamp":"2025-12-24T04:53:56.246610Z","level":"warning","event":"The `airflow.models.param.Param` attribute is deprecated. Please use `'airflow.sdk.Param'`.","category":"DeprecatedImportWarning","filename":"/opt/airflow/dags/dag.py","lineno":10,"logger":"py.warnings"}
{"timestamp":"2025-12-24T04:53:56.246626Z","level":"warning","event":"The `airflow.operators.python.get_current_context` attribute is deprecated. Please use `'airflow.sdk.get_current_context'`.","category":"DeprecatedImportWarning","filename":"/opt/airflow/dags/dag.py","lineno":18,"logger":"py.warnings"}
{"timestamp":"2025-12-24T05:18:29.046406Z","level":"info","event":"Filling up the DagBag from /opt/airflow/dags/dag.py","logger":"airflow.models.dagbag.DagBag","filename":"dagbag.py","lineno":593}
{"timestamp":"2025-12-24T05:18:29.081127Z","level":"warning","event":"The `airflow.decorators.dag` attribute is deprecated. Please use `'airflow.sdk.dag'`.","category":"DeprecatedImportWarning","filename":"/opt/airflow/dags/dag.py","lineno":1,"logger":"py.warnings"}
{"timestamp":"2025-12-24T05:18:29.081177Z","level":"warning","event":"The `airflow.decorators.task` attribute is deprecated. Please use `'airflow.sdk.task'`.","category":"DeprecatedImportWarning","filename":"/opt/airflow/dags/dag.py","lineno":2,"logger":"py.warnings"}
{"timestamp":"2025-12-24T05:18:29.081202Z","level":"warning","event":"The `airflow.operators.empty.EmptyOperator` attribute is deprecated. Please use `'airflow.providers.standard.operators.empty.EmptyOperator'`.","category":"DeprecatedImportWarning","filename":"/opt/airflow/dags/dag.py","lineno":3,"logger":"py.warnings"}
{"timestamp":"2025-12-24T05:18:29.081223Z","level":"warning","event":"The `airflow.operators.python.get_current_context` attribute is deprecated. Please use `'airflow.sdk.get_current_context'`.","category":"DeprecatedImportWarning","filename":"/opt/airflow/dags/dag.py","lineno":5,"logger":"py.warnings"}
{"timestamp":"2025-12-24T05:18:29.081245Z","level":"warning","event":"The `airflow.models.param.Param` attribute is deprecated. Please use `'airflow.sdk.Param'`.","category":"DeprecatedImportWarning","filename":"/opt/airflow/dags/dag.py","lineno":10,"logger":"py.warnings"}
{"timestamp":"2025-12-24T05:18:29.081264Z","level":"warning","event":"The `airflow.operators.python.get_current_context` attribute is deprecated. Please use `'airflow.sdk.get_current_context'`.","category":"DeprecatedImportWarning","filename":"/opt/airflow/dags/dag.py","lineno":18,"logger":"py.warnings"}
{"timestamp":"2025-12-24T05:25:55.227768Z","level":"info","event":"Filling up the DagBag from /opt/airflow/dags/dag.py","logger":"airflow.models.dagbag.DagBag","filename":"dagbag.py","lineno":593}
{"timestamp":"2025-12-24T05:25:55.252269Z","level":"warning","event":"The `airflow.decorators.dag` attribute is deprecated. Please use `'airflow.sdk.dag'`.","category":"DeprecatedImportWarning","filename":"/opt/airflow/dags/dag.py","lineno":1,"logger":"py.warnings"}
{"timestamp":"2025-12-24T05:25:55.252347Z","level":"warning","event":"The `airflow.decorators.task` attribute is deprecated. Please use `'airflow.sdk.task'`.","category":"DeprecatedImportWarning","filename":"/opt/airflow/dags/dag.py","lineno":2,"logger":"py.warnings"}
{"timestamp":"2025-12-24T05:25:55.252372Z","level":"warning","event":"The `airflow.operators.empty.EmptyOperator` attribute is deprecated. Please use `'airflow.providers.standard.operators.empty.EmptyOperator'`.","category":"DeprecatedImportWarning","filename":"/opt/airflow/dags/dag.py","lineno":3,"logger":"py.warnings"}
{"timestamp":"2025-12-24T05:25:55.252394Z","level":"warning","event":"The `airflow.operators.python.get_current_context` attribute is deprecated. Please use `'airflow.sdk.get_current_context'`.","category":"DeprecatedImportWarning","filename":"/opt/airflow/dags/dag.py","lineno":5,"logger":"py.warnings"}
{"timestamp":"2025-12-24T05:25:55.252419Z","level":"warning","event":"The `airflow.models.param.Param` attribute is deprecated. Please use `'airflow.sdk.Param'`.","category":"DeprecatedImportWarning","filename":"/opt/airflow/dags/dag.py","lineno":10,"logger":"py.warnings"}
{"timestamp":"2025-12-24T05:25:55.252438Z","level":"warning","event":"The `airflow.operators.python.get_current_context` attribute is deprecated. Please use `'airflow.sdk.get_current_context'`.","category":"DeprecatedImportWarning","filename":"/opt/airflow/dags/dag.py","lineno":18,"logger":"py.warnings"}
{"timestamp":"2025-12-24T05:42:46.689233Z","level":"info","event":"Filling up the DagBag from /opt/airflow/dags/dag.py","logger":"airflow.models.dagbag.DagBag","filename":"dagbag.py","lineno":593}
{"timestamp":"2025-12-24T05:42:46.731553Z","level":"warning","event":"The `airflow.decorators.dag` attribute is deprecated. Please use `'airflow.sdk.dag'`.","category":"DeprecatedImportWarning","filename":"/opt/airflow/dags/dag.py","lineno":1,"logger":"py.warnings"}
{"timestamp":"2025-12-24T05:42:46.731631Z","level":"warning","event":"The `airflow.decorators.task` attribute is deprecated. Please use `'airflow.sdk.task'`.","category":"DeprecatedImportWarning","filename":"/opt/airflow/dags/dag.py","lineno":2,"logger":"py.warnings"}
{"timestamp":"2025-12-24T05:42:46.731670Z","level":"warning","event":"The `airflow.operators.empty.EmptyOperator` attribute is deprecated. Please use `'airflow.providers.standard.operators.empty.EmptyOperator'`.","category":"DeprecatedImportWarning","filename":"/opt/airflow/dags/dag.py","lineno":3,"logger":"py.warnings"}
{"timestamp":"2025-12-24T05:42:46.731717Z","level":"warning","event":"The `airflow.operators.python.get_current_context` attribute is deprecated. Please use `'airflow.sdk.get_current_context'`.","category":"DeprecatedImportWarning","filename":"/opt/airflow/dags/dag.py","lineno":5,"logger":"py.warnings"}
{"timestamp":"2025-12-24T05:42:46.731754Z","level":"warning","event":"The `airflow.models.param.Param` attribute is deprecated. Please use `'airflow.sdk.Param'`.","category":"DeprecatedImportWarning","filename":"/opt/airflow/dags/dag.py","lineno":10,"logger":"py.warnings"}
{"timestamp":"2025-12-24T05:42:46.731787Z","level":"warning","event":"The `airflow.operators.python.get_current_context` attribute is deprecated. Please use `'airflow.sdk.get_current_context'`.","category":"DeprecatedImportWarning","filename":"/opt/airflow/dags/dag.py","lineno":18,"logger":"py.warnings"}
{"timestamp":"2025-12-24T06:01:09.064233Z","level":"info","event":"Filling up the DagBag from /opt/airflow/dags/dag.py","logger":"airflow.models.dagbag.DagBag","filename":"dagbag.py","lineno":593}
{"timestamp":"2025-12-24T06:01:09.109963Z","level":"warning","event":"The `airflow.decorators.dag` attribute is deprecated. Please use `'airflow.sdk.dag'`.","category":"DeprecatedImportWarning","filename":"/opt/airflow/dags/dag.py","lineno":1,"logger":"py.warnings"}
{"timestamp":"2025-12-24T06:01:09.110021Z","level":"warning","event":"The `airflow.decorators.task` attribute is deprecated. Please use `'airflow.sdk.task'`.","category":"DeprecatedImportWarning","filename":"/opt/airflow/dags/dag.py","lineno":2,"logger":"py.warnings"}
{"timestamp":"2025-12-24T06:01:09.110042Z","level":"warning","event":"The `airflow.operators.empty.EmptyOperator` attribute is deprecated. Please use `'airflow.providers.standard.operators.empty.EmptyOperator'`.","category":"DeprecatedImportWarning","filename":"/opt/airflow/dags/dag.py","lineno":3,"logger":"py.warnings"}
{"timestamp":"2025-12-24T06:01:09.110066Z","level":"warning","event":"The `airflow.operators.python.get_current_context` attribute is deprecated. Please use `'airflow.sdk.get_current_context'`.","category":"DeprecatedImportWarning","filename":"/opt/airflow/dags/dag.py","lineno":5,"logger":"py.warnings"}
{"timestamp":"2025-12-24T06:01:09.110088Z","level":"warning","event":"The `airflow.models.param.Param` attribute is deprecated. Please use `'airflow.sdk.Param'`.","category":"DeprecatedImportWarning","filename":"/opt/airflow/dags/dag.py","lineno":10,"logger":"py.warnings"}
{"timestamp":"2025-12-24T06:01:09.110104Z","level":"warning","event":"The `airflow.operators.python.get_current_context` attribute is deprecated. Please use `'airflow.sdk.get_current_context'`.","category":"DeprecatedImportWarning","filename":"/opt/airflow/dags/dag.py","lineno":18,"logger":"py.warnings"}
{"timestamp":"2025-12-24T06:01:39.505657Z","level":"info","event":"Filling up the DagBag from /opt/airflow/dags/dag.py","logger":"airflow.models.dagbag.DagBag","filename":"dagbag.py","lineno":593}
{"timestamp":"2025-12-24T06:01:39.538160Z","level":"warning","event":"The `airflow.decorators.dag` attribute is deprecated. Please use `'airflow.sdk.dag'`.","category":"DeprecatedImportWarning","filename":"/opt/airflow/dags/dag.py","lineno":1,"logger":"py.warnings"}
{"timestamp":"2025-12-24T06:01:39.538223Z","level":"warning","event":"The `airflow.decorators.task` attribute is deprecated. Please use `'airflow.sdk.task'`.","category":"DeprecatedImportWarning","filename":"/opt/airflow/dags/dag.py","lineno":2,"logger":"py.warnings"}
{"timestamp":"2025-12-24T06:01:39.538253Z","level":"warning","event":"The `airflow.operators.empty.EmptyOperator` attribute is deprecated. Please use `'airflow.providers.standard.operators.empty.EmptyOperator'`.","category":"DeprecatedImportWarning","filename":"/opt/airflow/dags/dag.py","lineno":3,"logger":"py.warnings"}
{"timestamp":"2025-12-24T06:01:39.538277Z","level":"warning","event":"The `airflow.operators.python.get_current_context` attribute is deprecated. Please use `'airflow.sdk.get_current_context'`.","category":"DeprecatedImportWarning","filename":"/opt/airflow/dags/dag.py","lineno":5,"logger":"py.warnings"}
{"timestamp":"2025-12-24T06:01:39.538314Z","level":"warning","event":"The `airflow.models.param.Param` attribute is deprecated. Please use `'airflow.sdk.Param'`.","category":"DeprecatedImportWarning","filename":"/opt/airflow/dags/dag.py","lineno":10,"logger":"py.warnings"}
{"timestamp":"2025-12-24T06:01:39.538336Z","level":"warning","event":"The `airflow.operators.python.get_current_context` attribute is deprecated. Please use `'airflow.sdk.get_current_context'`.","category":"DeprecatedImportWarning","filename":"/opt/airflow/dags/dag.py","lineno":18,"logger":"py.warnings"}
{"timestamp":"2025-12-24T06:18:36.719350Z","level":"info","event":"Filling up the DagBag from /opt/airflow/dags/dag.py","logger":"airflow.models.dagbag.DagBag","filename":"dagbag.py","lineno":593}
{"timestamp":"2025-12-24T06:18:36.752845Z","level":"warning","event":"The `airflow.decorators.dag` attribute is deprecated. Please use `'airflow.sdk.dag'`.","category":"DeprecatedImportWarning","filename":"/opt/airflow/dags/dag.py","lineno":1,"logger":"py.warnings"}
{"timestamp":"2025-12-24T06:18:36.752909Z","level":"warning","event":"The `airflow.decorators.task` attribute is deprecated. Please use `'airflow.sdk.task'`.","category":"DeprecatedImportWarning","filename":"/opt/airflow/dags/dag.py","lineno":2,"logger":"py.warnings"}
{"timestamp":"2025-12-24T06:18:36.752937Z","level":"warning","event":"The `airflow.operators.empty.EmptyOperator` attribute is deprecated. Please use `'airflow.providers.standard.operators.empty.EmptyOperator'`.","category":"DeprecatedImportWarning","filename":"/opt/airflow/dags/dag.py","lineno":3,"logger":"py.warnings"}
{"timestamp":"2025-12-24T06:18:36.752960Z","level":"warning","event":"The `airflow.operators.python.get_current_context` attribute is deprecated. Please use `'airflow.sdk.get_current_context'`.","category":"DeprecatedImportWarning","filename":"/opt/airflow/dags/dag.py","lineno":5,"logger":"py.warnings"}
{"timestamp":"2025-12-24T06:18:36.752984Z","level":"warning","event":"The `airflow.models.param.Param` attribute is deprecated. Please use `'airflow.sdk.Param'`.","category":"DeprecatedImportWarning","filename":"/opt/airflow/dags/dag.py","lineno":10,"logger":"py.warnings"}
{"timestamp":"2025-12-24T06:18:36.753004Z","level":"warning","event":"The `airflow.operators.python.get_current_context` attribute is deprecated. Please use `'airflow.sdk.get_current_context'`.","category":"DeprecatedImportWarning","filename":"/opt/airflow/dags/dag.py","lineno":18,"logger":"py.warnings"}
{"timestamp":"2025-12-24T06:34:48.046144Z","level":"info","event":"Filling up the DagBag from /opt/airflow/dags/dag.py","logger":"airflow.models.dagbag.DagBag","filename":"dagbag.py","lineno":593}
{"timestamp":"2025-12-24T06:34:48.081433Z","level":"warning","event":"The `airflow.decorators.dag` attribute is deprecated. Please use `'airflow.sdk.dag'`.","category":"DeprecatedImportWarning","filename":"/opt/airflow/dags/dag.py","lineno":1,"logger":"py.warnings"}
{"timestamp":"2025-12-24T06:34:48.081489Z","level":"warning","event":"The `airflow.decorators.task` attribute is deprecated. Please use `'airflow.sdk.task'`.","category":"DeprecatedImportWarning","filename":"/opt/airflow/dags/dag.py","lineno":2,"logger":"py.warnings"}
{"timestamp":"2025-12-24T06:34:48.081512Z","level":"warning","event":"The `airflow.operators.empty.EmptyOperator` attribute is deprecated. Please use `'airflow.providers.standard.operators.empty.EmptyOperator'`.","category":"DeprecatedImportWarning","filename":"/opt/airflow/dags/dag.py","lineno":3,"logger":"py.warnings"}
{"timestamp":"2025-12-24T06:34:48.081532Z","level":"warning","event":"The `airflow.operators.python.get_current_context` attribute is deprecated. Please use `'airflow.sdk.get_current_context'`.","category":"DeprecatedImportWarning","filename":"/opt/airflow/dags/dag.py","lineno":5,"logger":"py.warnings"}
{"timestamp":"2025-12-24T06:34:48.081554Z","level":"warning","event":"The `airflow.models.param.Param` attribute is deprecated. Please use `'airflow.sdk.Param'`.","category":"DeprecatedImportWarning","filename":"/opt/airflow/dags/dag.py","lineno":10,"logger":"py.warnings"}
{"timestamp":"2025-12-24T06:34:48.081572Z","level":"warning","event":"The `airflow.operators.python.get_current_context` attribute is deprecated. Please use `'airflow.sdk.get_current_context'`.","category":"DeprecatedImportWarning","filename":"/opt/airflow/dags/dag.py","lineno":18,"logger":"py.warnings"}
{"timestamp":"2025-12-24T06:51:11.321919Z","level":"info","event":"Filling up the DagBag from /opt/airflow/dags/dag.py","logger":"airflow.models.dagbag.DagBag","filename":"dagbag.py","lineno":593}
{"timestamp":"2025-12-24T06:51:11.355603Z","level":"warning","event":"The `airflow.decorators.dag` attribute is deprecated. Please use `'airflow.sdk.dag'`.","category":"DeprecatedImportWarning","filename":"/opt/airflow/dags/dag.py","lineno":1,"logger":"py.warnings"}
{"timestamp":"2025-12-24T06:51:11.355664Z","level":"warning","event":"The `airflow.decorators.task` attribute is deprecated. Please use `'airflow.sdk.task'`.","category":"DeprecatedImportWarning","filename":"/opt/airflow/dags/dag.py","lineno":2,"logger":"py.warnings"}
{"timestamp":"2025-12-24T06:51:11.355690Z","level":"warning","event":"The `airflow.operators.empty.EmptyOperator` attribute is deprecated. Please use `'airflow.providers.standard.operators.empty.EmptyOperator'`.","category":"DeprecatedImportWarning","filename":"/opt/airflow/dags/dag.py","lineno":3,"logger":"py.warnings"}
{"timestamp":"2025-12-24T06:51:11.355712Z","level":"warning","event":"The `airflow.operators.python.get_current_context` attribute is deprecated. Please use `'airflow.sdk.get_current_context'`.","category":"DeprecatedImportWarning","filename":"/opt/airflow/dags/dag.py","lineno":5,"logger":"py.warnings"}
{"timestamp":"2025-12-24T06:51:11.355736Z","level":"warning","event":"The `airflow.models.param.Param` attribute is deprecated. Please use `'airflow.sdk.Param'`.","category":"DeprecatedImportWarning","filename":"/opt/airflow/dags/dag.py","lineno":10,"logger":"py.warnings"}
{"timestamp":"2025-12-24T06:51:11.355757Z","level":"warning","event":"The `airflow.operators.python.get_current_context` attribute is deprecated. Please use `'airflow.sdk.get_current_context'`.","category":"DeprecatedImportWarning","filename":"/opt/airflow/dags/dag.py","lineno":18,"logger":"py.warnings"}
{"timestamp":"2025-12-24T07:07:06.699106Z","level":"info","event":"Filling up the DagBag from /opt/airflow/dags/dag.py","logger":"airflow.models.dagbag.DagBag","filename":"dagbag.py","lineno":593}
{"timestamp":"2025-12-24T07:07:06.741767Z","level":"warning","event":"The `airflow.decorators.dag` attribute is deprecated. Please use `'airflow.sdk.dag'`.","category":"DeprecatedImportWarning","filename":"/opt/airflow/dags/dag.py","lineno":1,"logger":"py.warnings"}
{"timestamp":"2025-12-24T07:07:06.741847Z","level":"warning","event":"The `airflow.decorators.task` attribute is deprecated. Please use `'airflow.sdk.task'`.","category":"DeprecatedImportWarning","filename":"/opt/airflow/dags/dag.py","lineno":2,"logger":"py.warnings"}
{"timestamp":"2025-12-24T07:07:06.741871Z","level":"warning","event":"The `airflow.operators.empty.EmptyOperator` attribute is deprecated. Please use `'airflow.providers.standard.operators.empty.EmptyOperator'`.","category":"DeprecatedImportWarning","filename":"/opt/airflow/dags/dag.py","lineno":3,"logger":"py.warnings"}
{"timestamp":"2025-12-24T07:07:06.741892Z","level":"warning","event":"The `airflow.operators.python.get_current_context` attribute is deprecated. Please use `'airflow.sdk.get_current_context'`.","category":"DeprecatedImportWarning","filename":"/opt/airflow/dags/dag.py","lineno":5,"logger":"py.warnings"}
{"timestamp":"2025-12-24T07:07:06.741914Z","level":"warning","event":"The `airflow.models.param.Param` attribute is deprecated. Please use `'airflow.sdk.Param'`.","category":"DeprecatedImportWarning","filename":"/opt/airflow/dags/dag.py","lineno":10,"logger":"py.warnings"}
{"timestamp":"2025-12-24T07:07:06.741932Z","level":"warning","event":"The `airflow.operators.python.get_current_context` attribute is deprecated. Please use `'airflow.sdk.get_current_context'`.","category":"DeprecatedImportWarning","filename":"/opt/airflow/dags/dag.py","lineno":18,"logger":"py.warnings"}
{"timestamp":"2025-12-24T07:24:47.005848Z","level":"info","event":"Filling up the DagBag from /opt/airflow/dags/dag.py","logger":"airflow.models.dagbag.DagBag","filename":"dagbag.py","lineno":593}
{"timestamp":"2025-12-24T07:24:47.031784Z","level":"warning","event":"The `airflow.decorators.dag` attribute is deprecated. Please use `'airflow.sdk.dag'`.","category":"DeprecatedImportWarning","filename":"/opt/airflow/dags/dag.py","lineno":1,"logger":"py.warnings"}
{"timestamp":"2025-12-24T07:24:47.031840Z","level":"warning","event":"The `airflow.decorators.task` attribute is deprecated. Please use `'airflow.sdk.task'`.","category":"DeprecatedImportWarning","filename":"/opt/airflow/dags/dag.py","lineno":2,"logger":"py.warnings"}
{"timestamp":"2025-12-24T07:24:47.031865Z","level":"warning","event":"The `airflow.operators.empty.EmptyOperator` attribute is deprecated. Please use `'airflow.providers.standard.operators.empty.EmptyOperator'`.","category":"DeprecatedImportWarning","filename":"/opt/airflow/dags/dag.py","lineno":3,"logger":"py.warnings"}
{"timestamp":"2025-12-24T07:24:47.031887Z","level":"warning","event":"The `airflow.operators.python.get_current_context` attribute is deprecated. Please use `'airflow.sdk.get_current_context'`.","category":"DeprecatedImportWarning","filename":"/opt/airflow/dags/dag.py","lineno":5,"logger":"py.warnings"}
{"timestamp":"2025-12-24T07:24:47.031910Z","level":"warning","event":"The `airflow.models.param.Param` attribute is deprecated. Please use `'airflow.sdk.Param'`.","category":"DeprecatedImportWarning","filename":"/opt/airflow/dags/dag.py","lineno":10,"logger":"py.warnings"}
{"timestamp":"2025-12-24T07:24:47.031930Z","level":"warning","event":"The `airflow.operators.python.get_current_context` attribute is deprecated. Please use `'airflow.sdk.get_current_context'`.","category":"DeprecatedImportWarning","filename":"/opt/airflow/dags/dag.py","lineno":18,"logger":"py.warnings"}
{"timestamp":"2025-12-24T07:44:26.653038Z","level":"info","event":"Filling up the DagBag from /opt/airflow/dags/dag.py","logger":"airflow.models.dagbag.DagBag","filename":"dagbag.py","lineno":593}
{"timestamp":"2025-12-24T07:44:26.691516Z","level":"warning","event":"The `airflow.decorators.dag` attribute is deprecated. Please use `'airflow.sdk.dag'`.","category":"DeprecatedImportWarning","filename":"/opt/airflow/dags/dag.py","lineno":1,"logger":"py.warnings"}
{"timestamp":"2025-12-24T07:44:26.691577Z","level":"warning","event":"The `airflow.decorators.task` attribute is deprecated. Please use `'airflow.sdk.task'`.","category":"DeprecatedImportWarning","filename":"/opt/airflow/dags/dag.py","lineno":2,"logger":"py.warnings"}
{"timestamp":"2025-12-24T07:44:26.691606Z","level":"warning","event":"The `airflow.operators.empty.EmptyOperator` attribute is deprecated. Please use `'airflow.providers.standard.operators.empty.EmptyOperator'`.","category":"DeprecatedImportWarning","filename":"/opt/airflow/dags/dag.py","lineno":3,"logger":"py.warnings"}
{"timestamp":"2025-12-24T07:44:26.691625Z","level":"warning","event":"The `airflow.operators.python.get_current_context` attribute is deprecated. Please use `'airflow.sdk.get_current_context'`.","category":"DeprecatedImportWarning","filename":"/opt/airflow/dags/dag.py","lineno":5,"logger":"py.warnings"}
{"timestamp":"2025-12-24T07:44:26.691666Z","level":"warning","event":"The `airflow.models.param.Param` attribute is deprecated. Please use `'airflow.sdk.Param'`.","category":"DeprecatedImportWarning","filename":"/opt/airflow/dags/dag.py","lineno":10,"logger":"py.warnings"}
{"timestamp":"2025-12-24T07:44:26.691685Z","level":"warning","event":"The `airflow.operators.python.get_current_context` attribute is deprecated. Please use `'airflow.sdk.get_current_context'`.","category":"DeprecatedImportWarning","filename":"/opt/airflow/dags/dag.py","lineno":18,"logger":"py.warnings"}
{"timestamp":"2025-12-24T08:01:13.959335Z","level":"info","event":"Filling up the DagBag from /opt/airflow/dags/dag.py","logger":"airflow.models.dagbag.DagBag","filename":"dagbag.py","lineno":593}
{"timestamp":"2025-12-24T08:01:13.985994Z","level":"warning","event":"The `airflow.decorators.dag` attribute is deprecated. Please use `'airflow.sdk.dag'`.","category":"DeprecatedImportWarning","filename":"/opt/airflow/dags/dag.py","lineno":1,"logger":"py.warnings"}
{"timestamp":"2025-12-24T08:01:13.986050Z","level":"warning","event":"The `airflow.decorators.task` attribute is deprecated. Please use `'airflow.sdk.task'`.","category":"DeprecatedImportWarning","filename":"/opt/airflow/dags/dag.py","lineno":2,"logger":"py.warnings"}
{"timestamp":"2025-12-24T08:01:13.986075Z","level":"warning","event":"The `airflow.operators.empty.EmptyOperator` attribute is deprecated. Please use `'airflow.providers.standard.operators.empty.EmptyOperator'`.","category":"DeprecatedImportWarning","filename":"/opt/airflow/dags/dag.py","lineno":3,"logger":"py.warnings"}
{"timestamp":"2025-12-24T08:01:13.986098Z","level":"warning","event":"The `airflow.operators.python.get_current_context` attribute is deprecated. Please use `'airflow.sdk.get_current_context'`.","category":"DeprecatedImportWarning","filename":"/opt/airflow/dags/dag.py","lineno":5,"logger":"py.warnings"}
{"timestamp":"2025-12-24T08:01:13.986122Z","level":"warning","event":"The `airflow.models.param.Param` attribute is deprecated. Please use `'airflow.sdk.Param'`.","category":"DeprecatedImportWarning","filename":"/opt/airflow/dags/dag.py","lineno":10,"logger":"py.warnings"}
{"timestamp":"2025-12-24T08:01:13.986142Z","level":"warning","event":"The `airflow.operators.python.get_current_context` attribute is deprecated. Please use `'airflow.sdk.get_current_context'`.","category":"DeprecatedImportWarning","filename":"/opt/airflow/dags/dag.py","lineno":18,"logger":"py.warnings"}
{"timestamp":"2025-12-24T08:08:47.258367Z","level":"info","event":"Filling up the DagBag from /opt/airflow/dags/dag.py","logger":"airflow.models.dagbag.DagBag","filename":"dagbag.py","lineno":593}
{"timestamp":"2025-12-24T08:08:47.295713Z","level":"warning","event":"The `airflow.decorators.dag` attribute is deprecated. Please use `'airflow.sdk.dag'`.","category":"DeprecatedImportWarning","filename":"/opt/airflow/dags/dag.py","lineno":1,"logger":"py.warnings"}
{"timestamp":"2025-12-24T08:08:47.295925Z","level":"warning","event":"The `airflow.decorators.task` attribute is deprecated. Please use `'airflow.sdk.task'`.","category":"DeprecatedImportWarning","filename":"/opt/airflow/dags/dag.py","lineno":2,"logger":"py.warnings"}
{"timestamp":"2025-12-24T08:08:47.295967Z","level":"warning","event":"The `airflow.operators.empty.EmptyOperator` attribute is deprecated. Please use `'airflow.providers.standard.operators.empty.EmptyOperator'`.","category":"DeprecatedImportWarning","filename":"/opt/airflow/dags/dag.py","lineno":3,"logger":"py.warnings"}
{"timestamp":"2025-12-24T08:08:47.295987Z","level":"warning","event":"The `airflow.operators.python.get_current_context` attribute is deprecated. Please use `'airflow.sdk.get_current_context'`.","category":"DeprecatedImportWarning","filename":"/opt/airflow/dags/dag.py","lineno":5,"logger":"py.warnings"}
{"timestamp":"2025-12-24T08:08:47.296008Z","level":"warning","event":"The `airflow.models.param.Param` attribute is deprecated. Please use `'airflow.sdk.Param'`.","category":"DeprecatedImportWarning","filename":"/opt/airflow/dags/dag.py","lineno":10,"logger":"py.warnings"}
{"timestamp":"2025-12-24T08:08:47.296025Z","level":"warning","event":"The `airflow.operators.python.get_current_context` attribute is deprecated. Please use `'airflow.sdk.get_current_context'`.","category":"DeprecatedImportWarning","filename":"/opt/airflow/dags/dag.py","lineno":18,"logger":"py.warnings"}
{"timestamp":"2025-12-24T08:24:47.735560Z","level":"info","event":"Filling up the DagBag from /opt/airflow/dags/dag.py","logger":"airflow.models.dagbag.DagBag","filename":"dagbag.py","lineno":593}
{"timestamp":"2025-12-24T08:24:47.774847Z","level":"warning","event":"The `airflow.decorators.dag` attribute is deprecated. Please use `'airflow.sdk.dag'`.","category":"DeprecatedImportWarning","filename":"/opt/airflow/dags/dag.py","lineno":1,"logger":"py.warnings"}
{"timestamp":"2025-12-24T08:24:47.774903Z","level":"warning","event":"The `airflow.decorators.task` attribute is deprecated. Please use `'airflow.sdk.task'`.","category":"DeprecatedImportWarning","filename":"/opt/airflow/dags/dag.py","lineno":2,"logger":"py.warnings"}
{"timestamp":"2025-12-24T08:24:47.774926Z","level":"warning","event":"The `airflow.operators.empty.EmptyOperator` attribute is deprecated. Please use `'airflow.providers.standard.operators.empty.EmptyOperator'`.","category":"DeprecatedImportWarning","filename":"/opt/airflow/dags/dag.py","lineno":3,"logger":"py.warnings"}
{"timestamp":"2025-12-24T08:24:47.774944Z","level":"warning","event":"The `airflow.operators.python.get_current_context` attribute is deprecated. Please use `'airflow.sdk.get_current_context'`.","category":"DeprecatedImportWarning","filename":"/opt/airflow/dags/dag.py","lineno":5,"logger":"py.warnings"}
{"timestamp":"2025-12-24T08:24:47.774963Z","level":"warning","event":"The `airflow.models.param.Param` attribute is deprecated. Please use `'airflow.sdk.Param'`.","category":"DeprecatedImportWarning","filename":"/opt/airflow/dags/dag.py","lineno":10,"logger":"py.warnings"}
{"timestamp":"2025-12-24T08:24:47.774983Z","level":"warning","event":"The `airflow.operators.python.get_current_context` attribute is deprecated. Please use `'airflow.sdk.get_current_context'`.","category":"DeprecatedImportWarning","filename":"/opt/airflow/dags/dag.py","lineno":18,"logger":"py.warnings"}
{"timestamp":"2025-12-24T08:40:54.993376Z","level":"info","event":"Filling up the DagBag from /opt/airflow/dags/dag.py","logger":"airflow.models.dagbag.DagBag","filename":"dagbag.py","lineno":593}
{"timestamp":"2025-12-24T08:40:55.033225Z","level":"warning","event":"The `airflow.decorators.dag` attribute is deprecated. Please use `'airflow.sdk.dag'`.","category":"DeprecatedImportWarning","filename":"/opt/airflow/dags/dag.py","lineno":1,"logger":"py.warnings"}
{"timestamp":"2025-12-24T08:40:55.033282Z","level":"warning","event":"The `airflow.decorators.task` attribute is deprecated. Please use `'airflow.sdk.task'`.","category":"DeprecatedImportWarning","filename":"/opt/airflow/dags/dag.py","lineno":2,"logger":"py.warnings"}
{"timestamp":"2025-12-24T08:40:55.033322Z","level":"warning","event":"The `airflow.operators.empty.EmptyOperator` attribute is deprecated. Please use `'airflow.providers.standard.operators.empty.EmptyOperator'`.","category":"DeprecatedImportWarning","filename":"/opt/airflow/dags/dag.py","lineno":3,"logger":"py.warnings"}
{"timestamp":"2025-12-24T08:40:55.033347Z","level":"warning","event":"The `airflow.operators.python.get_current_context` attribute is deprecated. Please use `'airflow.sdk.get_current_context'`.","category":"DeprecatedImportWarning","filename":"/opt/airflow/dags/dag.py","lineno":5,"logger":"py.warnings"}
{"timestamp":"2025-12-24T08:40:55.033376Z","level":"warning","event":"The `airflow.models.param.Param` attribute is deprecated. Please use `'airflow.sdk.Param'`.","category":"DeprecatedImportWarning","filename":"/opt/airflow/dags/dag.py","lineno":10,"logger":"py.warnings"}
{"timestamp":"2025-12-24T08:40:55.033395Z","level":"warning","event":"The `airflow.operators.python.get_current_context` attribute is deprecated. Please use `'airflow.sdk.get_current_context'`.","category":"DeprecatedImportWarning","filename":"/opt/airflow/dags/dag.py","lineno":18,"logger":"py.warnings"}
{"timestamp":"2025-12-24T08:56:24.321824Z","level":"info","event":"Filling up the DagBag from /opt/airflow/dags/dag.py","logger":"airflow.models.dagbag.DagBag","filename":"dagbag.py","lineno":593}
{"timestamp":"2025-12-24T08:56:24.355377Z","level":"warning","event":"The `airflow.decorators.dag` attribute is deprecated. Please use `'airflow.sdk.dag'`.","category":"DeprecatedImportWarning","filename":"/opt/airflow/dags/dag.py","lineno":1,"logger":"py.warnings"}
{"timestamp":"2025-12-24T08:56:24.355441Z","level":"warning","event":"The `airflow.decorators.task` attribute is deprecated. Please use `'airflow.sdk.task'`.","category":"DeprecatedImportWarning","filename":"/opt/airflow/dags/dag.py","lineno":2,"logger":"py.warnings"}
{"timestamp":"2025-12-24T08:56:24.355466Z","level":"warning","event":"The `airflow.operators.empty.EmptyOperator` attribute is deprecated. Please use `'airflow.providers.standard.operators.empty.EmptyOperator'`.","category":"DeprecatedImportWarning","filename":"/opt/airflow/dags/dag.py","lineno":3,"logger":"py.warnings"}
{"timestamp":"2025-12-24T08:56:24.355487Z","level":"warning","event":"The `airflow.operators.python.get_current_context` attribute is deprecated. Please use `'airflow.sdk.get_current_context'`.","category":"DeprecatedImportWarning","filename":"/opt/airflow/dags/dag.py","lineno":5,"logger":"py.warnings"}
{"timestamp":"2025-12-24T08:56:24.355521Z","level":"warning","event":"The `airflow.models.param.Param` attribute is deprecated. Please use `'airflow.sdk.Param'`.","category":"DeprecatedImportWarning","filename":"/opt/airflow/dags/dag.py","lineno":10,"logger":"py.warnings"}
{"timestamp":"2025-12-24T08:56:24.355541Z","level":"warning","event":"The `airflow.operators.python.get_current_context` attribute is deprecated. Please use `'airflow.sdk.get_current_context'`.","category":"DeprecatedImportWarning","filename":"/opt/airflow/dags/dag.py","lineno":18,"logger":"py.warnings"}
{"timestamp":"2025-12-24T09:14:17.631323Z","level":"info","event":"Filling up the DagBag from /opt/airflow/dags/dag.py","logger":"airflow.models.dagbag.DagBag","filename":"dagbag.py","lineno":593}
{"timestamp":"2025-12-24T09:14:17.658533Z","level":"warning","event":"The `airflow.decorators.dag` attribute is deprecated. Please use `'airflow.sdk.dag'`.","category":"DeprecatedImportWarning","filename":"/opt/airflow/dags/dag.py","lineno":1,"logger":"py.warnings"}
{"timestamp":"2025-12-24T09:14:17.658595Z","level":"warning","event":"The `airflow.decorators.task` attribute is deprecated. Please use `'airflow.sdk.task'`.","category":"DeprecatedImportWarning","filename":"/opt/airflow/dags/dag.py","lineno":2,"logger":"py.warnings"}
{"timestamp":"2025-12-24T09:14:17.658621Z","level":"warning","event":"The `airflow.operators.empty.EmptyOperator` attribute is deprecated. Please use `'airflow.providers.standard.operators.empty.EmptyOperator'`.","category":"DeprecatedImportWarning","filename":"/opt/airflow/dags/dag.py","lineno":3,"logger":"py.warnings"}
{"timestamp":"2025-12-24T09:14:17.658668Z","level":"warning","event":"The `airflow.operators.python.get_current_context` attribute is deprecated. Please use `'airflow.sdk.get_current_context'`.","category":"DeprecatedImportWarning","filename":"/opt/airflow/dags/dag.py","lineno":5,"logger":"py.warnings"}
{"timestamp":"2025-12-24T09:14:17.658696Z","level":"warning","event":"The `airflow.models.param.Param` attribute is deprecated. Please use `'airflow.sdk.Param'`.","category":"DeprecatedImportWarning","filename":"/opt/airflow/dags/dag.py","lineno":10,"logger":"py.warnings"}
{"timestamp":"2025-12-24T09:14:17.658717Z","level":"warning","event":"The `airflow.operators.python.get_current_context` attribute is deprecated. Please use `'airflow.sdk.get_current_context'`.","category":"DeprecatedImportWarning","filename":"/opt/airflow/dags/dag.py","lineno":18,"logger":"py.warnings"}
{"timestamp":"2025-12-24T09:31:51.960958Z","level":"info","event":"Filling up the DagBag from /opt/airflow/dags/dag.py","logger":"airflow.models.dagbag.DagBag","filename":"dagbag.py","lineno":593}
{"timestamp":"2025-12-24T09:31:52.003238Z","level":"warning","event":"The `airflow.decorators.dag` attribute is deprecated. Please use `'airflow.sdk.dag'`.","category":"DeprecatedImportWarning","filename":"/opt/airflow/dags/dag.py","lineno":1,"logger":"py.warnings"}
{"timestamp":"2025-12-24T09:31:52.003440Z","level":"warning","event":"The `airflow.decorators.task` attribute is deprecated. Please use `'airflow.sdk.task'`.","category":"DeprecatedImportWarning","filename":"/opt/airflow/dags/dag.py","lineno":2,"logger":"py.warnings"}
{"timestamp":"2025-12-24T09:31:52.003479Z","level":"warning","event":"The `airflow.operators.empty.EmptyOperator` attribute is deprecated. Please use `'airflow.providers.standard.operators.empty.EmptyOperator'`.","category":"DeprecatedImportWarning","filename":"/opt/airflow/dags/dag.py","lineno":3,"logger":"py.warnings"}
{"timestamp":"2025-12-24T09:31:52.003500Z","level":"warning","event":"The `airflow.operators.python.get_current_context` attribute is deprecated. Please use `'airflow.sdk.get_current_context'`.","category":"DeprecatedImportWarning","filename":"/opt/airflow/dags/dag.py","lineno":5,"logger":"py.warnings"}
{"timestamp":"2025-12-24T09:31:52.003521Z","level":"warning","event":"The `airflow.models.param.Param` attribute is deprecated. Please use `'airflow.sdk.Param'`.","category":"DeprecatedImportWarning","filename":"/opt/airflow/dags/dag.py","lineno":10,"logger":"py.warnings"}
{"timestamp":"2025-12-24T09:31:52.003539Z","level":"warning","event":"The `airflow.operators.python.get_current_context` attribute is deprecated. Please use `'airflow.sdk.get_current_context'`.","category":"DeprecatedImportWarning","filename":"/opt/airflow/dags/dag.py","lineno":18,"logger":"py.warnings"}
{"timestamp":"2025-12-24T09:47:59.323041Z","level":"info","event":"Filling up the DagBag from /opt/airflow/dags/dag.py","logger":"airflow.models.dagbag.DagBag","filename":"dagbag.py","lineno":593}
{"timestamp":"2025-12-24T09:47:59.375836Z","level":"warning","event":"The `airflow.decorators.dag` attribute is deprecated. Please use `'airflow.sdk.dag'`.","category":"DeprecatedImportWarning","filename":"/opt/airflow/dags/dag.py","lineno":1,"logger":"py.warnings"}
{"timestamp":"2025-12-24T09:47:59.376097Z","level":"warning","event":"The `airflow.decorators.task` attribute is deprecated. Please use `'airflow.sdk.task'`.","category":"DeprecatedImportWarning","filename":"/opt/airflow/dags/dag.py","lineno":2,"logger":"py.warnings"}
{"timestamp":"2025-12-24T09:47:59.376165Z","level":"warning","event":"The `airflow.operators.empty.EmptyOperator` attribute is deprecated. Please use `'airflow.providers.standard.operators.empty.EmptyOperator'`.","category":"DeprecatedImportWarning","filename":"/opt/airflow/dags/dag.py","lineno":3,"logger":"py.warnings"}
{"timestamp":"2025-12-24T09:47:59.376206Z","level":"warning","event":"The `airflow.operators.python.get_current_context` attribute is deprecated. Please use `'airflow.sdk.get_current_context'`.","category":"DeprecatedImportWarning","filename":"/opt/airflow/dags/dag.py","lineno":5,"logger":"py.warnings"}
{"timestamp":"2025-12-24T09:47:59.376260Z","level":"warning","event":"The `airflow.models.param.Param` attribute is deprecated. Please use `'airflow.sdk.Param'`.","category":"DeprecatedImportWarning","filename":"/opt/airflow/dags/dag.py","lineno":10,"logger":"py.warnings"}
{"timestamp":"2025-12-24T09:47:59.376294Z","level":"warning","event":"The `airflow.operators.python.get_current_context` attribute is deprecated. Please use `'airflow.sdk.get_current_context'`.","category":"DeprecatedImportWarning","filename":"/opt/airflow/dags/dag.py","lineno":18,"logger":"py.warnings"}
{"timestamp":"2025-12-24T10:06:18.628854Z","level":"info","event":"Filling up the DagBag from /opt/airflow/dags/dag.py","logger":"airflow.models.dagbag.DagBag","filename":"dagbag.py","lineno":593}
{"timestamp":"2025-12-24T10:06:18.659427Z","level":"warning","event":"The `airflow.decorators.dag` attribute is deprecated. Please use `'airflow.sdk.dag'`.","category":"DeprecatedImportWarning","filename":"/opt/airflow/dags/dag.py","lineno":1,"logger":"py.warnings"}
{"timestamp":"2025-12-24T10:06:18.659513Z","level":"warning","event":"The `airflow.decorators.task` attribute is deprecated. Please use `'airflow.sdk.task'`.","category":"DeprecatedImportWarning","filename":"/opt/airflow/dags/dag.py","lineno":2,"logger":"py.warnings"}
{"timestamp":"2025-12-24T10:06:18.659555Z","level":"warning","event":"The `airflow.operators.empty.EmptyOperator` attribute is deprecated. Please use `'airflow.providers.standard.operators.empty.EmptyOperator'`.","category":"DeprecatedImportWarning","filename":"/opt/airflow/dags/dag.py","lineno":3,"logger":"py.warnings"}
{"timestamp":"2025-12-24T10:06:18.659591Z","level":"warning","event":"The `airflow.operators.python.get_current_context` attribute is deprecated. Please use `'airflow.sdk.get_current_context'`.","category":"DeprecatedImportWarning","filename":"/opt/airflow/dags/dag.py","lineno":5,"logger":"py.warnings"}
{"timestamp":"2025-12-24T10:06:18.659633Z","level":"warning","event":"The `airflow.models.param.Param` attribute is deprecated. Please use `'airflow.sdk.Param'`.","category":"DeprecatedImportWarning","filename":"/opt/airflow/dags/dag.py","lineno":10,"logger":"py.warnings"}
{"timestamp":"2025-12-24T10:06:18.659662Z","level":"warning","event":"The `airflow.operators.python.get_current_context` attribute is deprecated. Please use `'airflow.sdk.get_current_context'`.","category":"DeprecatedImportWarning","filename":"/opt/airflow/dags/dag.py","lineno":18,"logger":"py.warnings"}
{"timestamp":"2025-12-24T10:09:45.952195Z","level":"info","event":"Filling up the DagBag from /opt/airflow/dags/dag.py","logger":"airflow.models.dagbag.DagBag","filename":"dagbag.py","lineno":593}
{"timestamp":"2025-12-24T10:09:46.003942Z","level":"warning","event":"The `airflow.decorators.dag` attribute is deprecated. Please use `'airflow.sdk.dag'`.","category":"DeprecatedImportWarning","filename":"/opt/airflow/dags/dag.py","lineno":1,"logger":"py.warnings"}
{"timestamp":"2025-12-24T10:09:46.004555Z","level":"warning","event":"The `airflow.decorators.task` attribute is deprecated. Please use `'airflow.sdk.task'`.","category":"DeprecatedImportWarning","filename":"/opt/airflow/dags/dag.py","lineno":2,"logger":"py.warnings"}
{"timestamp":"2025-12-24T10:09:46.004595Z","level":"warning","event":"The `airflow.operators.empty.EmptyOperator` attribute is deprecated. Please use `'airflow.providers.standard.operators.empty.EmptyOperator'`.","category":"DeprecatedImportWarning","filename":"/opt/airflow/dags/dag.py","lineno":3,"logger":"py.warnings"}
{"timestamp":"2025-12-24T10:09:46.004619Z","level":"warning","event":"The `airflow.operators.python.get_current_context` attribute is deprecated. Please use `'airflow.sdk.get_current_context'`.","category":"DeprecatedImportWarning","filename":"/opt/airflow/dags/dag.py","lineno":5,"logger":"py.warnings"}
{"timestamp":"2025-12-24T10:09:46.004653Z","level":"warning","event":"The `airflow.models.param.Param` attribute is deprecated. Please use `'airflow.sdk.Param'`.","category":"DeprecatedImportWarning","filename":"/opt/airflow/dags/dag.py","lineno":10,"logger":"py.warnings"}
{"timestamp":"2025-12-24T10:09:46.004675Z","level":"warning","event":"The `airflow.operators.python.get_current_context` attribute is deprecated. Please use `'airflow.sdk.get_current_context'`.","category":"DeprecatedImportWarning","filename":"/opt/airflow/dags/dag.py","lineno":18,"logger":"py.warnings"}
{"timestamp":"2025-12-24T10:27:29.794739Z","level":"info","event":"Filling up the DagBag from /opt/airflow/dags/dag.py","logger":"airflow.models.dagbag.DagBag","filename":"dagbag.py","lineno":593}
{"timestamp":"2025-12-24T10:27:29.830332Z","level":"warning","event":"The `airflow.decorators.dag` attribute is deprecated. Please use `'airflow.sdk.dag'`.","category":"DeprecatedImportWarning","filename":"/opt/airflow/dags/dag.py","lineno":1,"logger":"py.warnings"}
{"timestamp":"2025-12-24T10:27:29.830393Z","level":"warning","event":"The `airflow.decorators.task` attribute is deprecated. Please use `'airflow.sdk.task'`.","category":"DeprecatedImportWarning","filename":"/opt/airflow/dags/dag.py","lineno":2,"logger":"py.warnings"}
{"timestamp":"2025-12-24T10:27:29.830416Z","level":"warning","event":"The `airflow.operators.empty.EmptyOperator` attribute is deprecated. Please use `'airflow.providers.standard.operators.empty.EmptyOperator'`.","category":"DeprecatedImportWarning","filename":"/opt/airflow/dags/dag.py","lineno":3,"logger":"py.warnings"}
{"timestamp":"2025-12-24T10:27:29.830436Z","level":"warning","event":"The `airflow.operators.python.get_current_context` attribute is deprecated. Please use `'airflow.sdk.get_current_context'`.","category":"DeprecatedImportWarning","filename":"/opt/airflow/dags/dag.py","lineno":5,"logger":"py.warnings"}
{"timestamp":"2025-12-24T10:27:29.830458Z","level":"warning","event":"The `airflow.models.param.Param` attribute is deprecated. Please use `'airflow.sdk.Param'`.","category":"DeprecatedImportWarning","filename":"/opt/airflow/dags/dag.py","lineno":10,"logger":"py.warnings"}
{"timestamp":"2025-12-24T10:27:29.830476Z","level":"warning","event":"The `airflow.operators.python.get_current_context` attribute is deprecated. Please use `'airflow.sdk.get_current_context'`.","category":"DeprecatedImportWarning","filename":"/opt/airflow/dags/dag.py","lineno":18,"logger":"py.warnings"}
{"timestamp":"2025-12-24T10:44:20.117487Z","level":"info","event":"Filling up the DagBag from /opt/airflow/dags/dag.py","logger":"airflow.models.dagbag.DagBag","filename":"dagbag.py","lineno":593}
{"timestamp":"2025-12-24T10:44:20.143591Z","level":"warning","event":"The `airflow.decorators.dag` attribute is deprecated. Please use `'airflow.sdk.dag'`.","category":"DeprecatedImportWarning","filename":"/opt/airflow/dags/dag.py","lineno":1,"logger":"py.warnings"}
{"timestamp":"2025-12-24T10:44:20.143652Z","level":"warning","event":"The `airflow.decorators.task` attribute is deprecated. Please use `'airflow.sdk.task'`.","category":"DeprecatedImportWarning","filename":"/opt/airflow/dags/dag.py","lineno":2,"logger":"py.warnings"}
{"timestamp":"2025-12-24T10:44:20.143678Z","level":"warning","event":"The `airflow.operators.empty.EmptyOperator` attribute is deprecated. Please use `'airflow.providers.standard.operators.empty.EmptyOperator'`.","category":"DeprecatedImportWarning","filename":"/opt/airflow/dags/dag.py","lineno":3,"logger":"py.warnings"}
{"timestamp":"2025-12-24T10:44:20.143717Z","level":"warning","event":"The `airflow.operators.python.get_current_context` attribute is deprecated. Please use `'airflow.sdk.get_current_context'`.","category":"DeprecatedImportWarning","filename":"/opt/airflow/dags/dag.py","lineno":5,"logger":"py.warnings"}
{"timestamp":"2025-12-24T10:44:20.143744Z","level":"warning","event":"The `airflow.models.param.Param` attribute is deprecated. Please use `'airflow.sdk.Param'`.","category":"DeprecatedImportWarning","filename":"/opt/airflow/dags/dag.py","lineno":10,"logger":"py.warnings"}
{"timestamp":"2025-12-24T10:44:20.143764Z","level":"warning","event":"The `airflow.operators.python.get_current_context` attribute is deprecated. Please use `'airflow.sdk.get_current_context'`.","category":"DeprecatedImportWarning","filename":"/opt/airflow/dags/dag.py","lineno":18,"logger":"py.warnings"}
{"timestamp":"2025-12-24T10:49:08.231684Z","level":"info","event":"Filling up the DagBag from /opt/airflow/dags/dag.py","logger":"airflow.models.dagbag.DagBag","filename":"dagbag.py","lineno":593}
{"timestamp":"2025-12-24T10:49:08.273564Z","level":"warning","event":"The `airflow.decorators.dag` attribute is deprecated. Please use `'airflow.sdk.dag'`.","category":"DeprecatedImportWarning","filename":"/opt/airflow/dags/dag.py","lineno":1,"logger":"py.warnings"}
{"timestamp":"2025-12-24T10:49:08.273641Z","level":"warning","event":"The `airflow.decorators.task` attribute is deprecated. Please use `'airflow.sdk.task'`.","category":"DeprecatedImportWarning","filename":"/opt/airflow/dags/dag.py","lineno":2,"logger":"py.warnings"}
{"timestamp":"2025-12-24T10:49:08.273683Z","level":"warning","event":"The `airflow.operators.empty.EmptyOperator` attribute is deprecated. Please use `'airflow.providers.standard.operators.empty.EmptyOperator'`.","category":"DeprecatedImportWarning","filename":"/opt/airflow/dags/dag.py","lineno":3,"logger":"py.warnings"}
{"timestamp":"2025-12-24T10:49:08.273705Z","level":"warning","event":"The `airflow.operators.python.get_current_context` attribute is deprecated. Please use `'airflow.sdk.get_current_context'`.","category":"DeprecatedImportWarning","filename":"/opt/airflow/dags/dag.py","lineno":5,"logger":"py.warnings"}
{"timestamp":"2025-12-24T10:49:08.273745Z","level":"warning","event":"The `airflow.models.param.Param` attribute is deprecated. Please use `'airflow.sdk.Param'`.","category":"DeprecatedImportWarning","filename":"/opt/airflow/dags/dag.py","lineno":10,"logger":"py.warnings"}
{"timestamp":"2025-12-24T10:49:08.273767Z","level":"warning","event":"The `airflow.operators.python.get_current_context` attribute is deprecated. Please use `'airflow.sdk.get_current_context'`.","category":"DeprecatedImportWarning","filename":"/opt/airflow/dags/dag.py","lineno":18,"logger":"py.warnings"}
{"timestamp":"2025-12-24T10:49:38.602205Z","level":"info","event":"Filling up the DagBag from /opt/airflow/dags/dag.py","logger":"airflow.models.dagbag.DagBag","filename":"dagbag.py","lineno":593}
{"timestamp":"2025-12-24T10:49:38.628552Z","level":"warning","event":"The `airflow.decorators.dag` attribute is deprecated. Please use `'airflow.sdk.dag'`.","category":"DeprecatedImportWarning","filename":"/opt/airflow/dags/dag.py","lineno":1,"logger":"py.warnings"}
{"timestamp":"2025-12-24T10:49:38.628744Z","level":"warning","event":"The `airflow.decorators.task` attribute is deprecated. Please use `'airflow.sdk.task'`.","category":"DeprecatedImportWarning","filename":"/opt/airflow/dags/dag.py","lineno":2,"logger":"py.warnings"}
{"timestamp":"2025-12-24T10:49:38.628790Z","level":"warning","event":"The `airflow.operators.empty.EmptyOperator` attribute is deprecated. Please use `'airflow.providers.standard.operators.empty.EmptyOperator'`.","category":"DeprecatedImportWarning","filename":"/opt/airflow/dags/dag.py","lineno":3,"logger":"py.warnings"}
{"timestamp":"2025-12-24T10:49:38.628813Z","level":"warning","event":"The `airflow.operators.python.get_current_context` attribute is deprecated. Please use `'airflow.sdk.get_current_context'`.","category":"DeprecatedImportWarning","filename":"/opt/airflow/dags/dag.py","lineno":5,"logger":"py.warnings"}
{"timestamp":"2025-12-24T10:49:38.628836Z","level":"warning","event":"The `airflow.models.param.Param` attribute is deprecated. Please use `'airflow.sdk.Param'`.","category":"DeprecatedImportWarning","filename":"/opt/airflow/dags/dag.py","lineno":10,"logger":"py.warnings"}
{"timestamp":"2025-12-24T10:49:38.628856Z","level":"warning","event":"The `airflow.operators.python.get_current_context` attribute is deprecated. Please use `'airflow.sdk.get_current_context'`.","category":"DeprecatedImportWarning","filename":"/opt/airflow/dags/dag.py","lineno":18,"logger":"py.warnings"}
{"timestamp":"2025-12-24T10:50:09.063310Z","level":"info","event":"Filling up the DagBag from /opt/airflow/dags/dag.py","logger":"airflow.models.dagbag.DagBag","filename":"dagbag.py","lineno":593}
{"timestamp":"2025-12-24T10:50:09.130691Z","level":"warning","event":"The `airflow.decorators.dag` attribute is deprecated. Please use `'airflow.sdk.dag'`.","category":"DeprecatedImportWarning","filename":"/opt/airflow/dags/dag.py","lineno":1,"logger":"py.warnings"}
{"timestamp":"2025-12-24T10:50:09.130778Z","level":"warning","event":"The `airflow.decorators.task` attribute is deprecated. Please use `'airflow.sdk.task'`.","category":"DeprecatedImportWarning","filename":"/opt/airflow/dags/dag.py","lineno":2,"logger":"py.warnings"}
{"timestamp":"2025-12-24T10:50:09.130810Z","level":"warning","event":"The `airflow.operators.empty.EmptyOperator` attribute is deprecated. Please use `'airflow.providers.standard.operators.empty.EmptyOperator'`.","category":"DeprecatedImportWarning","filename":"/opt/airflow/dags/dag.py","lineno":3,"logger":"py.warnings"}
{"timestamp":"2025-12-24T10:50:09.130831Z","level":"warning","event":"The `airflow.operators.python.get_current_context` attribute is deprecated. Please use `'airflow.sdk.get_current_context'`.","category":"DeprecatedImportWarning","filename":"/opt/airflow/dags/dag.py","lineno":5,"logger":"py.warnings"}
{"timestamp":"2025-12-24T10:50:09.130865Z","level":"warning","event":"The `airflow.models.param.Param` attribute is deprecated. Please use `'airflow.sdk.Param'`.","category":"DeprecatedImportWarning","filename":"/opt/airflow/dags/dag.py","lineno":10,"logger":"py.warnings"}
{"timestamp":"2025-12-24T10:50:09.130885Z","level":"warning","event":"The `airflow.operators.python.get_current_context` attribute is deprecated. Please use `'airflow.sdk.get_current_context'`.","category":"DeprecatedImportWarning","filename":"/opt/airflow/dags/dag.py","lineno":18,"logger":"py.warnings"}
{"timestamp":"2025-12-24T10:50:39.517374Z","level":"info","event":"Filling up the DagBag from /opt/airflow/dags/dag.py","logger":"airflow.models.dagbag.DagBag","filename":"dagbag.py","lineno":593}
{"timestamp":"2025-12-24T10:50:39.556373Z","level":"warning","event":"The `airflow.decorators.dag` attribute is deprecated. Please use `'airflow.sdk.dag'`.","category":"DeprecatedImportWarning","filename":"/opt/airflow/dags/dag.py","lineno":1,"logger":"py.warnings"}
{"timestamp":"2025-12-24T10:50:39.556576Z","level":"warning","event":"The `airflow.decorators.task` attribute is deprecated. Please use `'airflow.sdk.task'`.","category":"DeprecatedImportWarning","filename":"/opt/airflow/dags/dag.py","lineno":2,"logger":"py.warnings"}
{"timestamp":"2025-12-24T10:50:39.556922Z","level":"warning","event":"The `airflow.operators.empty.EmptyOperator` attribute is deprecated. Please use `'airflow.providers.standard.operators.empty.EmptyOperator'`.","category":"DeprecatedImportWarning","filename":"/opt/airflow/dags/dag.py","lineno":3,"logger":"py.warnings"}
{"timestamp":"2025-12-24T10:50:39.556951Z","level":"warning","event":"The `airflow.operators.python.get_current_context` attribute is deprecated. Please use `'airflow.sdk.get_current_context'`.","category":"DeprecatedImportWarning","filename":"/opt/airflow/dags/dag.py","lineno":5,"logger":"py.warnings"}
{"timestamp":"2025-12-24T10:50:39.557136Z","level":"warning","event":"The `airflow.models.param.Param` attribute is deprecated. Please use `'airflow.sdk.Param'`.","category":"DeprecatedImportWarning","filename":"/opt/airflow/dags/dag.py","lineno":10,"logger":"py.warnings"}
{"timestamp":"2025-12-24T10:50:39.557181Z","level":"warning","event":"The `airflow.operators.python.get_current_context` attribute is deprecated. Please use `'airflow.sdk.get_current_context'`.","category":"DeprecatedImportWarning","filename":"/opt/airflow/dags/dag.py","lineno":18,"logger":"py.warnings"}
{"timestamp":"2025-12-24T10:51:09.943839Z","level":"info","event":"Filling up the DagBag from /opt/airflow/dags/dag.py","logger":"airflow.models.dagbag.DagBag","filename":"dagbag.py","lineno":593}
{"timestamp":"2025-12-24T10:51:09.983078Z","level":"warning","event":"The `airflow.decorators.dag` attribute is deprecated. Please use `'airflow.sdk.dag'`.","category":"DeprecatedImportWarning","filename":"/opt/airflow/dags/dag.py","lineno":1,"logger":"py.warnings"}
{"timestamp":"2025-12-24T10:51:09.983151Z","level":"warning","event":"The `airflow.decorators.task` attribute is deprecated. Please use `'airflow.sdk.task'`.","category":"DeprecatedImportWarning","filename":"/opt/airflow/dags/dag.py","lineno":2,"logger":"py.warnings"}
{"timestamp":"2025-12-24T10:51:09.983176Z","level":"warning","event":"The `airflow.operators.empty.EmptyOperator` attribute is deprecated. Please use `'airflow.providers.standard.operators.empty.EmptyOperator'`.","category":"DeprecatedImportWarning","filename":"/opt/airflow/dags/dag.py","lineno":3,"logger":"py.warnings"}
{"timestamp":"2025-12-24T10:51:09.983197Z","level":"warning","event":"The `airflow.operators.python.get_current_context` attribute is deprecated. Please use `'airflow.sdk.get_current_context'`.","category":"DeprecatedImportWarning","filename":"/opt/airflow/dags/dag.py","lineno":5,"logger":"py.warnings"}
{"timestamp":"2025-12-24T10:51:09.983239Z","level":"warning","event":"The `airflow.models.param.Param` attribute is deprecated. Please use `'airflow.sdk.Param'`.","category":"DeprecatedImportWarning","filename":"/opt/airflow/dags/dag.py","lineno":10,"logger":"py.warnings"}
{"timestamp":"2025-12-24T10:51:09.983269Z","level":"warning","event":"The `airflow.operators.python.get_current_context` attribute is deprecated. Please use `'airflow.sdk.get_current_context'`.","category":"DeprecatedImportWarning","filename":"/opt/airflow/dags/dag.py","lineno":18,"logger":"py.warnings"}
{"timestamp":"2025-12-24T10:51:40.326846Z","level":"info","event":"Filling up the DagBag from /opt/airflow/dags/dag.py","logger":"airflow.models.dagbag.DagBag","filename":"dagbag.py","lineno":593}
{"timestamp":"2025-12-24T10:51:40.361960Z","level":"warning","event":"The `airflow.decorators.dag` attribute is deprecated. Please use `'airflow.sdk.dag'`.","category":"DeprecatedImportWarning","filename":"/opt/airflow/dags/dag.py","lineno":1,"logger":"py.warnings"}
{"timestamp":"2025-12-24T10:51:40.362025Z","level":"warning","event":"The `airflow.decorators.task` attribute is deprecated. Please use `'airflow.sdk.task'`.","category":"DeprecatedImportWarning","filename":"/opt/airflow/dags/dag.py","lineno":2,"logger":"py.warnings"}
{"timestamp":"2025-12-24T10:51:40.362049Z","level":"warning","event":"The `airflow.operators.empty.EmptyOperator` attribute is deprecated. Please use `'airflow.providers.standard.operators.empty.EmptyOperator'`.","category":"DeprecatedImportWarning","filename":"/opt/airflow/dags/dag.py","lineno":3,"logger":"py.warnings"}
{"timestamp":"2025-12-24T10:51:40.362070Z","level":"warning","event":"The `airflow.operators.python.get_current_context` attribute is deprecated. Please use `'airflow.sdk.get_current_context'`.","category":"DeprecatedImportWarning","filename":"/opt/airflow/dags/dag.py","lineno":5,"logger":"py.warnings"}
{"timestamp":"2025-12-24T10:51:40.362096Z","level":"warning","event":"The `airflow.models.param.Param` attribute is deprecated. Please use `'airflow.sdk.Param'`.","category":"DeprecatedImportWarning","filename":"/opt/airflow/dags/dag.py","lineno":10,"logger":"py.warnings"}
{"timestamp":"2025-12-24T10:51:40.362115Z","level":"warning","event":"The `airflow.operators.python.get_current_context` attribute is deprecated. Please use `'airflow.sdk.get_current_context'`.","category":"DeprecatedImportWarning","filename":"/opt/airflow/dags/dag.py","lineno":18,"logger":"py.warnings"}
{"timestamp":"2025-12-24T10:52:10.817612Z","level":"info","event":"Filling up the DagBag from /opt/airflow/dags/dag.py","logger":"airflow.models.dagbag.DagBag","filename":"dagbag.py","lineno":593}
{"timestamp":"2025-12-24T10:52:10.853872Z","level":"warning","event":"The `airflow.decorators.dag` attribute is deprecated. Please use `'airflow.sdk.dag'`.","category":"DeprecatedImportWarning","filename":"/opt/airflow/dags/dag.py","lineno":1,"logger":"py.warnings"}
{"timestamp":"2025-12-24T10:52:10.854065Z","level":"warning","event":"The `airflow.decorators.task` attribute is deprecated. Please use `'airflow.sdk.task'`.","category":"DeprecatedImportWarning","filename":"/opt/airflow/dags/dag.py","lineno":2,"logger":"py.warnings"}
{"timestamp":"2025-12-24T10:52:10.854105Z","level":"warning","event":"The `airflow.operators.empty.EmptyOperator` attribute is deprecated. Please use `'airflow.providers.standard.operators.empty.EmptyOperator'`.","category":"DeprecatedImportWarning","filename":"/opt/airflow/dags/dag.py","lineno":3,"logger":"py.warnings"}
{"timestamp":"2025-12-24T10:52:10.854127Z","level":"warning","event":"The `airflow.operators.python.get_current_context` attribute is deprecated. Please use `'airflow.sdk.get_current_context'`.","category":"DeprecatedImportWarning","filename":"/opt/airflow/dags/dag.py","lineno":5,"logger":"py.warnings"}
{"timestamp":"2025-12-24T10:52:10.854155Z","level":"warning","event":"The `airflow.models.param.Param` attribute is deprecated. Please use `'airflow.sdk.Param'`.","category":"DeprecatedImportWarning","filename":"/opt/airflow/dags/dag.py","lineno":10,"logger":"py.warnings"}
{"timestamp":"2025-12-24T10:52:10.854174Z","level":"warning","event":"The `airflow.operators.python.get_current_context` attribute is deprecated. Please use `'airflow.sdk.get_current_context'`.","category":"DeprecatedImportWarning","filename":"/opt/airflow/dags/dag.py","lineno":18,"logger":"py.warnings"}
{"timestamp":"2025-12-24T10:52:41.233471Z","level":"info","event":"Filling up the DagBag from /opt/airflow/dags/dag.py","logger":"airflow.models.dagbag.DagBag","filename":"dagbag.py","lineno":593}
{"timestamp":"2025-12-24T10:52:41.270572Z","level":"warning","event":"The `airflow.decorators.dag` attribute is deprecated. Please use `'airflow.sdk.dag'`.","category":"DeprecatedImportWarning","filename":"/opt/airflow/dags/dag.py","lineno":1,"logger":"py.warnings"}
{"timestamp":"2025-12-24T10:52:41.270635Z","level":"warning","event":"The `airflow.decorators.task` attribute is deprecated. Please use `'airflow.sdk.task'`.","category":"DeprecatedImportWarning","filename":"/opt/airflow/dags/dag.py","lineno":2,"logger":"py.warnings"}
{"timestamp":"2025-12-24T10:52:41.270659Z","level":"warning","event":"The `airflow.operators.empty.EmptyOperator` attribute is deprecated. Please use `'airflow.providers.standard.operators.empty.EmptyOperator'`.","category":"DeprecatedImportWarning","filename":"/opt/airflow/dags/dag.py","lineno":3,"logger":"py.warnings"}
{"timestamp":"2025-12-24T10:52:41.270680Z","level":"warning","event":"The `airflow.operators.python.get_current_context` attribute is deprecated. Please use `'airflow.sdk.get_current_context'`.","category":"DeprecatedImportWarning","filename":"/opt/airflow/dags/dag.py","lineno":5,"logger":"py.warnings"}
{"timestamp":"2025-12-24T10:52:41.270715Z","level":"warning","event":"The `airflow.models.param.Param` attribute is deprecated. Please use `'airflow.sdk.Param'`.","category":"DeprecatedImportWarning","filename":"/opt/airflow/dags/dag.py","lineno":10,"logger":"py.warnings"}
{"timestamp":"2025-12-24T10:52:41.270735Z","level":"warning","event":"The `airflow.operators.python.get_current_context` attribute is deprecated. Please use `'airflow.sdk.get_current_context'`.","category":"DeprecatedImportWarning","filename":"/opt/airflow/dags/dag.py","lineno":18,"logger":"py.warnings"}
{"timestamp":"2025-12-24T10:53:11.684134Z","level":"info","event":"Filling up the DagBag from /opt/airflow/dags/dag.py","logger":"airflow.models.dagbag.DagBag","filename":"dagbag.py","lineno":593}
{"timestamp":"2025-12-24T10:53:11.717413Z","level":"warning","event":"The `airflow.decorators.dag` attribute is deprecated. Please use `'airflow.sdk.dag'`.","category":"DeprecatedImportWarning","filename":"/opt/airflow/dags/dag.py","lineno":1,"logger":"py.warnings"}
{"timestamp":"2025-12-24T10:53:11.717618Z","level":"warning","event":"The `airflow.decorators.task` attribute is deprecated. Please use `'airflow.sdk.task'`.","category":"DeprecatedImportWarning","filename":"/opt/airflow/dags/dag.py","lineno":2,"logger":"py.warnings"}
{"timestamp":"2025-12-24T10:53:11.717972Z","level":"warning","event":"The `airflow.operators.empty.EmptyOperator` attribute is deprecated. Please use `'airflow.providers.standard.operators.empty.EmptyOperator'`.","category":"DeprecatedImportWarning","filename":"/opt/airflow/dags/dag.py","lineno":3,"logger":"py.warnings"}
{"timestamp":"2025-12-24T10:53:11.718141Z","level":"warning","event":"The `airflow.operators.python.get_current_context` attribute is deprecated. Please use `'airflow.sdk.get_current_context'`.","category":"DeprecatedImportWarning","filename":"/opt/airflow/dags/dag.py","lineno":5,"logger":"py.warnings"}
{"timestamp":"2025-12-24T10:53:11.718204Z","level":"warning","event":"The `airflow.models.param.Param` attribute is deprecated. Please use `'airflow.sdk.Param'`.","category":"DeprecatedImportWarning","filename":"/opt/airflow/dags/dag.py","lineno":10,"logger":"py.warnings"}
{"timestamp":"2025-12-24T10:53:11.718224Z","level":"warning","event":"The `airflow.operators.python.get_current_context` attribute is deprecated. Please use `'airflow.sdk.get_current_context'`.","category":"DeprecatedImportWarning","filename":"/opt/airflow/dags/dag.py","lineno":18,"logger":"py.warnings"}
{"timestamp":"2025-12-24T10:53:42.094011Z","level":"info","event":"Filling up the DagBag from /opt/airflow/dags/dag.py","logger":"airflow.models.dagbag.DagBag","filename":"dagbag.py","lineno":593}
{"timestamp":"2025-12-24T10:53:42.118741Z","level":"warning","event":"The `airflow.decorators.dag` attribute is deprecated. Please use `'airflow.sdk.dag'`.","category":"DeprecatedImportWarning","filename":"/opt/airflow/dags/dag.py","lineno":1,"logger":"py.warnings"}
{"timestamp":"2025-12-24T10:53:42.118801Z","level":"warning","event":"The `airflow.decorators.task` attribute is deprecated. Please use `'airflow.sdk.task'`.","category":"DeprecatedImportWarning","filename":"/opt/airflow/dags/dag.py","lineno":2,"logger":"py.warnings"}
{"timestamp":"2025-12-24T10:53:42.118827Z","level":"warning","event":"The `airflow.operators.empty.EmptyOperator` attribute is deprecated. Please use `'airflow.providers.standard.operators.empty.EmptyOperator'`.","category":"DeprecatedImportWarning","filename":"/opt/airflow/dags/dag.py","lineno":3,"logger":"py.warnings"}
{"timestamp":"2025-12-24T10:53:42.118850Z","level":"warning","event":"The `airflow.operators.python.get_current_context` attribute is deprecated. Please use `'airflow.sdk.get_current_context'`.","category":"DeprecatedImportWarning","filename":"/opt/airflow/dags/dag.py","lineno":5,"logger":"py.warnings"}
{"timestamp":"2025-12-24T10:53:42.118874Z","level":"warning","event":"The `airflow.models.param.Param` attribute is deprecated. Please use `'airflow.sdk.Param'`.","category":"DeprecatedImportWarning","filename":"/opt/airflow/dags/dag.py","lineno":10,"logger":"py.warnings"}
{"timestamp":"2025-12-24T10:53:42.118894Z","level":"warning","event":"The `airflow.operators.python.get_current_context` attribute is deprecated. Please use `'airflow.sdk.get_current_context'`.","category":"DeprecatedImportWarning","filename":"/opt/airflow/dags/dag.py","lineno":18,"logger":"py.warnings"}
{"timestamp":"2025-12-24T10:54:12.545051Z","level":"info","event":"Filling up the DagBag from /opt/airflow/dags/dag.py","logger":"airflow.models.dagbag.DagBag","filename":"dagbag.py","lineno":593}
{"timestamp":"2025-12-24T10:54:12.600119Z","level":"warning","event":"The `airflow.decorators.dag` attribute is deprecated. Please use `'airflow.sdk.dag'`.","category":"DeprecatedImportWarning","filename":"/opt/airflow/dags/dag.py","lineno":1,"logger":"py.warnings"}
{"timestamp":"2025-12-24T10:54:12.600176Z","level":"warning","event":"The `airflow.decorators.task` attribute is deprecated. Please use `'airflow.sdk.task'`.","category":"DeprecatedImportWarning","filename":"/opt/airflow/dags/dag.py","lineno":2,"logger":"py.warnings"}
{"timestamp":"2025-12-24T10:54:12.600200Z","level":"warning","event":"The `airflow.operators.empty.EmptyOperator` attribute is deprecated. Please use `'airflow.providers.standard.operators.empty.EmptyOperator'`.","category":"DeprecatedImportWarning","filename":"/opt/airflow/dags/dag.py","lineno":3,"logger":"py.warnings"}
{"timestamp":"2025-12-24T10:54:12.600222Z","level":"warning","event":"The `airflow.operators.python.get_current_context` attribute is deprecated. Please use `'airflow.sdk.get_current_context'`.","category":"DeprecatedImportWarning","filename":"/opt/airflow/dags/dag.py","lineno":5,"logger":"py.warnings"}
{"timestamp":"2025-12-24T10:54:12.600251Z","level":"warning","event":"The `airflow.models.param.Param` attribute is deprecated. Please use `'airflow.sdk.Param'`.","category":"DeprecatedImportWarning","filename":"/opt/airflow/dags/dag.py","lineno":10,"logger":"py.warnings"}
{"timestamp":"2025-12-24T10:54:12.600287Z","level":"warning","event":"The `airflow.operators.python.get_current_context` attribute is deprecated. Please use `'airflow.sdk.get_current_context'`.","category":"DeprecatedImportWarning","filename":"/opt/airflow/dags/dag.py","lineno":18,"logger":"py.warnings"}
{"timestamp":"2025-12-24T10:54:42.976651Z","level":"info","event":"Filling up the DagBag from /opt/airflow/dags/dag.py","logger":"airflow.models.dagbag.DagBag","filename":"dagbag.py","lineno":593}
{"timestamp":"2025-12-24T10:54:43.009204Z","level":"warning","event":"The `airflow.decorators.dag` attribute is deprecated. Please use `'airflow.sdk.dag'`.","category":"DeprecatedImportWarning","filename":"/opt/airflow/dags/dag.py","lineno":1,"logger":"py.warnings"}
{"timestamp":"2025-12-24T10:54:43.009377Z","level":"warning","event":"The `airflow.decorators.task` attribute is deprecated. Please use `'airflow.sdk.task'`.","category":"DeprecatedImportWarning","filename":"/opt/airflow/dags/dag.py","lineno":2,"logger":"py.warnings"}
{"timestamp":"2025-12-24T10:54:43.009792Z","level":"warning","event":"The `airflow.operators.empty.EmptyOperator` attribute is deprecated. Please use `'airflow.providers.standard.operators.empty.EmptyOperator'`.","category":"DeprecatedImportWarning","filename":"/opt/airflow/dags/dag.py","lineno":3,"logger":"py.warnings"}
{"timestamp":"2025-12-24T10:54:43.009846Z","level":"warning","event":"The `airflow.operators.python.get_current_context` attribute is deprecated. Please use `'airflow.sdk.get_current_context'`.","category":"DeprecatedImportWarning","filename":"/opt/airflow/dags/dag.py","lineno":5,"logger":"py.warnings"}
{"timestamp":"2025-12-24T10:54:43.009873Z","level":"warning","event":"The `airflow.models.param.Param` attribute is deprecated. Please use `'airflow.sdk.Param'`.","category":"DeprecatedImportWarning","filename":"/opt/airflow/dags/dag.py","lineno":10,"logger":"py.warnings"}
{"timestamp":"2025-12-24T10:54:43.009973Z","level":"warning","event":"The `airflow.operators.python.get_current_context` attribute is deprecated. Please use `'airflow.sdk.get_current_context'`.","category":"DeprecatedImportWarning","filename":"/opt/airflow/dags/dag.py","lineno":18,"logger":"py.warnings"}
{"timestamp":"2025-12-24T10:55:13.348984Z","level":"info","event":"Filling up the DagBag from /opt/airflow/dags/dag.py","logger":"airflow.models.dagbag.DagBag","filename":"dagbag.py","lineno":593}
{"timestamp":"2025-12-24T10:55:13.375088Z","level":"warning","event":"The `airflow.decorators.dag` attribute is deprecated. Please use `'airflow.sdk.dag'`.","category":"DeprecatedImportWarning","filename":"/opt/airflow/dags/dag.py","lineno":1,"logger":"py.warnings"}
{"timestamp":"2025-12-24T10:55:13.375274Z","level":"warning","event":"The `airflow.decorators.task` attribute is deprecated. Please use `'airflow.sdk.task'`.","category":"DeprecatedImportWarning","filename":"/opt/airflow/dags/dag.py","lineno":2,"logger":"py.warnings"}
{"timestamp":"2025-12-24T10:55:13.375326Z","level":"warning","event":"The `airflow.operators.empty.EmptyOperator` attribute is deprecated. Please use `'airflow.providers.standard.operators.empty.EmptyOperator'`.","category":"DeprecatedImportWarning","filename":"/opt/airflow/dags/dag.py","lineno":3,"logger":"py.warnings"}
{"timestamp":"2025-12-24T10:55:13.375353Z","level":"warning","event":"The `airflow.operators.python.get_current_context` attribute is deprecated. Please use `'airflow.sdk.get_current_context'`.","category":"DeprecatedImportWarning","filename":"/opt/airflow/dags/dag.py","lineno":5,"logger":"py.warnings"}
{"timestamp":"2025-12-24T10:55:13.375380Z","level":"warning","event":"The `airflow.models.param.Param` attribute is deprecated. Please use `'airflow.sdk.Param'`.","category":"DeprecatedImportWarning","filename":"/opt/airflow/dags/dag.py","lineno":10,"logger":"py.warnings"}
{"timestamp":"2025-12-24T10:55:13.375402Z","level":"warning","event":"The `airflow.operators.python.get_current_context` attribute is deprecated. Please use `'airflow.sdk.get_current_context'`.","category":"DeprecatedImportWarning","filename":"/opt/airflow/dags/dag.py","lineno":18,"logger":"py.warnings"}
{"timestamp":"2025-12-24T10:55:43.743820Z","level":"info","event":"Filling up the DagBag from /opt/airflow/dags/dag.py","logger":"airflow.models.dagbag.DagBag","filename":"dagbag.py","lineno":593}
{"timestamp":"2025-12-24T10:55:43.785289Z","level":"warning","event":"The `airflow.decorators.dag` attribute is deprecated. Please use `'airflow.sdk.dag'`.","category":"DeprecatedImportWarning","filename":"/opt/airflow/dags/dag.py","lineno":1,"logger":"py.warnings"}
{"timestamp":"2025-12-24T10:55:43.785347Z","level":"warning","event":"The `airflow.decorators.task` attribute is deprecated. Please use `'airflow.sdk.task'`.","category":"DeprecatedImportWarning","filename":"/opt/airflow/dags/dag.py","lineno":2,"logger":"py.warnings"}
{"timestamp":"2025-12-24T10:55:43.785377Z","level":"warning","event":"The `airflow.operators.empty.EmptyOperator` attribute is deprecated. Please use `'airflow.providers.standard.operators.empty.EmptyOperator'`.","category":"DeprecatedImportWarning","filename":"/opt/airflow/dags/dag.py","lineno":3,"logger":"py.warnings"}
{"timestamp":"2025-12-24T10:55:43.785397Z","level":"warning","event":"The `airflow.operators.python.get_current_context` attribute is deprecated. Please use `'airflow.sdk.get_current_context'`.","category":"DeprecatedImportWarning","filename":"/opt/airflow/dags/dag.py","lineno":5,"logger":"py.warnings"}
{"timestamp":"2025-12-24T10:55:43.785424Z","level":"warning","event":"The `airflow.models.param.Param` attribute is deprecated. Please use `'airflow.sdk.Param'`.","category":"DeprecatedImportWarning","filename":"/opt/airflow/dags/dag.py","lineno":10,"logger":"py.warnings"}
{"timestamp":"2025-12-24T10:55:43.785443Z","level":"warning","event":"The `airflow.operators.python.get_current_context` attribute is deprecated. Please use `'airflow.sdk.get_current_context'`.","category":"DeprecatedImportWarning","filename":"/opt/airflow/dags/dag.py","lineno":18,"logger":"py.warnings"}
{"timestamp":"2025-12-24T10:56:14.148123Z","level":"info","event":"Filling up the DagBag from /opt/airflow/dags/dag.py","logger":"airflow.models.dagbag.DagBag","filename":"dagbag.py","lineno":593}
{"timestamp":"2025-12-24T10:56:14.180248Z","level":"warning","event":"The `airflow.decorators.dag` attribute is deprecated. Please use `'airflow.sdk.dag'`.","category":"DeprecatedImportWarning","filename":"/opt/airflow/dags/dag.py","lineno":1,"logger":"py.warnings"}
{"timestamp":"2025-12-24T10:56:14.180428Z","level":"warning","event":"The `airflow.decorators.task` attribute is deprecated. Please use `'airflow.sdk.task'`.","category":"DeprecatedImportWarning","filename":"/opt/airflow/dags/dag.py","lineno":2,"logger":"py.warnings"}
{"timestamp":"2025-12-24T10:56:14.180473Z","level":"warning","event":"The `airflow.operators.empty.EmptyOperator` attribute is deprecated. Please use `'airflow.providers.standard.operators.empty.EmptyOperator'`.","category":"DeprecatedImportWarning","filename":"/opt/airflow/dags/dag.py","lineno":3,"logger":"py.warnings"}
{"timestamp":"2025-12-24T10:56:14.180496Z","level":"warning","event":"The `airflow.operators.python.get_current_context` attribute is deprecated. Please use `'airflow.sdk.get_current_context'`.","category":"DeprecatedImportWarning","filename":"/opt/airflow/dags/dag.py","lineno":5,"logger":"py.warnings"}
{"timestamp":"2025-12-24T10:56:14.180520Z","level":"warning","event":"The `airflow.models.param.Param` attribute is deprecated. Please use `'airflow.sdk.Param'`.","category":"DeprecatedImportWarning","filename":"/opt/airflow/dags/dag.py","lineno":10,"logger":"py.warnings"}
{"timestamp":"2025-12-24T10:56:14.180540Z","level":"warning","event":"The `airflow.operators.python.get_current_context` attribute is deprecated. Please use `'airflow.sdk.get_current_context'`.","category":"DeprecatedImportWarning","filename":"/opt/airflow/dags/dag.py","lineno":18,"logger":"py.warnings"}
{"timestamp":"2025-12-24T10:56:44.580239Z","level":"info","event":"Filling up the DagBag from /opt/airflow/dags/dag.py","logger":"airflow.models.dagbag.DagBag","filename":"dagbag.py","lineno":593}
{"timestamp":"2025-12-24T10:56:44.627071Z","level":"warning","event":"The `airflow.decorators.dag` attribute is deprecated. Please use `'airflow.sdk.dag'`.","category":"DeprecatedImportWarning","filename":"/opt/airflow/dags/dag.py","lineno":1,"logger":"py.warnings"}
{"timestamp":"2025-12-24T10:56:44.627144Z","level":"warning","event":"The `airflow.decorators.task` attribute is deprecated. Please use `'airflow.sdk.task'`.","category":"DeprecatedImportWarning","filename":"/opt/airflow/dags/dag.py","lineno":2,"logger":"py.warnings"}
{"timestamp":"2025-12-24T10:56:44.627169Z","level":"warning","event":"The `airflow.operators.empty.EmptyOperator` attribute is deprecated. Please use `'airflow.providers.standard.operators.empty.EmptyOperator'`.","category":"DeprecatedImportWarning","filename":"/opt/airflow/dags/dag.py","lineno":3,"logger":"py.warnings"}
{"timestamp":"2025-12-24T10:56:44.627191Z","level":"warning","event":"The `airflow.operators.python.get_current_context` attribute is deprecated. Please use `'airflow.sdk.get_current_context'`.","category":"DeprecatedImportWarning","filename":"/opt/airflow/dags/dag.py","lineno":5,"logger":"py.warnings"}
{"timestamp":"2025-12-24T10:56:44.627219Z","level":"warning","event":"The `airflow.models.param.Param` attribute is deprecated. Please use `'airflow.sdk.Param'`.","category":"DeprecatedImportWarning","filename":"/opt/airflow/dags/dag.py","lineno":10,"logger":"py.warnings"}
{"timestamp":"2025-12-24T10:56:44.627239Z","level":"warning","event":"The `airflow.operators.python.get_current_context` attribute is deprecated. Please use `'airflow.sdk.get_current_context'`.","category":"DeprecatedImportWarning","filename":"/opt/airflow/dags/dag.py","lineno":18,"logger":"py.warnings"}
{"timestamp":"2025-12-24T10:57:15.011337Z","level":"info","event":"Filling up the DagBag from /opt/airflow/dags/dag.py","logger":"airflow.models.dagbag.DagBag","filename":"dagbag.py","lineno":593}
{"timestamp":"2025-12-24T10:57:15.047245Z","level":"warning","event":"The `airflow.decorators.dag` attribute is deprecated. Please use `'airflow.sdk.dag'`.","category":"DeprecatedImportWarning","filename":"/opt/airflow/dags/dag.py","lineno":1,"logger":"py.warnings"}
{"timestamp":"2025-12-24T10:57:15.047482Z","level":"warning","event":"The `airflow.decorators.task` attribute is deprecated. Please use `'airflow.sdk.task'`.","category":"DeprecatedImportWarning","filename":"/opt/airflow/dags/dag.py","lineno":2,"logger":"py.warnings"}
{"timestamp":"2025-12-24T10:57:15.047542Z","level":"warning","event":"The `airflow.operators.empty.EmptyOperator` attribute is deprecated. Please use `'airflow.providers.standard.operators.empty.EmptyOperator'`.","category":"DeprecatedImportWarning","filename":"/opt/airflow/dags/dag.py","lineno":3,"logger":"py.warnings"}
{"timestamp":"2025-12-24T10:57:15.047566Z","level":"warning","event":"The `airflow.operators.python.get_current_context` attribute is deprecated. Please use `'airflow.sdk.get_current_context'`.","category":"DeprecatedImportWarning","filename":"/opt/airflow/dags/dag.py","lineno":5,"logger":"py.warnings"}
{"timestamp":"2025-12-24T10:57:15.047593Z","level":"warning","event":"The `airflow.models.param.Param` attribute is deprecated. Please use `'airflow.sdk.Param'`.","category":"DeprecatedImportWarning","filename":"/opt/airflow/dags/dag.py","lineno":10,"logger":"py.warnings"}
{"timestamp":"2025-12-24T10:57:15.047614Z","level":"warning","event":"The `airflow.operators.python.get_current_context` attribute is deprecated. Please use `'airflow.sdk.get_current_context'`.","category":"DeprecatedImportWarning","filename":"/opt/airflow/dags/dag.py","lineno":18,"logger":"py.warnings"}
{"timestamp":"2025-12-24T10:57:45.490312Z","level":"info","event":"Filling up the DagBag from /opt/airflow/dags/dag.py","logger":"airflow.models.dagbag.DagBag","filename":"dagbag.py","lineno":593}
{"timestamp":"2025-12-24T10:57:45.538080Z","level":"warning","event":"The `airflow.decorators.dag` attribute is deprecated. Please use `'airflow.sdk.dag'`.","category":"DeprecatedImportWarning","filename":"/opt/airflow/dags/dag.py","lineno":1,"logger":"py.warnings"}
{"timestamp":"2025-12-24T10:57:45.538146Z","level":"warning","event":"The `airflow.decorators.task` attribute is deprecated. Please use `'airflow.sdk.task'`.","category":"DeprecatedImportWarning","filename":"/opt/airflow/dags/dag.py","lineno":2,"logger":"py.warnings"}
{"timestamp":"2025-12-24T10:57:45.538176Z","level":"warning","event":"The `airflow.operators.empty.EmptyOperator` attribute is deprecated. Please use `'airflow.providers.standard.operators.empty.EmptyOperator'`.","category":"DeprecatedImportWarning","filename":"/opt/airflow/dags/dag.py","lineno":3,"logger":"py.warnings"}
{"timestamp":"2025-12-24T10:57:45.538198Z","level":"warning","event":"The `airflow.operators.python.get_current_context` attribute is deprecated. Please use `'airflow.sdk.get_current_context'`.","category":"DeprecatedImportWarning","filename":"/opt/airflow/dags/dag.py","lineno":5,"logger":"py.warnings"}
{"timestamp":"2025-12-24T10:57:45.538218Z","level":"warning","event":"The `airflow.models.param.Param` attribute is deprecated. Please use `'airflow.sdk.Param'`.","category":"DeprecatedImportWarning","filename":"/opt/airflow/dags/dag.py","lineno":10,"logger":"py.warnings"}
{"timestamp":"2025-12-24T10:57:45.538236Z","level":"warning","event":"The `airflow.operators.python.get_current_context` attribute is deprecated. Please use `'airflow.sdk.get_current_context'`.","category":"DeprecatedImportWarning","filename":"/opt/airflow/dags/dag.py","lineno":18,"logger":"py.warnings"}
{"timestamp":"2025-12-24T10:58:16.047859Z","level":"info","event":"Filling up the DagBag from /opt/airflow/dags/dag.py","logger":"airflow.models.dagbag.DagBag","filename":"dagbag.py","lineno":593}
{"timestamp":"2025-12-24T10:58:16.096013Z","level":"warning","event":"The `airflow.decorators.dag` attribute is deprecated. Please use `'airflow.sdk.dag'`.","category":"DeprecatedImportWarning","filename":"/opt/airflow/dags/dag.py","lineno":1,"logger":"py.warnings"}
{"timestamp":"2025-12-24T10:58:16.096258Z","level":"warning","event":"The `airflow.decorators.task` attribute is deprecated. Please use `'airflow.sdk.task'`.","category":"DeprecatedImportWarning","filename":"/opt/airflow/dags/dag.py","lineno":2,"logger":"py.warnings"}
{"timestamp":"2025-12-24T10:58:16.096290Z","level":"warning","event":"The `airflow.operators.empty.EmptyOperator` attribute is deprecated. Please use `'airflow.providers.standard.operators.empty.EmptyOperator'`.","category":"DeprecatedImportWarning","filename":"/opt/airflow/dags/dag.py","lineno":3,"logger":"py.warnings"}
{"timestamp":"2025-12-24T10:58:16.096311Z","level":"warning","event":"The `airflow.operators.python.get_current_context` attribute is deprecated. Please use `'airflow.sdk.get_current_context'`.","category":"DeprecatedImportWarning","filename":"/opt/airflow/dags/dag.py","lineno":5,"logger":"py.warnings"}
{"timestamp":"2025-12-24T10:58:16.096342Z","level":"warning","event":"The `airflow.models.param.Param` attribute is deprecated. Please use `'airflow.sdk.Param'`.","category":"DeprecatedImportWarning","filename":"/opt/airflow/dags/dag.py","lineno":10,"logger":"py.warnings"}
{"timestamp":"2025-12-24T10:58:16.096360Z","level":"warning","event":"The `airflow.operators.python.get_current_context` attribute is deprecated. Please use `'airflow.sdk.get_current_context'`.","category":"DeprecatedImportWarning","filename":"/opt/airflow/dags/dag.py","lineno":18,"logger":"py.warnings"}
{"timestamp":"2025-12-24T10:58:46.508412Z","level":"info","event":"Filling up the DagBag from /opt/airflow/dags/dag.py","logger":"airflow.models.dagbag.DagBag","filename":"dagbag.py","lineno":593}
{"timestamp":"2025-12-24T10:58:46.542879Z","level":"warning","event":"The `airflow.decorators.dag` attribute is deprecated. Please use `'airflow.sdk.dag'`.","category":"DeprecatedImportWarning","filename":"/opt/airflow/dags/dag.py","lineno":1,"logger":"py.warnings"}
{"timestamp":"2025-12-24T10:58:46.542953Z","level":"warning","event":"The `airflow.decorators.task` attribute is deprecated. Please use `'airflow.sdk.task'`.","category":"DeprecatedImportWarning","filename":"/opt/airflow/dags/dag.py","lineno":2,"logger":"py.warnings"}
{"timestamp":"2025-12-24T10:58:46.542978Z","level":"warning","event":"The `airflow.operators.empty.EmptyOperator` attribute is deprecated. Please use `'airflow.providers.standard.operators.empty.EmptyOperator'`.","category":"DeprecatedImportWarning","filename":"/opt/airflow/dags/dag.py","lineno":3,"logger":"py.warnings"}
{"timestamp":"2025-12-24T10:58:46.542998Z","level":"warning","event":"The `airflow.operators.python.get_current_context` attribute is deprecated. Please use `'airflow.sdk.get_current_context'`.","category":"DeprecatedImportWarning","filename":"/opt/airflow/dags/dag.py","lineno":5,"logger":"py.warnings"}
{"timestamp":"2025-12-24T10:58:46.543017Z","level":"warning","event":"The `airflow.models.param.Param` attribute is deprecated. Please use `'airflow.sdk.Param'`.","category":"DeprecatedImportWarning","filename":"/opt/airflow/dags/dag.py","lineno":10,"logger":"py.warnings"}
{"timestamp":"2025-12-24T10:58:46.543034Z","level":"warning","event":"The `airflow.operators.python.get_current_context` attribute is deprecated. Please use `'airflow.sdk.get_current_context'`.","category":"DeprecatedImportWarning","filename":"/opt/airflow/dags/dag.py","lineno":18,"logger":"py.warnings"}
{"timestamp":"2025-12-24T10:59:16.968690Z","level":"info","event":"Filling up the DagBag from /opt/airflow/dags/dag.py","logger":"airflow.models.dagbag.DagBag","filename":"dagbag.py","lineno":593}
{"timestamp":"2025-12-24T10:59:17.037330Z","level":"warning","event":"The `airflow.decorators.dag` attribute is deprecated. Please use `'airflow.sdk.dag'`.","category":"DeprecatedImportWarning","filename":"/opt/airflow/dags/dag.py","lineno":1,"logger":"py.warnings"}
{"timestamp":"2025-12-24T10:59:17.037641Z","level":"warning","event":"The `airflow.decorators.task` attribute is deprecated. Please use `'airflow.sdk.task'`.","category":"DeprecatedImportWarning","filename":"/opt/airflow/dags/dag.py","lineno":2,"logger":"py.warnings"}
{"timestamp":"2025-12-24T10:59:17.037697Z","level":"warning","event":"The `airflow.operators.empty.EmptyOperator` attribute is deprecated. Please use `'airflow.providers.standard.operators.empty.EmptyOperator'`.","category":"DeprecatedImportWarning","filename":"/opt/airflow/dags/dag.py","lineno":3,"logger":"py.warnings"}
{"timestamp":"2025-12-24T10:59:17.037721Z","level":"warning","event":"The `airflow.operators.python.get_current_context` attribute is deprecated. Please use `'airflow.sdk.get_current_context'`.","category":"DeprecatedImportWarning","filename":"/opt/airflow/dags/dag.py","lineno":5,"logger":"py.warnings"}
{"timestamp":"2025-12-24T10:59:17.037761Z","level":"warning","event":"The `airflow.models.param.Param` attribute is deprecated. Please use `'airflow.sdk.Param'`.","category":"DeprecatedImportWarning","filename":"/opt/airflow/dags/dag.py","lineno":10,"logger":"py.warnings"}
{"timestamp":"2025-12-24T10:59:17.037783Z","level":"warning","event":"The `airflow.operators.python.get_current_context` attribute is deprecated. Please use `'airflow.sdk.get_current_context'`.","category":"DeprecatedImportWarning","filename":"/opt/airflow/dags/dag.py","lineno":18,"logger":"py.warnings"}
{"timestamp":"2025-12-24T10:59:47.471383Z","level":"info","event":"Filling up the DagBag from /opt/airflow/dags/dag.py","logger":"airflow.models.dagbag.DagBag","filename":"dagbag.py","lineno":593}
{"timestamp":"2025-12-24T10:59:47.517426Z","level":"warning","event":"The `airflow.decorators.dag` attribute is deprecated. Please use `'airflow.sdk.dag'`.","category":"DeprecatedImportWarning","filename":"/opt/airflow/dags/dag.py","lineno":1,"logger":"py.warnings"}
{"timestamp":"2025-12-24T10:59:47.517630Z","level":"warning","event":"The `airflow.decorators.task` attribute is deprecated. Please use `'airflow.sdk.task'`.","category":"DeprecatedImportWarning","filename":"/opt/airflow/dags/dag.py","lineno":2,"logger":"py.warnings"}
{"timestamp":"2025-12-24T10:59:47.517668Z","level":"warning","event":"The `airflow.operators.empty.EmptyOperator` attribute is deprecated. Please use `'airflow.providers.standard.operators.empty.EmptyOperator'`.","category":"DeprecatedImportWarning","filename":"/opt/airflow/dags/dag.py","lineno":3,"logger":"py.warnings"}
{"timestamp":"2025-12-24T10:59:47.517687Z","level":"warning","event":"The `airflow.operators.python.get_current_context` attribute is deprecated. Please use `'airflow.sdk.get_current_context'`.","category":"DeprecatedImportWarning","filename":"/opt/airflow/dags/dag.py","lineno":5,"logger":"py.warnings"}
{"timestamp":"2025-12-24T10:59:47.517722Z","level":"warning","event":"The `airflow.models.param.Param` attribute is deprecated. Please use `'airflow.sdk.Param'`.","category":"DeprecatedImportWarning","filename":"/opt/airflow/dags/dag.py","lineno":10,"logger":"py.warnings"}
{"timestamp":"2025-12-24T10:59:47.517741Z","level":"warning","event":"The `airflow.operators.python.get_current_context` attribute is deprecated. Please use `'airflow.sdk.get_current_context'`.","category":"DeprecatedImportWarning","filename":"/opt/airflow/dags/dag.py","lineno":18,"logger":"py.warnings"}
{"timestamp":"2025-12-24T11:00:17.891366Z","level":"info","event":"Filling up the DagBag from /opt/airflow/dags/dag.py","logger":"airflow.models.dagbag.DagBag","filename":"dagbag.py","lineno":593}
{"timestamp":"2025-12-24T11:00:17.920579Z","level":"warning","event":"The `airflow.decorators.dag` attribute is deprecated. Please use `'airflow.sdk.dag'`.","category":"DeprecatedImportWarning","filename":"/opt/airflow/dags/dag.py","lineno":1,"logger":"py.warnings"}
{"timestamp":"2025-12-24T11:00:17.920638Z","level":"warning","event":"The `airflow.decorators.task` attribute is deprecated. Please use `'airflow.sdk.task'`.","category":"DeprecatedImportWarning","filename":"/opt/airflow/dags/dag.py","lineno":2,"logger":"py.warnings"}
{"timestamp":"2025-12-24T11:00:17.920664Z","level":"warning","event":"The `airflow.operators.empty.EmptyOperator` attribute is deprecated. Please use `'airflow.providers.standard.operators.empty.EmptyOperator'`.","category":"DeprecatedImportWarning","filename":"/opt/airflow/dags/dag.py","lineno":3,"logger":"py.warnings"}
{"timestamp":"2025-12-24T11:00:17.920686Z","level":"warning","event":"The `airflow.operators.python.get_current_context` attribute is deprecated. Please use `'airflow.sdk.get_current_context'`.","category":"DeprecatedImportWarning","filename":"/opt/airflow/dags/dag.py","lineno":5,"logger":"py.warnings"}
{"timestamp":"2025-12-24T11:00:17.920710Z","level":"warning","event":"The `airflow.models.param.Param` attribute is deprecated. Please use `'airflow.sdk.Param'`.","category":"DeprecatedImportWarning","filename":"/opt/airflow/dags/dag.py","lineno":10,"logger":"py.warnings"}
{"timestamp":"2025-12-24T11:00:17.920729Z","level":"warning","event":"The `airflow.operators.python.get_current_context` attribute is deprecated. Please use `'airflow.sdk.get_current_context'`.","category":"DeprecatedImportWarning","filename":"/opt/airflow/dags/dag.py","lineno":18,"logger":"py.warnings"}
{"timestamp":"2025-12-24T11:00:48.319909Z","level":"info","event":"Filling up the DagBag from /opt/airflow/dags/dag.py","logger":"airflow.models.dagbag.DagBag","filename":"dagbag.py","lineno":593}
{"timestamp":"2025-12-24T11:00:48.375585Z","level":"warning","event":"The `airflow.decorators.dag` attribute is deprecated. Please use `'airflow.sdk.dag'`.","category":"DeprecatedImportWarning","filename":"/opt/airflow/dags/dag.py","lineno":1,"logger":"py.warnings"}
{"timestamp":"2025-12-24T11:00:48.375654Z","level":"warning","event":"The `airflow.decorators.task` attribute is deprecated. Please use `'airflow.sdk.task'`.","category":"DeprecatedImportWarning","filename":"/opt/airflow/dags/dag.py","lineno":2,"logger":"py.warnings"}
{"timestamp":"2025-12-24T11:00:48.375676Z","level":"warning","event":"The `airflow.operators.empty.EmptyOperator` attribute is deprecated. Please use `'airflow.providers.standard.operators.empty.EmptyOperator'`.","category":"DeprecatedImportWarning","filename":"/opt/airflow/dags/dag.py","lineno":3,"logger":"py.warnings"}
{"timestamp":"2025-12-24T11:00:48.375695Z","level":"warning","event":"The `airflow.operators.python.get_current_context` attribute is deprecated. Please use `'airflow.sdk.get_current_context'`.","category":"DeprecatedImportWarning","filename":"/opt/airflow/dags/dag.py","lineno":5,"logger":"py.warnings"}
{"timestamp":"2025-12-24T11:00:48.375730Z","level":"warning","event":"The `airflow.models.param.Param` attribute is deprecated. Please use `'airflow.sdk.Param'`.","category":"DeprecatedImportWarning","filename":"/opt/airflow/dags/dag.py","lineno":10,"logger":"py.warnings"}
{"timestamp":"2025-12-24T11:00:48.375749Z","level":"warning","event":"The `airflow.operators.python.get_current_context` attribute is deprecated. Please use `'airflow.sdk.get_current_context'`.","category":"DeprecatedImportWarning","filename":"/opt/airflow/dags/dag.py","lineno":18,"logger":"py.warnings"}
{"timestamp":"2025-12-24T11:01:18.764397Z","level":"info","event":"Filling up the DagBag from /opt/airflow/dags/dag.py","logger":"airflow.models.dagbag.DagBag","filename":"dagbag.py","lineno":593}
{"timestamp":"2025-12-24T11:01:18.792432Z","level":"warning","event":"The `airflow.decorators.dag` attribute is deprecated. Please use `'airflow.sdk.dag'`.","category":"DeprecatedImportWarning","filename":"/opt/airflow/dags/dag.py","lineno":1,"logger":"py.warnings"}
{"timestamp":"2025-12-24T11:01:18.792495Z","level":"warning","event":"The `airflow.decorators.task` attribute is deprecated. Please use `'airflow.sdk.task'`.","category":"DeprecatedImportWarning","filename":"/opt/airflow/dags/dag.py","lineno":2,"logger":"py.warnings"}
{"timestamp":"2025-12-24T11:01:18.792523Z","level":"warning","event":"The `airflow.operators.empty.EmptyOperator` attribute is deprecated. Please use `'airflow.providers.standard.operators.empty.EmptyOperator'`.","category":"DeprecatedImportWarning","filename":"/opt/airflow/dags/dag.py","lineno":3,"logger":"py.warnings"}
{"timestamp":"2025-12-24T11:01:18.792546Z","level":"warning","event":"The `airflow.operators.python.get_current_context` attribute is deprecated. Please use `'airflow.sdk.get_current_context'`.","category":"DeprecatedImportWarning","filename":"/opt/airflow/dags/dag.py","lineno":5,"logger":"py.warnings"}
{"timestamp":"2025-12-24T11:01:18.792571Z","level":"warning","event":"The `airflow.models.param.Param` attribute is deprecated. Please use `'airflow.sdk.Param'`.","category":"DeprecatedImportWarning","filename":"/opt/airflow/dags/dag.py","lineno":10,"logger":"py.warnings"}
{"timestamp":"2025-12-24T11:01:18.792591Z","level":"warning","event":"The `airflow.operators.python.get_current_context` attribute is deprecated. Please use `'airflow.sdk.get_current_context'`.","category":"DeprecatedImportWarning","filename":"/opt/airflow/dags/dag.py","lineno":18,"logger":"py.warnings"}
{"timestamp":"2025-12-24T11:01:49.272956Z","level":"info","event":"Filling up the DagBag from /opt/airflow/dags/dag.py","logger":"airflow.models.dagbag.DagBag","filename":"dagbag.py","lineno":593}
{"timestamp":"2025-12-24T11:01:49.586302Z","level":"warning","event":"The `airflow.decorators.dag` attribute is deprecated. Please use `'airflow.sdk.dag'`.","category":"DeprecatedImportWarning","filename":"/opt/airflow/dags/dag.py","lineno":1,"logger":"py.warnings"}
{"timestamp":"2025-12-24T11:01:49.586393Z","level":"warning","event":"The `airflow.decorators.task` attribute is deprecated. Please use `'airflow.sdk.task'`.","category":"DeprecatedImportWarning","filename":"/opt/airflow/dags/dag.py","lineno":2,"logger":"py.warnings"}
{"timestamp":"2025-12-24T11:01:49.586419Z","level":"warning","event":"The `airflow.operators.empty.EmptyOperator` attribute is deprecated. Please use `'airflow.providers.standard.operators.empty.EmptyOperator'`.","category":"DeprecatedImportWarning","filename":"/opt/airflow/dags/dag.py","lineno":3,"logger":"py.warnings"}
{"timestamp":"2025-12-24T11:01:49.586440Z","level":"warning","event":"The `airflow.operators.python.get_current_context` attribute is deprecated. Please use `'airflow.sdk.get_current_context'`.","category":"DeprecatedImportWarning","filename":"/opt/airflow/dags/dag.py","lineno":5,"logger":"py.warnings"}
{"timestamp":"2025-12-24T11:01:49.586472Z","level":"warning","event":"The `airflow.models.param.Param` attribute is deprecated. Please use `'airflow.sdk.Param'`.","category":"DeprecatedImportWarning","filename":"/opt/airflow/dags/dag.py","lineno":10,"logger":"py.warnings"}
{"timestamp":"2025-12-24T11:01:49.586493Z","level":"warning","event":"The `airflow.operators.python.get_current_context` attribute is deprecated. Please use `'airflow.sdk.get_current_context'`.","category":"DeprecatedImportWarning","filename":"/opt/airflow/dags/dag.py","lineno":18,"logger":"py.warnings"}
{"timestamp":"2025-12-24T11:02:20.061578Z","level":"info","event":"Filling up the DagBag from /opt/airflow/dags/dag.py","logger":"airflow.models.dagbag.DagBag","filename":"dagbag.py","lineno":593}
{"timestamp":"2025-12-24T11:02:20.122441Z","level":"warning","event":"The `airflow.decorators.dag` attribute is deprecated. Please use `'airflow.sdk.dag'`.","category":"DeprecatedImportWarning","filename":"/opt/airflow/dags/dag.py","lineno":1,"logger":"py.warnings"}
{"timestamp":"2025-12-24T11:02:20.122713Z","level":"warning","event":"The `airflow.decorators.task` attribute is deprecated. Please use `'airflow.sdk.task'`.","category":"DeprecatedImportWarning","filename":"/opt/airflow/dags/dag.py","lineno":2,"logger":"py.warnings"}
{"timestamp":"2025-12-24T11:02:20.122742Z","level":"warning","event":"The `airflow.operators.empty.EmptyOperator` attribute is deprecated. Please use `'airflow.providers.standard.operators.empty.EmptyOperator'`.","category":"DeprecatedImportWarning","filename":"/opt/airflow/dags/dag.py","lineno":3,"logger":"py.warnings"}
{"timestamp":"2025-12-24T11:02:20.122794Z","level":"warning","event":"The `airflow.operators.python.get_current_context` attribute is deprecated. Please use `'airflow.sdk.get_current_context'`.","category":"DeprecatedImportWarning","filename":"/opt/airflow/dags/dag.py","lineno":5,"logger":"py.warnings"}
{"timestamp":"2025-12-24T11:02:20.122824Z","level":"warning","event":"The `airflow.models.param.Param` attribute is deprecated. Please use `'airflow.sdk.Param'`.","category":"DeprecatedImportWarning","filename":"/opt/airflow/dags/dag.py","lineno":10,"logger":"py.warnings"}
{"timestamp":"2025-12-24T11:02:20.122842Z","level":"warning","event":"The `airflow.operators.python.get_current_context` attribute is deprecated. Please use `'airflow.sdk.get_current_context'`.","category":"DeprecatedImportWarning","filename":"/opt/airflow/dags/dag.py","lineno":18,"logger":"py.warnings"}
{"timestamp":"2025-12-24T11:02:50.579525Z","level":"info","event":"Filling up the DagBag from /opt/airflow/dags/dag.py","logger":"airflow.models.dagbag.DagBag","filename":"dagbag.py","lineno":593}
{"timestamp":"2025-12-24T11:02:50.642165Z","level":"warning","event":"The `airflow.decorators.dag` attribute is deprecated. Please use `'airflow.sdk.dag'`.","category":"DeprecatedImportWarning","filename":"/opt/airflow/dags/dag.py","lineno":1,"logger":"py.warnings"}
{"timestamp":"2025-12-24T11:02:50.642274Z","level":"warning","event":"The `airflow.decorators.task` attribute is deprecated. Please use `'airflow.sdk.task'`.","category":"DeprecatedImportWarning","filename":"/opt/airflow/dags/dag.py","lineno":2,"logger":"py.warnings"}
{"timestamp":"2025-12-24T11:02:50.642303Z","level":"warning","event":"The `airflow.operators.empty.EmptyOperator` attribute is deprecated. Please use `'airflow.providers.standard.operators.empty.EmptyOperator'`.","category":"DeprecatedImportWarning","filename":"/opt/airflow/dags/dag.py","lineno":3,"logger":"py.warnings"}
{"timestamp":"2025-12-24T11:02:50.642324Z","level":"warning","event":"The `airflow.operators.python.get_current_context` attribute is deprecated. Please use `'airflow.sdk.get_current_context'`.","category":"DeprecatedImportWarning","filename":"/opt/airflow/dags/dag.py","lineno":5,"logger":"py.warnings"}
{"timestamp":"2025-12-24T11:02:50.642356Z","level":"warning","event":"The `airflow.models.param.Param` attribute is deprecated. Please use `'airflow.sdk.Param'`.","category":"DeprecatedImportWarning","filename":"/opt/airflow/dags/dag.py","lineno":10,"logger":"py.warnings"}
{"timestamp":"2025-12-24T11:02:50.642386Z","level":"warning","event":"The `airflow.operators.python.get_current_context` attribute is deprecated. Please use `'airflow.sdk.get_current_context'`.","category":"DeprecatedImportWarning","filename":"/opt/airflow/dags/dag.py","lineno":18,"logger":"py.warnings"}
{"timestamp":"2025-12-24T11:03:21.362957Z","level":"info","event":"Filling up the DagBag from /opt/airflow/dags/dag.py","logger":"airflow.models.dagbag.DagBag","filename":"dagbag.py","lineno":593}
{"timestamp":"2025-12-24T11:03:21.426241Z","level":"warning","event":"The `airflow.decorators.dag` attribute is deprecated. Please use `'airflow.sdk.dag'`.","category":"DeprecatedImportWarning","filename":"/opt/airflow/dags/dag.py","lineno":1,"logger":"py.warnings"}
{"timestamp":"2025-12-24T11:03:21.426936Z","level":"warning","event":"The `airflow.decorators.task` attribute is deprecated. Please use `'airflow.sdk.task'`.","category":"DeprecatedImportWarning","filename":"/opt/airflow/dags/dag.py","lineno":2,"logger":"py.warnings"}
{"timestamp":"2025-12-24T11:03:21.426974Z","level":"warning","event":"The `airflow.operators.empty.EmptyOperator` attribute is deprecated. Please use `'airflow.providers.standard.operators.empty.EmptyOperator'`.","category":"DeprecatedImportWarning","filename":"/opt/airflow/dags/dag.py","lineno":3,"logger":"py.warnings"}
{"timestamp":"2025-12-24T11:03:21.426998Z","level":"warning","event":"The `airflow.operators.python.get_current_context` attribute is deprecated. Please use `'airflow.sdk.get_current_context'`.","category":"DeprecatedImportWarning","filename":"/opt/airflow/dags/dag.py","lineno":5,"logger":"py.warnings"}
{"timestamp":"2025-12-24T11:03:21.427741Z","level":"warning","event":"The `airflow.models.param.Param` attribute is deprecated. Please use `'airflow.sdk.Param'`.","category":"DeprecatedImportWarning","filename":"/opt/airflow/dags/dag.py","lineno":10,"logger":"py.warnings"}
{"timestamp":"2025-12-24T11:03:21.427793Z","level":"warning","event":"The `airflow.operators.python.get_current_context` attribute is deprecated. Please use `'airflow.sdk.get_current_context'`.","category":"DeprecatedImportWarning","filename":"/opt/airflow/dags/dag.py","lineno":18,"logger":"py.warnings"}
{"timestamp":"2025-12-24T11:03:51.884978Z","level":"info","event":"Filling up the DagBag from /opt/airflow/dags/dag.py","logger":"airflow.models.dagbag.DagBag","filename":"dagbag.py","lineno":593}
{"timestamp":"2025-12-24T11:03:51.950814Z","level":"warning","event":"The `airflow.decorators.dag` attribute is deprecated. Please use `'airflow.sdk.dag'`.","category":"DeprecatedImportWarning","filename":"/opt/airflow/dags/dag.py","lineno":1,"logger":"py.warnings"}
{"timestamp":"2025-12-24T11:03:51.950924Z","level":"warning","event":"The `airflow.decorators.task` attribute is deprecated. Please use `'airflow.sdk.task'`.","category":"DeprecatedImportWarning","filename":"/opt/airflow/dags/dag.py","lineno":2,"logger":"py.warnings"}
{"timestamp":"2025-12-24T11:03:51.950960Z","level":"warning","event":"The `airflow.operators.empty.EmptyOperator` attribute is deprecated. Please use `'airflow.providers.standard.operators.empty.EmptyOperator'`.","category":"DeprecatedImportWarning","filename":"/opt/airflow/dags/dag.py","lineno":3,"logger":"py.warnings"}
{"timestamp":"2025-12-24T11:03:51.950987Z","level":"warning","event":"The `airflow.operators.python.get_current_context` attribute is deprecated. Please use `'airflow.sdk.get_current_context'`.","category":"DeprecatedImportWarning","filename":"/opt/airflow/dags/dag.py","lineno":5,"logger":"py.warnings"}
{"timestamp":"2025-12-24T11:03:51.951018Z","level":"warning","event":"The `airflow.models.param.Param` attribute is deprecated. Please use `'airflow.sdk.Param'`.","category":"DeprecatedImportWarning","filename":"/opt/airflow/dags/dag.py","lineno":10,"logger":"py.warnings"}
{"timestamp":"2025-12-24T11:03:51.951037Z","level":"warning","event":"The `airflow.operators.python.get_current_context` attribute is deprecated. Please use `'airflow.sdk.get_current_context'`.","category":"DeprecatedImportWarning","filename":"/opt/airflow/dags/dag.py","lineno":18,"logger":"py.warnings"}
{"timestamp":"2025-12-24T11:04:22.359661Z","level":"info","event":"Filling up the DagBag from /opt/airflow/dags/dag.py","logger":"airflow.models.dagbag.DagBag","filename":"dagbag.py","lineno":593}
{"timestamp":"2025-12-24T11:04:22.571310Z","level":"warning","event":"The `airflow.decorators.dag` attribute is deprecated. Please use `'airflow.sdk.dag'`.","category":"DeprecatedImportWarning","filename":"/opt/airflow/dags/dag.py","lineno":1,"logger":"py.warnings"}
{"timestamp":"2025-12-24T11:04:22.571567Z","level":"warning","event":"The `airflow.decorators.task` attribute is deprecated. Please use `'airflow.sdk.task'`.","category":"DeprecatedImportWarning","filename":"/opt/airflow/dags/dag.py","lineno":2,"logger":"py.warnings"}
{"timestamp":"2025-12-24T11:04:22.571606Z","level":"warning","event":"The `airflow.operators.empty.EmptyOperator` attribute is deprecated. Please use `'airflow.providers.standard.operators.empty.EmptyOperator'`.","category":"DeprecatedImportWarning","filename":"/opt/airflow/dags/dag.py","lineno":3,"logger":"py.warnings"}
{"timestamp":"2025-12-24T11:04:22.571628Z","level":"warning","event":"The `airflow.operators.python.get_current_context` attribute is deprecated. Please use `'airflow.sdk.get_current_context'`.","category":"DeprecatedImportWarning","filename":"/opt/airflow/dags/dag.py","lineno":5,"logger":"py.warnings"}
{"timestamp":"2025-12-24T11:04:22.571645Z","level":"warning","event":"The `airflow.models.param.Param` attribute is deprecated. Please use `'airflow.sdk.Param'`.","category":"DeprecatedImportWarning","filename":"/opt/airflow/dags/dag.py","lineno":10,"logger":"py.warnings"}
{"timestamp":"2025-12-24T11:04:22.571662Z","level":"warning","event":"The `airflow.operators.python.get_current_context` attribute is deprecated. Please use `'airflow.sdk.get_current_context'`.","category":"DeprecatedImportWarning","filename":"/opt/airflow/dags/dag.py","lineno":18,"logger":"py.warnings"}
{"timestamp":"2025-12-24T11:04:53.020108Z","level":"info","event":"Filling up the DagBag from /opt/airflow/dags/dag.py","logger":"airflow.models.dagbag.DagBag","filename":"dagbag.py","lineno":593}
{"timestamp":"2025-12-24T11:04:53.061231Z","level":"warning","event":"The `airflow.decorators.dag` attribute is deprecated. Please use `'airflow.sdk.dag'`.","category":"DeprecatedImportWarning","filename":"/opt/airflow/dags/dag.py","lineno":1,"logger":"py.warnings"}
{"timestamp":"2025-12-24T11:04:53.061310Z","level":"warning","event":"The `airflow.decorators.task` attribute is deprecated. Please use `'airflow.sdk.task'`.","category":"DeprecatedImportWarning","filename":"/opt/airflow/dags/dag.py","lineno":2,"logger":"py.warnings"}
{"timestamp":"2025-12-24T11:04:53.061334Z","level":"warning","event":"The `airflow.operators.empty.EmptyOperator` attribute is deprecated. Please use `'airflow.providers.standard.operators.empty.EmptyOperator'`.","category":"DeprecatedImportWarning","filename":"/opt/airflow/dags/dag.py","lineno":3,"logger":"py.warnings"}
{"timestamp":"2025-12-24T11:04:53.061354Z","level":"warning","event":"The `airflow.operators.python.get_current_context` attribute is deprecated. Please use `'airflow.sdk.get_current_context'`.","category":"DeprecatedImportWarning","filename":"/opt/airflow/dags/dag.py","lineno":5,"logger":"py.warnings"}
{"timestamp":"2025-12-24T11:04:53.061385Z","level":"warning","event":"The `airflow.models.param.Param` attribute is deprecated. Please use `'airflow.sdk.Param'`.","category":"DeprecatedImportWarning","filename":"/opt/airflow/dags/dag.py","lineno":10,"logger":"py.warnings"}
{"timestamp":"2025-12-24T11:04:53.061405Z","level":"warning","event":"The `airflow.operators.python.get_current_context` attribute is deprecated. Please use `'airflow.sdk.get_current_context'`.","category":"DeprecatedImportWarning","filename":"/opt/airflow/dags/dag.py","lineno":18,"logger":"py.warnings"}
{"timestamp":"2025-12-24T11:05:23.523919Z","level":"info","event":"Filling up the DagBag from /opt/airflow/dags/dag.py","logger":"airflow.models.dagbag.DagBag","filename":"dagbag.py","lineno":593}
{"timestamp":"2025-12-24T11:05:23.694852Z","level":"warning","event":"The `airflow.decorators.dag` attribute is deprecated. Please use `'airflow.sdk.dag'`.","category":"DeprecatedImportWarning","filename":"/opt/airflow/dags/dag.py","lineno":1,"logger":"py.warnings"}
{"timestamp":"2025-12-24T11:05:23.694936Z","level":"warning","event":"The `airflow.decorators.task` attribute is deprecated. Please use `'airflow.sdk.task'`.","category":"DeprecatedImportWarning","filename":"/opt/airflow/dags/dag.py","lineno":2,"logger":"py.warnings"}
{"timestamp":"2025-12-24T11:05:23.694957Z","level":"warning","event":"The `airflow.operators.empty.EmptyOperator` attribute is deprecated. Please use `'airflow.providers.standard.operators.empty.EmptyOperator'`.","category":"DeprecatedImportWarning","filename":"/opt/airflow/dags/dag.py","lineno":3,"logger":"py.warnings"}
{"timestamp":"2025-12-24T11:05:23.694975Z","level":"warning","event":"The `airflow.operators.python.get_current_context` attribute is deprecated. Please use `'airflow.sdk.get_current_context'`.","category":"DeprecatedImportWarning","filename":"/opt/airflow/dags/dag.py","lineno":5,"logger":"py.warnings"}
{"timestamp":"2025-12-24T11:05:23.694993Z","level":"warning","event":"The `airflow.models.param.Param` attribute is deprecated. Please use `'airflow.sdk.Param'`.","category":"DeprecatedImportWarning","filename":"/opt/airflow/dags/dag.py","lineno":10,"logger":"py.warnings"}
{"timestamp":"2025-12-24T11:05:23.695010Z","level":"warning","event":"The `airflow.operators.python.get_current_context` attribute is deprecated. Please use `'airflow.sdk.get_current_context'`.","category":"DeprecatedImportWarning","filename":"/opt/airflow/dags/dag.py","lineno":18,"logger":"py.warnings"}
{"timestamp":"2025-12-24T11:05:54.266487Z","level":"info","event":"Filling up the DagBag from /opt/airflow/dags/dag.py","logger":"airflow.models.dagbag.DagBag","filename":"dagbag.py","lineno":593}
{"timestamp":"2025-12-24T11:05:54.326832Z","level":"warning","event":"The `airflow.decorators.dag` attribute is deprecated. Please use `'airflow.sdk.dag'`.","category":"DeprecatedImportWarning","filename":"/opt/airflow/dags/dag.py","lineno":1,"logger":"py.warnings"}
{"timestamp":"2025-12-24T11:05:54.327044Z","level":"warning","event":"The `airflow.decorators.task` attribute is deprecated. Please use `'airflow.sdk.task'`.","category":"DeprecatedImportWarning","filename":"/opt/airflow/dags/dag.py","lineno":2,"logger":"py.warnings"}
{"timestamp":"2025-12-24T11:05:54.327092Z","level":"warning","event":"The `airflow.operators.empty.EmptyOperator` attribute is deprecated. Please use `'airflow.providers.standard.operators.empty.EmptyOperator'`.","category":"DeprecatedImportWarning","filename":"/opt/airflow/dags/dag.py","lineno":3,"logger":"py.warnings"}
{"timestamp":"2025-12-24T11:05:54.327120Z","level":"warning","event":"The `airflow.operators.python.get_current_context` attribute is deprecated. Please use `'airflow.sdk.get_current_context'`.","category":"DeprecatedImportWarning","filename":"/opt/airflow/dags/dag.py","lineno":5,"logger":"py.warnings"}
{"timestamp":"2025-12-24T11:05:54.327148Z","level":"warning","event":"The `airflow.models.param.Param` attribute is deprecated. Please use `'airflow.sdk.Param'`.","category":"DeprecatedImportWarning","filename":"/opt/airflow/dags/dag.py","lineno":10,"logger":"py.warnings"}
{"timestamp":"2025-12-24T11:05:54.327168Z","level":"warning","event":"The `airflow.operators.python.get_current_context` attribute is deprecated. Please use `'airflow.sdk.get_current_context'`.","category":"DeprecatedImportWarning","filename":"/opt/airflow/dags/dag.py","lineno":18,"logger":"py.warnings"}
{"timestamp":"2025-12-24T11:06:24.813559Z","level":"info","event":"Filling up the DagBag from /opt/airflow/dags/dag.py","logger":"airflow.models.dagbag.DagBag","filename":"dagbag.py","lineno":593}
{"timestamp":"2025-12-24T11:06:24.869127Z","level":"warning","event":"The `airflow.decorators.dag` attribute is deprecated. Please use `'airflow.sdk.dag'`.","category":"DeprecatedImportWarning","filename":"/opt/airflow/dags/dag.py","lineno":1,"logger":"py.warnings"}
{"timestamp":"2025-12-24T11:06:24.869552Z","level":"warning","event":"The `airflow.decorators.task` attribute is deprecated. Please use `'airflow.sdk.task'`.","category":"DeprecatedImportWarning","filename":"/opt/airflow/dags/dag.py","lineno":2,"logger":"py.warnings"}
{"timestamp":"2025-12-24T11:06:24.870232Z","level":"warning","event":"The `airflow.operators.empty.EmptyOperator` attribute is deprecated. Please use `'airflow.providers.standard.operators.empty.EmptyOperator'`.","category":"DeprecatedImportWarning","filename":"/opt/airflow/dags/dag.py","lineno":3,"logger":"py.warnings"}
{"timestamp":"2025-12-24T11:06:24.870259Z","level":"warning","event":"The `airflow.operators.python.get_current_context` attribute is deprecated. Please use `'airflow.sdk.get_current_context'`.","category":"DeprecatedImportWarning","filename":"/opt/airflow/dags/dag.py","lineno":5,"logger":"py.warnings"}
{"timestamp":"2025-12-24T11:06:24.870282Z","level":"warning","event":"The `airflow.models.param.Param` attribute is deprecated. Please use `'airflow.sdk.Param'`.","category":"DeprecatedImportWarning","filename":"/opt/airflow/dags/dag.py","lineno":10,"logger":"py.warnings"}
{"timestamp":"2025-12-24T11:06:24.870302Z","level":"warning","event":"The `airflow.operators.python.get_current_context` attribute is deprecated. Please use `'airflow.sdk.get_current_context'`.","category":"DeprecatedImportWarning","filename":"/opt/airflow/dags/dag.py","lineno":18,"logger":"py.warnings"}
{"timestamp":"2025-12-24T11:06:55.289307Z","level":"info","event":"Filling up the DagBag from /opt/airflow/dags/dag.py","logger":"airflow.models.dagbag.DagBag","filename":"dagbag.py","lineno":593}
{"timestamp":"2025-12-24T11:06:55.335715Z","level":"warning","event":"The `airflow.decorators.dag` attribute is deprecated. Please use `'airflow.sdk.dag'`.","category":"DeprecatedImportWarning","filename":"/opt/airflow/dags/dag.py","lineno":1,"logger":"py.warnings"}
{"timestamp":"2025-12-24T11:06:55.335795Z","level":"warning","event":"The `airflow.decorators.task` attribute is deprecated. Please use `'airflow.sdk.task'`.","category":"DeprecatedImportWarning","filename":"/opt/airflow/dags/dag.py","lineno":2,"logger":"py.warnings"}
{"timestamp":"2025-12-24T11:06:55.335819Z","level":"warning","event":"The `airflow.operators.empty.EmptyOperator` attribute is deprecated. Please use `'airflow.providers.standard.operators.empty.EmptyOperator'`.","category":"DeprecatedImportWarning","filename":"/opt/airflow/dags/dag.py","lineno":3,"logger":"py.warnings"}
{"timestamp":"2025-12-24T11:06:55.335839Z","level":"warning","event":"The `airflow.operators.python.get_current_context` attribute is deprecated. Please use `'airflow.sdk.get_current_context'`.","category":"DeprecatedImportWarning","filename":"/opt/airflow/dags/dag.py","lineno":5,"logger":"py.warnings"}
{"timestamp":"2025-12-24T11:06:55.335859Z","level":"warning","event":"The `airflow.models.param.Param` attribute is deprecated. Please use `'airflow.sdk.Param'`.","category":"DeprecatedImportWarning","filename":"/opt/airflow/dags/dag.py","lineno":10,"logger":"py.warnings"}
{"timestamp":"2025-12-24T11:06:55.335877Z","level":"warning","event":"The `airflow.operators.python.get_current_context` attribute is deprecated. Please use `'airflow.sdk.get_current_context'`.","category":"DeprecatedImportWarning","filename":"/opt/airflow/dags/dag.py","lineno":18,"logger":"py.warnings"}
{"timestamp":"2025-12-24T11:07:25.795161Z","level":"info","event":"Filling up the DagBag from /opt/airflow/dags/dag.py","logger":"airflow.models.dagbag.DagBag","filename":"dagbag.py","lineno":593}
{"timestamp":"2025-12-24T11:07:25.855266Z","level":"warning","event":"The `airflow.decorators.dag` attribute is deprecated. Please use `'airflow.sdk.dag'`.","category":"DeprecatedImportWarning","filename":"/opt/airflow/dags/dag.py","lineno":1,"logger":"py.warnings"}
{"timestamp":"2025-12-24T11:07:25.855384Z","level":"warning","event":"The `airflow.decorators.task` attribute is deprecated. Please use `'airflow.sdk.task'`.","category":"DeprecatedImportWarning","filename":"/opt/airflow/dags/dag.py","lineno":2,"logger":"py.warnings"}
{"timestamp":"2025-12-24T11:07:25.855483Z","level":"warning","event":"The `airflow.operators.empty.EmptyOperator` attribute is deprecated. Please use `'airflow.providers.standard.operators.empty.EmptyOperator'`.","category":"DeprecatedImportWarning","filename":"/opt/airflow/dags/dag.py","lineno":3,"logger":"py.warnings"}
{"timestamp":"2025-12-24T11:07:25.855516Z","level":"warning","event":"The `airflow.operators.python.get_current_context` attribute is deprecated. Please use `'airflow.sdk.get_current_context'`.","category":"DeprecatedImportWarning","filename":"/opt/airflow/dags/dag.py","lineno":5,"logger":"py.warnings"}
{"timestamp":"2025-12-24T11:07:25.855543Z","level":"warning","event":"The `airflow.models.param.Param` attribute is deprecated. Please use `'airflow.sdk.Param'`.","category":"DeprecatedImportWarning","filename":"/opt/airflow/dags/dag.py","lineno":10,"logger":"py.warnings"}
{"timestamp":"2025-12-24T11:07:25.855563Z","level":"warning","event":"The `airflow.operators.python.get_current_context` attribute is deprecated. Please use `'airflow.sdk.get_current_context'`.","category":"DeprecatedImportWarning","filename":"/opt/airflow/dags/dag.py","lineno":18,"logger":"py.warnings"}
{"timestamp":"2025-12-24T11:07:56.271401Z","level":"info","event":"Filling up the DagBag from /opt/airflow/dags/dag.py","logger":"airflow.models.dagbag.DagBag","filename":"dagbag.py","lineno":593}
{"timestamp":"2025-12-24T11:07:56.302122Z","level":"warning","event":"The `airflow.decorators.dag` attribute is deprecated. Please use `'airflow.sdk.dag'`.","category":"DeprecatedImportWarning","filename":"/opt/airflow/dags/dag.py","lineno":1,"logger":"py.warnings"}
{"timestamp":"2025-12-24T11:07:56.302229Z","level":"warning","event":"The `airflow.decorators.task` attribute is deprecated. Please use `'airflow.sdk.task'`.","category":"DeprecatedImportWarning","filename":"/opt/airflow/dags/dag.py","lineno":2,"logger":"py.warnings"}
{"timestamp":"2025-12-24T11:07:56.302254Z","level":"warning","event":"The `airflow.operators.empty.EmptyOperator` attribute is deprecated. Please use `'airflow.providers.standard.operators.empty.EmptyOperator'`.","category":"DeprecatedImportWarning","filename":"/opt/airflow/dags/dag.py","lineno":3,"logger":"py.warnings"}
{"timestamp":"2025-12-24T11:07:56.302276Z","level":"warning","event":"The `airflow.operators.python.get_current_context` attribute is deprecated. Please use `'airflow.sdk.get_current_context'`.","category":"DeprecatedImportWarning","filename":"/opt/airflow/dags/dag.py","lineno":5,"logger":"py.warnings"}
{"timestamp":"2025-12-24T11:07:56.302297Z","level":"warning","event":"The `airflow.models.param.Param` attribute is deprecated. Please use `'airflow.sdk.Param'`.","category":"DeprecatedImportWarning","filename":"/opt/airflow/dags/dag.py","lineno":10,"logger":"py.warnings"}
{"timestamp":"2025-12-24T11:07:56.302326Z","level":"warning","event":"The `airflow.operators.python.get_current_context` attribute is deprecated. Please use `'airflow.sdk.get_current_context'`.","category":"DeprecatedImportWarning","filename":"/opt/airflow/dags/dag.py","lineno":18,"logger":"py.warnings"}
{"timestamp":"2025-12-24T11:08:26.670445Z","level":"info","event":"Filling up the DagBag from /opt/airflow/dags/dag.py","logger":"airflow.models.dagbag.DagBag","filename":"dagbag.py","lineno":593}
{"timestamp":"2025-12-24T11:08:26.718421Z","level":"warning","event":"The `airflow.decorators.dag` attribute is deprecated. Please use `'airflow.sdk.dag'`.","category":"DeprecatedImportWarning","filename":"/opt/airflow/dags/dag.py","lineno":1,"logger":"py.warnings"}
{"timestamp":"2025-12-24T11:08:26.718492Z","level":"warning","event":"The `airflow.decorators.task` attribute is deprecated. Please use `'airflow.sdk.task'`.","category":"DeprecatedImportWarning","filename":"/opt/airflow/dags/dag.py","lineno":2,"logger":"py.warnings"}
{"timestamp":"2025-12-24T11:08:26.718515Z","level":"warning","event":"The `airflow.operators.empty.EmptyOperator` attribute is deprecated. Please use `'airflow.providers.standard.operators.empty.EmptyOperator'`.","category":"DeprecatedImportWarning","filename":"/opt/airflow/dags/dag.py","lineno":3,"logger":"py.warnings"}
{"timestamp":"2025-12-24T11:08:26.718534Z","level":"warning","event":"The `airflow.operators.python.get_current_context` attribute is deprecated. Please use `'airflow.sdk.get_current_context'`.","category":"DeprecatedImportWarning","filename":"/opt/airflow/dags/dag.py","lineno":5,"logger":"py.warnings"}
{"timestamp":"2025-12-24T11:08:26.718557Z","level":"warning","event":"The `airflow.models.param.Param` attribute is deprecated. Please use `'airflow.sdk.Param'`.","category":"DeprecatedImportWarning","filename":"/opt/airflow/dags/dag.py","lineno":10,"logger":"py.warnings"}
{"timestamp":"2025-12-24T11:08:26.718580Z","level":"warning","event":"The `airflow.operators.python.get_current_context` attribute is deprecated. Please use `'airflow.sdk.get_current_context'`.","category":"DeprecatedImportWarning","filename":"/opt/airflow/dags/dag.py","lineno":18,"logger":"py.warnings"}
{"timestamp":"2025-12-24T11:08:57.118842Z","level":"info","event":"Filling up the DagBag from /opt/airflow/dags/dag.py","logger":"airflow.models.dagbag.DagBag","filename":"dagbag.py","lineno":593}
{"timestamp":"2025-12-24T11:08:57.148544Z","level":"warning","event":"The `airflow.decorators.dag` attribute is deprecated. Please use `'airflow.sdk.dag'`.","category":"DeprecatedImportWarning","filename":"/opt/airflow/dags/dag.py","lineno":1,"logger":"py.warnings"}
{"timestamp":"2025-12-24T11:08:57.148619Z","level":"warning","event":"The `airflow.decorators.task` attribute is deprecated. Please use `'airflow.sdk.task'`.","category":"DeprecatedImportWarning","filename":"/opt/airflow/dags/dag.py","lineno":2,"logger":"py.warnings"}
{"timestamp":"2025-12-24T11:08:57.148645Z","level":"warning","event":"The `airflow.operators.empty.EmptyOperator` attribute is deprecated. Please use `'airflow.providers.standard.operators.empty.EmptyOperator'`.","category":"DeprecatedImportWarning","filename":"/opt/airflow/dags/dag.py","lineno":3,"logger":"py.warnings"}
{"timestamp":"2025-12-24T11:08:57.148668Z","level":"warning","event":"The `airflow.operators.python.get_current_context` attribute is deprecated. Please use `'airflow.sdk.get_current_context'`.","category":"DeprecatedImportWarning","filename":"/opt/airflow/dags/dag.py","lineno":5,"logger":"py.warnings"}
{"timestamp":"2025-12-24T11:08:57.148690Z","level":"warning","event":"The `airflow.models.param.Param` attribute is deprecated. Please use `'airflow.sdk.Param'`.","category":"DeprecatedImportWarning","filename":"/opt/airflow/dags/dag.py","lineno":10,"logger":"py.warnings"}
{"timestamp":"2025-12-24T11:08:57.148710Z","level":"warning","event":"The `airflow.operators.python.get_current_context` attribute is deprecated. Please use `'airflow.sdk.get_current_context'`.","category":"DeprecatedImportWarning","filename":"/opt/airflow/dags/dag.py","lineno":18,"logger":"py.warnings"}
{"timestamp":"2025-12-24T11:09:27.639589Z","level":"info","event":"Filling up the DagBag from /opt/airflow/dags/dag.py","logger":"airflow.models.dagbag.DagBag","filename":"dagbag.py","lineno":593}
{"timestamp":"2025-12-24T11:09:27.684634Z","level":"warning","event":"The `airflow.decorators.dag` attribute is deprecated. Please use `'airflow.sdk.dag'`.","category":"DeprecatedImportWarning","filename":"/opt/airflow/dags/dag.py","lineno":1,"logger":"py.warnings"}
{"timestamp":"2025-12-24T11:09:27.684923Z","level":"warning","event":"The `airflow.decorators.task` attribute is deprecated. Please use `'airflow.sdk.task'`.","category":"DeprecatedImportWarning","filename":"/opt/airflow/dags/dag.py","lineno":2,"logger":"py.warnings"}
{"timestamp":"2025-12-24T11:09:27.684969Z","level":"warning","event":"The `airflow.operators.empty.EmptyOperator` attribute is deprecated. Please use `'airflow.providers.standard.operators.empty.EmptyOperator'`.","category":"DeprecatedImportWarning","filename":"/opt/airflow/dags/dag.py","lineno":3,"logger":"py.warnings"}
{"timestamp":"2025-12-24T11:09:27.684992Z","level":"warning","event":"The `airflow.operators.python.get_current_context` attribute is deprecated. Please use `'airflow.sdk.get_current_context'`.","category":"DeprecatedImportWarning","filename":"/opt/airflow/dags/dag.py","lineno":5,"logger":"py.warnings"}
{"timestamp":"2025-12-24T11:09:27.685017Z","level":"warning","event":"The `airflow.models.param.Param` attribute is deprecated. Please use `'airflow.sdk.Param'`.","category":"DeprecatedImportWarning","filename":"/opt/airflow/dags/dag.py","lineno":10,"logger":"py.warnings"}
{"timestamp":"2025-12-24T11:09:27.685037Z","level":"warning","event":"The `airflow.operators.python.get_current_context` attribute is deprecated. Please use `'airflow.sdk.get_current_context'`.","category":"DeprecatedImportWarning","filename":"/opt/airflow/dags/dag.py","lineno":18,"logger":"py.warnings"}
{"timestamp":"2025-12-24T11:09:58.031204Z","level":"info","event":"Filling up the DagBag from /opt/airflow/dags/dag.py","logger":"airflow.models.dagbag.DagBag","filename":"dagbag.py","lineno":593}
{"timestamp":"2025-12-24T11:09:58.065893Z","level":"warning","event":"The `airflow.decorators.dag` attribute is deprecated. Please use `'airflow.sdk.dag'`.","category":"DeprecatedImportWarning","filename":"/opt/airflow/dags/dag.py","lineno":1,"logger":"py.warnings"}
{"timestamp":"2025-12-24T11:09:58.066526Z","level":"warning","event":"The `airflow.decorators.task` attribute is deprecated. Please use `'airflow.sdk.task'`.","category":"DeprecatedImportWarning","filename":"/opt/airflow/dags/dag.py","lineno":2,"logger":"py.warnings"}
{"timestamp":"2025-12-24T11:09:58.066578Z","level":"warning","event":"The `airflow.operators.empty.EmptyOperator` attribute is deprecated. Please use `'airflow.providers.standard.operators.empty.EmptyOperator'`.","category":"DeprecatedImportWarning","filename":"/opt/airflow/dags/dag.py","lineno":3,"logger":"py.warnings"}
{"timestamp":"2025-12-24T11:09:58.066781Z","level":"warning","event":"The `airflow.operators.python.get_current_context` attribute is deprecated. Please use `'airflow.sdk.get_current_context'`.","category":"DeprecatedImportWarning","filename":"/opt/airflow/dags/dag.py","lineno":5,"logger":"py.warnings"}
{"timestamp":"2025-12-24T11:09:58.066807Z","level":"warning","event":"The `airflow.models.param.Param` attribute is deprecated. Please use `'airflow.sdk.Param'`.","category":"DeprecatedImportWarning","filename":"/opt/airflow/dags/dag.py","lineno":10,"logger":"py.warnings"}
{"timestamp":"2025-12-24T11:09:58.066828Z","level":"warning","event":"The `airflow.operators.python.get_current_context` attribute is deprecated. Please use `'airflow.sdk.get_current_context'`.","category":"DeprecatedImportWarning","filename":"/opt/airflow/dags/dag.py","lineno":18,"logger":"py.warnings"}
{"timestamp":"2025-12-24T11:10:28.511272Z","level":"info","event":"Filling up the DagBag from /opt/airflow/dags/dag.py","logger":"airflow.models.dagbag.DagBag","filename":"dagbag.py","lineno":593}
{"timestamp":"2025-12-24T11:10:28.577958Z","level":"warning","event":"The `airflow.decorators.dag` attribute is deprecated. Please use `'airflow.sdk.dag'`.","category":"DeprecatedImportWarning","filename":"/opt/airflow/dags/dag.py","lineno":1,"logger":"py.warnings"}
{"timestamp":"2025-12-24T11:10:28.578087Z","level":"warning","event":"The `airflow.decorators.task` attribute is deprecated. Please use `'airflow.sdk.task'`.","category":"DeprecatedImportWarning","filename":"/opt/airflow/dags/dag.py","lineno":2,"logger":"py.warnings"}
{"timestamp":"2025-12-24T11:10:28.578129Z","level":"warning","event":"The `airflow.operators.empty.EmptyOperator` attribute is deprecated. Please use `'airflow.providers.standard.operators.empty.EmptyOperator'`.","category":"DeprecatedImportWarning","filename":"/opt/airflow/dags/dag.py","lineno":3,"logger":"py.warnings"}
{"timestamp":"2025-12-24T11:10:28.578169Z","level":"warning","event":"The `airflow.operators.python.get_current_context` attribute is deprecated. Please use `'airflow.sdk.get_current_context'`.","category":"DeprecatedImportWarning","filename":"/opt/airflow/dags/dag.py","lineno":5,"logger":"py.warnings"}
{"timestamp":"2025-12-24T11:10:28.578206Z","level":"warning","event":"The `airflow.models.param.Param` attribute is deprecated. Please use `'airflow.sdk.Param'`.","category":"DeprecatedImportWarning","filename":"/opt/airflow/dags/dag.py","lineno":10,"logger":"py.warnings"}
{"timestamp":"2025-12-24T11:10:28.578244Z","level":"warning","event":"The `airflow.operators.python.get_current_context` attribute is deprecated. Please use `'airflow.sdk.get_current_context'`.","category":"DeprecatedImportWarning","filename":"/opt/airflow/dags/dag.py","lineno":18,"logger":"py.warnings"}
{"timestamp":"2025-12-24T11:10:59.050327Z","level":"info","event":"Filling up the DagBag from /opt/airflow/dags/dag.py","logger":"airflow.models.dagbag.DagBag","filename":"dagbag.py","lineno":593}
{"timestamp":"2025-12-24T11:10:59.086806Z","level":"warning","event":"The `airflow.decorators.dag` attribute is deprecated. Please use `'airflow.sdk.dag'`.","category":"DeprecatedImportWarning","filename":"/opt/airflow/dags/dag.py","lineno":1,"logger":"py.warnings"}
{"timestamp":"2025-12-24T11:10:59.087043Z","level":"warning","event":"The `airflow.decorators.task` attribute is deprecated. Please use `'airflow.sdk.task'`.","category":"DeprecatedImportWarning","filename":"/opt/airflow/dags/dag.py","lineno":2,"logger":"py.warnings"}
{"timestamp":"2025-12-24T11:10:59.087084Z","level":"warning","event":"The `airflow.operators.empty.EmptyOperator` attribute is deprecated. Please use `'airflow.providers.standard.operators.empty.EmptyOperator'`.","category":"DeprecatedImportWarning","filename":"/opt/airflow/dags/dag.py","lineno":3,"logger":"py.warnings"}
{"timestamp":"2025-12-24T11:10:59.087108Z","level":"warning","event":"The `airflow.operators.python.get_current_context` attribute is deprecated. Please use `'airflow.sdk.get_current_context'`.","category":"DeprecatedImportWarning","filename":"/opt/airflow/dags/dag.py","lineno":5,"logger":"py.warnings"}
{"timestamp":"2025-12-24T11:10:59.087143Z","level":"warning","event":"The `airflow.models.param.Param` attribute is deprecated. Please use `'airflow.sdk.Param'`.","category":"DeprecatedImportWarning","filename":"/opt/airflow/dags/dag.py","lineno":10,"logger":"py.warnings"}
{"timestamp":"2025-12-24T11:10:59.087163Z","level":"warning","event":"The `airflow.operators.python.get_current_context` attribute is deprecated. Please use `'airflow.sdk.get_current_context'`.","category":"DeprecatedImportWarning","filename":"/opt/airflow/dags/dag.py","lineno":18,"logger":"py.warnings"}
{"timestamp":"2025-12-24T11:11:29.492072Z","level":"info","event":"Filling up the DagBag from /opt/airflow/dags/dag.py","logger":"airflow.models.dagbag.DagBag","filename":"dagbag.py","lineno":593}
{"timestamp":"2025-12-24T11:11:29.541853Z","level":"warning","event":"The `airflow.decorators.dag` attribute is deprecated. Please use `'airflow.sdk.dag'`.","category":"DeprecatedImportWarning","filename":"/opt/airflow/dags/dag.py","lineno":1,"logger":"py.warnings"}
{"timestamp":"2025-12-24T11:11:29.542121Z","level":"warning","event":"The `airflow.decorators.task` attribute is deprecated. Please use `'airflow.sdk.task'`.","category":"DeprecatedImportWarning","filename":"/opt/airflow/dags/dag.py","lineno":2,"logger":"py.warnings"}
{"timestamp":"2025-12-24T11:11:29.542588Z","level":"warning","event":"The `airflow.operators.empty.EmptyOperator` attribute is deprecated. Please use `'airflow.providers.standard.operators.empty.EmptyOperator'`.","category":"DeprecatedImportWarning","filename":"/opt/airflow/dags/dag.py","lineno":3,"logger":"py.warnings"}
{"timestamp":"2025-12-24T11:11:29.542617Z","level":"warning","event":"The `airflow.operators.python.get_current_context` attribute is deprecated. Please use `'airflow.sdk.get_current_context'`.","category":"DeprecatedImportWarning","filename":"/opt/airflow/dags/dag.py","lineno":5,"logger":"py.warnings"}
{"timestamp":"2025-12-24T11:11:29.542854Z","level":"warning","event":"The `airflow.models.param.Param` attribute is deprecated. Please use `'airflow.sdk.Param'`.","category":"DeprecatedImportWarning","filename":"/opt/airflow/dags/dag.py","lineno":10,"logger":"py.warnings"}
{"timestamp":"2025-12-24T11:11:29.542881Z","level":"warning","event":"The `airflow.operators.python.get_current_context` attribute is deprecated. Please use `'airflow.sdk.get_current_context'`.","category":"DeprecatedImportWarning","filename":"/opt/airflow/dags/dag.py","lineno":18,"logger":"py.warnings"}
{"timestamp":"2025-12-24T11:12:00.045313Z","level":"info","event":"Filling up the DagBag from /opt/airflow/dags/dag.py","logger":"airflow.models.dagbag.DagBag","filename":"dagbag.py","lineno":593}
{"timestamp":"2025-12-24T11:12:00.086813Z","level":"warning","event":"The `airflow.decorators.dag` attribute is deprecated. Please use `'airflow.sdk.dag'`.","category":"DeprecatedImportWarning","filename":"/opt/airflow/dags/dag.py","lineno":1,"logger":"py.warnings"}
{"timestamp":"2025-12-24T11:12:00.086904Z","level":"warning","event":"The `airflow.decorators.task` attribute is deprecated. Please use `'airflow.sdk.task'`.","category":"DeprecatedImportWarning","filename":"/opt/airflow/dags/dag.py","lineno":2,"logger":"py.warnings"}
{"timestamp":"2025-12-24T11:12:00.086933Z","level":"warning","event":"The `airflow.operators.empty.EmptyOperator` attribute is deprecated. Please use `'airflow.providers.standard.operators.empty.EmptyOperator'`.","category":"DeprecatedImportWarning","filename":"/opt/airflow/dags/dag.py","lineno":3,"logger":"py.warnings"}
{"timestamp":"2025-12-24T11:12:00.086954Z","level":"warning","event":"The `airflow.operators.python.get_current_context` attribute is deprecated. Please use `'airflow.sdk.get_current_context'`.","category":"DeprecatedImportWarning","filename":"/opt/airflow/dags/dag.py","lineno":5,"logger":"py.warnings"}
{"timestamp":"2025-12-24T11:12:00.086988Z","level":"warning","event":"The `airflow.models.param.Param` attribute is deprecated. Please use `'airflow.sdk.Param'`.","category":"DeprecatedImportWarning","filename":"/opt/airflow/dags/dag.py","lineno":10,"logger":"py.warnings"}
{"timestamp":"2025-12-24T11:12:00.087019Z","level":"warning","event":"The `airflow.operators.python.get_current_context` attribute is deprecated. Please use `'airflow.sdk.get_current_context'`.","category":"DeprecatedImportWarning","filename":"/opt/airflow/dags/dag.py","lineno":18,"logger":"py.warnings"}
{"timestamp":"2025-12-24T11:12:30.523238Z","level":"info","event":"Filling up the DagBag from /opt/airflow/dags/dag.py","logger":"airflow.models.dagbag.DagBag","filename":"dagbag.py","lineno":593}
{"timestamp":"2025-12-24T11:12:30.554725Z","level":"warning","event":"The `airflow.decorators.dag` attribute is deprecated. Please use `'airflow.sdk.dag'`.","category":"DeprecatedImportWarning","filename":"/opt/airflow/dags/dag.py","lineno":1,"logger":"py.warnings"}
{"timestamp":"2025-12-24T11:12:30.554797Z","level":"warning","event":"The `airflow.decorators.task` attribute is deprecated. Please use `'airflow.sdk.task'`.","category":"DeprecatedImportWarning","filename":"/opt/airflow/dags/dag.py","lineno":2,"logger":"py.warnings"}
{"timestamp":"2025-12-24T11:12:30.554820Z","level":"warning","event":"The `airflow.operators.empty.EmptyOperator` attribute is deprecated. Please use `'airflow.providers.standard.operators.empty.EmptyOperator'`.","category":"DeprecatedImportWarning","filename":"/opt/airflow/dags/dag.py","lineno":3,"logger":"py.warnings"}
{"timestamp":"2025-12-24T11:12:30.554841Z","level":"warning","event":"The `airflow.operators.python.get_current_context` attribute is deprecated. Please use `'airflow.sdk.get_current_context'`.","category":"DeprecatedImportWarning","filename":"/opt/airflow/dags/dag.py","lineno":5,"logger":"py.warnings"}
{"timestamp":"2025-12-24T11:12:30.554863Z","level":"warning","event":"The `airflow.models.param.Param` attribute is deprecated. Please use `'airflow.sdk.Param'`.","category":"DeprecatedImportWarning","filename":"/opt/airflow/dags/dag.py","lineno":10,"logger":"py.warnings"}
{"timestamp":"2025-12-24T11:12:30.554882Z","level":"warning","event":"The `airflow.operators.python.get_current_context` attribute is deprecated. Please use `'airflow.sdk.get_current_context'`.","category":"DeprecatedImportWarning","filename":"/opt/airflow/dags/dag.py","lineno":18,"logger":"py.warnings"}
{"timestamp":"2025-12-24T11:13:00.964381Z","level":"info","event":"Filling up the DagBag from /opt/airflow/dags/dag.py","logger":"airflow.models.dagbag.DagBag","filename":"dagbag.py","lineno":593}
{"timestamp":"2025-12-24T11:13:01.004953Z","level":"warning","event":"The `airflow.decorators.dag` attribute is deprecated. Please use `'airflow.sdk.dag'`.","category":"DeprecatedImportWarning","filename":"/opt/airflow/dags/dag.py","lineno":1,"logger":"py.warnings"}
{"timestamp":"2025-12-24T11:13:01.005201Z","level":"warning","event":"The `airflow.decorators.task` attribute is deprecated. Please use `'airflow.sdk.task'`.","category":"DeprecatedImportWarning","filename":"/opt/airflow/dags/dag.py","lineno":2,"logger":"py.warnings"}
{"timestamp":"2025-12-24T11:13:01.005241Z","level":"warning","event":"The `airflow.operators.empty.EmptyOperator` attribute is deprecated. Please use `'airflow.providers.standard.operators.empty.EmptyOperator'`.","category":"DeprecatedImportWarning","filename":"/opt/airflow/dags/dag.py","lineno":3,"logger":"py.warnings"}
{"timestamp":"2025-12-24T11:13:01.005265Z","level":"warning","event":"The `airflow.operators.python.get_current_context` attribute is deprecated. Please use `'airflow.sdk.get_current_context'`.","category":"DeprecatedImportWarning","filename":"/opt/airflow/dags/dag.py","lineno":5,"logger":"py.warnings"}
{"timestamp":"2025-12-24T11:13:01.005287Z","level":"warning","event":"The `airflow.models.param.Param` attribute is deprecated. Please use `'airflow.sdk.Param'`.","category":"DeprecatedImportWarning","filename":"/opt/airflow/dags/dag.py","lineno":10,"logger":"py.warnings"}
{"timestamp":"2025-12-24T11:13:01.005306Z","level":"warning","event":"The `airflow.operators.python.get_current_context` attribute is deprecated. Please use `'airflow.sdk.get_current_context'`.","category":"DeprecatedImportWarning","filename":"/opt/airflow/dags/dag.py","lineno":18,"logger":"py.warnings"}
{"timestamp":"2025-12-24T11:13:31.483286Z","level":"info","event":"Filling up the DagBag from /opt/airflow/dags/dag.py","logger":"airflow.models.dagbag.DagBag","filename":"dagbag.py","lineno":593}
{"timestamp":"2025-12-24T11:13:31.546444Z","level":"warning","event":"The `airflow.decorators.dag` attribute is deprecated. Please use `'airflow.sdk.dag'`.","category":"DeprecatedImportWarning","filename":"/opt/airflow/dags/dag.py","lineno":1,"logger":"py.warnings"}
{"timestamp":"2025-12-24T11:13:31.546527Z","level":"warning","event":"The `airflow.decorators.task` attribute is deprecated. Please use `'airflow.sdk.task'`.","category":"DeprecatedImportWarning","filename":"/opt/airflow/dags/dag.py","lineno":2,"logger":"py.warnings"}
{"timestamp":"2025-12-24T11:13:31.546553Z","level":"warning","event":"The `airflow.operators.empty.EmptyOperator` attribute is deprecated. Please use `'airflow.providers.standard.operators.empty.EmptyOperator'`.","category":"DeprecatedImportWarning","filename":"/opt/airflow/dags/dag.py","lineno":3,"logger":"py.warnings"}
{"timestamp":"2025-12-24T11:13:31.546574Z","level":"warning","event":"The `airflow.operators.python.get_current_context` attribute is deprecated. Please use `'airflow.sdk.get_current_context'`.","category":"DeprecatedImportWarning","filename":"/opt/airflow/dags/dag.py","lineno":5,"logger":"py.warnings"}
{"timestamp":"2025-12-24T11:13:31.546597Z","level":"warning","event":"The `airflow.models.param.Param` attribute is deprecated. Please use `'airflow.sdk.Param'`.","category":"DeprecatedImportWarning","filename":"/opt/airflow/dags/dag.py","lineno":10,"logger":"py.warnings"}
{"timestamp":"2025-12-24T11:13:31.546617Z","level":"warning","event":"The `airflow.operators.python.get_current_context` attribute is deprecated. Please use `'airflow.sdk.get_current_context'`.","category":"DeprecatedImportWarning","filename":"/opt/airflow/dags/dag.py","lineno":18,"logger":"py.warnings"}
{"timestamp":"2025-12-24T11:14:01.958773Z","level":"info","event":"Filling up the DagBag from /opt/airflow/dags/dag.py","logger":"airflow.models.dagbag.DagBag","filename":"dagbag.py","lineno":593}
{"timestamp":"2025-12-24T11:14:01.983230Z","level":"warning","event":"The `airflow.decorators.dag` attribute is deprecated. Please use `'airflow.sdk.dag'`.","category":"DeprecatedImportWarning","filename":"/opt/airflow/dags/dag.py","lineno":1,"logger":"py.warnings"}
{"timestamp":"2025-12-24T11:14:01.983300Z","level":"warning","event":"The `airflow.decorators.task` attribute is deprecated. Please use `'airflow.sdk.task'`.","category":"DeprecatedImportWarning","filename":"/opt/airflow/dags/dag.py","lineno":2,"logger":"py.warnings"}
{"timestamp":"2025-12-24T11:14:01.983330Z","level":"warning","event":"The `airflow.operators.empty.EmptyOperator` attribute is deprecated. Please use `'airflow.providers.standard.operators.empty.EmptyOperator'`.","category":"DeprecatedImportWarning","filename":"/opt/airflow/dags/dag.py","lineno":3,"logger":"py.warnings"}
{"timestamp":"2025-12-24T11:14:01.983354Z","level":"warning","event":"The `airflow.operators.python.get_current_context` attribute is deprecated. Please use `'airflow.sdk.get_current_context'`.","category":"DeprecatedImportWarning","filename":"/opt/airflow/dags/dag.py","lineno":5,"logger":"py.warnings"}
{"timestamp":"2025-12-24T11:14:01.983376Z","level":"warning","event":"The `airflow.models.param.Param` attribute is deprecated. Please use `'airflow.sdk.Param'`.","category":"DeprecatedImportWarning","filename":"/opt/airflow/dags/dag.py","lineno":10,"logger":"py.warnings"}
{"timestamp":"2025-12-24T11:14:01.983395Z","level":"warning","event":"The `airflow.operators.python.get_current_context` attribute is deprecated. Please use `'airflow.sdk.get_current_context'`.","category":"DeprecatedImportWarning","filename":"/opt/airflow/dags/dag.py","lineno":18,"logger":"py.warnings"}
{"timestamp":"2025-12-24T11:14:32.520117Z","level":"info","event":"Filling up the DagBag from /opt/airflow/dags/dag.py","logger":"airflow.models.dagbag.DagBag","filename":"dagbag.py","lineno":593}
{"timestamp":"2025-12-24T11:14:32.580525Z","level":"warning","event":"The `airflow.decorators.dag` attribute is deprecated. Please use `'airflow.sdk.dag'`.","category":"DeprecatedImportWarning","filename":"/opt/airflow/dags/dag.py","lineno":1,"logger":"py.warnings"}
{"timestamp":"2025-12-24T11:14:32.580610Z","level":"warning","event":"The `airflow.decorators.task` attribute is deprecated. Please use `'airflow.sdk.task'`.","category":"DeprecatedImportWarning","filename":"/opt/airflow/dags/dag.py","lineno":2,"logger":"py.warnings"}
{"timestamp":"2025-12-24T11:14:32.580637Z","level":"warning","event":"The `airflow.operators.empty.EmptyOperator` attribute is deprecated. Please use `'airflow.providers.standard.operators.empty.EmptyOperator'`.","category":"DeprecatedImportWarning","filename":"/opt/airflow/dags/dag.py","lineno":3,"logger":"py.warnings"}
{"timestamp":"2025-12-24T11:14:32.580659Z","level":"warning","event":"The `airflow.operators.python.get_current_context` attribute is deprecated. Please use `'airflow.sdk.get_current_context'`.","category":"DeprecatedImportWarning","filename":"/opt/airflow/dags/dag.py","lineno":5,"logger":"py.warnings"}
{"timestamp":"2025-12-24T11:14:32.580690Z","level":"warning","event":"The `airflow.models.param.Param` attribute is deprecated. Please use `'airflow.sdk.Param'`.","category":"DeprecatedImportWarning","filename":"/opt/airflow/dags/dag.py","lineno":10,"logger":"py.warnings"}
{"timestamp":"2025-12-24T11:14:32.580710Z","level":"warning","event":"The `airflow.operators.python.get_current_context` attribute is deprecated. Please use `'airflow.sdk.get_current_context'`.","category":"DeprecatedImportWarning","filename":"/opt/airflow/dags/dag.py","lineno":18,"logger":"py.warnings"}
{"timestamp":"2025-12-24T11:15:03.003507Z","level":"info","event":"Filling up the DagBag from /opt/airflow/dags/dag.py","logger":"airflow.models.dagbag.DagBag","filename":"dagbag.py","lineno":593}
{"timestamp":"2025-12-24T11:15:03.032731Z","level":"warning","event":"The `airflow.decorators.dag` attribute is deprecated. Please use `'airflow.sdk.dag'`.","category":"DeprecatedImportWarning","filename":"/opt/airflow/dags/dag.py","lineno":1,"logger":"py.warnings"}
{"timestamp":"2025-12-24T11:15:03.032800Z","level":"warning","event":"The `airflow.decorators.task` attribute is deprecated. Please use `'airflow.sdk.task'`.","category":"DeprecatedImportWarning","filename":"/opt/airflow/dags/dag.py","lineno":2,"logger":"py.warnings"}
{"timestamp":"2025-12-24T11:15:03.032823Z","level":"warning","event":"The `airflow.operators.empty.EmptyOperator` attribute is deprecated. Please use `'airflow.providers.standard.operators.empty.EmptyOperator'`.","category":"DeprecatedImportWarning","filename":"/opt/airflow/dags/dag.py","lineno":3,"logger":"py.warnings"}
{"timestamp":"2025-12-24T11:15:03.032843Z","level":"warning","event":"The `airflow.operators.python.get_current_context` attribute is deprecated. Please use `'airflow.sdk.get_current_context'`.","category":"DeprecatedImportWarning","filename":"/opt/airflow/dags/dag.py","lineno":5,"logger":"py.warnings"}
{"timestamp":"2025-12-24T11:15:03.032865Z","level":"warning","event":"The `airflow.models.param.Param` attribute is deprecated. Please use `'airflow.sdk.Param'`.","category":"DeprecatedImportWarning","filename":"/opt/airflow/dags/dag.py","lineno":10,"logger":"py.warnings"}
{"timestamp":"2025-12-24T11:15:03.032884Z","level":"warning","event":"The `airflow.operators.python.get_current_context` attribute is deprecated. Please use `'airflow.sdk.get_current_context'`.","category":"DeprecatedImportWarning","filename":"/opt/airflow/dags/dag.py","lineno":18,"logger":"py.warnings"}
{"timestamp":"2025-12-24T11:15:33.603730Z","level":"info","event":"Filling up the DagBag from /opt/airflow/dags/dag.py","logger":"airflow.models.dagbag.DagBag","filename":"dagbag.py","lineno":593}
{"timestamp":"2025-12-24T11:15:33.649147Z","level":"warning","event":"The `airflow.decorators.dag` attribute is deprecated. Please use `'airflow.sdk.dag'`.","category":"DeprecatedImportWarning","filename":"/opt/airflow/dags/dag.py","lineno":1,"logger":"py.warnings"}
{"timestamp":"2025-12-24T11:15:33.649222Z","level":"warning","event":"The `airflow.decorators.task` attribute is deprecated. Please use `'airflow.sdk.task'`.","category":"DeprecatedImportWarning","filename":"/opt/airflow/dags/dag.py","lineno":2,"logger":"py.warnings"}
{"timestamp":"2025-12-24T11:15:33.649256Z","level":"warning","event":"The `airflow.operators.empty.EmptyOperator` attribute is deprecated. Please use `'airflow.providers.standard.operators.empty.EmptyOperator'`.","category":"DeprecatedImportWarning","filename":"/opt/airflow/dags/dag.py","lineno":3,"logger":"py.warnings"}
{"timestamp":"2025-12-24T11:15:33.649277Z","level":"warning","event":"The `airflow.operators.python.get_current_context` attribute is deprecated. Please use `'airflow.sdk.get_current_context'`.","category":"DeprecatedImportWarning","filename":"/opt/airflow/dags/dag.py","lineno":5,"logger":"py.warnings"}
{"timestamp":"2025-12-24T11:15:33.649299Z","level":"warning","event":"The `airflow.models.param.Param` attribute is deprecated. Please use `'airflow.sdk.Param'`.","category":"DeprecatedImportWarning","filename":"/opt/airflow/dags/dag.py","lineno":10,"logger":"py.warnings"}
{"timestamp":"2025-12-24T11:15:33.649318Z","level":"warning","event":"The `airflow.operators.python.get_current_context` attribute is deprecated. Please use `'airflow.sdk.get_current_context'`.","category":"DeprecatedImportWarning","filename":"/opt/airflow/dags/dag.py","lineno":18,"logger":"py.warnings"}
{"timestamp":"2025-12-24T11:16:04.076102Z","level":"info","event":"Filling up the DagBag from /opt/airflow/dags/dag.py","logger":"airflow.models.dagbag.DagBag","filename":"dagbag.py","lineno":593}
{"timestamp":"2025-12-24T11:16:04.119834Z","level":"warning","event":"The `airflow.decorators.dag` attribute is deprecated. Please use `'airflow.sdk.dag'`.","category":"DeprecatedImportWarning","filename":"/opt/airflow/dags/dag.py","lineno":1,"logger":"py.warnings"}
{"timestamp":"2025-12-24T11:16:04.120074Z","level":"warning","event":"The `airflow.decorators.task` attribute is deprecated. Please use `'airflow.sdk.task'`.","category":"DeprecatedImportWarning","filename":"/opt/airflow/dags/dag.py","lineno":2,"logger":"py.warnings"}
{"timestamp":"2025-12-24T11:16:04.120117Z","level":"warning","event":"The `airflow.operators.empty.EmptyOperator` attribute is deprecated. Please use `'airflow.providers.standard.operators.empty.EmptyOperator'`.","category":"DeprecatedImportWarning","filename":"/opt/airflow/dags/dag.py","lineno":3,"logger":"py.warnings"}
{"timestamp":"2025-12-24T11:16:04.120138Z","level":"warning","event":"The `airflow.operators.python.get_current_context` attribute is deprecated. Please use `'airflow.sdk.get_current_context'`.","category":"DeprecatedImportWarning","filename":"/opt/airflow/dags/dag.py","lineno":5,"logger":"py.warnings"}
{"timestamp":"2025-12-24T11:16:04.120157Z","level":"warning","event":"The `airflow.models.param.Param` attribute is deprecated. Please use `'airflow.sdk.Param'`.","category":"DeprecatedImportWarning","filename":"/opt/airflow/dags/dag.py","lineno":10,"logger":"py.warnings"}
{"timestamp":"2025-12-24T11:16:04.120175Z","level":"warning","event":"The `airflow.operators.python.get_current_context` attribute is deprecated. Please use `'airflow.sdk.get_current_context'`.","category":"DeprecatedImportWarning","filename":"/opt/airflow/dags/dag.py","lineno":18,"logger":"py.warnings"}
{"timestamp":"2025-12-24T11:16:34.554146Z","level":"info","event":"Filling up the DagBag from /opt/airflow/dags/dag.py","logger":"airflow.models.dagbag.DagBag","filename":"dagbag.py","lineno":593}
{"timestamp":"2025-12-24T11:16:34.593786Z","level":"warning","event":"The `airflow.decorators.dag` attribute is deprecated. Please use `'airflow.sdk.dag'`.","category":"DeprecatedImportWarning","filename":"/opt/airflow/dags/dag.py","lineno":1,"logger":"py.warnings"}
{"timestamp":"2025-12-24T11:16:34.593860Z","level":"warning","event":"The `airflow.decorators.task` attribute is deprecated. Please use `'airflow.sdk.task'`.","category":"DeprecatedImportWarning","filename":"/opt/airflow/dags/dag.py","lineno":2,"logger":"py.warnings"}
{"timestamp":"2025-12-24T11:16:34.593883Z","level":"warning","event":"The `airflow.operators.empty.EmptyOperator` attribute is deprecated. Please use `'airflow.providers.standard.operators.empty.EmptyOperator'`.","category":"DeprecatedImportWarning","filename":"/opt/airflow/dags/dag.py","lineno":3,"logger":"py.warnings"}
{"timestamp":"2025-12-24T11:16:34.593906Z","level":"warning","event":"The `airflow.operators.python.get_current_context` attribute is deprecated. Please use `'airflow.sdk.get_current_context'`.","category":"DeprecatedImportWarning","filename":"/opt/airflow/dags/dag.py","lineno":5,"logger":"py.warnings"}
{"timestamp":"2025-12-24T11:16:34.593925Z","level":"warning","event":"The `airflow.models.param.Param` attribute is deprecated. Please use `'airflow.sdk.Param'`.","category":"DeprecatedImportWarning","filename":"/opt/airflow/dags/dag.py","lineno":10,"logger":"py.warnings"}
{"timestamp":"2025-12-24T11:16:34.593943Z","level":"warning","event":"The `airflow.operators.python.get_current_context` attribute is deprecated. Please use `'airflow.sdk.get_current_context'`.","category":"DeprecatedImportWarning","filename":"/opt/airflow/dags/dag.py","lineno":18,"logger":"py.warnings"}
{"timestamp":"2025-12-24T11:17:05.036527Z","level":"info","event":"Filling up the DagBag from /opt/airflow/dags/dag.py","logger":"airflow.models.dagbag.DagBag","filename":"dagbag.py","lineno":593}
{"timestamp":"2025-12-24T11:17:05.077433Z","level":"warning","event":"The `airflow.decorators.dag` attribute is deprecated. Please use `'airflow.sdk.dag'`.","category":"DeprecatedImportWarning","filename":"/opt/airflow/dags/dag.py","lineno":1,"logger":"py.warnings"}
{"timestamp":"2025-12-24T11:17:05.077686Z","level":"warning","event":"The `airflow.decorators.task` attribute is deprecated. Please use `'airflow.sdk.task'`.","category":"DeprecatedImportWarning","filename":"/opt/airflow/dags/dag.py","lineno":2,"logger":"py.warnings"}
{"timestamp":"2025-12-24T11:17:05.077713Z","level":"warning","event":"The `airflow.operators.empty.EmptyOperator` attribute is deprecated. Please use `'airflow.providers.standard.operators.empty.EmptyOperator'`.","category":"DeprecatedImportWarning","filename":"/opt/airflow/dags/dag.py","lineno":3,"logger":"py.warnings"}
{"timestamp":"2025-12-24T11:17:05.077738Z","level":"warning","event":"The `airflow.operators.python.get_current_context` attribute is deprecated. Please use `'airflow.sdk.get_current_context'`.","category":"DeprecatedImportWarning","filename":"/opt/airflow/dags/dag.py","lineno":5,"logger":"py.warnings"}
{"timestamp":"2025-12-24T11:17:05.077775Z","level":"warning","event":"The `airflow.models.param.Param` attribute is deprecated. Please use `'airflow.sdk.Param'`.","category":"DeprecatedImportWarning","filename":"/opt/airflow/dags/dag.py","lineno":10,"logger":"py.warnings"}
{"timestamp":"2025-12-24T11:17:05.077793Z","level":"warning","event":"The `airflow.operators.python.get_current_context` attribute is deprecated. Please use `'airflow.sdk.get_current_context'`.","category":"DeprecatedImportWarning","filename":"/opt/airflow/dags/dag.py","lineno":18,"logger":"py.warnings"}
{"timestamp":"2025-12-24T11:17:35.440866Z","level":"info","event":"Filling up the DagBag from /opt/airflow/dags/dag.py","logger":"airflow.models.dagbag.DagBag","filename":"dagbag.py","lineno":593}
{"timestamp":"2025-12-24T11:17:35.481579Z","level":"warning","event":"The `airflow.decorators.dag` attribute is deprecated. Please use `'airflow.sdk.dag'`.","category":"DeprecatedImportWarning","filename":"/opt/airflow/dags/dag.py","lineno":1,"logger":"py.warnings"}
{"timestamp":"2025-12-24T11:17:35.481666Z","level":"warning","event":"The `airflow.decorators.task` attribute is deprecated. Please use `'airflow.sdk.task'`.","category":"DeprecatedImportWarning","filename":"/opt/airflow/dags/dag.py","lineno":2,"logger":"py.warnings"}
{"timestamp":"2025-12-24T11:17:35.481689Z","level":"warning","event":"The `airflow.operators.empty.EmptyOperator` attribute is deprecated. Please use `'airflow.providers.standard.operators.empty.EmptyOperator'`.","category":"DeprecatedImportWarning","filename":"/opt/airflow/dags/dag.py","lineno":3,"logger":"py.warnings"}
{"timestamp":"2025-12-24T11:17:35.481707Z","level":"warning","event":"The `airflow.operators.python.get_current_context` attribute is deprecated. Please use `'airflow.sdk.get_current_context'`.","category":"DeprecatedImportWarning","filename":"/opt/airflow/dags/dag.py","lineno":5,"logger":"py.warnings"}
{"timestamp":"2025-12-24T11:17:35.481731Z","level":"warning","event":"The `airflow.models.param.Param` attribute is deprecated. Please use `'airflow.sdk.Param'`.","category":"DeprecatedImportWarning","filename":"/opt/airflow/dags/dag.py","lineno":10,"logger":"py.warnings"}
{"timestamp":"2025-12-24T11:17:35.481747Z","level":"warning","event":"The `airflow.operators.python.get_current_context` attribute is deprecated. Please use `'airflow.sdk.get_current_context'`.","category":"DeprecatedImportWarning","filename":"/opt/airflow/dags/dag.py","lineno":18,"logger":"py.warnings"}
{"timestamp":"2025-12-24T11:18:05.940281Z","level":"info","event":"Filling up the DagBag from /opt/airflow/dags/dag.py","logger":"airflow.models.dagbag.DagBag","filename":"dagbag.py","lineno":593}
{"timestamp":"2025-12-24T11:18:05.982164Z","level":"warning","event":"The `airflow.decorators.dag` attribute is deprecated. Please use `'airflow.sdk.dag'`.","category":"DeprecatedImportWarning","filename":"/opt/airflow/dags/dag.py","lineno":1,"logger":"py.warnings"}
{"timestamp":"2025-12-24T11:18:05.982242Z","level":"warning","event":"The `airflow.decorators.task` attribute is deprecated. Please use `'airflow.sdk.task'`.","category":"DeprecatedImportWarning","filename":"/opt/airflow/dags/dag.py","lineno":2,"logger":"py.warnings"}
{"timestamp":"2025-12-24T11:18:05.982269Z","level":"warning","event":"The `airflow.operators.empty.EmptyOperator` attribute is deprecated. Please use `'airflow.providers.standard.operators.empty.EmptyOperator'`.","category":"DeprecatedImportWarning","filename":"/opt/airflow/dags/dag.py","lineno":3,"logger":"py.warnings"}
{"timestamp":"2025-12-24T11:18:05.982291Z","level":"warning","event":"The `airflow.operators.python.get_current_context` attribute is deprecated. Please use `'airflow.sdk.get_current_context'`.","category":"DeprecatedImportWarning","filename":"/opt/airflow/dags/dag.py","lineno":5,"logger":"py.warnings"}
{"timestamp":"2025-12-24T11:18:05.982313Z","level":"warning","event":"The `airflow.models.param.Param` attribute is deprecated. Please use `'airflow.sdk.Param'`.","category":"DeprecatedImportWarning","filename":"/opt/airflow/dags/dag.py","lineno":10,"logger":"py.warnings"}
{"timestamp":"2025-12-24T11:18:05.982332Z","level":"warning","event":"The `airflow.operators.python.get_current_context` attribute is deprecated. Please use `'airflow.sdk.get_current_context'`.","category":"DeprecatedImportWarning","filename":"/opt/airflow/dags/dag.py","lineno":18,"logger":"py.warnings"}
{"timestamp":"2025-12-24T11:18:36.557844Z","level":"info","event":"Filling up the DagBag from /opt/airflow/dags/dag.py","logger":"airflow.models.dagbag.DagBag","filename":"dagbag.py","lineno":593}
{"timestamp":"2025-12-24T11:18:36.600974Z","level":"warning","event":"The `airflow.decorators.dag` attribute is deprecated. Please use `'airflow.sdk.dag'`.","category":"DeprecatedImportWarning","filename":"/opt/airflow/dags/dag.py","lineno":1,"logger":"py.warnings"}
{"timestamp":"2025-12-24T11:18:36.601044Z","level":"warning","event":"The `airflow.decorators.task` attribute is deprecated. Please use `'airflow.sdk.task'`.","category":"DeprecatedImportWarning","filename":"/opt/airflow/dags/dag.py","lineno":2,"logger":"py.warnings"}
{"timestamp":"2025-12-24T11:18:36.601066Z","level":"warning","event":"The `airflow.operators.empty.EmptyOperator` attribute is deprecated. Please use `'airflow.providers.standard.operators.empty.EmptyOperator'`.","category":"DeprecatedImportWarning","filename":"/opt/airflow/dags/dag.py","lineno":3,"logger":"py.warnings"}
{"timestamp":"2025-12-24T11:18:36.601087Z","level":"warning","event":"The `airflow.operators.python.get_current_context` attribute is deprecated. Please use `'airflow.sdk.get_current_context'`.","category":"DeprecatedImportWarning","filename":"/opt/airflow/dags/dag.py","lineno":5,"logger":"py.warnings"}
{"timestamp":"2025-12-24T11:18:36.601109Z","level":"warning","event":"The `airflow.models.param.Param` attribute is deprecated. Please use `'airflow.sdk.Param'`.","category":"DeprecatedImportWarning","filename":"/opt/airflow/dags/dag.py","lineno":10,"logger":"py.warnings"}
{"timestamp":"2025-12-24T11:18:36.601127Z","level":"warning","event":"The `airflow.operators.python.get_current_context` attribute is deprecated. Please use `'airflow.sdk.get_current_context'`.","category":"DeprecatedImportWarning","filename":"/opt/airflow/dags/dag.py","lineno":18,"logger":"py.warnings"}
{"timestamp":"2025-12-24T11:19:07.100301Z","level":"info","event":"Filling up the DagBag from /opt/airflow/dags/dag.py","logger":"airflow.models.dagbag.DagBag","filename":"dagbag.py","lineno":593}
{"timestamp":"2025-12-24T11:19:07.132623Z","level":"warning","event":"The `airflow.decorators.dag` attribute is deprecated. Please use `'airflow.sdk.dag'`.","category":"DeprecatedImportWarning","filename":"/opt/airflow/dags/dag.py","lineno":1,"logger":"py.warnings"}
{"timestamp":"2025-12-24T11:19:07.132917Z","level":"warning","event":"The `airflow.decorators.task` attribute is deprecated. Please use `'airflow.sdk.task'`.","category":"DeprecatedImportWarning","filename":"/opt/airflow/dags/dag.py","lineno":2,"logger":"py.warnings"}
{"timestamp":"2025-12-24T11:19:07.132968Z","level":"warning","event":"The `airflow.operators.empty.EmptyOperator` attribute is deprecated. Please use `'airflow.providers.standard.operators.empty.EmptyOperator'`.","category":"DeprecatedImportWarning","filename":"/opt/airflow/dags/dag.py","lineno":3,"logger":"py.warnings"}
{"timestamp":"2025-12-24T11:19:07.132992Z","level":"warning","event":"The `airflow.operators.python.get_current_context` attribute is deprecated. Please use `'airflow.sdk.get_current_context'`.","category":"DeprecatedImportWarning","filename":"/opt/airflow/dags/dag.py","lineno":5,"logger":"py.warnings"}
{"timestamp":"2025-12-24T11:19:07.133014Z","level":"warning","event":"The `airflow.models.param.Param` attribute is deprecated. Please use `'airflow.sdk.Param'`.","category":"DeprecatedImportWarning","filename":"/opt/airflow/dags/dag.py","lineno":10,"logger":"py.warnings"}
{"timestamp":"2025-12-24T11:19:07.133032Z","level":"warning","event":"The `airflow.operators.python.get_current_context` attribute is deprecated. Please use `'airflow.sdk.get_current_context'`.","category":"DeprecatedImportWarning","filename":"/opt/airflow/dags/dag.py","lineno":18,"logger":"py.warnings"}
{"timestamp":"2025-12-24T11:19:37.658436Z","level":"info","event":"Filling up the DagBag from /opt/airflow/dags/dag.py","logger":"airflow.models.dagbag.DagBag","filename":"dagbag.py","lineno":593}
{"timestamp":"2025-12-24T11:19:37.698651Z","level":"warning","event":"The `airflow.decorators.dag` attribute is deprecated. Please use `'airflow.sdk.dag'`.","category":"DeprecatedImportWarning","filename":"/opt/airflow/dags/dag.py","lineno":1,"logger":"py.warnings"}
{"timestamp":"2025-12-24T11:19:37.698906Z","level":"warning","event":"The `airflow.decorators.task` attribute is deprecated. Please use `'airflow.sdk.task'`.","category":"DeprecatedImportWarning","filename":"/opt/airflow/dags/dag.py","lineno":2,"logger":"py.warnings"}
{"timestamp":"2025-12-24T11:19:37.698947Z","level":"warning","event":"The `airflow.operators.empty.EmptyOperator` attribute is deprecated. Please use `'airflow.providers.standard.operators.empty.EmptyOperator'`.","category":"DeprecatedImportWarning","filename":"/opt/airflow/dags/dag.py","lineno":3,"logger":"py.warnings"}
{"timestamp":"2025-12-24T11:19:37.698968Z","level":"warning","event":"The `airflow.operators.python.get_current_context` attribute is deprecated. Please use `'airflow.sdk.get_current_context'`.","category":"DeprecatedImportWarning","filename":"/opt/airflow/dags/dag.py","lineno":5,"logger":"py.warnings"}
{"timestamp":"2025-12-24T11:19:37.698986Z","level":"warning","event":"The `airflow.models.param.Param` attribute is deprecated. Please use `'airflow.sdk.Param'`.","category":"DeprecatedImportWarning","filename":"/opt/airflow/dags/dag.py","lineno":10,"logger":"py.warnings"}
{"timestamp":"2025-12-24T11:19:37.699003Z","level":"warning","event":"The `airflow.operators.python.get_current_context` attribute is deprecated. Please use `'airflow.sdk.get_current_context'`.","category":"DeprecatedImportWarning","filename":"/opt/airflow/dags/dag.py","lineno":18,"logger":"py.warnings"}
{"timestamp":"2025-12-24T11:20:08.165596Z","level":"info","event":"Filling up the DagBag from /opt/airflow/dags/dag.py","logger":"airflow.models.dagbag.DagBag","filename":"dagbag.py","lineno":593}
{"timestamp":"2025-12-24T11:20:08.202857Z","level":"warning","event":"The `airflow.decorators.dag` attribute is deprecated. Please use `'airflow.sdk.dag'`.","category":"DeprecatedImportWarning","filename":"/opt/airflow/dags/dag.py","lineno":1,"logger":"py.warnings"}
{"timestamp":"2025-12-24T11:20:08.202929Z","level":"warning","event":"The `airflow.decorators.task` attribute is deprecated. Please use `'airflow.sdk.task'`.","category":"DeprecatedImportWarning","filename":"/opt/airflow/dags/dag.py","lineno":2,"logger":"py.warnings"}
{"timestamp":"2025-12-24T11:20:08.202954Z","level":"warning","event":"The `airflow.operators.empty.EmptyOperator` attribute is deprecated. Please use `'airflow.providers.standard.operators.empty.EmptyOperator'`.","category":"DeprecatedImportWarning","filename":"/opt/airflow/dags/dag.py","lineno":3,"logger":"py.warnings"}
{"timestamp":"2025-12-24T11:20:08.202975Z","level":"warning","event":"The `airflow.operators.python.get_current_context` attribute is deprecated. Please use `'airflow.sdk.get_current_context'`.","category":"DeprecatedImportWarning","filename":"/opt/airflow/dags/dag.py","lineno":5,"logger":"py.warnings"}
{"timestamp":"2025-12-24T11:20:08.202996Z","level":"warning","event":"The `airflow.models.param.Param` attribute is deprecated. Please use `'airflow.sdk.Param'`.","category":"DeprecatedImportWarning","filename":"/opt/airflow/dags/dag.py","lineno":10,"logger":"py.warnings"}
{"timestamp":"2025-12-24T11:20:08.203014Z","level":"warning","event":"The `airflow.operators.python.get_current_context` attribute is deprecated. Please use `'airflow.sdk.get_current_context'`.","category":"DeprecatedImportWarning","filename":"/opt/airflow/dags/dag.py","lineno":18,"logger":"py.warnings"}
{"timestamp":"2025-12-24T11:20:38.697377Z","level":"info","event":"Filling up the DagBag from /opt/airflow/dags/dag.py","logger":"airflow.models.dagbag.DagBag","filename":"dagbag.py","lineno":593}
{"timestamp":"2025-12-24T11:20:38.738473Z","level":"warning","event":"The `airflow.decorators.dag` attribute is deprecated. Please use `'airflow.sdk.dag'`.","category":"DeprecatedImportWarning","filename":"/opt/airflow/dags/dag.py","lineno":1,"logger":"py.warnings"}
{"timestamp":"2025-12-24T11:20:38.738550Z","level":"warning","event":"The `airflow.decorators.task` attribute is deprecated. Please use `'airflow.sdk.task'`.","category":"DeprecatedImportWarning","filename":"/opt/airflow/dags/dag.py","lineno":2,"logger":"py.warnings"}
{"timestamp":"2025-12-24T11:20:38.738574Z","level":"warning","event":"The `airflow.operators.empty.EmptyOperator` attribute is deprecated. Please use `'airflow.providers.standard.operators.empty.EmptyOperator'`.","category":"DeprecatedImportWarning","filename":"/opt/airflow/dags/dag.py","lineno":3,"logger":"py.warnings"}
{"timestamp":"2025-12-24T11:20:38.738594Z","level":"warning","event":"The `airflow.operators.python.get_current_context` attribute is deprecated. Please use `'airflow.sdk.get_current_context'`.","category":"DeprecatedImportWarning","filename":"/opt/airflow/dags/dag.py","lineno":5,"logger":"py.warnings"}
{"timestamp":"2025-12-24T11:20:38.738614Z","level":"warning","event":"The `airflow.models.param.Param` attribute is deprecated. Please use `'airflow.sdk.Param'`.","category":"DeprecatedImportWarning","filename":"/opt/airflow/dags/dag.py","lineno":10,"logger":"py.warnings"}
{"timestamp":"2025-12-24T11:20:38.738644Z","level":"warning","event":"The `airflow.operators.python.get_current_context` attribute is deprecated. Please use `'airflow.sdk.get_current_context'`.","category":"DeprecatedImportWarning","filename":"/opt/airflow/dags/dag.py","lineno":18,"logger":"py.warnings"}
{"timestamp":"2025-12-24T11:21:09.152476Z","level":"info","event":"Filling up the DagBag from /opt/airflow/dags/dag.py","logger":"airflow.models.dagbag.DagBag","filename":"dagbag.py","lineno":593}
{"timestamp":"2025-12-24T11:21:09.189891Z","level":"warning","event":"The `airflow.decorators.dag` attribute is deprecated. Please use `'airflow.sdk.dag'`.","category":"DeprecatedImportWarning","filename":"/opt/airflow/dags/dag.py","lineno":1,"logger":"py.warnings"}
{"timestamp":"2025-12-24T11:21:09.189964Z","level":"warning","event":"The `airflow.decorators.task` attribute is deprecated. Please use `'airflow.sdk.task'`.","category":"DeprecatedImportWarning","filename":"/opt/airflow/dags/dag.py","lineno":2,"logger":"py.warnings"}
{"timestamp":"2025-12-24T11:21:09.189988Z","level":"warning","event":"The `airflow.operators.empty.EmptyOperator` attribute is deprecated. Please use `'airflow.providers.standard.operators.empty.EmptyOperator'`.","category":"DeprecatedImportWarning","filename":"/opt/airflow/dags/dag.py","lineno":3,"logger":"py.warnings"}
{"timestamp":"2025-12-24T11:21:09.190009Z","level":"warning","event":"The `airflow.operators.python.get_current_context` attribute is deprecated. Please use `'airflow.sdk.get_current_context'`.","category":"DeprecatedImportWarning","filename":"/opt/airflow/dags/dag.py","lineno":5,"logger":"py.warnings"}
{"timestamp":"2025-12-24T11:21:09.190043Z","level":"warning","event":"The `airflow.models.param.Param` attribute is deprecated. Please use `'airflow.sdk.Param'`.","category":"DeprecatedImportWarning","filename":"/opt/airflow/dags/dag.py","lineno":10,"logger":"py.warnings"}
{"timestamp":"2025-12-24T11:21:09.190065Z","level":"warning","event":"The `airflow.operators.python.get_current_context` attribute is deprecated. Please use `'airflow.sdk.get_current_context'`.","category":"DeprecatedImportWarning","filename":"/opt/airflow/dags/dag.py","lineno":18,"logger":"py.warnings"}
{"timestamp":"2025-12-24T11:21:39.633285Z","level":"info","event":"Filling up the DagBag from /opt/airflow/dags/dag.py","logger":"airflow.models.dagbag.DagBag","filename":"dagbag.py","lineno":593}
{"timestamp":"2025-12-24T11:21:39.674087Z","level":"warning","event":"The `airflow.decorators.dag` attribute is deprecated. Please use `'airflow.sdk.dag'`.","category":"DeprecatedImportWarning","filename":"/opt/airflow/dags/dag.py","lineno":1,"logger":"py.warnings"}
{"timestamp":"2025-12-24T11:21:39.674160Z","level":"warning","event":"The `airflow.decorators.task` attribute is deprecated. Please use `'airflow.sdk.task'`.","category":"DeprecatedImportWarning","filename":"/opt/airflow/dags/dag.py","lineno":2,"logger":"py.warnings"}
{"timestamp":"2025-12-24T11:21:39.674185Z","level":"warning","event":"The `airflow.operators.empty.EmptyOperator` attribute is deprecated. Please use `'airflow.providers.standard.operators.empty.EmptyOperator'`.","category":"DeprecatedImportWarning","filename":"/opt/airflow/dags/dag.py","lineno":3,"logger":"py.warnings"}
{"timestamp":"2025-12-24T11:21:39.674206Z","level":"warning","event":"The `airflow.operators.python.get_current_context` attribute is deprecated. Please use `'airflow.sdk.get_current_context'`.","category":"DeprecatedImportWarning","filename":"/opt/airflow/dags/dag.py","lineno":5,"logger":"py.warnings"}
{"timestamp":"2025-12-24T11:21:39.674226Z","level":"warning","event":"The `airflow.models.param.Param` attribute is deprecated. Please use `'airflow.sdk.Param'`.","category":"DeprecatedImportWarning","filename":"/opt/airflow/dags/dag.py","lineno":10,"logger":"py.warnings"}
{"timestamp":"2025-12-24T11:21:39.674256Z","level":"warning","event":"The `airflow.operators.python.get_current_context` attribute is deprecated. Please use `'airflow.sdk.get_current_context'`.","category":"DeprecatedImportWarning","filename":"/opt/airflow/dags/dag.py","lineno":18,"logger":"py.warnings"}
{"timestamp":"2025-12-24T11:22:10.118619Z","level":"info","event":"Filling up the DagBag from /opt/airflow/dags/dag.py","logger":"airflow.models.dagbag.DagBag","filename":"dagbag.py","lineno":593}
{"timestamp":"2025-12-24T11:22:10.173839Z","level":"warning","event":"The `airflow.decorators.dag` attribute is deprecated. Please use `'airflow.sdk.dag'`.","category":"DeprecatedImportWarning","filename":"/opt/airflow/dags/dag.py","lineno":1,"logger":"py.warnings"}
{"timestamp":"2025-12-24T11:22:10.174094Z","level":"warning","event":"The `airflow.decorators.task` attribute is deprecated. Please use `'airflow.sdk.task'`.","category":"DeprecatedImportWarning","filename":"/opt/airflow/dags/dag.py","lineno":2,"logger":"py.warnings"}
{"timestamp":"2025-12-24T11:22:10.174142Z","level":"warning","event":"The `airflow.operators.empty.EmptyOperator` attribute is deprecated. Please use `'airflow.providers.standard.operators.empty.EmptyOperator'`.","category":"DeprecatedImportWarning","filename":"/opt/airflow/dags/dag.py","lineno":3,"logger":"py.warnings"}
{"timestamp":"2025-12-24T11:22:10.174165Z","level":"warning","event":"The `airflow.operators.python.get_current_context` attribute is deprecated. Please use `'airflow.sdk.get_current_context'`.","category":"DeprecatedImportWarning","filename":"/opt/airflow/dags/dag.py","lineno":5,"logger":"py.warnings"}
{"timestamp":"2025-12-24T11:22:10.174189Z","level":"warning","event":"The `airflow.models.param.Param` attribute is deprecated. Please use `'airflow.sdk.Param'`.","category":"DeprecatedImportWarning","filename":"/opt/airflow/dags/dag.py","lineno":10,"logger":"py.warnings"}
{"timestamp":"2025-12-24T11:22:10.174209Z","level":"warning","event":"The `airflow.operators.python.get_current_context` attribute is deprecated. Please use `'airflow.sdk.get_current_context'`.","category":"DeprecatedImportWarning","filename":"/opt/airflow/dags/dag.py","lineno":18,"logger":"py.warnings"}
{"timestamp":"2025-12-24T11:22:40.530685Z","level":"info","event":"Filling up the DagBag from /opt/airflow/dags/dag.py","logger":"airflow.models.dagbag.DagBag","filename":"dagbag.py","lineno":593}
{"timestamp":"2025-12-24T11:22:40.584887Z","level":"warning","event":"The `airflow.decorators.dag` attribute is deprecated. Please use `'airflow.sdk.dag'`.","category":"DeprecatedImportWarning","filename":"/opt/airflow/dags/dag.py","lineno":1,"logger":"py.warnings"}
{"timestamp":"2025-12-24T11:22:40.584962Z","level":"warning","event":"The `airflow.decorators.task` attribute is deprecated. Please use `'airflow.sdk.task'`.","category":"DeprecatedImportWarning","filename":"/opt/airflow/dags/dag.py","lineno":2,"logger":"py.warnings"}
{"timestamp":"2025-12-24T11:22:40.584988Z","level":"warning","event":"The `airflow.operators.empty.EmptyOperator` attribute is deprecated. Please use `'airflow.providers.standard.operators.empty.EmptyOperator'`.","category":"DeprecatedImportWarning","filename":"/opt/airflow/dags/dag.py","lineno":3,"logger":"py.warnings"}
{"timestamp":"2025-12-24T11:22:40.585010Z","level":"warning","event":"The `airflow.operators.python.get_current_context` attribute is deprecated. Please use `'airflow.sdk.get_current_context'`.","category":"DeprecatedImportWarning","filename":"/opt/airflow/dags/dag.py","lineno":5,"logger":"py.warnings"}
{"timestamp":"2025-12-24T11:22:40.585032Z","level":"warning","event":"The `airflow.models.param.Param` attribute is deprecated. Please use `'airflow.sdk.Param'`.","category":"DeprecatedImportWarning","filename":"/opt/airflow/dags/dag.py","lineno":10,"logger":"py.warnings"}
{"timestamp":"2025-12-24T11:22:40.585051Z","level":"warning","event":"The `airflow.operators.python.get_current_context` attribute is deprecated. Please use `'airflow.sdk.get_current_context'`.","category":"DeprecatedImportWarning","filename":"/opt/airflow/dags/dag.py","lineno":18,"logger":"py.warnings"}
{"timestamp":"2025-12-24T11:23:11.071760Z","level":"info","event":"Filling up the DagBag from /opt/airflow/dags/dag.py","logger":"airflow.models.dagbag.DagBag","filename":"dagbag.py","lineno":593}
{"timestamp":"2025-12-24T11:23:11.114023Z","level":"warning","event":"The `airflow.decorators.dag` attribute is deprecated. Please use `'airflow.sdk.dag'`.","category":"DeprecatedImportWarning","filename":"/opt/airflow/dags/dag.py","lineno":1,"logger":"py.warnings"}
{"timestamp":"2025-12-24T11:23:11.114112Z","level":"warning","event":"The `airflow.decorators.task` attribute is deprecated. Please use `'airflow.sdk.task'`.","category":"DeprecatedImportWarning","filename":"/opt/airflow/dags/dag.py","lineno":2,"logger":"py.warnings"}
{"timestamp":"2025-12-24T11:23:11.114137Z","level":"warning","event":"The `airflow.operators.empty.EmptyOperator` attribute is deprecated. Please use `'airflow.providers.standard.operators.empty.EmptyOperator'`.","category":"DeprecatedImportWarning","filename":"/opt/airflow/dags/dag.py","lineno":3,"logger":"py.warnings"}
{"timestamp":"2025-12-24T11:23:11.114157Z","level":"warning","event":"The `airflow.operators.python.get_current_context` attribute is deprecated. Please use `'airflow.sdk.get_current_context'`.","category":"DeprecatedImportWarning","filename":"/opt/airflow/dags/dag.py","lineno":5,"logger":"py.warnings"}
{"timestamp":"2025-12-24T11:23:11.114177Z","level":"warning","event":"The `airflow.models.param.Param` attribute is deprecated. Please use `'airflow.sdk.Param'`.","category":"DeprecatedImportWarning","filename":"/opt/airflow/dags/dag.py","lineno":10,"logger":"py.warnings"}
{"timestamp":"2025-12-24T11:23:11.114196Z","level":"warning","event":"The `airflow.operators.python.get_current_context` attribute is deprecated. Please use `'airflow.sdk.get_current_context'`.","category":"DeprecatedImportWarning","filename":"/opt/airflow/dags/dag.py","lineno":18,"logger":"py.warnings"}
{"timestamp":"2025-12-24T11:23:41.559541Z","level":"info","event":"Filling up the DagBag from /opt/airflow/dags/dag.py","logger":"airflow.models.dagbag.DagBag","filename":"dagbag.py","lineno":593}
{"timestamp":"2025-12-24T11:23:41.601157Z","level":"warning","event":"The `airflow.decorators.dag` attribute is deprecated. Please use `'airflow.sdk.dag'`.","category":"DeprecatedImportWarning","filename":"/opt/airflow/dags/dag.py","lineno":1,"logger":"py.warnings"}
{"timestamp":"2025-12-24T11:23:41.601244Z","level":"warning","event":"The `airflow.decorators.task` attribute is deprecated. Please use `'airflow.sdk.task'`.","category":"DeprecatedImportWarning","filename":"/opt/airflow/dags/dag.py","lineno":2,"logger":"py.warnings"}
{"timestamp":"2025-12-24T11:23:41.601269Z","level":"warning","event":"The `airflow.operators.empty.EmptyOperator` attribute is deprecated. Please use `'airflow.providers.standard.operators.empty.EmptyOperator'`.","category":"DeprecatedImportWarning","filename":"/opt/airflow/dags/dag.py","lineno":3,"logger":"py.warnings"}
{"timestamp":"2025-12-24T11:23:41.601306Z","level":"warning","event":"The `airflow.operators.python.get_current_context` attribute is deprecated. Please use `'airflow.sdk.get_current_context'`.","category":"DeprecatedImportWarning","filename":"/opt/airflow/dags/dag.py","lineno":5,"logger":"py.warnings"}
{"timestamp":"2025-12-24T11:23:41.601338Z","level":"warning","event":"The `airflow.models.param.Param` attribute is deprecated. Please use `'airflow.sdk.Param'`.","category":"DeprecatedImportWarning","filename":"/opt/airflow/dags/dag.py","lineno":10,"logger":"py.warnings"}
{"timestamp":"2025-12-24T11:23:41.601361Z","level":"warning","event":"The `airflow.operators.python.get_current_context` attribute is deprecated. Please use `'airflow.sdk.get_current_context'`.","category":"DeprecatedImportWarning","filename":"/opt/airflow/dags/dag.py","lineno":18,"logger":"py.warnings"}
{"timestamp":"2025-12-24T11:24:11.993916Z","level":"info","event":"Filling up the DagBag from /opt/airflow/dags/dag.py","logger":"airflow.models.dagbag.DagBag","filename":"dagbag.py","lineno":593}
{"timestamp":"2025-12-24T11:24:12.028455Z","level":"warning","event":"The `airflow.decorators.dag` attribute is deprecated. Please use `'airflow.sdk.dag'`.","category":"DeprecatedImportWarning","filename":"/opt/airflow/dags/dag.py","lineno":1,"logger":"py.warnings"}
{"timestamp":"2025-12-24T11:24:12.028527Z","level":"warning","event":"The `airflow.decorators.task` attribute is deprecated. Please use `'airflow.sdk.task'`.","category":"DeprecatedImportWarning","filename":"/opt/airflow/dags/dag.py","lineno":2,"logger":"py.warnings"}
{"timestamp":"2025-12-24T11:24:12.028552Z","level":"warning","event":"The `airflow.operators.empty.EmptyOperator` attribute is deprecated. Please use `'airflow.providers.standard.operators.empty.EmptyOperator'`.","category":"DeprecatedImportWarning","filename":"/opt/airflow/dags/dag.py","lineno":3,"logger":"py.warnings"}
{"timestamp":"2025-12-24T11:24:12.028572Z","level":"warning","event":"The `airflow.operators.python.get_current_context` attribute is deprecated. Please use `'airflow.sdk.get_current_context'`.","category":"DeprecatedImportWarning","filename":"/opt/airflow/dags/dag.py","lineno":5,"logger":"py.warnings"}
{"timestamp":"2025-12-24T11:24:12.028593Z","level":"warning","event":"The `airflow.models.param.Param` attribute is deprecated. Please use `'airflow.sdk.Param'`.","category":"DeprecatedImportWarning","filename":"/opt/airflow/dags/dag.py","lineno":10,"logger":"py.warnings"}
{"timestamp":"2025-12-24T11:24:12.028611Z","level":"warning","event":"The `airflow.operators.python.get_current_context` attribute is deprecated. Please use `'airflow.sdk.get_current_context'`.","category":"DeprecatedImportWarning","filename":"/opt/airflow/dags/dag.py","lineno":18,"logger":"py.warnings"}
{"timestamp":"2025-12-24T11:24:42.490579Z","level":"info","event":"Filling up the DagBag from /opt/airflow/dags/dag.py","logger":"airflow.models.dagbag.DagBag","filename":"dagbag.py","lineno":593}
{"timestamp":"2025-12-24T11:24:42.543910Z","level":"warning","event":"The `airflow.decorators.dag` attribute is deprecated. Please use `'airflow.sdk.dag'`.","category":"DeprecatedImportWarning","filename":"/opt/airflow/dags/dag.py","lineno":1,"logger":"py.warnings"}
{"timestamp":"2025-12-24T11:24:42.544029Z","level":"warning","event":"The `airflow.decorators.task` attribute is deprecated. Please use `'airflow.sdk.task'`.","category":"DeprecatedImportWarning","filename":"/opt/airflow/dags/dag.py","lineno":2,"logger":"py.warnings"}
{"timestamp":"2025-12-24T11:24:42.544054Z","level":"warning","event":"The `airflow.operators.empty.EmptyOperator` attribute is deprecated. Please use `'airflow.providers.standard.operators.empty.EmptyOperator'`.","category":"DeprecatedImportWarning","filename":"/opt/airflow/dags/dag.py","lineno":3,"logger":"py.warnings"}
{"timestamp":"2025-12-24T11:24:42.544075Z","level":"warning","event":"The `airflow.operators.python.get_current_context` attribute is deprecated. Please use `'airflow.sdk.get_current_context'`.","category":"DeprecatedImportWarning","filename":"/opt/airflow/dags/dag.py","lineno":5,"logger":"py.warnings"}
{"timestamp":"2025-12-24T11:24:42.544098Z","level":"warning","event":"The `airflow.models.param.Param` attribute is deprecated. Please use `'airflow.sdk.Param'`.","category":"DeprecatedImportWarning","filename":"/opt/airflow/dags/dag.py","lineno":10,"logger":"py.warnings"}
{"timestamp":"2025-12-24T11:24:42.544116Z","level":"warning","event":"The `airflow.operators.python.get_current_context` attribute is deprecated. Please use `'airflow.sdk.get_current_context'`.","category":"DeprecatedImportWarning","filename":"/opt/airflow/dags/dag.py","lineno":18,"logger":"py.warnings"}
{"timestamp":"2025-12-24T11:25:12.979935Z","level":"info","event":"Filling up the DagBag from /opt/airflow/dags/dag.py","logger":"airflow.models.dagbag.DagBag","filename":"dagbag.py","lineno":593}
{"timestamp":"2025-12-24T11:25:13.010176Z","level":"warning","event":"The `airflow.decorators.dag` attribute is deprecated. Please use `'airflow.sdk.dag'`.","category":"DeprecatedImportWarning","filename":"/opt/airflow/dags/dag.py","lineno":1,"logger":"py.warnings"}
{"timestamp":"2025-12-24T11:25:13.010252Z","level":"warning","event":"The `airflow.decorators.task` attribute is deprecated. Please use `'airflow.sdk.task'`.","category":"DeprecatedImportWarning","filename":"/opt/airflow/dags/dag.py","lineno":2,"logger":"py.warnings"}
{"timestamp":"2025-12-24T11:25:13.010277Z","level":"warning","event":"The `airflow.operators.empty.EmptyOperator` attribute is deprecated. Please use `'airflow.providers.standard.operators.empty.EmptyOperator'`.","category":"DeprecatedImportWarning","filename":"/opt/airflow/dags/dag.py","lineno":3,"logger":"py.warnings"}
{"timestamp":"2025-12-24T11:25:13.010299Z","level":"warning","event":"The `airflow.operators.python.get_current_context` attribute is deprecated. Please use `'airflow.sdk.get_current_context'`.","category":"DeprecatedImportWarning","filename":"/opt/airflow/dags/dag.py","lineno":5,"logger":"py.warnings"}
{"timestamp":"2025-12-24T11:25:13.010320Z","level":"warning","event":"The `airflow.models.param.Param` attribute is deprecated. Please use `'airflow.sdk.Param'`.","category":"DeprecatedImportWarning","filename":"/opt/airflow/dags/dag.py","lineno":10,"logger":"py.warnings"}
{"timestamp":"2025-12-24T11:25:13.010347Z","level":"warning","event":"The `airflow.operators.python.get_current_context` attribute is deprecated. Please use `'airflow.sdk.get_current_context'`.","category":"DeprecatedImportWarning","filename":"/opt/airflow/dags/dag.py","lineno":18,"logger":"py.warnings"}
{"timestamp":"2025-12-24T11:25:43.402515Z","level":"info","event":"Filling up the DagBag from /opt/airflow/dags/dag.py","logger":"airflow.models.dagbag.DagBag","filename":"dagbag.py","lineno":593}
{"timestamp":"2025-12-24T11:25:43.455691Z","level":"warning","event":"The `airflow.decorators.dag` attribute is deprecated. Please use `'airflow.sdk.dag'`.","category":"DeprecatedImportWarning","filename":"/opt/airflow/dags/dag.py","lineno":1,"logger":"py.warnings"}
{"timestamp":"2025-12-24T11:25:43.455769Z","level":"warning","event":"The `airflow.decorators.task` attribute is deprecated. Please use `'airflow.sdk.task'`.","category":"DeprecatedImportWarning","filename":"/opt/airflow/dags/dag.py","lineno":2,"logger":"py.warnings"}
{"timestamp":"2025-12-24T11:25:43.455793Z","level":"warning","event":"The `airflow.operators.empty.EmptyOperator` attribute is deprecated. Please use `'airflow.providers.standard.operators.empty.EmptyOperator'`.","category":"DeprecatedImportWarning","filename":"/opt/airflow/dags/dag.py","lineno":3,"logger":"py.warnings"}
{"timestamp":"2025-12-24T11:25:43.455814Z","level":"warning","event":"The `airflow.operators.python.get_current_context` attribute is deprecated. Please use `'airflow.sdk.get_current_context'`.","category":"DeprecatedImportWarning","filename":"/opt/airflow/dags/dag.py","lineno":5,"logger":"py.warnings"}
{"timestamp":"2025-12-24T11:25:43.455834Z","level":"warning","event":"The `airflow.models.param.Param` attribute is deprecated. Please use `'airflow.sdk.Param'`.","category":"DeprecatedImportWarning","filename":"/opt/airflow/dags/dag.py","lineno":10,"logger":"py.warnings"}
{"timestamp":"2025-12-24T11:25:43.455852Z","level":"warning","event":"The `airflow.operators.python.get_current_context` attribute is deprecated. Please use `'airflow.sdk.get_current_context'`.","category":"DeprecatedImportWarning","filename":"/opt/airflow/dags/dag.py","lineno":18,"logger":"py.warnings"}
{"timestamp":"2025-12-24T11:26:13.922446Z","level":"info","event":"Filling up the DagBag from /opt/airflow/dags/dag.py","logger":"airflow.models.dagbag.DagBag","filename":"dagbag.py","lineno":593}
{"timestamp":"2025-12-24T11:26:13.976493Z","level":"warning","event":"The `airflow.decorators.dag` attribute is deprecated. Please use `'airflow.sdk.dag'`.","category":"DeprecatedImportWarning","filename":"/opt/airflow/dags/dag.py","lineno":1,"logger":"py.warnings"}
{"timestamp":"2025-12-24T11:26:13.976607Z","level":"warning","event":"The `airflow.decorators.task` attribute is deprecated. Please use `'airflow.sdk.task'`.","category":"DeprecatedImportWarning","filename":"/opt/airflow/dags/dag.py","lineno":2,"logger":"py.warnings"}
{"timestamp":"2025-12-24T11:26:13.976631Z","level":"warning","event":"The `airflow.operators.empty.EmptyOperator` attribute is deprecated. Please use `'airflow.providers.standard.operators.empty.EmptyOperator'`.","category":"DeprecatedImportWarning","filename":"/opt/airflow/dags/dag.py","lineno":3,"logger":"py.warnings"}
{"timestamp":"2025-12-24T11:26:13.976650Z","level":"warning","event":"The `airflow.operators.python.get_current_context` attribute is deprecated. Please use `'airflow.sdk.get_current_context'`.","category":"DeprecatedImportWarning","filename":"/opt/airflow/dags/dag.py","lineno":5,"logger":"py.warnings"}
{"timestamp":"2025-12-24T11:26:13.976670Z","level":"warning","event":"The `airflow.models.param.Param` attribute is deprecated. Please use `'airflow.sdk.Param'`.","category":"DeprecatedImportWarning","filename":"/opt/airflow/dags/dag.py","lineno":10,"logger":"py.warnings"}
{"timestamp":"2025-12-24T11:26:13.976687Z","level":"warning","event":"The `airflow.operators.python.get_current_context` attribute is deprecated. Please use `'airflow.sdk.get_current_context'`.","category":"DeprecatedImportWarning","filename":"/opt/airflow/dags/dag.py","lineno":18,"logger":"py.warnings"}
{"timestamp":"2025-12-24T11:26:44.494322Z","level":"info","event":"Filling up the DagBag from /opt/airflow/dags/dag.py","logger":"airflow.models.dagbag.DagBag","filename":"dagbag.py","lineno":593}
{"timestamp":"2025-12-24T11:26:44.540648Z","level":"warning","event":"The `airflow.decorators.dag` attribute is deprecated. Please use `'airflow.sdk.dag'`.","category":"DeprecatedImportWarning","filename":"/opt/airflow/dags/dag.py","lineno":1,"logger":"py.warnings"}
{"timestamp":"2025-12-24T11:26:44.540718Z","level":"warning","event":"The `airflow.decorators.task` attribute is deprecated. Please use `'airflow.sdk.task'`.","category":"DeprecatedImportWarning","filename":"/opt/airflow/dags/dag.py","lineno":2,"logger":"py.warnings"}
{"timestamp":"2025-12-24T11:26:44.540743Z","level":"warning","event":"The `airflow.operators.empty.EmptyOperator` attribute is deprecated. Please use `'airflow.providers.standard.operators.empty.EmptyOperator'`.","category":"DeprecatedImportWarning","filename":"/opt/airflow/dags/dag.py","lineno":3,"logger":"py.warnings"}
{"timestamp":"2025-12-24T11:26:44.540764Z","level":"warning","event":"The `airflow.operators.python.get_current_context` attribute is deprecated. Please use `'airflow.sdk.get_current_context'`.","category":"DeprecatedImportWarning","filename":"/opt/airflow/dags/dag.py","lineno":5,"logger":"py.warnings"}
{"timestamp":"2025-12-24T11:26:44.540786Z","level":"warning","event":"The `airflow.models.param.Param` attribute is deprecated. Please use `'airflow.sdk.Param'`.","category":"DeprecatedImportWarning","filename":"/opt/airflow/dags/dag.py","lineno":10,"logger":"py.warnings"}
{"timestamp":"2025-12-24T11:26:44.540804Z","level":"warning","event":"The `airflow.operators.python.get_current_context` attribute is deprecated. Please use `'airflow.sdk.get_current_context'`.","category":"DeprecatedImportWarning","filename":"/opt/airflow/dags/dag.py","lineno":18,"logger":"py.warnings"}
{"timestamp":"2025-12-24T11:27:14.977777Z","level":"info","event":"Filling up the DagBag from /opt/airflow/dags/dag.py","logger":"airflow.models.dagbag.DagBag","filename":"dagbag.py","lineno":593}
{"timestamp":"2025-12-24T11:27:15.016898Z","level":"warning","event":"The `airflow.decorators.dag` attribute is deprecated. Please use `'airflow.sdk.dag'`.","category":"DeprecatedImportWarning","filename":"/opt/airflow/dags/dag.py","lineno":1,"logger":"py.warnings"}
{"timestamp":"2025-12-24T11:27:15.016973Z","level":"warning","event":"The `airflow.decorators.task` attribute is deprecated. Please use `'airflow.sdk.task'`.","category":"DeprecatedImportWarning","filename":"/opt/airflow/dags/dag.py","lineno":2,"logger":"py.warnings"}
{"timestamp":"2025-12-24T11:27:15.016995Z","level":"warning","event":"The `airflow.operators.empty.EmptyOperator` attribute is deprecated. Please use `'airflow.providers.standard.operators.empty.EmptyOperator'`.","category":"DeprecatedImportWarning","filename":"/opt/airflow/dags/dag.py","lineno":3,"logger":"py.warnings"}
{"timestamp":"2025-12-24T11:27:15.017015Z","level":"warning","event":"The `airflow.operators.python.get_current_context` attribute is deprecated. Please use `'airflow.sdk.get_current_context'`.","category":"DeprecatedImportWarning","filename":"/opt/airflow/dags/dag.py","lineno":5,"logger":"py.warnings"}
{"timestamp":"2025-12-24T11:27:15.017035Z","level":"warning","event":"The `airflow.models.param.Param` attribute is deprecated. Please use `'airflow.sdk.Param'`.","category":"DeprecatedImportWarning","filename":"/opt/airflow/dags/dag.py","lineno":10,"logger":"py.warnings"}
{"timestamp":"2025-12-24T11:27:15.017053Z","level":"warning","event":"The `airflow.operators.python.get_current_context` attribute is deprecated. Please use `'airflow.sdk.get_current_context'`.","category":"DeprecatedImportWarning","filename":"/opt/airflow/dags/dag.py","lineno":18,"logger":"py.warnings"}
{"timestamp":"2025-12-24T11:27:45.469469Z","level":"info","event":"Filling up the DagBag from /opt/airflow/dags/dag.py","logger":"airflow.models.dagbag.DagBag","filename":"dagbag.py","lineno":593}
{"timestamp":"2025-12-24T11:27:45.509208Z","level":"warning","event":"The `airflow.decorators.dag` attribute is deprecated. Please use `'airflow.sdk.dag'`.","category":"DeprecatedImportWarning","filename":"/opt/airflow/dags/dag.py","lineno":1,"logger":"py.warnings"}
{"timestamp":"2025-12-24T11:27:45.509471Z","level":"warning","event":"The `airflow.decorators.task` attribute is deprecated. Please use `'airflow.sdk.task'`.","category":"DeprecatedImportWarning","filename":"/opt/airflow/dags/dag.py","lineno":2,"logger":"py.warnings"}
{"timestamp":"2025-12-24T11:27:45.509520Z","level":"warning","event":"The `airflow.operators.empty.EmptyOperator` attribute is deprecated. Please use `'airflow.providers.standard.operators.empty.EmptyOperator'`.","category":"DeprecatedImportWarning","filename":"/opt/airflow/dags/dag.py","lineno":3,"logger":"py.warnings"}
{"timestamp":"2025-12-24T11:27:45.509543Z","level":"warning","event":"The `airflow.operators.python.get_current_context` attribute is deprecated. Please use `'airflow.sdk.get_current_context'`.","category":"DeprecatedImportWarning","filename":"/opt/airflow/dags/dag.py","lineno":5,"logger":"py.warnings"}
{"timestamp":"2025-12-24T11:27:45.509566Z","level":"warning","event":"The `airflow.models.param.Param` attribute is deprecated. Please use `'airflow.sdk.Param'`.","category":"DeprecatedImportWarning","filename":"/opt/airflow/dags/dag.py","lineno":10,"logger":"py.warnings"}
{"timestamp":"2025-12-24T11:27:45.509584Z","level":"warning","event":"The `airflow.operators.python.get_current_context` attribute is deprecated. Please use `'airflow.sdk.get_current_context'`.","category":"DeprecatedImportWarning","filename":"/opt/airflow/dags/dag.py","lineno":18,"logger":"py.warnings"}
{"timestamp":"2025-12-24T11:28:16.033686Z","level":"info","event":"Filling up the DagBag from /opt/airflow/dags/dag.py","logger":"airflow.models.dagbag.DagBag","filename":"dagbag.py","lineno":593}
{"timestamp":"2025-12-24T11:28:16.085734Z","level":"warning","event":"The `airflow.decorators.dag` attribute is deprecated. Please use `'airflow.sdk.dag'`.","category":"DeprecatedImportWarning","filename":"/opt/airflow/dags/dag.py","lineno":1,"logger":"py.warnings"}
{"timestamp":"2025-12-24T11:28:16.086026Z","level":"warning","event":"The `airflow.decorators.task` attribute is deprecated. Please use `'airflow.sdk.task'`.","category":"DeprecatedImportWarning","filename":"/opt/airflow/dags/dag.py","lineno":2,"logger":"py.warnings"}
{"timestamp":"2025-12-24T11:28:16.086473Z","level":"warning","event":"The `airflow.operators.empty.EmptyOperator` attribute is deprecated. Please use `'airflow.providers.standard.operators.empty.EmptyOperator'`.","category":"DeprecatedImportWarning","filename":"/opt/airflow/dags/dag.py","lineno":3,"logger":"py.warnings"}
{"timestamp":"2025-12-24T11:28:16.086509Z","level":"warning","event":"The `airflow.operators.python.get_current_context` attribute is deprecated. Please use `'airflow.sdk.get_current_context'`.","category":"DeprecatedImportWarning","filename":"/opt/airflow/dags/dag.py","lineno":5,"logger":"py.warnings"}
{"timestamp":"2025-12-24T11:28:16.086533Z","level":"warning","event":"The `airflow.models.param.Param` attribute is deprecated. Please use `'airflow.sdk.Param'`.","category":"DeprecatedImportWarning","filename":"/opt/airflow/dags/dag.py","lineno":10,"logger":"py.warnings"}
{"timestamp":"2025-12-24T11:28:16.086553Z","level":"warning","event":"The `airflow.operators.python.get_current_context` attribute is deprecated. Please use `'airflow.sdk.get_current_context'`.","category":"DeprecatedImportWarning","filename":"/opt/airflow/dags/dag.py","lineno":18,"logger":"py.warnings"}
{"timestamp":"2025-12-24T11:28:46.464438Z","level":"info","event":"Filling up the DagBag from /opt/airflow/dags/dag.py","logger":"airflow.models.dagbag.DagBag","filename":"dagbag.py","lineno":593}
{"timestamp":"2025-12-24T11:28:46.522426Z","level":"warning","event":"The `airflow.decorators.dag` attribute is deprecated. Please use `'airflow.sdk.dag'`.","category":"DeprecatedImportWarning","filename":"/opt/airflow/dags/dag.py","lineno":1,"logger":"py.warnings"}
{"timestamp":"2025-12-24T11:28:46.522500Z","level":"warning","event":"The `airflow.decorators.task` attribute is deprecated. Please use `'airflow.sdk.task'`.","category":"DeprecatedImportWarning","filename":"/opt/airflow/dags/dag.py","lineno":2,"logger":"py.warnings"}
{"timestamp":"2025-12-24T11:28:46.522521Z","level":"warning","event":"The `airflow.operators.empty.EmptyOperator` attribute is deprecated. Please use `'airflow.providers.standard.operators.empty.EmptyOperator'`.","category":"DeprecatedImportWarning","filename":"/opt/airflow/dags/dag.py","lineno":3,"logger":"py.warnings"}
{"timestamp":"2025-12-24T11:28:46.522540Z","level":"warning","event":"The `airflow.operators.python.get_current_context` attribute is deprecated. Please use `'airflow.sdk.get_current_context'`.","category":"DeprecatedImportWarning","filename":"/opt/airflow/dags/dag.py","lineno":5,"logger":"py.warnings"}
{"timestamp":"2025-12-24T11:28:46.522561Z","level":"warning","event":"The `airflow.models.param.Param` attribute is deprecated. Please use `'airflow.sdk.Param'`.","category":"DeprecatedImportWarning","filename":"/opt/airflow/dags/dag.py","lineno":10,"logger":"py.warnings"}
{"timestamp":"2025-12-24T11:28:46.522577Z","level":"warning","event":"The `airflow.operators.python.get_current_context` attribute is deprecated. Please use `'airflow.sdk.get_current_context'`.","category":"DeprecatedImportWarning","filename":"/opt/airflow/dags/dag.py","lineno":18,"logger":"py.warnings"}
{"timestamp":"2025-12-24T11:29:16.980050Z","level":"info","event":"Filling up the DagBag from /opt/airflow/dags/dag.py","logger":"airflow.models.dagbag.DagBag","filename":"dagbag.py","lineno":593}
{"timestamp":"2025-12-24T11:29:17.035585Z","level":"warning","event":"The `airflow.decorators.dag` attribute is deprecated. Please use `'airflow.sdk.dag'`.","category":"DeprecatedImportWarning","filename":"/opt/airflow/dags/dag.py","lineno":1,"logger":"py.warnings"}
{"timestamp":"2025-12-24T11:29:17.035704Z","level":"warning","event":"The `airflow.decorators.task` attribute is deprecated. Please use `'airflow.sdk.task'`.","category":"DeprecatedImportWarning","filename":"/opt/airflow/dags/dag.py","lineno":2,"logger":"py.warnings"}
{"timestamp":"2025-12-24T11:29:17.035731Z","level":"warning","event":"The `airflow.operators.empty.EmptyOperator` attribute is deprecated. Please use `'airflow.providers.standard.operators.empty.EmptyOperator'`.","category":"DeprecatedImportWarning","filename":"/opt/airflow/dags/dag.py","lineno":3,"logger":"py.warnings"}
{"timestamp":"2025-12-24T11:29:17.035754Z","level":"warning","event":"The `airflow.operators.python.get_current_context` attribute is deprecated. Please use `'airflow.sdk.get_current_context'`.","category":"DeprecatedImportWarning","filename":"/opt/airflow/dags/dag.py","lineno":5,"logger":"py.warnings"}
{"timestamp":"2025-12-24T11:29:17.035779Z","level":"warning","event":"The `airflow.models.param.Param` attribute is deprecated. Please use `'airflow.sdk.Param'`.","category":"DeprecatedImportWarning","filename":"/opt/airflow/dags/dag.py","lineno":10,"logger":"py.warnings"}
{"timestamp":"2025-12-24T11:29:17.035801Z","level":"warning","event":"The `airflow.operators.python.get_current_context` attribute is deprecated. Please use `'airflow.sdk.get_current_context'`.","category":"DeprecatedImportWarning","filename":"/opt/airflow/dags/dag.py","lineno":18,"logger":"py.warnings"}
{"timestamp":"2025-12-24T11:29:47.558358Z","level":"info","event":"Filling up the DagBag from /opt/airflow/dags/dag.py","logger":"airflow.models.dagbag.DagBag","filename":"dagbag.py","lineno":593}
{"timestamp":"2025-12-24T11:29:47.612686Z","level":"warning","event":"The `airflow.decorators.dag` attribute is deprecated. Please use `'airflow.sdk.dag'`.","category":"DeprecatedImportWarning","filename":"/opt/airflow/dags/dag.py","lineno":1,"logger":"py.warnings"}
{"timestamp":"2025-12-24T11:29:47.612961Z","level":"warning","event":"The `airflow.decorators.task` attribute is deprecated. Please use `'airflow.sdk.task'`.","category":"DeprecatedImportWarning","filename":"/opt/airflow/dags/dag.py","lineno":2,"logger":"py.warnings"}
{"timestamp":"2025-12-24T11:29:47.613007Z","level":"warning","event":"The `airflow.operators.empty.EmptyOperator` attribute is deprecated. Please use `'airflow.providers.standard.operators.empty.EmptyOperator'`.","category":"DeprecatedImportWarning","filename":"/opt/airflow/dags/dag.py","lineno":3,"logger":"py.warnings"}
{"timestamp":"2025-12-24T11:29:47.613028Z","level":"warning","event":"The `airflow.operators.python.get_current_context` attribute is deprecated. Please use `'airflow.sdk.get_current_context'`.","category":"DeprecatedImportWarning","filename":"/opt/airflow/dags/dag.py","lineno":5,"logger":"py.warnings"}
{"timestamp":"2025-12-24T11:29:47.613049Z","level":"warning","event":"The `airflow.models.param.Param` attribute is deprecated. Please use `'airflow.sdk.Param'`.","category":"DeprecatedImportWarning","filename":"/opt/airflow/dags/dag.py","lineno":10,"logger":"py.warnings"}
{"timestamp":"2025-12-24T11:29:47.613067Z","level":"warning","event":"The `airflow.operators.python.get_current_context` attribute is deprecated. Please use `'airflow.sdk.get_current_context'`.","category":"DeprecatedImportWarning","filename":"/opt/airflow/dags/dag.py","lineno":18,"logger":"py.warnings"}
{"timestamp":"2025-12-24T11:30:18.064324Z","level":"info","event":"Filling up the DagBag from /opt/airflow/dags/dag.py","logger":"airflow.models.dagbag.DagBag","filename":"dagbag.py","lineno":593}
{"timestamp":"2025-12-24T11:30:18.117623Z","level":"warning","event":"The `airflow.decorators.dag` attribute is deprecated. Please use `'airflow.sdk.dag'`.","category":"DeprecatedImportWarning","filename":"/opt/airflow/dags/dag.py","lineno":1,"logger":"py.warnings"}
{"timestamp":"2025-12-24T11:30:18.117967Z","level":"warning","event":"The `airflow.decorators.task` attribute is deprecated. Please use `'airflow.sdk.task'`.","category":"DeprecatedImportWarning","filename":"/opt/airflow/dags/dag.py","lineno":2,"logger":"py.warnings"}
{"timestamp":"2025-12-24T11:30:18.118008Z","level":"warning","event":"The `airflow.operators.empty.EmptyOperator` attribute is deprecated. Please use `'airflow.providers.standard.operators.empty.EmptyOperator'`.","category":"DeprecatedImportWarning","filename":"/opt/airflow/dags/dag.py","lineno":3,"logger":"py.warnings"}
{"timestamp":"2025-12-24T11:30:18.118028Z","level":"warning","event":"The `airflow.operators.python.get_current_context` attribute is deprecated. Please use `'airflow.sdk.get_current_context'`.","category":"DeprecatedImportWarning","filename":"/opt/airflow/dags/dag.py","lineno":5,"logger":"py.warnings"}
{"timestamp":"2025-12-24T11:30:18.118048Z","level":"warning","event":"The `airflow.models.param.Param` attribute is deprecated. Please use `'airflow.sdk.Param'`.","category":"DeprecatedImportWarning","filename":"/opt/airflow/dags/dag.py","lineno":10,"logger":"py.warnings"}
{"timestamp":"2025-12-24T11:30:18.118065Z","level":"warning","event":"The `airflow.operators.python.get_current_context` attribute is deprecated. Please use `'airflow.sdk.get_current_context'`.","category":"DeprecatedImportWarning","filename":"/opt/airflow/dags/dag.py","lineno":18,"logger":"py.warnings"}
{"timestamp":"2025-12-24T11:30:48.631288Z","level":"info","event":"Filling up the DagBag from /opt/airflow/dags/dag.py","logger":"airflow.models.dagbag.DagBag","filename":"dagbag.py","lineno":593}
{"timestamp":"2025-12-24T11:30:48.695360Z","level":"warning","event":"The `airflow.decorators.dag` attribute is deprecated. Please use `'airflow.sdk.dag'`.","category":"DeprecatedImportWarning","filename":"/opt/airflow/dags/dag.py","lineno":1,"logger":"py.warnings"}
{"timestamp":"2025-12-24T11:30:48.695636Z","level":"warning","event":"The `airflow.decorators.task` attribute is deprecated. Please use `'airflow.sdk.task'`.","category":"DeprecatedImportWarning","filename":"/opt/airflow/dags/dag.py","lineno":2,"logger":"py.warnings"}
{"timestamp":"2025-12-24T11:30:48.695675Z","level":"warning","event":"The `airflow.operators.empty.EmptyOperator` attribute is deprecated. Please use `'airflow.providers.standard.operators.empty.EmptyOperator'`.","category":"DeprecatedImportWarning","filename":"/opt/airflow/dags/dag.py","lineno":3,"logger":"py.warnings"}
{"timestamp":"2025-12-24T11:30:48.695704Z","level":"warning","event":"The `airflow.operators.python.get_current_context` attribute is deprecated. Please use `'airflow.sdk.get_current_context'`.","category":"DeprecatedImportWarning","filename":"/opt/airflow/dags/dag.py","lineno":5,"logger":"py.warnings"}
{"timestamp":"2025-12-24T11:30:48.695733Z","level":"warning","event":"The `airflow.models.param.Param` attribute is deprecated. Please use `'airflow.sdk.Param'`.","category":"DeprecatedImportWarning","filename":"/opt/airflow/dags/dag.py","lineno":10,"logger":"py.warnings"}
{"timestamp":"2025-12-24T11:30:48.695751Z","level":"warning","event":"The `airflow.operators.python.get_current_context` attribute is deprecated. Please use `'airflow.sdk.get_current_context'`.","category":"DeprecatedImportWarning","filename":"/opt/airflow/dags/dag.py","lineno":18,"logger":"py.warnings"}
{"timestamp":"2025-12-24T11:31:19.121207Z","level":"info","event":"Filling up the DagBag from /opt/airflow/dags/dag.py","logger":"airflow.models.dagbag.DagBag","filename":"dagbag.py","lineno":593}
{"timestamp":"2025-12-24T11:31:19.177287Z","level":"warning","event":"The `airflow.decorators.dag` attribute is deprecated. Please use `'airflow.sdk.dag'`.","category":"DeprecatedImportWarning","filename":"/opt/airflow/dags/dag.py","lineno":1,"logger":"py.warnings"}
{"timestamp":"2025-12-24T11:31:19.177613Z","level":"warning","event":"The `airflow.decorators.task` attribute is deprecated. Please use `'airflow.sdk.task'`.","category":"DeprecatedImportWarning","filename":"/opt/airflow/dags/dag.py","lineno":2,"logger":"py.warnings"}
{"timestamp":"2025-12-24T11:31:19.177682Z","level":"warning","event":"The `airflow.operators.empty.EmptyOperator` attribute is deprecated. Please use `'airflow.providers.standard.operators.empty.EmptyOperator'`.","category":"DeprecatedImportWarning","filename":"/opt/airflow/dags/dag.py","lineno":3,"logger":"py.warnings"}
{"timestamp":"2025-12-24T11:31:19.177711Z","level":"warning","event":"The `airflow.operators.python.get_current_context` attribute is deprecated. Please use `'airflow.sdk.get_current_context'`.","category":"DeprecatedImportWarning","filename":"/opt/airflow/dags/dag.py","lineno":5,"logger":"py.warnings"}
{"timestamp":"2025-12-24T11:31:19.177741Z","level":"warning","event":"The `airflow.models.param.Param` attribute is deprecated. Please use `'airflow.sdk.Param'`.","category":"DeprecatedImportWarning","filename":"/opt/airflow/dags/dag.py","lineno":10,"logger":"py.warnings"}
{"timestamp":"2025-12-24T11:31:19.177761Z","level":"warning","event":"The `airflow.operators.python.get_current_context` attribute is deprecated. Please use `'airflow.sdk.get_current_context'`.","category":"DeprecatedImportWarning","filename":"/opt/airflow/dags/dag.py","lineno":18,"logger":"py.warnings"}
{"timestamp":"2025-12-24T11:31:49.629500Z","level":"info","event":"Filling up the DagBag from /opt/airflow/dags/dag.py","logger":"airflow.models.dagbag.DagBag","filename":"dagbag.py","lineno":593}
{"timestamp":"2025-12-24T11:31:49.697773Z","level":"warning","event":"The `airflow.decorators.dag` attribute is deprecated. Please use `'airflow.sdk.dag'`.","category":"DeprecatedImportWarning","filename":"/opt/airflow/dags/dag.py","lineno":1,"logger":"py.warnings"}
{"timestamp":"2025-12-24T11:31:49.697861Z","level":"warning","event":"The `airflow.decorators.task` attribute is deprecated. Please use `'airflow.sdk.task'`.","category":"DeprecatedImportWarning","filename":"/opt/airflow/dags/dag.py","lineno":2,"logger":"py.warnings"}
{"timestamp":"2025-12-24T11:31:49.697886Z","level":"warning","event":"The `airflow.operators.empty.EmptyOperator` attribute is deprecated. Please use `'airflow.providers.standard.operators.empty.EmptyOperator'`.","category":"DeprecatedImportWarning","filename":"/opt/airflow/dags/dag.py","lineno":3,"logger":"py.warnings"}
{"timestamp":"2025-12-24T11:31:49.697905Z","level":"warning","event":"The `airflow.operators.python.get_current_context` attribute is deprecated. Please use `'airflow.sdk.get_current_context'`.","category":"DeprecatedImportWarning","filename":"/opt/airflow/dags/dag.py","lineno":5,"logger":"py.warnings"}
{"timestamp":"2025-12-24T11:31:49.697926Z","level":"warning","event":"The `airflow.models.param.Param` attribute is deprecated. Please use `'airflow.sdk.Param'`.","category":"DeprecatedImportWarning","filename":"/opt/airflow/dags/dag.py","lineno":10,"logger":"py.warnings"}
{"timestamp":"2025-12-24T11:31:49.697944Z","level":"warning","event":"The `airflow.operators.python.get_current_context` attribute is deprecated. Please use `'airflow.sdk.get_current_context'`.","category":"DeprecatedImportWarning","filename":"/opt/airflow/dags/dag.py","lineno":18,"logger":"py.warnings"}
{"timestamp":"2025-12-24T11:32:20.110088Z","level":"info","event":"Filling up the DagBag from /opt/airflow/dags/dag.py","logger":"airflow.models.dagbag.DagBag","filename":"dagbag.py","lineno":593}
{"timestamp":"2025-12-24T11:32:20.158611Z","level":"warning","event":"The `airflow.decorators.dag` attribute is deprecated. Please use `'airflow.sdk.dag'`.","category":"DeprecatedImportWarning","filename":"/opt/airflow/dags/dag.py","lineno":1,"logger":"py.warnings"}
{"timestamp":"2025-12-24T11:32:20.158698Z","level":"warning","event":"The `airflow.decorators.task` attribute is deprecated. Please use `'airflow.sdk.task'`.","category":"DeprecatedImportWarning","filename":"/opt/airflow/dags/dag.py","lineno":2,"logger":"py.warnings"}
{"timestamp":"2025-12-24T11:32:20.158733Z","level":"warning","event":"The `airflow.operators.empty.EmptyOperator` attribute is deprecated. Please use `'airflow.providers.standard.operators.empty.EmptyOperator'`.","category":"DeprecatedImportWarning","filename":"/opt/airflow/dags/dag.py","lineno":3,"logger":"py.warnings"}
{"timestamp":"2025-12-24T11:32:20.158810Z","level":"warning","event":"The `airflow.operators.python.get_current_context` attribute is deprecated. Please use `'airflow.sdk.get_current_context'`.","category":"DeprecatedImportWarning","filename":"/opt/airflow/dags/dag.py","lineno":5,"logger":"py.warnings"}
{"timestamp":"2025-12-24T11:32:20.158866Z","level":"warning","event":"The `airflow.models.param.Param` attribute is deprecated. Please use `'airflow.sdk.Param'`.","category":"DeprecatedImportWarning","filename":"/opt/airflow/dags/dag.py","lineno":10,"logger":"py.warnings"}
{"timestamp":"2025-12-24T11:32:20.158918Z","level":"warning","event":"The `airflow.operators.python.get_current_context` attribute is deprecated. Please use `'airflow.sdk.get_current_context'`.","category":"DeprecatedImportWarning","filename":"/opt/airflow/dags/dag.py","lineno":18,"logger":"py.warnings"}
{"timestamp":"2025-12-24T11:32:50.585020Z","level":"info","event":"Filling up the DagBag from /opt/airflow/dags/dag.py","logger":"airflow.models.dagbag.DagBag","filename":"dagbag.py","lineno":593}
{"timestamp":"2025-12-24T11:32:50.623194Z","level":"warning","event":"The `airflow.decorators.dag` attribute is deprecated. Please use `'airflow.sdk.dag'`.","category":"DeprecatedImportWarning","filename":"/opt/airflow/dags/dag.py","lineno":1,"logger":"py.warnings"}
{"timestamp":"2025-12-24T11:32:50.623451Z","level":"warning","event":"The `airflow.decorators.task` attribute is deprecated. Please use `'airflow.sdk.task'`.","category":"DeprecatedImportWarning","filename":"/opt/airflow/dags/dag.py","lineno":2,"logger":"py.warnings"}
{"timestamp":"2025-12-24T11:32:50.623499Z","level":"warning","event":"The `airflow.operators.empty.EmptyOperator` attribute is deprecated. Please use `'airflow.providers.standard.operators.empty.EmptyOperator'`.","category":"DeprecatedImportWarning","filename":"/opt/airflow/dags/dag.py","lineno":3,"logger":"py.warnings"}
{"timestamp":"2025-12-24T11:32:50.623526Z","level":"warning","event":"The `airflow.operators.python.get_current_context` attribute is deprecated. Please use `'airflow.sdk.get_current_context'`.","category":"DeprecatedImportWarning","filename":"/opt/airflow/dags/dag.py","lineno":5,"logger":"py.warnings"}
{"timestamp":"2025-12-24T11:32:50.623561Z","level":"warning","event":"The `airflow.models.param.Param` attribute is deprecated. Please use `'airflow.sdk.Param'`.","category":"DeprecatedImportWarning","filename":"/opt/airflow/dags/dag.py","lineno":10,"logger":"py.warnings"}
{"timestamp":"2025-12-24T11:32:50.623580Z","level":"warning","event":"The `airflow.operators.python.get_current_context` attribute is deprecated. Please use `'airflow.sdk.get_current_context'`.","category":"DeprecatedImportWarning","filename":"/opt/airflow/dags/dag.py","lineno":18,"logger":"py.warnings"}
{"timestamp":"2025-12-24T11:33:21.041331Z","level":"info","event":"Filling up the DagBag from /opt/airflow/dags/dag.py","logger":"airflow.models.dagbag.DagBag","filename":"dagbag.py","lineno":593}
{"timestamp":"2025-12-24T11:33:21.073947Z","level":"warning","event":"The `airflow.decorators.dag` attribute is deprecated. Please use `'airflow.sdk.dag'`.","category":"DeprecatedImportWarning","filename":"/opt/airflow/dags/dag.py","lineno":1,"logger":"py.warnings"}
{"timestamp":"2025-12-24T11:33:21.074027Z","level":"warning","event":"The `airflow.decorators.task` attribute is deprecated. Please use `'airflow.sdk.task'`.","category":"DeprecatedImportWarning","filename":"/opt/airflow/dags/dag.py","lineno":2,"logger":"py.warnings"}
{"timestamp":"2025-12-24T11:33:21.074085Z","level":"warning","event":"The `airflow.operators.empty.EmptyOperator` attribute is deprecated. Please use `'airflow.providers.standard.operators.empty.EmptyOperator'`.","category":"DeprecatedImportWarning","filename":"/opt/airflow/dags/dag.py","lineno":3,"logger":"py.warnings"}
{"timestamp":"2025-12-24T11:33:21.074119Z","level":"warning","event":"The `airflow.operators.python.get_current_context` attribute is deprecated. Please use `'airflow.sdk.get_current_context'`.","category":"DeprecatedImportWarning","filename":"/opt/airflow/dags/dag.py","lineno":5,"logger":"py.warnings"}
{"timestamp":"2025-12-24T11:33:21.074149Z","level":"warning","event":"The `airflow.models.param.Param` attribute is deprecated. Please use `'airflow.sdk.Param'`.","category":"DeprecatedImportWarning","filename":"/opt/airflow/dags/dag.py","lineno":10,"logger":"py.warnings"}
{"timestamp":"2025-12-24T11:33:21.074179Z","level":"warning","event":"The `airflow.operators.python.get_current_context` attribute is deprecated. Please use `'airflow.sdk.get_current_context'`.","category":"DeprecatedImportWarning","filename":"/opt/airflow/dags/dag.py","lineno":18,"logger":"py.warnings"}
{"timestamp":"2025-12-24T11:33:51.493798Z","level":"info","event":"Filling up the DagBag from /opt/airflow/dags/dag.py","logger":"airflow.models.dagbag.DagBag","filename":"dagbag.py","lineno":593}
{"timestamp":"2025-12-24T11:33:51.567719Z","level":"warning","event":"The `airflow.decorators.dag` attribute is deprecated. Please use `'airflow.sdk.dag'`.","category":"DeprecatedImportWarning","filename":"/opt/airflow/dags/dag.py","lineno":1,"logger":"py.warnings"}
{"timestamp":"2025-12-24T11:33:51.568099Z","level":"warning","event":"The `airflow.decorators.task` attribute is deprecated. Please use `'airflow.sdk.task'`.","category":"DeprecatedImportWarning","filename":"/opt/airflow/dags/dag.py","lineno":2,"logger":"py.warnings"}
{"timestamp":"2025-12-24T11:33:51.568161Z","level":"warning","event":"The `airflow.operators.empty.EmptyOperator` attribute is deprecated. Please use `'airflow.providers.standard.operators.empty.EmptyOperator'`.","category":"DeprecatedImportWarning","filename":"/opt/airflow/dags/dag.py","lineno":3,"logger":"py.warnings"}
{"timestamp":"2025-12-24T11:33:51.568183Z","level":"warning","event":"The `airflow.operators.python.get_current_context` attribute is deprecated. Please use `'airflow.sdk.get_current_context'`.","category":"DeprecatedImportWarning","filename":"/opt/airflow/dags/dag.py","lineno":5,"logger":"py.warnings"}
{"timestamp":"2025-12-24T11:33:51.568221Z","level":"warning","event":"The `airflow.models.param.Param` attribute is deprecated. Please use `'airflow.sdk.Param'`.","category":"DeprecatedImportWarning","filename":"/opt/airflow/dags/dag.py","lineno":10,"logger":"py.warnings"}
{"timestamp":"2025-12-24T11:33:51.568243Z","level":"warning","event":"The `airflow.operators.python.get_current_context` attribute is deprecated. Please use `'airflow.sdk.get_current_context'`.","category":"DeprecatedImportWarning","filename":"/opt/airflow/dags/dag.py","lineno":18,"logger":"py.warnings"}
{"timestamp":"2025-12-24T11:34:22.074587Z","level":"info","event":"Filling up the DagBag from /opt/airflow/dags/dag.py","logger":"airflow.models.dagbag.DagBag","filename":"dagbag.py","lineno":593}
{"timestamp":"2025-12-24T11:34:22.125119Z","level":"warning","event":"The `airflow.decorators.dag` attribute is deprecated. Please use `'airflow.sdk.dag'`.","category":"DeprecatedImportWarning","filename":"/opt/airflow/dags/dag.py","lineno":1,"logger":"py.warnings"}
{"timestamp":"2025-12-24T11:34:22.125203Z","level":"warning","event":"The `airflow.decorators.task` attribute is deprecated. Please use `'airflow.sdk.task'`.","category":"DeprecatedImportWarning","filename":"/opt/airflow/dags/dag.py","lineno":2,"logger":"py.warnings"}
{"timestamp":"2025-12-24T11:34:22.125246Z","level":"warning","event":"The `airflow.operators.empty.EmptyOperator` attribute is deprecated. Please use `'airflow.providers.standard.operators.empty.EmptyOperator'`.","category":"DeprecatedImportWarning","filename":"/opt/airflow/dags/dag.py","lineno":3,"logger":"py.warnings"}
{"timestamp":"2025-12-24T11:34:22.125270Z","level":"warning","event":"The `airflow.operators.python.get_current_context` attribute is deprecated. Please use `'airflow.sdk.get_current_context'`.","category":"DeprecatedImportWarning","filename":"/opt/airflow/dags/dag.py","lineno":5,"logger":"py.warnings"}
{"timestamp":"2025-12-24T11:34:22.125301Z","level":"warning","event":"The `airflow.models.param.Param` attribute is deprecated. Please use `'airflow.sdk.Param'`.","category":"DeprecatedImportWarning","filename":"/opt/airflow/dags/dag.py","lineno":10,"logger":"py.warnings"}
{"timestamp":"2025-12-24T11:34:22.125326Z","level":"warning","event":"The `airflow.operators.python.get_current_context` attribute is deprecated. Please use `'airflow.sdk.get_current_context'`.","category":"DeprecatedImportWarning","filename":"/opt/airflow/dags/dag.py","lineno":18,"logger":"py.warnings"}
{"timestamp":"2025-12-24T11:34:52.603601Z","level":"info","event":"Filling up the DagBag from /opt/airflow/dags/dag.py","logger":"airflow.models.dagbag.DagBag","filename":"dagbag.py","lineno":593}
{"timestamp":"2025-12-24T11:34:52.670549Z","level":"warning","event":"The `airflow.decorators.dag` attribute is deprecated. Please use `'airflow.sdk.dag'`.","category":"DeprecatedImportWarning","filename":"/opt/airflow/dags/dag.py","lineno":1,"logger":"py.warnings"}
{"timestamp":"2025-12-24T11:34:52.670654Z","level":"warning","event":"The `airflow.decorators.task` attribute is deprecated. Please use `'airflow.sdk.task'`.","category":"DeprecatedImportWarning","filename":"/opt/airflow/dags/dag.py","lineno":2,"logger":"py.warnings"}
{"timestamp":"2025-12-24T11:34:52.670678Z","level":"warning","event":"The `airflow.operators.empty.EmptyOperator` attribute is deprecated. Please use `'airflow.providers.standard.operators.empty.EmptyOperator'`.","category":"DeprecatedImportWarning","filename":"/opt/airflow/dags/dag.py","lineno":3,"logger":"py.warnings"}
{"timestamp":"2025-12-24T11:34:52.670698Z","level":"warning","event":"The `airflow.operators.python.get_current_context` attribute is deprecated. Please use `'airflow.sdk.get_current_context'`.","category":"DeprecatedImportWarning","filename":"/opt/airflow/dags/dag.py","lineno":5,"logger":"py.warnings"}
{"timestamp":"2025-12-24T11:34:52.670738Z","level":"warning","event":"The `airflow.models.param.Param` attribute is deprecated. Please use `'airflow.sdk.Param'`.","category":"DeprecatedImportWarning","filename":"/opt/airflow/dags/dag.py","lineno":10,"logger":"py.warnings"}
{"timestamp":"2025-12-24T11:34:52.670765Z","level":"warning","event":"The `airflow.operators.python.get_current_context` attribute is deprecated. Please use `'airflow.sdk.get_current_context'`.","category":"DeprecatedImportWarning","filename":"/opt/airflow/dags/dag.py","lineno":18,"logger":"py.warnings"}
{"timestamp":"2025-12-24T11:35:23.173780Z","level":"info","event":"Filling up the DagBag from /opt/airflow/dags/dag.py","logger":"airflow.models.dagbag.DagBag","filename":"dagbag.py","lineno":593}
{"timestamp":"2025-12-24T11:35:23.237975Z","level":"warning","event":"The `airflow.decorators.dag` attribute is deprecated. Please use `'airflow.sdk.dag'`.","category":"DeprecatedImportWarning","filename":"/opt/airflow/dags/dag.py","lineno":1,"logger":"py.warnings"}
{"timestamp":"2025-12-24T11:35:23.238068Z","level":"warning","event":"The `airflow.decorators.task` attribute is deprecated. Please use `'airflow.sdk.task'`.","category":"DeprecatedImportWarning","filename":"/opt/airflow/dags/dag.py","lineno":2,"logger":"py.warnings"}
{"timestamp":"2025-12-24T11:35:23.238094Z","level":"warning","event":"The `airflow.operators.empty.EmptyOperator` attribute is deprecated. Please use `'airflow.providers.standard.operators.empty.EmptyOperator'`.","category":"DeprecatedImportWarning","filename":"/opt/airflow/dags/dag.py","lineno":3,"logger":"py.warnings"}
{"timestamp":"2025-12-24T11:35:23.238112Z","level":"warning","event":"The `airflow.operators.python.get_current_context` attribute is deprecated. Please use `'airflow.sdk.get_current_context'`.","category":"DeprecatedImportWarning","filename":"/opt/airflow/dags/dag.py","lineno":5,"logger":"py.warnings"}
{"timestamp":"2025-12-24T11:35:23.238139Z","level":"warning","event":"The `airflow.models.param.Param` attribute is deprecated. Please use `'airflow.sdk.Param'`.","category":"DeprecatedImportWarning","filename":"/opt/airflow/dags/dag.py","lineno":10,"logger":"py.warnings"}
{"timestamp":"2025-12-24T11:35:23.238157Z","level":"warning","event":"The `airflow.operators.python.get_current_context` attribute is deprecated. Please use `'airflow.sdk.get_current_context'`.","category":"DeprecatedImportWarning","filename":"/opt/airflow/dags/dag.py","lineno":18,"logger":"py.warnings"}
{"timestamp":"2025-12-24T11:35:53.685566Z","level":"info","event":"Filling up the DagBag from /opt/airflow/dags/dag.py","logger":"airflow.models.dagbag.DagBag","filename":"dagbag.py","lineno":593}
{"timestamp":"2025-12-24T11:35:53.739632Z","level":"warning","event":"The `airflow.decorators.dag` attribute is deprecated. Please use `'airflow.sdk.dag'`.","category":"DeprecatedImportWarning","filename":"/opt/airflow/dags/dag.py","lineno":1,"logger":"py.warnings"}
{"timestamp":"2025-12-24T11:35:53.739715Z","level":"warning","event":"The `airflow.decorators.task` attribute is deprecated. Please use `'airflow.sdk.task'`.","category":"DeprecatedImportWarning","filename":"/opt/airflow/dags/dag.py","lineno":2,"logger":"py.warnings"}
{"timestamp":"2025-12-24T11:35:53.739742Z","level":"warning","event":"The `airflow.operators.empty.EmptyOperator` attribute is deprecated. Please use `'airflow.providers.standard.operators.empty.EmptyOperator'`.","category":"DeprecatedImportWarning","filename":"/opt/airflow/dags/dag.py","lineno":3,"logger":"py.warnings"}
{"timestamp":"2025-12-24T11:35:53.739763Z","level":"warning","event":"The `airflow.operators.python.get_current_context` attribute is deprecated. Please use `'airflow.sdk.get_current_context'`.","category":"DeprecatedImportWarning","filename":"/opt/airflow/dags/dag.py","lineno":5,"logger":"py.warnings"}
{"timestamp":"2025-12-24T11:35:53.739797Z","level":"warning","event":"The `airflow.models.param.Param` attribute is deprecated. Please use `'airflow.sdk.Param'`.","category":"DeprecatedImportWarning","filename":"/opt/airflow/dags/dag.py","lineno":10,"logger":"py.warnings"}
{"timestamp":"2025-12-24T11:35:53.739817Z","level":"warning","event":"The `airflow.operators.python.get_current_context` attribute is deprecated. Please use `'airflow.sdk.get_current_context'`.","category":"DeprecatedImportWarning","filename":"/opt/airflow/dags/dag.py","lineno":18,"logger":"py.warnings"}
{"timestamp":"2025-12-24T11:36:24.244628Z","level":"info","event":"Filling up the DagBag from /opt/airflow/dags/dag.py","logger":"airflow.models.dagbag.DagBag","filename":"dagbag.py","lineno":593}
{"timestamp":"2025-12-24T11:36:24.305563Z","level":"warning","event":"The `airflow.decorators.dag` attribute is deprecated. Please use `'airflow.sdk.dag'`.","category":"DeprecatedImportWarning","filename":"/opt/airflow/dags/dag.py","lineno":1,"logger":"py.warnings"}
{"timestamp":"2025-12-24T11:36:24.305835Z","level":"warning","event":"The `airflow.decorators.task` attribute is deprecated. Please use `'airflow.sdk.task'`.","category":"DeprecatedImportWarning","filename":"/opt/airflow/dags/dag.py","lineno":2,"logger":"py.warnings"}
{"timestamp":"2025-12-24T11:36:24.306390Z","level":"warning","event":"The `airflow.operators.empty.EmptyOperator` attribute is deprecated. Please use `'airflow.providers.standard.operators.empty.EmptyOperator'`.","category":"DeprecatedImportWarning","filename":"/opt/airflow/dags/dag.py","lineno":3,"logger":"py.warnings"}
{"timestamp":"2025-12-24T11:36:24.306420Z","level":"warning","event":"The `airflow.operators.python.get_current_context` attribute is deprecated. Please use `'airflow.sdk.get_current_context'`.","category":"DeprecatedImportWarning","filename":"/opt/airflow/dags/dag.py","lineno":5,"logger":"py.warnings"}
{"timestamp":"2025-12-24T11:36:24.306472Z","level":"warning","event":"The `airflow.models.param.Param` attribute is deprecated. Please use `'airflow.sdk.Param'`.","category":"DeprecatedImportWarning","filename":"/opt/airflow/dags/dag.py","lineno":10,"logger":"py.warnings"}
{"timestamp":"2025-12-24T11:36:24.306700Z","level":"warning","event":"The `airflow.operators.python.get_current_context` attribute is deprecated. Please use `'airflow.sdk.get_current_context'`.","category":"DeprecatedImportWarning","filename":"/opt/airflow/dags/dag.py","lineno":18,"logger":"py.warnings"}
{"timestamp":"2025-12-24T11:36:54.739159Z","level":"info","event":"Filling up the DagBag from /opt/airflow/dags/dag.py","logger":"airflow.models.dagbag.DagBag","filename":"dagbag.py","lineno":593}
{"timestamp":"2025-12-24T11:36:54.779741Z","level":"warning","event":"The `airflow.decorators.dag` attribute is deprecated. Please use `'airflow.sdk.dag'`.","category":"DeprecatedImportWarning","filename":"/opt/airflow/dags/dag.py","lineno":1,"logger":"py.warnings"}
{"timestamp":"2025-12-24T11:36:54.779810Z","level":"warning","event":"The `airflow.decorators.task` attribute is deprecated. Please use `'airflow.sdk.task'`.","category":"DeprecatedImportWarning","filename":"/opt/airflow/dags/dag.py","lineno":2,"logger":"py.warnings"}
{"timestamp":"2025-12-24T11:36:54.779831Z","level":"warning","event":"The `airflow.operators.empty.EmptyOperator` attribute is deprecated. Please use `'airflow.providers.standard.operators.empty.EmptyOperator'`.","category":"DeprecatedImportWarning","filename":"/opt/airflow/dags/dag.py","lineno":3,"logger":"py.warnings"}
{"timestamp":"2025-12-24T11:36:54.779859Z","level":"warning","event":"The `airflow.operators.python.get_current_context` attribute is deprecated. Please use `'airflow.sdk.get_current_context'`.","category":"DeprecatedImportWarning","filename":"/opt/airflow/dags/dag.py","lineno":5,"logger":"py.warnings"}
{"timestamp":"2025-12-24T11:36:54.779891Z","level":"warning","event":"The `airflow.models.param.Param` attribute is deprecated. Please use `'airflow.sdk.Param'`.","category":"DeprecatedImportWarning","filename":"/opt/airflow/dags/dag.py","lineno":10,"logger":"py.warnings"}
{"timestamp":"2025-12-24T11:36:54.779909Z","level":"warning","event":"The `airflow.operators.python.get_current_context` attribute is deprecated. Please use `'airflow.sdk.get_current_context'`.","category":"DeprecatedImportWarning","filename":"/opt/airflow/dags/dag.py","lineno":18,"logger":"py.warnings"}
{"timestamp":"2025-12-24T11:37:25.267477Z","level":"info","event":"Filling up the DagBag from /opt/airflow/dags/dag.py","logger":"airflow.models.dagbag.DagBag","filename":"dagbag.py","lineno":593}
{"timestamp":"2025-12-24T11:37:25.329121Z","level":"warning","event":"The `airflow.decorators.dag` attribute is deprecated. Please use `'airflow.sdk.dag'`.","category":"DeprecatedImportWarning","filename":"/opt/airflow/dags/dag.py","lineno":1,"logger":"py.warnings"}
{"timestamp":"2025-12-24T11:37:25.329213Z","level":"warning","event":"The `airflow.decorators.task` attribute is deprecated. Please use `'airflow.sdk.task'`.","category":"DeprecatedImportWarning","filename":"/opt/airflow/dags/dag.py","lineno":2,"logger":"py.warnings"}
{"timestamp":"2025-12-24T11:37:25.329238Z","level":"warning","event":"The `airflow.operators.empty.EmptyOperator` attribute is deprecated. Please use `'airflow.providers.standard.operators.empty.EmptyOperator'`.","category":"DeprecatedImportWarning","filename":"/opt/airflow/dags/dag.py","lineno":3,"logger":"py.warnings"}
{"timestamp":"2025-12-24T11:37:25.329257Z","level":"warning","event":"The `airflow.operators.python.get_current_context` attribute is deprecated. Please use `'airflow.sdk.get_current_context'`.","category":"DeprecatedImportWarning","filename":"/opt/airflow/dags/dag.py","lineno":5,"logger":"py.warnings"}
{"timestamp":"2025-12-24T11:37:25.329291Z","level":"warning","event":"The `airflow.models.param.Param` attribute is deprecated. Please use `'airflow.sdk.Param'`.","category":"DeprecatedImportWarning","filename":"/opt/airflow/dags/dag.py","lineno":10,"logger":"py.warnings"}
{"timestamp":"2025-12-24T11:37:25.329311Z","level":"warning","event":"The `airflow.operators.python.get_current_context` attribute is deprecated. Please use `'airflow.sdk.get_current_context'`.","category":"DeprecatedImportWarning","filename":"/opt/airflow/dags/dag.py","lineno":18,"logger":"py.warnings"}
{"timestamp":"2025-12-24T11:37:55.790815Z","level":"info","event":"Filling up the DagBag from /opt/airflow/dags/dag.py","logger":"airflow.models.dagbag.DagBag","filename":"dagbag.py","lineno":593}
{"timestamp":"2025-12-24T11:37:55.841399Z","level":"warning","event":"The `airflow.decorators.dag` attribute is deprecated. Please use `'airflow.sdk.dag'`.","category":"DeprecatedImportWarning","filename":"/opt/airflow/dags/dag.py","lineno":1,"logger":"py.warnings"}
{"timestamp":"2025-12-24T11:37:55.841677Z","level":"warning","event":"The `airflow.decorators.task` attribute is deprecated. Please use `'airflow.sdk.task'`.","category":"DeprecatedImportWarning","filename":"/opt/airflow/dags/dag.py","lineno":2,"logger":"py.warnings"}
{"timestamp":"2025-12-24T11:37:55.841727Z","level":"warning","event":"The `airflow.operators.empty.EmptyOperator` attribute is deprecated. Please use `'airflow.providers.standard.operators.empty.EmptyOperator'`.","category":"DeprecatedImportWarning","filename":"/opt/airflow/dags/dag.py","lineno":3,"logger":"py.warnings"}
{"timestamp":"2025-12-24T11:37:55.841755Z","level":"warning","event":"The `airflow.operators.python.get_current_context` attribute is deprecated. Please use `'airflow.sdk.get_current_context'`.","category":"DeprecatedImportWarning","filename":"/opt/airflow/dags/dag.py","lineno":5,"logger":"py.warnings"}
{"timestamp":"2025-12-24T11:37:55.841784Z","level":"warning","event":"The `airflow.models.param.Param` attribute is deprecated. Please use `'airflow.sdk.Param'`.","category":"DeprecatedImportWarning","filename":"/opt/airflow/dags/dag.py","lineno":10,"logger":"py.warnings"}
{"timestamp":"2025-12-24T11:37:55.841802Z","level":"warning","event":"The `airflow.operators.python.get_current_context` attribute is deprecated. Please use `'airflow.sdk.get_current_context'`.","category":"DeprecatedImportWarning","filename":"/opt/airflow/dags/dag.py","lineno":18,"logger":"py.warnings"}
{"timestamp":"2025-12-24T11:38:26.288966Z","level":"info","event":"Filling up the DagBag from /opt/airflow/dags/dag.py","logger":"airflow.models.dagbag.DagBag","filename":"dagbag.py","lineno":593}
{"timestamp":"2025-12-24T11:38:26.340314Z","level":"warning","event":"The `airflow.decorators.dag` attribute is deprecated. Please use `'airflow.sdk.dag'`.","category":"DeprecatedImportWarning","filename":"/opt/airflow/dags/dag.py","lineno":1,"logger":"py.warnings"}
{"timestamp":"2025-12-24T11:38:26.340403Z","level":"warning","event":"The `airflow.decorators.task` attribute is deprecated. Please use `'airflow.sdk.task'`.","category":"DeprecatedImportWarning","filename":"/opt/airflow/dags/dag.py","lineno":2,"logger":"py.warnings"}
{"timestamp":"2025-12-24T11:38:26.340426Z","level":"warning","event":"The `airflow.operators.empty.EmptyOperator` attribute is deprecated. Please use `'airflow.providers.standard.operators.empty.EmptyOperator'`.","category":"DeprecatedImportWarning","filename":"/opt/airflow/dags/dag.py","lineno":3,"logger":"py.warnings"}
{"timestamp":"2025-12-24T11:38:26.340453Z","level":"warning","event":"The `airflow.operators.python.get_current_context` attribute is deprecated. Please use `'airflow.sdk.get_current_context'`.","category":"DeprecatedImportWarning","filename":"/opt/airflow/dags/dag.py","lineno":5,"logger":"py.warnings"}
{"timestamp":"2025-12-24T11:38:26.340490Z","level":"warning","event":"The `airflow.models.param.Param` attribute is deprecated. Please use `'airflow.sdk.Param'`.","category":"DeprecatedImportWarning","filename":"/opt/airflow/dags/dag.py","lineno":10,"logger":"py.warnings"}
{"timestamp":"2025-12-24T11:38:26.340521Z","level":"warning","event":"The `airflow.operators.python.get_current_context` attribute is deprecated. Please use `'airflow.sdk.get_current_context'`.","category":"DeprecatedImportWarning","filename":"/opt/airflow/dags/dag.py","lineno":18,"logger":"py.warnings"}
{"timestamp":"2025-12-24T11:38:56.801848Z","level":"info","event":"Filling up the DagBag from /opt/airflow/dags/dag.py","logger":"airflow.models.dagbag.DagBag","filename":"dagbag.py","lineno":593}
{"timestamp":"2025-12-24T11:38:56.842918Z","level":"warning","event":"The `airflow.decorators.dag` attribute is deprecated. Please use `'airflow.sdk.dag'`.","category":"DeprecatedImportWarning","filename":"/opt/airflow/dags/dag.py","lineno":1,"logger":"py.warnings"}
{"timestamp":"2025-12-24T11:38:56.842983Z","level":"warning","event":"The `airflow.decorators.task` attribute is deprecated. Please use `'airflow.sdk.task'`.","category":"DeprecatedImportWarning","filename":"/opt/airflow/dags/dag.py","lineno":2,"logger":"py.warnings"}
{"timestamp":"2025-12-24T11:38:56.843005Z","level":"warning","event":"The `airflow.operators.empty.EmptyOperator` attribute is deprecated. Please use `'airflow.providers.standard.operators.empty.EmptyOperator'`.","category":"DeprecatedImportWarning","filename":"/opt/airflow/dags/dag.py","lineno":3,"logger":"py.warnings"}
{"timestamp":"2025-12-24T11:38:56.843024Z","level":"warning","event":"The `airflow.operators.python.get_current_context` attribute is deprecated. Please use `'airflow.sdk.get_current_context'`.","category":"DeprecatedImportWarning","filename":"/opt/airflow/dags/dag.py","lineno":5,"logger":"py.warnings"}
{"timestamp":"2025-12-24T11:38:56.843045Z","level":"warning","event":"The `airflow.models.param.Param` attribute is deprecated. Please use `'airflow.sdk.Param'`.","category":"DeprecatedImportWarning","filename":"/opt/airflow/dags/dag.py","lineno":10,"logger":"py.warnings"}
{"timestamp":"2025-12-24T11:38:56.843062Z","level":"warning","event":"The `airflow.operators.python.get_current_context` attribute is deprecated. Please use `'airflow.sdk.get_current_context'`.","category":"DeprecatedImportWarning","filename":"/opt/airflow/dags/dag.py","lineno":18,"logger":"py.warnings"}
{"timestamp":"2025-12-24T11:39:27.295793Z","level":"info","event":"Filling up the DagBag from /opt/airflow/dags/dag.py","logger":"airflow.models.dagbag.DagBag","filename":"dagbag.py","lineno":593}
{"timestamp":"2025-12-24T11:39:27.340128Z","level":"warning","event":"The `airflow.decorators.dag` attribute is deprecated. Please use `'airflow.sdk.dag'`.","category":"DeprecatedImportWarning","filename":"/opt/airflow/dags/dag.py","lineno":1,"logger":"py.warnings"}
{"timestamp":"2025-12-24T11:39:27.340234Z","level":"warning","event":"The `airflow.decorators.task` attribute is deprecated. Please use `'airflow.sdk.task'`.","category":"DeprecatedImportWarning","filename":"/opt/airflow/dags/dag.py","lineno":2,"logger":"py.warnings"}
{"timestamp":"2025-12-24T11:39:27.340265Z","level":"warning","event":"The `airflow.operators.empty.EmptyOperator` attribute is deprecated. Please use `'airflow.providers.standard.operators.empty.EmptyOperator'`.","category":"DeprecatedImportWarning","filename":"/opt/airflow/dags/dag.py","lineno":3,"logger":"py.warnings"}
{"timestamp":"2025-12-24T11:39:27.340289Z","level":"warning","event":"The `airflow.operators.python.get_current_context` attribute is deprecated. Please use `'airflow.sdk.get_current_context'`.","category":"DeprecatedImportWarning","filename":"/opt/airflow/dags/dag.py","lineno":5,"logger":"py.warnings"}
{"timestamp":"2025-12-24T11:39:27.340314Z","level":"warning","event":"The `airflow.models.param.Param` attribute is deprecated. Please use `'airflow.sdk.Param'`.","category":"DeprecatedImportWarning","filename":"/opt/airflow/dags/dag.py","lineno":10,"logger":"py.warnings"}
{"timestamp":"2025-12-24T11:39:27.340339Z","level":"warning","event":"The `airflow.operators.python.get_current_context` attribute is deprecated. Please use `'airflow.sdk.get_current_context'`.","category":"DeprecatedImportWarning","filename":"/opt/airflow/dags/dag.py","lineno":18,"logger":"py.warnings"}
{"timestamp":"2025-12-24T11:39:57.809036Z","level":"info","event":"Filling up the DagBag from /opt/airflow/dags/dag.py","logger":"airflow.models.dagbag.DagBag","filename":"dagbag.py","lineno":593}
{"timestamp":"2025-12-24T11:39:57.860126Z","level":"warning","event":"The `airflow.decorators.dag` attribute is deprecated. Please use `'airflow.sdk.dag'`.","category":"DeprecatedImportWarning","filename":"/opt/airflow/dags/dag.py","lineno":1,"logger":"py.warnings"}
{"timestamp":"2025-12-24T11:39:57.860212Z","level":"warning","event":"The `airflow.decorators.task` attribute is deprecated. Please use `'airflow.sdk.task'`.","category":"DeprecatedImportWarning","filename":"/opt/airflow/dags/dag.py","lineno":2,"logger":"py.warnings"}
{"timestamp":"2025-12-24T11:39:57.860238Z","level":"warning","event":"The `airflow.operators.empty.EmptyOperator` attribute is deprecated. Please use `'airflow.providers.standard.operators.empty.EmptyOperator'`.","category":"DeprecatedImportWarning","filename":"/opt/airflow/dags/dag.py","lineno":3,"logger":"py.warnings"}
{"timestamp":"2025-12-24T11:39:57.860258Z","level":"warning","event":"The `airflow.operators.python.get_current_context` attribute is deprecated. Please use `'airflow.sdk.get_current_context'`.","category":"DeprecatedImportWarning","filename":"/opt/airflow/dags/dag.py","lineno":5,"logger":"py.warnings"}
{"timestamp":"2025-12-24T11:39:57.860277Z","level":"warning","event":"The `airflow.models.param.Param` attribute is deprecated. Please use `'airflow.sdk.Param'`.","category":"DeprecatedImportWarning","filename":"/opt/airflow/dags/dag.py","lineno":10,"logger":"py.warnings"}
{"timestamp":"2025-12-24T11:39:57.860301Z","level":"warning","event":"The `airflow.operators.python.get_current_context` attribute is deprecated. Please use `'airflow.sdk.get_current_context'`.","category":"DeprecatedImportWarning","filename":"/opt/airflow/dags/dag.py","lineno":18,"logger":"py.warnings"}
{"timestamp":"2025-12-24T11:40:28.310054Z","level":"info","event":"Filling up the DagBag from /opt/airflow/dags/dag.py","logger":"airflow.models.dagbag.DagBag","filename":"dagbag.py","lineno":593}
{"timestamp":"2025-12-24T11:40:28.343442Z","level":"warning","event":"The `airflow.decorators.dag` attribute is deprecated. Please use `'airflow.sdk.dag'`.","category":"DeprecatedImportWarning","filename":"/opt/airflow/dags/dag.py","lineno":1,"logger":"py.warnings"}
{"timestamp":"2025-12-24T11:40:28.343511Z","level":"warning","event":"The `airflow.decorators.task` attribute is deprecated. Please use `'airflow.sdk.task'`.","category":"DeprecatedImportWarning","filename":"/opt/airflow/dags/dag.py","lineno":2,"logger":"py.warnings"}
{"timestamp":"2025-12-24T11:40:28.343537Z","level":"warning","event":"The `airflow.operators.empty.EmptyOperator` attribute is deprecated. Please use `'airflow.providers.standard.operators.empty.EmptyOperator'`.","category":"DeprecatedImportWarning","filename":"/opt/airflow/dags/dag.py","lineno":3,"logger":"py.warnings"}
{"timestamp":"2025-12-24T11:40:28.343560Z","level":"warning","event":"The `airflow.operators.python.get_current_context` attribute is deprecated. Please use `'airflow.sdk.get_current_context'`.","category":"DeprecatedImportWarning","filename":"/opt/airflow/dags/dag.py","lineno":5,"logger":"py.warnings"}
{"timestamp":"2025-12-24T11:40:28.343583Z","level":"warning","event":"The `airflow.models.param.Param` attribute is deprecated. Please use `'airflow.sdk.Param'`.","category":"DeprecatedImportWarning","filename":"/opt/airflow/dags/dag.py","lineno":10,"logger":"py.warnings"}
{"timestamp":"2025-12-24T11:40:28.343604Z","level":"warning","event":"The `airflow.operators.python.get_current_context` attribute is deprecated. Please use `'airflow.sdk.get_current_context'`.","category":"DeprecatedImportWarning","filename":"/opt/airflow/dags/dag.py","lineno":18,"logger":"py.warnings"}
{"timestamp":"2025-12-24T11:40:58.773231Z","level":"info","event":"Filling up the DagBag from /opt/airflow/dags/dag.py","logger":"airflow.models.dagbag.DagBag","filename":"dagbag.py","lineno":593}
{"timestamp":"2025-12-24T11:40:58.822052Z","level":"warning","event":"The `airflow.decorators.dag` attribute is deprecated. Please use `'airflow.sdk.dag'`.","category":"DeprecatedImportWarning","filename":"/opt/airflow/dags/dag.py","lineno":1,"logger":"py.warnings"}
{"timestamp":"2025-12-24T11:40:58.822133Z","level":"warning","event":"The `airflow.decorators.task` attribute is deprecated. Please use `'airflow.sdk.task'`.","category":"DeprecatedImportWarning","filename":"/opt/airflow/dags/dag.py","lineno":2,"logger":"py.warnings"}
{"timestamp":"2025-12-24T11:40:58.822159Z","level":"warning","event":"The `airflow.operators.empty.EmptyOperator` attribute is deprecated. Please use `'airflow.providers.standard.operators.empty.EmptyOperator'`.","category":"DeprecatedImportWarning","filename":"/opt/airflow/dags/dag.py","lineno":3,"logger":"py.warnings"}
{"timestamp":"2025-12-24T11:40:58.822181Z","level":"warning","event":"The `airflow.operators.python.get_current_context` attribute is deprecated. Please use `'airflow.sdk.get_current_context'`.","category":"DeprecatedImportWarning","filename":"/opt/airflow/dags/dag.py","lineno":5,"logger":"py.warnings"}
{"timestamp":"2025-12-24T11:40:58.822203Z","level":"warning","event":"The `airflow.models.param.Param` attribute is deprecated. Please use `'airflow.sdk.Param'`.","category":"DeprecatedImportWarning","filename":"/opt/airflow/dags/dag.py","lineno":10,"logger":"py.warnings"}
{"timestamp":"2025-12-24T11:40:58.822222Z","level":"warning","event":"The `airflow.operators.python.get_current_context` attribute is deprecated. Please use `'airflow.sdk.get_current_context'`.","category":"DeprecatedImportWarning","filename":"/opt/airflow/dags/dag.py","lineno":18,"logger":"py.warnings"}
{"timestamp":"2025-12-24T11:41:29.209986Z","level":"info","event":"Filling up the DagBag from /opt/airflow/dags/dag.py","logger":"airflow.models.dagbag.DagBag","filename":"dagbag.py","lineno":593}
{"timestamp":"2025-12-24T11:41:29.246380Z","level":"warning","event":"The `airflow.decorators.dag` attribute is deprecated. Please use `'airflow.sdk.dag'`.","category":"DeprecatedImportWarning","filename":"/opt/airflow/dags/dag.py","lineno":1,"logger":"py.warnings"}
{"timestamp":"2025-12-24T11:41:29.246451Z","level":"warning","event":"The `airflow.decorators.task` attribute is deprecated. Please use `'airflow.sdk.task'`.","category":"DeprecatedImportWarning","filename":"/opt/airflow/dags/dag.py","lineno":2,"logger":"py.warnings"}
{"timestamp":"2025-12-24T11:41:29.246476Z","level":"warning","event":"The `airflow.operators.empty.EmptyOperator` attribute is deprecated. Please use `'airflow.providers.standard.operators.empty.EmptyOperator'`.","category":"DeprecatedImportWarning","filename":"/opt/airflow/dags/dag.py","lineno":3,"logger":"py.warnings"}
{"timestamp":"2025-12-24T11:41:29.246497Z","level":"warning","event":"The `airflow.operators.python.get_current_context` attribute is deprecated. Please use `'airflow.sdk.get_current_context'`.","category":"DeprecatedImportWarning","filename":"/opt/airflow/dags/dag.py","lineno":5,"logger":"py.warnings"}
{"timestamp":"2025-12-24T11:41:29.246521Z","level":"warning","event":"The `airflow.models.param.Param` attribute is deprecated. Please use `'airflow.sdk.Param'`.","category":"DeprecatedImportWarning","filename":"/opt/airflow/dags/dag.py","lineno":10,"logger":"py.warnings"}
{"timestamp":"2025-12-24T11:41:29.246539Z","level":"warning","event":"The `airflow.operators.python.get_current_context` attribute is deprecated. Please use `'airflow.sdk.get_current_context'`.","category":"DeprecatedImportWarning","filename":"/opt/airflow/dags/dag.py","lineno":18,"logger":"py.warnings"}
{"timestamp":"2025-12-24T11:41:59.724741Z","level":"info","event":"Filling up the DagBag from /opt/airflow/dags/dag.py","logger":"airflow.models.dagbag.DagBag","filename":"dagbag.py","lineno":593}
{"timestamp":"2025-12-24T11:41:59.761089Z","level":"warning","event":"The `airflow.decorators.dag` attribute is deprecated. Please use `'airflow.sdk.dag'`.","category":"DeprecatedImportWarning","filename":"/opt/airflow/dags/dag.py","lineno":1,"logger":"py.warnings"}
{"timestamp":"2025-12-24T11:41:59.761170Z","level":"warning","event":"The `airflow.decorators.task` attribute is deprecated. Please use `'airflow.sdk.task'`.","category":"DeprecatedImportWarning","filename":"/opt/airflow/dags/dag.py","lineno":2,"logger":"py.warnings"}
{"timestamp":"2025-12-24T11:41:59.761198Z","level":"warning","event":"The `airflow.operators.empty.EmptyOperator` attribute is deprecated. Please use `'airflow.providers.standard.operators.empty.EmptyOperator'`.","category":"DeprecatedImportWarning","filename":"/opt/airflow/dags/dag.py","lineno":3,"logger":"py.warnings"}
{"timestamp":"2025-12-24T11:41:59.761221Z","level":"warning","event":"The `airflow.operators.python.get_current_context` attribute is deprecated. Please use `'airflow.sdk.get_current_context'`.","category":"DeprecatedImportWarning","filename":"/opt/airflow/dags/dag.py","lineno":5,"logger":"py.warnings"}
{"timestamp":"2025-12-24T11:41:59.761245Z","level":"warning","event":"The `airflow.models.param.Param` attribute is deprecated. Please use `'airflow.sdk.Param'`.","category":"DeprecatedImportWarning","filename":"/opt/airflow/dags/dag.py","lineno":10,"logger":"py.warnings"}
{"timestamp":"2025-12-24T11:41:59.761265Z","level":"warning","event":"The `airflow.operators.python.get_current_context` attribute is deprecated. Please use `'airflow.sdk.get_current_context'`.","category":"DeprecatedImportWarning","filename":"/opt/airflow/dags/dag.py","lineno":18,"logger":"py.warnings"}
{"timestamp":"2025-12-24T11:42:30.202494Z","level":"info","event":"Filling up the DagBag from /opt/airflow/dags/dag.py","logger":"airflow.models.dagbag.DagBag","filename":"dagbag.py","lineno":593}
{"timestamp":"2025-12-24T11:42:30.246375Z","level":"warning","event":"The `airflow.decorators.dag` attribute is deprecated. Please use `'airflow.sdk.dag'`.","category":"DeprecatedImportWarning","filename":"/opt/airflow/dags/dag.py","lineno":1,"logger":"py.warnings"}
{"timestamp":"2025-12-24T11:42:30.246498Z","level":"warning","event":"The `airflow.decorators.task` attribute is deprecated. Please use `'airflow.sdk.task'`.","category":"DeprecatedImportWarning","filename":"/opt/airflow/dags/dag.py","lineno":2,"logger":"py.warnings"}
{"timestamp":"2025-12-24T11:42:30.246536Z","level":"warning","event":"The `airflow.operators.empty.EmptyOperator` attribute is deprecated. Please use `'airflow.providers.standard.operators.empty.EmptyOperator'`.","category":"DeprecatedImportWarning","filename":"/opt/airflow/dags/dag.py","lineno":3,"logger":"py.warnings"}
{"timestamp":"2025-12-24T11:42:30.246570Z","level":"warning","event":"The `airflow.operators.python.get_current_context` attribute is deprecated. Please use `'airflow.sdk.get_current_context'`.","category":"DeprecatedImportWarning","filename":"/opt/airflow/dags/dag.py","lineno":5,"logger":"py.warnings"}
{"timestamp":"2025-12-24T11:42:30.246614Z","level":"warning","event":"The `airflow.models.param.Param` attribute is deprecated. Please use `'airflow.sdk.Param'`.","category":"DeprecatedImportWarning","filename":"/opt/airflow/dags/dag.py","lineno":10,"logger":"py.warnings"}
{"timestamp":"2025-12-24T11:42:30.246641Z","level":"warning","event":"The `airflow.operators.python.get_current_context` attribute is deprecated. Please use `'airflow.sdk.get_current_context'`.","category":"DeprecatedImportWarning","filename":"/opt/airflow/dags/dag.py","lineno":18,"logger":"py.warnings"}
{"timestamp":"2025-12-24T11:43:00.612886Z","level":"info","event":"Filling up the DagBag from /opt/airflow/dags/dag.py","logger":"airflow.models.dagbag.DagBag","filename":"dagbag.py","lineno":593}
{"timestamp":"2025-12-24T11:43:00.641374Z","level":"warning","event":"The `airflow.decorators.dag` attribute is deprecated. Please use `'airflow.sdk.dag'`.","category":"DeprecatedImportWarning","filename":"/opt/airflow/dags/dag.py","lineno":1,"logger":"py.warnings"}
{"timestamp":"2025-12-24T11:43:00.641443Z","level":"warning","event":"The `airflow.decorators.task` attribute is deprecated. Please use `'airflow.sdk.task'`.","category":"DeprecatedImportWarning","filename":"/opt/airflow/dags/dag.py","lineno":2,"logger":"py.warnings"}
{"timestamp":"2025-12-24T11:43:00.641468Z","level":"warning","event":"The `airflow.operators.empty.EmptyOperator` attribute is deprecated. Please use `'airflow.providers.standard.operators.empty.EmptyOperator'`.","category":"DeprecatedImportWarning","filename":"/opt/airflow/dags/dag.py","lineno":3,"logger":"py.warnings"}
{"timestamp":"2025-12-24T11:43:00.641493Z","level":"warning","event":"The `airflow.operators.python.get_current_context` attribute is deprecated. Please use `'airflow.sdk.get_current_context'`.","category":"DeprecatedImportWarning","filename":"/opt/airflow/dags/dag.py","lineno":5,"logger":"py.warnings"}
{"timestamp":"2025-12-24T11:43:00.641516Z","level":"warning","event":"The `airflow.models.param.Param` attribute is deprecated. Please use `'airflow.sdk.Param'`.","category":"DeprecatedImportWarning","filename":"/opt/airflow/dags/dag.py","lineno":10,"logger":"py.warnings"}
{"timestamp":"2025-12-24T11:43:00.641536Z","level":"warning","event":"The `airflow.operators.python.get_current_context` attribute is deprecated. Please use `'airflow.sdk.get_current_context'`.","category":"DeprecatedImportWarning","filename":"/opt/airflow/dags/dag.py","lineno":18,"logger":"py.warnings"}
{"timestamp":"2025-12-24T11:43:31.093474Z","level":"info","event":"Filling up the DagBag from /opt/airflow/dags/dag.py","logger":"airflow.models.dagbag.DagBag","filename":"dagbag.py","lineno":593}
{"timestamp":"2025-12-24T11:43:31.134099Z","level":"warning","event":"The `airflow.decorators.dag` attribute is deprecated. Please use `'airflow.sdk.dag'`.","category":"DeprecatedImportWarning","filename":"/opt/airflow/dags/dag.py","lineno":1,"logger":"py.warnings"}
{"timestamp":"2025-12-24T11:43:31.134350Z","level":"warning","event":"The `airflow.decorators.task` attribute is deprecated. Please use `'airflow.sdk.task'`.","category":"DeprecatedImportWarning","filename":"/opt/airflow/dags/dag.py","lineno":2,"logger":"py.warnings"}
{"timestamp":"2025-12-24T11:43:31.134394Z","level":"warning","event":"The `airflow.operators.empty.EmptyOperator` attribute is deprecated. Please use `'airflow.providers.standard.operators.empty.EmptyOperator'`.","category":"DeprecatedImportWarning","filename":"/opt/airflow/dags/dag.py","lineno":3,"logger":"py.warnings"}
{"timestamp":"2025-12-24T11:43:31.134416Z","level":"warning","event":"The `airflow.operators.python.get_current_context` attribute is deprecated. Please use `'airflow.sdk.get_current_context'`.","category":"DeprecatedImportWarning","filename":"/opt/airflow/dags/dag.py","lineno":5,"logger":"py.warnings"}
{"timestamp":"2025-12-24T11:43:31.134455Z","level":"warning","event":"The `airflow.models.param.Param` attribute is deprecated. Please use `'airflow.sdk.Param'`.","category":"DeprecatedImportWarning","filename":"/opt/airflow/dags/dag.py","lineno":10,"logger":"py.warnings"}
{"timestamp":"2025-12-24T11:43:31.134477Z","level":"warning","event":"The `airflow.operators.python.get_current_context` attribute is deprecated. Please use `'airflow.sdk.get_current_context'`.","category":"DeprecatedImportWarning","filename":"/opt/airflow/dags/dag.py","lineno":18,"logger":"py.warnings"}
{"timestamp":"2025-12-24T11:44:01.569402Z","level":"info","event":"Filling up the DagBag from /opt/airflow/dags/dag.py","logger":"airflow.models.dagbag.DagBag","filename":"dagbag.py","lineno":593}
{"timestamp":"2025-12-24T11:44:01.599672Z","level":"warning","event":"The `airflow.decorators.dag` attribute is deprecated. Please use `'airflow.sdk.dag'`.","category":"DeprecatedImportWarning","filename":"/opt/airflow/dags/dag.py","lineno":1,"logger":"py.warnings"}
{"timestamp":"2025-12-24T11:44:01.599755Z","level":"warning","event":"The `airflow.decorators.task` attribute is deprecated. Please use `'airflow.sdk.task'`.","category":"DeprecatedImportWarning","filename":"/opt/airflow/dags/dag.py","lineno":2,"logger":"py.warnings"}
{"timestamp":"2025-12-24T11:44:01.599785Z","level":"warning","event":"The `airflow.operators.empty.EmptyOperator` attribute is deprecated. Please use `'airflow.providers.standard.operators.empty.EmptyOperator'`.","category":"DeprecatedImportWarning","filename":"/opt/airflow/dags/dag.py","lineno":3,"logger":"py.warnings"}
{"timestamp":"2025-12-24T11:44:01.599809Z","level":"warning","event":"The `airflow.operators.python.get_current_context` attribute is deprecated. Please use `'airflow.sdk.get_current_context'`.","category":"DeprecatedImportWarning","filename":"/opt/airflow/dags/dag.py","lineno":5,"logger":"py.warnings"}
{"timestamp":"2025-12-24T11:44:01.599854Z","level":"warning","event":"The `airflow.models.param.Param` attribute is deprecated. Please use `'airflow.sdk.Param'`.","category":"DeprecatedImportWarning","filename":"/opt/airflow/dags/dag.py","lineno":10,"logger":"py.warnings"}
{"timestamp":"2025-12-24T11:44:01.599877Z","level":"warning","event":"The `airflow.operators.python.get_current_context` attribute is deprecated. Please use `'airflow.sdk.get_current_context'`.","category":"DeprecatedImportWarning","filename":"/opt/airflow/dags/dag.py","lineno":18,"logger":"py.warnings"}
{"timestamp":"2025-12-24T11:44:32.050903Z","level":"info","event":"Filling up the DagBag from /opt/airflow/dags/dag.py","logger":"airflow.models.dagbag.DagBag","filename":"dagbag.py","lineno":593}
{"timestamp":"2025-12-24T11:44:32.109054Z","level":"warning","event":"The `airflow.decorators.dag` attribute is deprecated. Please use `'airflow.sdk.dag'`.","category":"DeprecatedImportWarning","filename":"/opt/airflow/dags/dag.py","lineno":1,"logger":"py.warnings"}
{"timestamp":"2025-12-24T11:44:32.109134Z","level":"warning","event":"The `airflow.decorators.task` attribute is deprecated. Please use `'airflow.sdk.task'`.","category":"DeprecatedImportWarning","filename":"/opt/airflow/dags/dag.py","lineno":2,"logger":"py.warnings"}
{"timestamp":"2025-12-24T11:44:32.109156Z","level":"warning","event":"The `airflow.operators.empty.EmptyOperator` attribute is deprecated. Please use `'airflow.providers.standard.operators.empty.EmptyOperator'`.","category":"DeprecatedImportWarning","filename":"/opt/airflow/dags/dag.py","lineno":3,"logger":"py.warnings"}
{"timestamp":"2025-12-24T11:44:32.109186Z","level":"warning","event":"The `airflow.operators.python.get_current_context` attribute is deprecated. Please use `'airflow.sdk.get_current_context'`.","category":"DeprecatedImportWarning","filename":"/opt/airflow/dags/dag.py","lineno":5,"logger":"py.warnings"}
{"timestamp":"2025-12-24T11:44:32.109210Z","level":"warning","event":"The `airflow.models.param.Param` attribute is deprecated. Please use `'airflow.sdk.Param'`.","category":"DeprecatedImportWarning","filename":"/opt/airflow/dags/dag.py","lineno":10,"logger":"py.warnings"}
{"timestamp":"2025-12-24T11:44:32.109227Z","level":"warning","event":"The `airflow.operators.python.get_current_context` attribute is deprecated. Please use `'airflow.sdk.get_current_context'`.","category":"DeprecatedImportWarning","filename":"/opt/airflow/dags/dag.py","lineno":18,"logger":"py.warnings"}
{"timestamp":"2025-12-24T11:45:02.497728Z","level":"info","event":"Filling up the DagBag from /opt/airflow/dags/dag.py","logger":"airflow.models.dagbag.DagBag","filename":"dagbag.py","lineno":593}
{"timestamp":"2025-12-24T11:45:02.550548Z","level":"warning","event":"The `airflow.decorators.dag` attribute is deprecated. Please use `'airflow.sdk.dag'`.","category":"DeprecatedImportWarning","filename":"/opt/airflow/dags/dag.py","lineno":1,"logger":"py.warnings"}
{"timestamp":"2025-12-24T11:45:02.550641Z","level":"warning","event":"The `airflow.decorators.task` attribute is deprecated. Please use `'airflow.sdk.task'`.","category":"DeprecatedImportWarning","filename":"/opt/airflow/dags/dag.py","lineno":2,"logger":"py.warnings"}
{"timestamp":"2025-12-24T11:45:02.550672Z","level":"warning","event":"The `airflow.operators.empty.EmptyOperator` attribute is deprecated. Please use `'airflow.providers.standard.operators.empty.EmptyOperator'`.","category":"DeprecatedImportWarning","filename":"/opt/airflow/dags/dag.py","lineno":3,"logger":"py.warnings"}
{"timestamp":"2025-12-24T11:45:02.550713Z","level":"warning","event":"The `airflow.operators.python.get_current_context` attribute is deprecated. Please use `'airflow.sdk.get_current_context'`.","category":"DeprecatedImportWarning","filename":"/opt/airflow/dags/dag.py","lineno":5,"logger":"py.warnings"}
{"timestamp":"2025-12-24T11:45:02.550755Z","level":"warning","event":"The `airflow.models.param.Param` attribute is deprecated. Please use `'airflow.sdk.Param'`.","category":"DeprecatedImportWarning","filename":"/opt/airflow/dags/dag.py","lineno":10,"logger":"py.warnings"}
{"timestamp":"2025-12-24T11:45:02.550779Z","level":"warning","event":"The `airflow.operators.python.get_current_context` attribute is deprecated. Please use `'airflow.sdk.get_current_context'`.","category":"DeprecatedImportWarning","filename":"/opt/airflow/dags/dag.py","lineno":18,"logger":"py.warnings"}
{"timestamp":"2025-12-24T11:45:32.986568Z","level":"info","event":"Filling up the DagBag from /opt/airflow/dags/dag.py","logger":"airflow.models.dagbag.DagBag","filename":"dagbag.py","lineno":593}
{"timestamp":"2025-12-24T11:45:33.095327Z","level":"warning","event":"The `airflow.decorators.dag` attribute is deprecated. Please use `'airflow.sdk.dag'`.","category":"DeprecatedImportWarning","filename":"/opt/airflow/dags/dag.py","lineno":1,"logger":"py.warnings"}
{"timestamp":"2025-12-24T11:45:33.095448Z","level":"warning","event":"The `airflow.decorators.task` attribute is deprecated. Please use `'airflow.sdk.task'`.","category":"DeprecatedImportWarning","filename":"/opt/airflow/dags/dag.py","lineno":2,"logger":"py.warnings"}
{"timestamp":"2025-12-24T11:45:33.095501Z","level":"warning","event":"The `airflow.operators.empty.EmptyOperator` attribute is deprecated. Please use `'airflow.providers.standard.operators.empty.EmptyOperator'`.","category":"DeprecatedImportWarning","filename":"/opt/airflow/dags/dag.py","lineno":3,"logger":"py.warnings"}
{"timestamp":"2025-12-24T11:45:33.095548Z","level":"warning","event":"The `airflow.operators.python.get_current_context` attribute is deprecated. Please use `'airflow.sdk.get_current_context'`.","category":"DeprecatedImportWarning","filename":"/opt/airflow/dags/dag.py","lineno":5,"logger":"py.warnings"}
{"timestamp":"2025-12-24T11:45:33.095592Z","level":"warning","event":"The `airflow.models.param.Param` attribute is deprecated. Please use `'airflow.sdk.Param'`.","category":"DeprecatedImportWarning","filename":"/opt/airflow/dags/dag.py","lineno":10,"logger":"py.warnings"}
{"timestamp":"2025-12-24T11:45:33.095636Z","level":"warning","event":"The `airflow.operators.python.get_current_context` attribute is deprecated. Please use `'airflow.sdk.get_current_context'`.","category":"DeprecatedImportWarning","filename":"/opt/airflow/dags/dag.py","lineno":18,"logger":"py.warnings"}
{"timestamp":"2025-12-24T11:46:03.555973Z","level":"info","event":"Filling up the DagBag from /opt/airflow/dags/dag.py","logger":"airflow.models.dagbag.DagBag","filename":"dagbag.py","lineno":593}
{"timestamp":"2025-12-24T11:46:03.703267Z","level":"warning","event":"The `airflow.decorators.dag` attribute is deprecated. Please use `'airflow.sdk.dag'`.","category":"DeprecatedImportWarning","filename":"/opt/airflow/dags/dag.py","lineno":1,"logger":"py.warnings"}
{"timestamp":"2025-12-24T11:46:03.704169Z","level":"warning","event":"The `airflow.decorators.task` attribute is deprecated. Please use `'airflow.sdk.task'`.","category":"DeprecatedImportWarning","filename":"/opt/airflow/dags/dag.py","lineno":2,"logger":"py.warnings"}
{"timestamp":"2025-12-24T11:46:03.704274Z","level":"warning","event":"The `airflow.operators.empty.EmptyOperator` attribute is deprecated. Please use `'airflow.providers.standard.operators.empty.EmptyOperator'`.","category":"DeprecatedImportWarning","filename":"/opt/airflow/dags/dag.py","lineno":3,"logger":"py.warnings"}
{"timestamp":"2025-12-24T11:46:03.704335Z","level":"warning","event":"The `airflow.operators.python.get_current_context` attribute is deprecated. Please use `'airflow.sdk.get_current_context'`.","category":"DeprecatedImportWarning","filename":"/opt/airflow/dags/dag.py","lineno":5,"logger":"py.warnings"}
{"timestamp":"2025-12-24T11:46:03.704575Z","level":"warning","event":"The `airflow.models.param.Param` attribute is deprecated. Please use `'airflow.sdk.Param'`.","category":"DeprecatedImportWarning","filename":"/opt/airflow/dags/dag.py","lineno":10,"logger":"py.warnings"}
{"timestamp":"2025-12-24T11:46:03.704679Z","level":"warning","event":"The `airflow.operators.python.get_current_context` attribute is deprecated. Please use `'airflow.sdk.get_current_context'`.","category":"DeprecatedImportWarning","filename":"/opt/airflow/dags/dag.py","lineno":18,"logger":"py.warnings"}
{"timestamp":"2025-12-24T11:46:34.217534Z","level":"info","event":"Filling up the DagBag from /opt/airflow/dags/dag.py","logger":"airflow.models.dagbag.DagBag","filename":"dagbag.py","lineno":593}
{"timestamp":"2025-12-24T11:46:34.264833Z","level":"warning","event":"The `airflow.decorators.dag` attribute is deprecated. Please use `'airflow.sdk.dag'`.","category":"DeprecatedImportWarning","filename":"/opt/airflow/dags/dag.py","lineno":1,"logger":"py.warnings"}
{"timestamp":"2025-12-24T11:46:34.265070Z","level":"warning","event":"The `airflow.decorators.task` attribute is deprecated. Please use `'airflow.sdk.task'`.","category":"DeprecatedImportWarning","filename":"/opt/airflow/dags/dag.py","lineno":2,"logger":"py.warnings"}
{"timestamp":"2025-12-24T11:46:34.265119Z","level":"warning","event":"The `airflow.operators.empty.EmptyOperator` attribute is deprecated. Please use `'airflow.providers.standard.operators.empty.EmptyOperator'`.","category":"DeprecatedImportWarning","filename":"/opt/airflow/dags/dag.py","lineno":3,"logger":"py.warnings"}
{"timestamp":"2025-12-24T11:46:34.265152Z","level":"warning","event":"The `airflow.operators.python.get_current_context` attribute is deprecated. Please use `'airflow.sdk.get_current_context'`.","category":"DeprecatedImportWarning","filename":"/opt/airflow/dags/dag.py","lineno":5,"logger":"py.warnings"}
{"timestamp":"2025-12-24T11:46:34.265187Z","level":"warning","event":"The `airflow.models.param.Param` attribute is deprecated. Please use `'airflow.sdk.Param'`.","category":"DeprecatedImportWarning","filename":"/opt/airflow/dags/dag.py","lineno":10,"logger":"py.warnings"}
{"timestamp":"2025-12-24T11:46:34.265208Z","level":"warning","event":"The `airflow.operators.python.get_current_context` attribute is deprecated. Please use `'airflow.sdk.get_current_context'`.","category":"DeprecatedImportWarning","filename":"/opt/airflow/dags/dag.py","lineno":18,"logger":"py.warnings"}
{"timestamp":"2025-12-24T11:47:04.643932Z","level":"info","event":"Filling up the DagBag from /opt/airflow/dags/dag.py","logger":"airflow.models.dagbag.DagBag","filename":"dagbag.py","lineno":593}
{"timestamp":"2025-12-24T11:47:04.700964Z","level":"warning","event":"The `airflow.decorators.dag` attribute is deprecated. Please use `'airflow.sdk.dag'`.","category":"DeprecatedImportWarning","filename":"/opt/airflow/dags/dag.py","lineno":1,"logger":"py.warnings"}
{"timestamp":"2025-12-24T11:47:04.701034Z","level":"warning","event":"The `airflow.decorators.task` attribute is deprecated. Please use `'airflow.sdk.task'`.","category":"DeprecatedImportWarning","filename":"/opt/airflow/dags/dag.py","lineno":2,"logger":"py.warnings"}
{"timestamp":"2025-12-24T11:47:04.701072Z","level":"warning","event":"The `airflow.operators.empty.EmptyOperator` attribute is deprecated. Please use `'airflow.providers.standard.operators.empty.EmptyOperator'`.","category":"DeprecatedImportWarning","filename":"/opt/airflow/dags/dag.py","lineno":3,"logger":"py.warnings"}
{"timestamp":"2025-12-24T11:47:04.701098Z","level":"warning","event":"The `airflow.operators.python.get_current_context` attribute is deprecated. Please use `'airflow.sdk.get_current_context'`.","category":"DeprecatedImportWarning","filename":"/opt/airflow/dags/dag.py","lineno":5,"logger":"py.warnings"}
{"timestamp":"2025-12-24T11:47:04.701127Z","level":"warning","event":"The `airflow.models.param.Param` attribute is deprecated. Please use `'airflow.sdk.Param'`.","category":"DeprecatedImportWarning","filename":"/opt/airflow/dags/dag.py","lineno":10,"logger":"py.warnings"}
{"timestamp":"2025-12-24T11:47:04.701146Z","level":"warning","event":"The `airflow.operators.python.get_current_context` attribute is deprecated. Please use `'airflow.sdk.get_current_context'`.","category":"DeprecatedImportWarning","filename":"/opt/airflow/dags/dag.py","lineno":18,"logger":"py.warnings"}
{"timestamp":"2025-12-24T11:47:35.041791Z","level":"info","event":"Filling up the DagBag from /opt/airflow/dags/dag.py","logger":"airflow.models.dagbag.DagBag","filename":"dagbag.py","lineno":593}
{"timestamp":"2025-12-24T11:47:35.097775Z","level":"warning","event":"The `airflow.decorators.dag` attribute is deprecated. Please use `'airflow.sdk.dag'`.","category":"DeprecatedImportWarning","filename":"/opt/airflow/dags/dag.py","lineno":1,"logger":"py.warnings"}
{"timestamp":"2025-12-24T11:47:35.097856Z","level":"warning","event":"The `airflow.decorators.task` attribute is deprecated. Please use `'airflow.sdk.task'`.","category":"DeprecatedImportWarning","filename":"/opt/airflow/dags/dag.py","lineno":2,"logger":"py.warnings"}
{"timestamp":"2025-12-24T11:47:35.097884Z","level":"warning","event":"The `airflow.operators.empty.EmptyOperator` attribute is deprecated. Please use `'airflow.providers.standard.operators.empty.EmptyOperator'`.","category":"DeprecatedImportWarning","filename":"/opt/airflow/dags/dag.py","lineno":3,"logger":"py.warnings"}
{"timestamp":"2025-12-24T11:47:35.097903Z","level":"warning","event":"The `airflow.operators.python.get_current_context` attribute is deprecated. Please use `'airflow.sdk.get_current_context'`.","category":"DeprecatedImportWarning","filename":"/opt/airflow/dags/dag.py","lineno":5,"logger":"py.warnings"}
{"timestamp":"2025-12-24T11:47:35.097939Z","level":"warning","event":"The `airflow.models.param.Param` attribute is deprecated. Please use `'airflow.sdk.Param'`.","category":"DeprecatedImportWarning","filename":"/opt/airflow/dags/dag.py","lineno":10,"logger":"py.warnings"}
{"timestamp":"2025-12-24T11:47:35.097958Z","level":"warning","event":"The `airflow.operators.python.get_current_context` attribute is deprecated. Please use `'airflow.sdk.get_current_context'`.","category":"DeprecatedImportWarning","filename":"/opt/airflow/dags/dag.py","lineno":18,"logger":"py.warnings"}
{"timestamp":"2025-12-24T11:48:05.568455Z","level":"info","event":"Filling up the DagBag from /opt/airflow/dags/dag.py","logger":"airflow.models.dagbag.DagBag","filename":"dagbag.py","lineno":593}
{"timestamp":"2025-12-24T11:48:05.607611Z","level":"warning","event":"The `airflow.decorators.dag` attribute is deprecated. Please use `'airflow.sdk.dag'`.","category":"DeprecatedImportWarning","filename":"/opt/airflow/dags/dag.py","lineno":1,"logger":"py.warnings"}
{"timestamp":"2025-12-24T11:48:05.607852Z","level":"warning","event":"The `airflow.decorators.task` attribute is deprecated. Please use `'airflow.sdk.task'`.","category":"DeprecatedImportWarning","filename":"/opt/airflow/dags/dag.py","lineno":2,"logger":"py.warnings"}
{"timestamp":"2025-12-24T11:48:05.607906Z","level":"warning","event":"The `airflow.operators.empty.EmptyOperator` attribute is deprecated. Please use `'airflow.providers.standard.operators.empty.EmptyOperator'`.","category":"DeprecatedImportWarning","filename":"/opt/airflow/dags/dag.py","lineno":3,"logger":"py.warnings"}
{"timestamp":"2025-12-24T11:48:05.607935Z","level":"warning","event":"The `airflow.operators.python.get_current_context` attribute is deprecated. Please use `'airflow.sdk.get_current_context'`.","category":"DeprecatedImportWarning","filename":"/opt/airflow/dags/dag.py","lineno":5,"logger":"py.warnings"}
{"timestamp":"2025-12-24T11:48:05.607974Z","level":"warning","event":"The `airflow.models.param.Param` attribute is deprecated. Please use `'airflow.sdk.Param'`.","category":"DeprecatedImportWarning","filename":"/opt/airflow/dags/dag.py","lineno":10,"logger":"py.warnings"}
{"timestamp":"2025-12-24T11:48:05.608008Z","level":"warning","event":"The `airflow.operators.python.get_current_context` attribute is deprecated. Please use `'airflow.sdk.get_current_context'`.","category":"DeprecatedImportWarning","filename":"/opt/airflow/dags/dag.py","lineno":18,"logger":"py.warnings"}
{"timestamp":"2025-12-24T11:48:36.038964Z","level":"info","event":"Filling up the DagBag from /opt/airflow/dags/dag.py","logger":"airflow.models.dagbag.DagBag","filename":"dagbag.py","lineno":593}
{"timestamp":"2025-12-24T11:48:36.073556Z","level":"warning","event":"The `airflow.decorators.dag` attribute is deprecated. Please use `'airflow.sdk.dag'`.","category":"DeprecatedImportWarning","filename":"/opt/airflow/dags/dag.py","lineno":1,"logger":"py.warnings"}
{"timestamp":"2025-12-24T11:48:36.073864Z","level":"warning","event":"The `airflow.decorators.task` attribute is deprecated. Please use `'airflow.sdk.task'`.","category":"DeprecatedImportWarning","filename":"/opt/airflow/dags/dag.py","lineno":2,"logger":"py.warnings"}
{"timestamp":"2025-12-24T11:48:36.073915Z","level":"warning","event":"The `airflow.operators.empty.EmptyOperator` attribute is deprecated. Please use `'airflow.providers.standard.operators.empty.EmptyOperator'`.","category":"DeprecatedImportWarning","filename":"/opt/airflow/dags/dag.py","lineno":3,"logger":"py.warnings"}
{"timestamp":"2025-12-24T11:48:36.073941Z","level":"warning","event":"The `airflow.operators.python.get_current_context` attribute is deprecated. Please use `'airflow.sdk.get_current_context'`.","category":"DeprecatedImportWarning","filename":"/opt/airflow/dags/dag.py","lineno":5,"logger":"py.warnings"}
{"timestamp":"2025-12-24T11:48:36.073964Z","level":"warning","event":"The `airflow.models.param.Param` attribute is deprecated. Please use `'airflow.sdk.Param'`.","category":"DeprecatedImportWarning","filename":"/opt/airflow/dags/dag.py","lineno":10,"logger":"py.warnings"}
{"timestamp":"2025-12-24T11:48:36.073983Z","level":"warning","event":"The `airflow.operators.python.get_current_context` attribute is deprecated. Please use `'airflow.sdk.get_current_context'`.","category":"DeprecatedImportWarning","filename":"/opt/airflow/dags/dag.py","lineno":18,"logger":"py.warnings"}
{"timestamp":"2025-12-24T11:49:06.518933Z","level":"info","event":"Filling up the DagBag from /opt/airflow/dags/dag.py","logger":"airflow.models.dagbag.DagBag","filename":"dagbag.py","lineno":593}
{"timestamp":"2025-12-24T11:49:06.558634Z","level":"warning","event":"The `airflow.decorators.dag` attribute is deprecated. Please use `'airflow.sdk.dag'`.","category":"DeprecatedImportWarning","filename":"/opt/airflow/dags/dag.py","lineno":1,"logger":"py.warnings"}
{"timestamp":"2025-12-24T11:49:06.558862Z","level":"warning","event":"The `airflow.decorators.task` attribute is deprecated. Please use `'airflow.sdk.task'`.","category":"DeprecatedImportWarning","filename":"/opt/airflow/dags/dag.py","lineno":2,"logger":"py.warnings"}
{"timestamp":"2025-12-24T11:49:06.558900Z","level":"warning","event":"The `airflow.operators.empty.EmptyOperator` attribute is deprecated. Please use `'airflow.providers.standard.operators.empty.EmptyOperator'`.","category":"DeprecatedImportWarning","filename":"/opt/airflow/dags/dag.py","lineno":3,"logger":"py.warnings"}
{"timestamp":"2025-12-24T11:49:06.558922Z","level":"warning","event":"The `airflow.operators.python.get_current_context` attribute is deprecated. Please use `'airflow.sdk.get_current_context'`.","category":"DeprecatedImportWarning","filename":"/opt/airflow/dags/dag.py","lineno":5,"logger":"py.warnings"}
{"timestamp":"2025-12-24T11:49:06.558952Z","level":"warning","event":"The `airflow.models.param.Param` attribute is deprecated. Please use `'airflow.sdk.Param'`.","category":"DeprecatedImportWarning","filename":"/opt/airflow/dags/dag.py","lineno":10,"logger":"py.warnings"}
{"timestamp":"2025-12-24T11:49:06.558971Z","level":"warning","event":"The `airflow.operators.python.get_current_context` attribute is deprecated. Please use `'airflow.sdk.get_current_context'`.","category":"DeprecatedImportWarning","filename":"/opt/airflow/dags/dag.py","lineno":18,"logger":"py.warnings"}
{"timestamp":"2025-12-24T11:49:37.025390Z","level":"info","event":"Filling up the DagBag from /opt/airflow/dags/dag.py","logger":"airflow.models.dagbag.DagBag","filename":"dagbag.py","lineno":593}
{"timestamp":"2025-12-24T11:49:37.092179Z","level":"warning","event":"The `airflow.decorators.dag` attribute is deprecated. Please use `'airflow.sdk.dag'`.","category":"DeprecatedImportWarning","filename":"/opt/airflow/dags/dag.py","lineno":1,"logger":"py.warnings"}
{"timestamp":"2025-12-24T11:49:37.092308Z","level":"warning","event":"The `airflow.decorators.task` attribute is deprecated. Please use `'airflow.sdk.task'`.","category":"DeprecatedImportWarning","filename":"/opt/airflow/dags/dag.py","lineno":2,"logger":"py.warnings"}
{"timestamp":"2025-12-24T11:49:37.092341Z","level":"warning","event":"The `airflow.operators.empty.EmptyOperator` attribute is deprecated. Please use `'airflow.providers.standard.operators.empty.EmptyOperator'`.","category":"DeprecatedImportWarning","filename":"/opt/airflow/dags/dag.py","lineno":3,"logger":"py.warnings"}
{"timestamp":"2025-12-24T11:49:37.092363Z","level":"warning","event":"The `airflow.operators.python.get_current_context` attribute is deprecated. Please use `'airflow.sdk.get_current_context'`.","category":"DeprecatedImportWarning","filename":"/opt/airflow/dags/dag.py","lineno":5,"logger":"py.warnings"}
{"timestamp":"2025-12-24T11:49:37.092397Z","level":"warning","event":"The `airflow.models.param.Param` attribute is deprecated. Please use `'airflow.sdk.Param'`.","category":"DeprecatedImportWarning","filename":"/opt/airflow/dags/dag.py","lineno":10,"logger":"py.warnings"}
{"timestamp":"2025-12-24T11:49:37.092419Z","level":"warning","event":"The `airflow.operators.python.get_current_context` attribute is deprecated. Please use `'airflow.sdk.get_current_context'`.","category":"DeprecatedImportWarning","filename":"/opt/airflow/dags/dag.py","lineno":18,"logger":"py.warnings"}
{"timestamp":"2025-12-24T11:50:07.537312Z","level":"info","event":"Filling up the DagBag from /opt/airflow/dags/dag.py","logger":"airflow.models.dagbag.DagBag","filename":"dagbag.py","lineno":593}
{"timestamp":"2025-12-24T11:50:07.587088Z","level":"warning","event":"The `airflow.decorators.dag` attribute is deprecated. Please use `'airflow.sdk.dag'`.","category":"DeprecatedImportWarning","filename":"/opt/airflow/dags/dag.py","lineno":1,"logger":"py.warnings"}
{"timestamp":"2025-12-24T11:50:07.587174Z","level":"warning","event":"The `airflow.decorators.task` attribute is deprecated. Please use `'airflow.sdk.task'`.","category":"DeprecatedImportWarning","filename":"/opt/airflow/dags/dag.py","lineno":2,"logger":"py.warnings"}
{"timestamp":"2025-12-24T11:50:07.587198Z","level":"warning","event":"The `airflow.operators.empty.EmptyOperator` attribute is deprecated. Please use `'airflow.providers.standard.operators.empty.EmptyOperator'`.","category":"DeprecatedImportWarning","filename":"/opt/airflow/dags/dag.py","lineno":3,"logger":"py.warnings"}
{"timestamp":"2025-12-24T11:50:07.587226Z","level":"warning","event":"The `airflow.operators.python.get_current_context` attribute is deprecated. Please use `'airflow.sdk.get_current_context'`.","category":"DeprecatedImportWarning","filename":"/opt/airflow/dags/dag.py","lineno":5,"logger":"py.warnings"}
{"timestamp":"2025-12-24T11:50:07.587254Z","level":"warning","event":"The `airflow.models.param.Param` attribute is deprecated. Please use `'airflow.sdk.Param'`.","category":"DeprecatedImportWarning","filename":"/opt/airflow/dags/dag.py","lineno":10,"logger":"py.warnings"}
{"timestamp":"2025-12-24T11:50:07.587279Z","level":"warning","event":"The `airflow.operators.python.get_current_context` attribute is deprecated. Please use `'airflow.sdk.get_current_context'`.","category":"DeprecatedImportWarning","filename":"/opt/airflow/dags/dag.py","lineno":18,"logger":"py.warnings"}
{"timestamp":"2025-12-24T11:50:38.022408Z","level":"info","event":"Filling up the DagBag from /opt/airflow/dags/dag.py","logger":"airflow.models.dagbag.DagBag","filename":"dagbag.py","lineno":593}
{"timestamp":"2025-12-24T11:50:38.050884Z","level":"warning","event":"The `airflow.decorators.dag` attribute is deprecated. Please use `'airflow.sdk.dag'`.","category":"DeprecatedImportWarning","filename":"/opt/airflow/dags/dag.py","lineno":1,"logger":"py.warnings"}
{"timestamp":"2025-12-24T11:50:38.051111Z","level":"warning","event":"The `airflow.decorators.task` attribute is deprecated. Please use `'airflow.sdk.task'`.","category":"DeprecatedImportWarning","filename":"/opt/airflow/dags/dag.py","lineno":2,"logger":"py.warnings"}
{"timestamp":"2025-12-24T11:50:38.051522Z","level":"warning","event":"The `airflow.operators.empty.EmptyOperator` attribute is deprecated. Please use `'airflow.providers.standard.operators.empty.EmptyOperator'`.","category":"DeprecatedImportWarning","filename":"/opt/airflow/dags/dag.py","lineno":3,"logger":"py.warnings"}
{"timestamp":"2025-12-24T11:50:38.051551Z","level":"warning","event":"The `airflow.operators.python.get_current_context` attribute is deprecated. Please use `'airflow.sdk.get_current_context'`.","category":"DeprecatedImportWarning","filename":"/opt/airflow/dags/dag.py","lineno":5,"logger":"py.warnings"}
{"timestamp":"2025-12-24T11:50:38.051576Z","level":"warning","event":"The `airflow.models.param.Param` attribute is deprecated. Please use `'airflow.sdk.Param'`.","category":"DeprecatedImportWarning","filename":"/opt/airflow/dags/dag.py","lineno":10,"logger":"py.warnings"}
{"timestamp":"2025-12-24T11:50:38.051741Z","level":"warning","event":"The `airflow.operators.python.get_current_context` attribute is deprecated. Please use `'airflow.sdk.get_current_context'`.","category":"DeprecatedImportWarning","filename":"/opt/airflow/dags/dag.py","lineno":18,"logger":"py.warnings"}
{"timestamp":"2025-12-24T11:51:08.475655Z","level":"info","event":"Filling up the DagBag from /opt/airflow/dags/dag.py","logger":"airflow.models.dagbag.DagBag","filename":"dagbag.py","lineno":593}
{"timestamp":"2025-12-24T11:51:08.534604Z","level":"warning","event":"The `airflow.decorators.dag` attribute is deprecated. Please use `'airflow.sdk.dag'`.","category":"DeprecatedImportWarning","filename":"/opt/airflow/dags/dag.py","lineno":1,"logger":"py.warnings"}
{"timestamp":"2025-12-24T11:51:08.534729Z","level":"warning","event":"The `airflow.decorators.task` attribute is deprecated. Please use `'airflow.sdk.task'`.","category":"DeprecatedImportWarning","filename":"/opt/airflow/dags/dag.py","lineno":2,"logger":"py.warnings"}
{"timestamp":"2025-12-24T11:51:08.534754Z","level":"warning","event":"The `airflow.operators.empty.EmptyOperator` attribute is deprecated. Please use `'airflow.providers.standard.operators.empty.EmptyOperator'`.","category":"DeprecatedImportWarning","filename":"/opt/airflow/dags/dag.py","lineno":3,"logger":"py.warnings"}
{"timestamp":"2025-12-24T11:51:08.534775Z","level":"warning","event":"The `airflow.operators.python.get_current_context` attribute is deprecated. Please use `'airflow.sdk.get_current_context'`.","category":"DeprecatedImportWarning","filename":"/opt/airflow/dags/dag.py","lineno":5,"logger":"py.warnings"}
{"timestamp":"2025-12-24T11:51:08.534810Z","level":"warning","event":"The `airflow.models.param.Param` attribute is deprecated. Please use `'airflow.sdk.Param'`.","category":"DeprecatedImportWarning","filename":"/opt/airflow/dags/dag.py","lineno":10,"logger":"py.warnings"}
{"timestamp":"2025-12-24T11:51:08.534827Z","level":"warning","event":"The `airflow.operators.python.get_current_context` attribute is deprecated. Please use `'airflow.sdk.get_current_context'`.","category":"DeprecatedImportWarning","filename":"/opt/airflow/dags/dag.py","lineno":18,"logger":"py.warnings"}
{"timestamp":"2025-12-24T11:51:39.048825Z","level":"info","event":"Filling up the DagBag from /opt/airflow/dags/dag.py","logger":"airflow.models.dagbag.DagBag","filename":"dagbag.py","lineno":593}
{"timestamp":"2025-12-24T11:51:39.104795Z","level":"warning","event":"The `airflow.decorators.dag` attribute is deprecated. Please use `'airflow.sdk.dag'`.","category":"DeprecatedImportWarning","filename":"/opt/airflow/dags/dag.py","lineno":1,"logger":"py.warnings"}
{"timestamp":"2025-12-24T11:51:39.104874Z","level":"warning","event":"The `airflow.decorators.task` attribute is deprecated. Please use `'airflow.sdk.task'`.","category":"DeprecatedImportWarning","filename":"/opt/airflow/dags/dag.py","lineno":2,"logger":"py.warnings"}
{"timestamp":"2025-12-24T11:51:39.104901Z","level":"warning","event":"The `airflow.operators.empty.EmptyOperator` attribute is deprecated. Please use `'airflow.providers.standard.operators.empty.EmptyOperator'`.","category":"DeprecatedImportWarning","filename":"/opt/airflow/dags/dag.py","lineno":3,"logger":"py.warnings"}
{"timestamp":"2025-12-24T11:51:39.104939Z","level":"warning","event":"The `airflow.operators.python.get_current_context` attribute is deprecated. Please use `'airflow.sdk.get_current_context'`.","category":"DeprecatedImportWarning","filename":"/opt/airflow/dags/dag.py","lineno":5,"logger":"py.warnings"}
{"timestamp":"2025-12-24T11:51:39.104975Z","level":"warning","event":"The `airflow.models.param.Param` attribute is deprecated. Please use `'airflow.sdk.Param'`.","category":"DeprecatedImportWarning","filename":"/opt/airflow/dags/dag.py","lineno":10,"logger":"py.warnings"}
{"timestamp":"2025-12-24T11:51:39.105006Z","level":"warning","event":"The `airflow.operators.python.get_current_context` attribute is deprecated. Please use `'airflow.sdk.get_current_context'`.","category":"DeprecatedImportWarning","filename":"/opt/airflow/dags/dag.py","lineno":18,"logger":"py.warnings"}
{"timestamp":"2025-12-24T11:52:09.502973Z","level":"info","event":"Filling up the DagBag from /opt/airflow/dags/dag.py","logger":"airflow.models.dagbag.DagBag","filename":"dagbag.py","lineno":593}
{"timestamp":"2025-12-24T11:52:09.544302Z","level":"warning","event":"The `airflow.decorators.dag` attribute is deprecated. Please use `'airflow.sdk.dag'`.","category":"DeprecatedImportWarning","filename":"/opt/airflow/dags/dag.py","lineno":1,"logger":"py.warnings"}
{"timestamp":"2025-12-24T11:52:09.544561Z","level":"warning","event":"The `airflow.decorators.task` attribute is deprecated. Please use `'airflow.sdk.task'`.","category":"DeprecatedImportWarning","filename":"/opt/airflow/dags/dag.py","lineno":2,"logger":"py.warnings"}
{"timestamp":"2025-12-24T11:52:09.544587Z","level":"warning","event":"The `airflow.operators.empty.EmptyOperator` attribute is deprecated. Please use `'airflow.providers.standard.operators.empty.EmptyOperator'`.","category":"DeprecatedImportWarning","filename":"/opt/airflow/dags/dag.py","lineno":3,"logger":"py.warnings"}
{"timestamp":"2025-12-24T11:52:09.545085Z","level":"warning","event":"The `airflow.operators.python.get_current_context` attribute is deprecated. Please use `'airflow.sdk.get_current_context'`.","category":"DeprecatedImportWarning","filename":"/opt/airflow/dags/dag.py","lineno":5,"logger":"py.warnings"}
{"timestamp":"2025-12-24T11:52:09.545119Z","level":"warning","event":"The `airflow.models.param.Param` attribute is deprecated. Please use `'airflow.sdk.Param'`.","category":"DeprecatedImportWarning","filename":"/opt/airflow/dags/dag.py","lineno":10,"logger":"py.warnings"}
{"timestamp":"2025-12-24T11:52:09.545140Z","level":"warning","event":"The `airflow.operators.python.get_current_context` attribute is deprecated. Please use `'airflow.sdk.get_current_context'`.","category":"DeprecatedImportWarning","filename":"/opt/airflow/dags/dag.py","lineno":18,"logger":"py.warnings"}
{"timestamp":"2025-12-24T11:52:39.995222Z","level":"info","event":"Filling up the DagBag from /opt/airflow/dags/dag.py","logger":"airflow.models.dagbag.DagBag","filename":"dagbag.py","lineno":593}
{"timestamp":"2025-12-24T11:52:40.042034Z","level":"warning","event":"The `airflow.decorators.dag` attribute is deprecated. Please use `'airflow.sdk.dag'`.","category":"DeprecatedImportWarning","filename":"/opt/airflow/dags/dag.py","lineno":1,"logger":"py.warnings"}
{"timestamp":"2025-12-24T11:52:40.042135Z","level":"warning","event":"The `airflow.decorators.task` attribute is deprecated. Please use `'airflow.sdk.task'`.","category":"DeprecatedImportWarning","filename":"/opt/airflow/dags/dag.py","lineno":2,"logger":"py.warnings"}
{"timestamp":"2025-12-24T11:52:40.042177Z","level":"warning","event":"The `airflow.operators.empty.EmptyOperator` attribute is deprecated. Please use `'airflow.providers.standard.operators.empty.EmptyOperator'`.","category":"DeprecatedImportWarning","filename":"/opt/airflow/dags/dag.py","lineno":3,"logger":"py.warnings"}
{"timestamp":"2025-12-24T11:52:40.042204Z","level":"warning","event":"The `airflow.operators.python.get_current_context` attribute is deprecated. Please use `'airflow.sdk.get_current_context'`.","category":"DeprecatedImportWarning","filename":"/opt/airflow/dags/dag.py","lineno":5,"logger":"py.warnings"}
{"timestamp":"2025-12-24T11:52:40.042234Z","level":"warning","event":"The `airflow.models.param.Param` attribute is deprecated. Please use `'airflow.sdk.Param'`.","category":"DeprecatedImportWarning","filename":"/opt/airflow/dags/dag.py","lineno":10,"logger":"py.warnings"}
{"timestamp":"2025-12-24T11:52:40.042256Z","level":"warning","event":"The `airflow.operators.python.get_current_context` attribute is deprecated. Please use `'airflow.sdk.get_current_context'`.","category":"DeprecatedImportWarning","filename":"/opt/airflow/dags/dag.py","lineno":18,"logger":"py.warnings"}
{"timestamp":"2025-12-24T11:53:10.490202Z","level":"info","event":"Filling up the DagBag from /opt/airflow/dags/dag.py","logger":"airflow.models.dagbag.DagBag","filename":"dagbag.py","lineno":593}
{"timestamp":"2025-12-24T11:53:10.519939Z","level":"warning","event":"The `airflow.decorators.dag` attribute is deprecated. Please use `'airflow.sdk.dag'`.","category":"DeprecatedImportWarning","filename":"/opt/airflow/dags/dag.py","lineno":1,"logger":"py.warnings"}
{"timestamp":"2025-12-24T11:53:10.520005Z","level":"warning","event":"The `airflow.decorators.task` attribute is deprecated. Please use `'airflow.sdk.task'`.","category":"DeprecatedImportWarning","filename":"/opt/airflow/dags/dag.py","lineno":2,"logger":"py.warnings"}
{"timestamp":"2025-12-24T11:53:10.520032Z","level":"warning","event":"The `airflow.operators.empty.EmptyOperator` attribute is deprecated. Please use `'airflow.providers.standard.operators.empty.EmptyOperator'`.","category":"DeprecatedImportWarning","filename":"/opt/airflow/dags/dag.py","lineno":3,"logger":"py.warnings"}
{"timestamp":"2025-12-24T11:53:10.520053Z","level":"warning","event":"The `airflow.operators.python.get_current_context` attribute is deprecated. Please use `'airflow.sdk.get_current_context'`.","category":"DeprecatedImportWarning","filename":"/opt/airflow/dags/dag.py","lineno":5,"logger":"py.warnings"}
{"timestamp":"2025-12-24T11:53:10.520076Z","level":"warning","event":"The `airflow.models.param.Param` attribute is deprecated. Please use `'airflow.sdk.Param'`.","category":"DeprecatedImportWarning","filename":"/opt/airflow/dags/dag.py","lineno":10,"logger":"py.warnings"}
{"timestamp":"2025-12-24T11:53:10.520096Z","level":"warning","event":"The `airflow.operators.python.get_current_context` attribute is deprecated. Please use `'airflow.sdk.get_current_context'`.","category":"DeprecatedImportWarning","filename":"/opt/airflow/dags/dag.py","lineno":18,"logger":"py.warnings"}
{"timestamp":"2025-12-24T11:53:40.929579Z","level":"info","event":"Filling up the DagBag from /opt/airflow/dags/dag.py","logger":"airflow.models.dagbag.DagBag","filename":"dagbag.py","lineno":593}
{"timestamp":"2025-12-24T11:53:40.971664Z","level":"warning","event":"The `airflow.decorators.dag` attribute is deprecated. Please use `'airflow.sdk.dag'`.","category":"DeprecatedImportWarning","filename":"/opt/airflow/dags/dag.py","lineno":1,"logger":"py.warnings"}
{"timestamp":"2025-12-24T11:53:40.971747Z","level":"warning","event":"The `airflow.decorators.task` attribute is deprecated. Please use `'airflow.sdk.task'`.","category":"DeprecatedImportWarning","filename":"/opt/airflow/dags/dag.py","lineno":2,"logger":"py.warnings"}
{"timestamp":"2025-12-24T11:53:40.971775Z","level":"warning","event":"The `airflow.operators.empty.EmptyOperator` attribute is deprecated. Please use `'airflow.providers.standard.operators.empty.EmptyOperator'`.","category":"DeprecatedImportWarning","filename":"/opt/airflow/dags/dag.py","lineno":3,"logger":"py.warnings"}
{"timestamp":"2025-12-24T11:53:40.971795Z","level":"warning","event":"The `airflow.operators.python.get_current_context` attribute is deprecated. Please use `'airflow.sdk.get_current_context'`.","category":"DeprecatedImportWarning","filename":"/opt/airflow/dags/dag.py","lineno":5,"logger":"py.warnings"}
{"timestamp":"2025-12-24T11:53:40.971833Z","level":"warning","event":"The `airflow.models.param.Param` attribute is deprecated. Please use `'airflow.sdk.Param'`.","category":"DeprecatedImportWarning","filename":"/opt/airflow/dags/dag.py","lineno":10,"logger":"py.warnings"}
{"timestamp":"2025-12-24T11:53:40.971853Z","level":"warning","event":"The `airflow.operators.python.get_current_context` attribute is deprecated. Please use `'airflow.sdk.get_current_context'`.","category":"DeprecatedImportWarning","filename":"/opt/airflow/dags/dag.py","lineno":18,"logger":"py.warnings"}
{"timestamp":"2025-12-24T11:54:11.407395Z","level":"info","event":"Filling up the DagBag from /opt/airflow/dags/dag.py","logger":"airflow.models.dagbag.DagBag","filename":"dagbag.py","lineno":593}
{"timestamp":"2025-12-24T11:54:11.439792Z","level":"warning","event":"The `airflow.decorators.dag` attribute is deprecated. Please use `'airflow.sdk.dag'`.","category":"DeprecatedImportWarning","filename":"/opt/airflow/dags/dag.py","lineno":1,"logger":"py.warnings"}
{"timestamp":"2025-12-24T11:54:11.439874Z","level":"warning","event":"The `airflow.decorators.task` attribute is deprecated. Please use `'airflow.sdk.task'`.","category":"DeprecatedImportWarning","filename":"/opt/airflow/dags/dag.py","lineno":2,"logger":"py.warnings"}
{"timestamp":"2025-12-24T11:54:11.439899Z","level":"warning","event":"The `airflow.operators.empty.EmptyOperator` attribute is deprecated. Please use `'airflow.providers.standard.operators.empty.EmptyOperator'`.","category":"DeprecatedImportWarning","filename":"/opt/airflow/dags/dag.py","lineno":3,"logger":"py.warnings"}
{"timestamp":"2025-12-24T11:54:11.439921Z","level":"warning","event":"The `airflow.operators.python.get_current_context` attribute is deprecated. Please use `'airflow.sdk.get_current_context'`.","category":"DeprecatedImportWarning","filename":"/opt/airflow/dags/dag.py","lineno":5,"logger":"py.warnings"}
{"timestamp":"2025-12-24T11:54:11.439954Z","level":"warning","event":"The `airflow.models.param.Param` attribute is deprecated. Please use `'airflow.sdk.Param'`.","category":"DeprecatedImportWarning","filename":"/opt/airflow/dags/dag.py","lineno":10,"logger":"py.warnings"}
{"timestamp":"2025-12-24T11:54:11.439975Z","level":"warning","event":"The `airflow.operators.python.get_current_context` attribute is deprecated. Please use `'airflow.sdk.get_current_context'`.","category":"DeprecatedImportWarning","filename":"/opt/airflow/dags/dag.py","lineno":18,"logger":"py.warnings"}
{"timestamp":"2025-12-24T11:54:41.886877Z","level":"info","event":"Filling up the DagBag from /opt/airflow/dags/dag.py","logger":"airflow.models.dagbag.DagBag","filename":"dagbag.py","lineno":593}
{"timestamp":"2025-12-24T11:54:41.937623Z","level":"warning","event":"The `airflow.decorators.dag` attribute is deprecated. Please use `'airflow.sdk.dag'`.","category":"DeprecatedImportWarning","filename":"/opt/airflow/dags/dag.py","lineno":1,"logger":"py.warnings"}
{"timestamp":"2025-12-24T11:54:41.937709Z","level":"warning","event":"The `airflow.decorators.task` attribute is deprecated. Please use `'airflow.sdk.task'`.","category":"DeprecatedImportWarning","filename":"/opt/airflow/dags/dag.py","lineno":2,"logger":"py.warnings"}
{"timestamp":"2025-12-24T11:54:41.937741Z","level":"warning","event":"The `airflow.operators.empty.EmptyOperator` attribute is deprecated. Please use `'airflow.providers.standard.operators.empty.EmptyOperator'`.","category":"DeprecatedImportWarning","filename":"/opt/airflow/dags/dag.py","lineno":3,"logger":"py.warnings"}
{"timestamp":"2025-12-24T11:54:41.937760Z","level":"warning","event":"The `airflow.operators.python.get_current_context` attribute is deprecated. Please use `'airflow.sdk.get_current_context'`.","category":"DeprecatedImportWarning","filename":"/opt/airflow/dags/dag.py","lineno":5,"logger":"py.warnings"}
{"timestamp":"2025-12-24T11:54:41.937780Z","level":"warning","event":"The `airflow.models.param.Param` attribute is deprecated. Please use `'airflow.sdk.Param'`.","category":"DeprecatedImportWarning","filename":"/opt/airflow/dags/dag.py","lineno":10,"logger":"py.warnings"}
{"timestamp":"2025-12-24T11:54:41.937797Z","level":"warning","event":"The `airflow.operators.python.get_current_context` attribute is deprecated. Please use `'airflow.sdk.get_current_context'`.","category":"DeprecatedImportWarning","filename":"/opt/airflow/dags/dag.py","lineno":18,"logger":"py.warnings"}
{"timestamp":"2025-12-24T11:55:12.364755Z","level":"info","event":"Filling up the DagBag from /opt/airflow/dags/dag.py","logger":"airflow.models.dagbag.DagBag","filename":"dagbag.py","lineno":593}
{"timestamp":"2025-12-24T11:55:12.395024Z","level":"warning","event":"The `airflow.decorators.dag` attribute is deprecated. Please use `'airflow.sdk.dag'`.","category":"DeprecatedImportWarning","filename":"/opt/airflow/dags/dag.py","lineno":1,"logger":"py.warnings"}
{"timestamp":"2025-12-24T11:55:12.395089Z","level":"warning","event":"The `airflow.decorators.task` attribute is deprecated. Please use `'airflow.sdk.task'`.","category":"DeprecatedImportWarning","filename":"/opt/airflow/dags/dag.py","lineno":2,"logger":"py.warnings"}
{"timestamp":"2025-12-24T11:55:12.395114Z","level":"warning","event":"The `airflow.operators.empty.EmptyOperator` attribute is deprecated. Please use `'airflow.providers.standard.operators.empty.EmptyOperator'`.","category":"DeprecatedImportWarning","filename":"/opt/airflow/dags/dag.py","lineno":3,"logger":"py.warnings"}
{"timestamp":"2025-12-24T11:55:12.395135Z","level":"warning","event":"The `airflow.operators.python.get_current_context` attribute is deprecated. Please use `'airflow.sdk.get_current_context'`.","category":"DeprecatedImportWarning","filename":"/opt/airflow/dags/dag.py","lineno":5,"logger":"py.warnings"}
{"timestamp":"2025-12-24T11:55:12.395158Z","level":"warning","event":"The `airflow.models.param.Param` attribute is deprecated. Please use `'airflow.sdk.Param'`.","category":"DeprecatedImportWarning","filename":"/opt/airflow/dags/dag.py","lineno":10,"logger":"py.warnings"}
{"timestamp":"2025-12-24T11:55:12.395177Z","level":"warning","event":"The `airflow.operators.python.get_current_context` attribute is deprecated. Please use `'airflow.sdk.get_current_context'`.","category":"DeprecatedImportWarning","filename":"/opt/airflow/dags/dag.py","lineno":18,"logger":"py.warnings"}
{"timestamp":"2025-12-24T11:55:42.772691Z","level":"info","event":"Filling up the DagBag from /opt/airflow/dags/dag.py","logger":"airflow.models.dagbag.DagBag","filename":"dagbag.py","lineno":593}
{"timestamp":"2025-12-24T11:55:42.815151Z","level":"warning","event":"The `airflow.decorators.dag` attribute is deprecated. Please use `'airflow.sdk.dag'`.","category":"DeprecatedImportWarning","filename":"/opt/airflow/dags/dag.py","lineno":1,"logger":"py.warnings"}
{"timestamp":"2025-12-24T11:55:42.815411Z","level":"warning","event":"The `airflow.decorators.task` attribute is deprecated. Please use `'airflow.sdk.task'`.","category":"DeprecatedImportWarning","filename":"/opt/airflow/dags/dag.py","lineno":2,"logger":"py.warnings"}
{"timestamp":"2025-12-24T11:55:42.815454Z","level":"warning","event":"The `airflow.operators.empty.EmptyOperator` attribute is deprecated. Please use `'airflow.providers.standard.operators.empty.EmptyOperator'`.","category":"DeprecatedImportWarning","filename":"/opt/airflow/dags/dag.py","lineno":3,"logger":"py.warnings"}
{"timestamp":"2025-12-24T11:55:42.815476Z","level":"warning","event":"The `airflow.operators.python.get_current_context` attribute is deprecated. Please use `'airflow.sdk.get_current_context'`.","category":"DeprecatedImportWarning","filename":"/opt/airflow/dags/dag.py","lineno":5,"logger":"py.warnings"}
{"timestamp":"2025-12-24T11:55:42.815511Z","level":"warning","event":"The `airflow.models.param.Param` attribute is deprecated. Please use `'airflow.sdk.Param'`.","category":"DeprecatedImportWarning","filename":"/opt/airflow/dags/dag.py","lineno":10,"logger":"py.warnings"}
{"timestamp":"2025-12-24T11:55:42.815531Z","level":"warning","event":"The `airflow.operators.python.get_current_context` attribute is deprecated. Please use `'airflow.sdk.get_current_context'`.","category":"DeprecatedImportWarning","filename":"/opt/airflow/dags/dag.py","lineno":18,"logger":"py.warnings"}
{"timestamp":"2025-12-24T11:56:13.278453Z","level":"info","event":"Filling up the DagBag from /opt/airflow/dags/dag.py","logger":"airflow.models.dagbag.DagBag","filename":"dagbag.py","lineno":593}
{"timestamp":"2025-12-24T11:56:13.307243Z","level":"warning","event":"The `airflow.decorators.dag` attribute is deprecated. Please use `'airflow.sdk.dag'`.","category":"DeprecatedImportWarning","filename":"/opt/airflow/dags/dag.py","lineno":1,"logger":"py.warnings"}
{"timestamp":"2025-12-24T11:56:13.307525Z","level":"warning","event":"The `airflow.decorators.task` attribute is deprecated. Please use `'airflow.sdk.task'`.","category":"DeprecatedImportWarning","filename":"/opt/airflow/dags/dag.py","lineno":2,"logger":"py.warnings"}
{"timestamp":"2025-12-24T11:56:13.307575Z","level":"warning","event":"The `airflow.operators.empty.EmptyOperator` attribute is deprecated. Please use `'airflow.providers.standard.operators.empty.EmptyOperator'`.","category":"DeprecatedImportWarning","filename":"/opt/airflow/dags/dag.py","lineno":3,"logger":"py.warnings"}
{"timestamp":"2025-12-24T11:56:13.307600Z","level":"warning","event":"The `airflow.operators.python.get_current_context` attribute is deprecated. Please use `'airflow.sdk.get_current_context'`.","category":"DeprecatedImportWarning","filename":"/opt/airflow/dags/dag.py","lineno":5,"logger":"py.warnings"}
{"timestamp":"2025-12-24T11:56:13.307621Z","level":"warning","event":"The `airflow.models.param.Param` attribute is deprecated. Please use `'airflow.sdk.Param'`.","category":"DeprecatedImportWarning","filename":"/opt/airflow/dags/dag.py","lineno":10,"logger":"py.warnings"}
{"timestamp":"2025-12-24T11:56:13.307641Z","level":"warning","event":"The `airflow.operators.python.get_current_context` attribute is deprecated. Please use `'airflow.sdk.get_current_context'`.","category":"DeprecatedImportWarning","filename":"/opt/airflow/dags/dag.py","lineno":18,"logger":"py.warnings"}
{"timestamp":"2025-12-24T11:56:43.722722Z","level":"info","event":"Filling up the DagBag from /opt/airflow/dags/dag.py","logger":"airflow.models.dagbag.DagBag","filename":"dagbag.py","lineno":593}
{"timestamp":"2025-12-24T11:56:43.770120Z","level":"warning","event":"The `airflow.decorators.dag` attribute is deprecated. Please use `'airflow.sdk.dag'`.","category":"DeprecatedImportWarning","filename":"/opt/airflow/dags/dag.py","lineno":1,"logger":"py.warnings"}
{"timestamp":"2025-12-24T11:56:43.770348Z","level":"warning","event":"The `airflow.decorators.task` attribute is deprecated. Please use `'airflow.sdk.task'`.","category":"DeprecatedImportWarning","filename":"/opt/airflow/dags/dag.py","lineno":2,"logger":"py.warnings"}
{"timestamp":"2025-12-24T11:56:43.770389Z","level":"warning","event":"The `airflow.operators.empty.EmptyOperator` attribute is deprecated. Please use `'airflow.providers.standard.operators.empty.EmptyOperator'`.","category":"DeprecatedImportWarning","filename":"/opt/airflow/dags/dag.py","lineno":3,"logger":"py.warnings"}
{"timestamp":"2025-12-24T11:56:43.770412Z","level":"warning","event":"The `airflow.operators.python.get_current_context` attribute is deprecated. Please use `'airflow.sdk.get_current_context'`.","category":"DeprecatedImportWarning","filename":"/opt/airflow/dags/dag.py","lineno":5,"logger":"py.warnings"}
{"timestamp":"2025-12-24T11:56:43.770434Z","level":"warning","event":"The `airflow.models.param.Param` attribute is deprecated. Please use `'airflow.sdk.Param'`.","category":"DeprecatedImportWarning","filename":"/opt/airflow/dags/dag.py","lineno":10,"logger":"py.warnings"}
{"timestamp":"2025-12-24T11:56:43.770452Z","level":"warning","event":"The `airflow.operators.python.get_current_context` attribute is deprecated. Please use `'airflow.sdk.get_current_context'`.","category":"DeprecatedImportWarning","filename":"/opt/airflow/dags/dag.py","lineno":18,"logger":"py.warnings"}
{"timestamp":"2025-12-24T11:57:14.158066Z","level":"info","event":"Filling up the DagBag from /opt/airflow/dags/dag.py","logger":"airflow.models.dagbag.DagBag","filename":"dagbag.py","lineno":593}
{"timestamp":"2025-12-24T11:57:14.215949Z","level":"warning","event":"The `airflow.decorators.dag` attribute is deprecated. Please use `'airflow.sdk.dag'`.","category":"DeprecatedImportWarning","filename":"/opt/airflow/dags/dag.py","lineno":1,"logger":"py.warnings"}
{"timestamp":"2025-12-24T11:57:14.216069Z","level":"warning","event":"The `airflow.decorators.task` attribute is deprecated. Please use `'airflow.sdk.task'`.","category":"DeprecatedImportWarning","filename":"/opt/airflow/dags/dag.py","lineno":2,"logger":"py.warnings"}
{"timestamp":"2025-12-24T11:57:14.216110Z","level":"warning","event":"The `airflow.operators.empty.EmptyOperator` attribute is deprecated. Please use `'airflow.providers.standard.operators.empty.EmptyOperator'`.","category":"DeprecatedImportWarning","filename":"/opt/airflow/dags/dag.py","lineno":3,"logger":"py.warnings"}
{"timestamp":"2025-12-24T11:57:14.216141Z","level":"warning","event":"The `airflow.operators.python.get_current_context` attribute is deprecated. Please use `'airflow.sdk.get_current_context'`.","category":"DeprecatedImportWarning","filename":"/opt/airflow/dags/dag.py","lineno":5,"logger":"py.warnings"}
{"timestamp":"2025-12-24T11:57:14.216171Z","level":"warning","event":"The `airflow.models.param.Param` attribute is deprecated. Please use `'airflow.sdk.Param'`.","category":"DeprecatedImportWarning","filename":"/opt/airflow/dags/dag.py","lineno":10,"logger":"py.warnings"}
{"timestamp":"2025-12-24T11:57:14.216191Z","level":"warning","event":"The `airflow.operators.python.get_current_context` attribute is deprecated. Please use `'airflow.sdk.get_current_context'`.","category":"DeprecatedImportWarning","filename":"/opt/airflow/dags/dag.py","lineno":18,"logger":"py.warnings"}
{"timestamp":"2025-12-24T11:57:44.670260Z","level":"info","event":"Filling up the DagBag from /opt/airflow/dags/dag.py","logger":"airflow.models.dagbag.DagBag","filename":"dagbag.py","lineno":593}
{"timestamp":"2025-12-24T11:57:44.711568Z","level":"warning","event":"The `airflow.decorators.dag` attribute is deprecated. Please use `'airflow.sdk.dag'`.","category":"DeprecatedImportWarning","filename":"/opt/airflow/dags/dag.py","lineno":1,"logger":"py.warnings"}
{"timestamp":"2025-12-24T11:57:44.711639Z","level":"warning","event":"The `airflow.decorators.task` attribute is deprecated. Please use `'airflow.sdk.task'`.","category":"DeprecatedImportWarning","filename":"/opt/airflow/dags/dag.py","lineno":2,"logger":"py.warnings"}
{"timestamp":"2025-12-24T11:57:44.711664Z","level":"warning","event":"The `airflow.operators.empty.EmptyOperator` attribute is deprecated. Please use `'airflow.providers.standard.operators.empty.EmptyOperator'`.","category":"DeprecatedImportWarning","filename":"/opt/airflow/dags/dag.py","lineno":3,"logger":"py.warnings"}
{"timestamp":"2025-12-24T11:57:44.711688Z","level":"warning","event":"The `airflow.operators.python.get_current_context` attribute is deprecated. Please use `'airflow.sdk.get_current_context'`.","category":"DeprecatedImportWarning","filename":"/opt/airflow/dags/dag.py","lineno":5,"logger":"py.warnings"}
{"timestamp":"2025-12-24T11:57:44.711718Z","level":"warning","event":"The `airflow.models.param.Param` attribute is deprecated. Please use `'airflow.sdk.Param'`.","category":"DeprecatedImportWarning","filename":"/opt/airflow/dags/dag.py","lineno":10,"logger":"py.warnings"}
{"timestamp":"2025-12-24T11:57:44.711751Z","level":"warning","event":"The `airflow.operators.python.get_current_context` attribute is deprecated. Please use `'airflow.sdk.get_current_context'`.","category":"DeprecatedImportWarning","filename":"/opt/airflow/dags/dag.py","lineno":18,"logger":"py.warnings"}
{"timestamp":"2025-12-24T11:58:15.148300Z","level":"info","event":"Filling up the DagBag from /opt/airflow/dags/dag.py","logger":"airflow.models.dagbag.DagBag","filename":"dagbag.py","lineno":593}
{"timestamp":"2025-12-24T11:58:15.191615Z","level":"warning","event":"The `airflow.decorators.dag` attribute is deprecated. Please use `'airflow.sdk.dag'`.","category":"DeprecatedImportWarning","filename":"/opt/airflow/dags/dag.py","lineno":1,"logger":"py.warnings"}
{"timestamp":"2025-12-24T11:58:15.191690Z","level":"warning","event":"The `airflow.decorators.task` attribute is deprecated. Please use `'airflow.sdk.task'`.","category":"DeprecatedImportWarning","filename":"/opt/airflow/dags/dag.py","lineno":2,"logger":"py.warnings"}
{"timestamp":"2025-12-24T11:58:15.191714Z","level":"warning","event":"The `airflow.operators.empty.EmptyOperator` attribute is deprecated. Please use `'airflow.providers.standard.operators.empty.EmptyOperator'`.","category":"DeprecatedImportWarning","filename":"/opt/airflow/dags/dag.py","lineno":3,"logger":"py.warnings"}
{"timestamp":"2025-12-24T11:58:15.191736Z","level":"warning","event":"The `airflow.operators.python.get_current_context` attribute is deprecated. Please use `'airflow.sdk.get_current_context'`.","category":"DeprecatedImportWarning","filename":"/opt/airflow/dags/dag.py","lineno":5,"logger":"py.warnings"}
{"timestamp":"2025-12-24T11:58:15.191758Z","level":"warning","event":"The `airflow.models.param.Param` attribute is deprecated. Please use `'airflow.sdk.Param'`.","category":"DeprecatedImportWarning","filename":"/opt/airflow/dags/dag.py","lineno":10,"logger":"py.warnings"}
{"timestamp":"2025-12-24T11:58:15.191787Z","level":"warning","event":"The `airflow.operators.python.get_current_context` attribute is deprecated. Please use `'airflow.sdk.get_current_context'`.","category":"DeprecatedImportWarning","filename":"/opt/airflow/dags/dag.py","lineno":18,"logger":"py.warnings"}
{"timestamp":"2025-12-24T11:58:45.571812Z","level":"info","event":"Filling up the DagBag from /opt/airflow/dags/dag.py","logger":"airflow.models.dagbag.DagBag","filename":"dagbag.py","lineno":593}
{"timestamp":"2025-12-24T11:58:45.609541Z","level":"warning","event":"The `airflow.decorators.dag` attribute is deprecated. Please use `'airflow.sdk.dag'`.","category":"DeprecatedImportWarning","filename":"/opt/airflow/dags/dag.py","lineno":1,"logger":"py.warnings"}
{"timestamp":"2025-12-24T11:58:45.609611Z","level":"warning","event":"The `airflow.decorators.task` attribute is deprecated. Please use `'airflow.sdk.task'`.","category":"DeprecatedImportWarning","filename":"/opt/airflow/dags/dag.py","lineno":2,"logger":"py.warnings"}
{"timestamp":"2025-12-24T11:58:45.609635Z","level":"warning","event":"The `airflow.operators.empty.EmptyOperator` attribute is deprecated. Please use `'airflow.providers.standard.operators.empty.EmptyOperator'`.","category":"DeprecatedImportWarning","filename":"/opt/airflow/dags/dag.py","lineno":3,"logger":"py.warnings"}
{"timestamp":"2025-12-24T11:58:45.609663Z","level":"warning","event":"The `airflow.operators.python.get_current_context` attribute is deprecated. Please use `'airflow.sdk.get_current_context'`.","category":"DeprecatedImportWarning","filename":"/opt/airflow/dags/dag.py","lineno":5,"logger":"py.warnings"}
{"timestamp":"2025-12-24T11:58:45.609685Z","level":"warning","event":"The `airflow.models.param.Param` attribute is deprecated. Please use `'airflow.sdk.Param'`.","category":"DeprecatedImportWarning","filename":"/opt/airflow/dags/dag.py","lineno":10,"logger":"py.warnings"}
{"timestamp":"2025-12-24T11:58:45.609702Z","level":"warning","event":"The `airflow.operators.python.get_current_context` attribute is deprecated. Please use `'airflow.sdk.get_current_context'`.","category":"DeprecatedImportWarning","filename":"/opt/airflow/dags/dag.py","lineno":18,"logger":"py.warnings"}
{"timestamp":"2025-12-24T11:59:16.112051Z","level":"info","event":"Filling up the DagBag from /opt/airflow/dags/dag.py","logger":"airflow.models.dagbag.DagBag","filename":"dagbag.py","lineno":593}
{"timestamp":"2025-12-24T11:59:16.224279Z","level":"warning","event":"The `airflow.decorators.dag` attribute is deprecated. Please use `'airflow.sdk.dag'`.","category":"DeprecatedImportWarning","filename":"/opt/airflow/dags/dag.py","lineno":1,"logger":"py.warnings"}
{"timestamp":"2025-12-24T11:59:16.224453Z","level":"warning","event":"The `airflow.decorators.task` attribute is deprecated. Please use `'airflow.sdk.task'`.","category":"DeprecatedImportWarning","filename":"/opt/airflow/dags/dag.py","lineno":2,"logger":"py.warnings"}
{"timestamp":"2025-12-24T11:59:16.224482Z","level":"warning","event":"The `airflow.operators.empty.EmptyOperator` attribute is deprecated. Please use `'airflow.providers.standard.operators.empty.EmptyOperator'`.","category":"DeprecatedImportWarning","filename":"/opt/airflow/dags/dag.py","lineno":3,"logger":"py.warnings"}
{"timestamp":"2025-12-24T11:59:16.224507Z","level":"warning","event":"The `airflow.operators.python.get_current_context` attribute is deprecated. Please use `'airflow.sdk.get_current_context'`.","category":"DeprecatedImportWarning","filename":"/opt/airflow/dags/dag.py","lineno":5,"logger":"py.warnings"}
{"timestamp":"2025-12-24T11:59:16.224532Z","level":"warning","event":"The `airflow.models.param.Param` attribute is deprecated. Please use `'airflow.sdk.Param'`.","category":"DeprecatedImportWarning","filename":"/opt/airflow/dags/dag.py","lineno":10,"logger":"py.warnings"}
{"timestamp":"2025-12-24T11:59:16.224556Z","level":"warning","event":"The `airflow.operators.python.get_current_context` attribute is deprecated. Please use `'airflow.sdk.get_current_context'`.","category":"DeprecatedImportWarning","filename":"/opt/airflow/dags/dag.py","lineno":18,"logger":"py.warnings"}
{"timestamp":"2025-12-24T11:59:46.685822Z","level":"info","event":"Filling up the DagBag from /opt/airflow/dags/dag.py","logger":"airflow.models.dagbag.DagBag","filename":"dagbag.py","lineno":593}
{"timestamp":"2025-12-24T11:59:46.738460Z","level":"warning","event":"The `airflow.decorators.dag` attribute is deprecated. Please use `'airflow.sdk.dag'`.","category":"DeprecatedImportWarning","filename":"/opt/airflow/dags/dag.py","lineno":1,"logger":"py.warnings"}
{"timestamp":"2025-12-24T11:59:46.738550Z","level":"warning","event":"The `airflow.decorators.task` attribute is deprecated. Please use `'airflow.sdk.task'`.","category":"DeprecatedImportWarning","filename":"/opt/airflow/dags/dag.py","lineno":2,"logger":"py.warnings"}
{"timestamp":"2025-12-24T11:59:46.738587Z","level":"warning","event":"The `airflow.operators.empty.EmptyOperator` attribute is deprecated. Please use `'airflow.providers.standard.operators.empty.EmptyOperator'`.","category":"DeprecatedImportWarning","filename":"/opt/airflow/dags/dag.py","lineno":3,"logger":"py.warnings"}
{"timestamp":"2025-12-24T11:59:46.738610Z","level":"warning","event":"The `airflow.operators.python.get_current_context` attribute is deprecated. Please use `'airflow.sdk.get_current_context'`.","category":"DeprecatedImportWarning","filename":"/opt/airflow/dags/dag.py","lineno":5,"logger":"py.warnings"}
{"timestamp":"2025-12-24T11:59:46.738633Z","level":"warning","event":"The `airflow.models.param.Param` attribute is deprecated. Please use `'airflow.sdk.Param'`.","category":"DeprecatedImportWarning","filename":"/opt/airflow/dags/dag.py","lineno":10,"logger":"py.warnings"}
{"timestamp":"2025-12-24T11:59:46.738653Z","level":"warning","event":"The `airflow.operators.python.get_current_context` attribute is deprecated. Please use `'airflow.sdk.get_current_context'`.","category":"DeprecatedImportWarning","filename":"/opt/airflow/dags/dag.py","lineno":18,"logger":"py.warnings"}
{"timestamp":"2025-12-24T12:00:17.157569Z","level":"info","event":"Filling up the DagBag from /opt/airflow/dags/dag.py","logger":"airflow.models.dagbag.DagBag","filename":"dagbag.py","lineno":593}
{"timestamp":"2025-12-24T12:00:17.196726Z","level":"warning","event":"The `airflow.decorators.dag` attribute is deprecated. Please use `'airflow.sdk.dag'`.","category":"DeprecatedImportWarning","filename":"/opt/airflow/dags/dag.py","lineno":1,"logger":"py.warnings"}
{"timestamp":"2025-12-24T12:00:17.196784Z","level":"warning","event":"The `airflow.decorators.task` attribute is deprecated. Please use `'airflow.sdk.task'`.","category":"DeprecatedImportWarning","filename":"/opt/airflow/dags/dag.py","lineno":2,"logger":"py.warnings"}
{"timestamp":"2025-12-24T12:00:17.196809Z","level":"warning","event":"The `airflow.operators.empty.EmptyOperator` attribute is deprecated. Please use `'airflow.providers.standard.operators.empty.EmptyOperator'`.","category":"DeprecatedImportWarning","filename":"/opt/airflow/dags/dag.py","lineno":3,"logger":"py.warnings"}
{"timestamp":"2025-12-24T12:00:17.196829Z","level":"warning","event":"The `airflow.operators.python.get_current_context` attribute is deprecated. Please use `'airflow.sdk.get_current_context'`.","category":"DeprecatedImportWarning","filename":"/opt/airflow/dags/dag.py","lineno":5,"logger":"py.warnings"}
{"timestamp":"2025-12-24T12:00:17.196850Z","level":"warning","event":"The `airflow.models.param.Param` attribute is deprecated. Please use `'airflow.sdk.Param'`.","category":"DeprecatedImportWarning","filename":"/opt/airflow/dags/dag.py","lineno":10,"logger":"py.warnings"}
{"timestamp":"2025-12-24T12:00:17.196868Z","level":"warning","event":"The `airflow.operators.python.get_current_context` attribute is deprecated. Please use `'airflow.sdk.get_current_context'`.","category":"DeprecatedImportWarning","filename":"/opt/airflow/dags/dag.py","lineno":18,"logger":"py.warnings"}
{"timestamp":"2025-12-24T12:17:03.888492Z","level":"info","event":"Filling up the DagBag from /opt/airflow/dags/dag.py","logger":"airflow.models.dagbag.DagBag","filename":"dagbag.py","lineno":593}
{"timestamp":"2025-12-24T12:17:03.919713Z","level":"warning","event":"The `airflow.decorators.dag` attribute is deprecated. Please use `'airflow.sdk.dag'`.","category":"DeprecatedImportWarning","filename":"/opt/airflow/dags/dag.py","lineno":1,"logger":"py.warnings"}
{"timestamp":"2025-12-24T12:17:03.919892Z","level":"warning","event":"The `airflow.decorators.task` attribute is deprecated. Please use `'airflow.sdk.task'`.","category":"DeprecatedImportWarning","filename":"/opt/airflow/dags/dag.py","lineno":2,"logger":"py.warnings"}
{"timestamp":"2025-12-24T12:17:03.920195Z","level":"warning","event":"The `airflow.operators.empty.EmptyOperator` attribute is deprecated. Please use `'airflow.providers.standard.operators.empty.EmptyOperator'`.","category":"DeprecatedImportWarning","filename":"/opt/airflow/dags/dag.py","lineno":3,"logger":"py.warnings"}
{"timestamp":"2025-12-24T12:17:03.920352Z","level":"warning","event":"The `airflow.operators.python.get_current_context` attribute is deprecated. Please use `'airflow.sdk.get_current_context'`.","category":"DeprecatedImportWarning","filename":"/opt/airflow/dags/dag.py","lineno":5,"logger":"py.warnings"}
{"timestamp":"2025-12-24T12:17:03.920405Z","level":"warning","event":"The `airflow.models.param.Param` attribute is deprecated. Please use `'airflow.sdk.Param'`.","category":"DeprecatedImportWarning","filename":"/opt/airflow/dags/dag.py","lineno":10,"logger":"py.warnings"}
{"timestamp":"2025-12-24T12:17:03.920426Z","level":"warning","event":"The `airflow.operators.python.get_current_context` attribute is deprecated. Please use `'airflow.sdk.get_current_context'`.","category":"DeprecatedImportWarning","filename":"/opt/airflow/dags/dag.py","lineno":18,"logger":"py.warnings"}
{"timestamp":"2025-12-24T12:24:27.812542Z","level":"info","event":"Filling up the DagBag from /opt/airflow/dags/dag.py","logger":"airflow.models.dagbag.DagBag","filename":"dagbag.py","lineno":593}
{"timestamp":"2025-12-24T12:24:27.847443Z","level":"warning","event":"The `airflow.decorators.dag` attribute is deprecated. Please use `'airflow.sdk.dag'`.","category":"DeprecatedImportWarning","filename":"/opt/airflow/dags/dag.py","lineno":1,"logger":"py.warnings"}
{"timestamp":"2025-12-24T12:24:27.847504Z","level":"warning","event":"The `airflow.decorators.task` attribute is deprecated. Please use `'airflow.sdk.task'`.","category":"DeprecatedImportWarning","filename":"/opt/airflow/dags/dag.py","lineno":2,"logger":"py.warnings"}
{"timestamp":"2025-12-24T12:24:27.847526Z","level":"warning","event":"The `airflow.operators.empty.EmptyOperator` attribute is deprecated. Please use `'airflow.providers.standard.operators.empty.EmptyOperator'`.","category":"DeprecatedImportWarning","filename":"/opt/airflow/dags/dag.py","lineno":3,"logger":"py.warnings"}
{"timestamp":"2025-12-24T12:24:27.847545Z","level":"warning","event":"The `airflow.operators.python.get_current_context` attribute is deprecated. Please use `'airflow.sdk.get_current_context'`.","category":"DeprecatedImportWarning","filename":"/opt/airflow/dags/dag.py","lineno":5,"logger":"py.warnings"}
{"timestamp":"2025-12-24T12:24:27.847564Z","level":"warning","event":"The `airflow.models.param.Param` attribute is deprecated. Please use `'airflow.sdk.Param'`.","category":"DeprecatedImportWarning","filename":"/opt/airflow/dags/dag.py","lineno":10,"logger":"py.warnings"}
{"timestamp":"2025-12-24T12:24:27.847580Z","level":"warning","event":"The `airflow.operators.python.get_current_context` attribute is deprecated. Please use `'airflow.sdk.get_current_context'`.","category":"DeprecatedImportWarning","filename":"/opt/airflow/dags/dag.py","lineno":18,"logger":"py.warnings"}
{"timestamp":"2025-12-24T12:24:58.202831Z","level":"info","event":"Filling up the DagBag from /opt/airflow/dags/dag.py","logger":"airflow.models.dagbag.DagBag","filename":"dagbag.py","lineno":593}
{"timestamp":"2025-12-24T12:24:58.232964Z","level":"warning","event":"The `airflow.decorators.dag` attribute is deprecated. Please use `'airflow.sdk.dag'`.","category":"DeprecatedImportWarning","filename":"/opt/airflow/dags/dag.py","lineno":1,"logger":"py.warnings"}
{"timestamp":"2025-12-24T12:24:58.233162Z","level":"warning","event":"The `airflow.decorators.task` attribute is deprecated. Please use `'airflow.sdk.task'`.","category":"DeprecatedImportWarning","filename":"/opt/airflow/dags/dag.py","lineno":2,"logger":"py.warnings"}
{"timestamp":"2025-12-24T12:24:58.233210Z","level":"warning","event":"The `airflow.operators.empty.EmptyOperator` attribute is deprecated. Please use `'airflow.providers.standard.operators.empty.EmptyOperator'`.","category":"DeprecatedImportWarning","filename":"/opt/airflow/dags/dag.py","lineno":3,"logger":"py.warnings"}
{"timestamp":"2025-12-24T12:24:58.233233Z","level":"warning","event":"The `airflow.operators.python.get_current_context` attribute is deprecated. Please use `'airflow.sdk.get_current_context'`.","category":"DeprecatedImportWarning","filename":"/opt/airflow/dags/dag.py","lineno":5,"logger":"py.warnings"}
{"timestamp":"2025-12-24T12:24:58.233257Z","level":"warning","event":"The `airflow.models.param.Param` attribute is deprecated. Please use `'airflow.sdk.Param'`.","category":"DeprecatedImportWarning","filename":"/opt/airflow/dags/dag.py","lineno":10,"logger":"py.warnings"}
{"timestamp":"2025-12-24T12:24:58.233278Z","level":"warning","event":"The `airflow.operators.python.get_current_context` attribute is deprecated. Please use `'airflow.sdk.get_current_context'`.","category":"DeprecatedImportWarning","filename":"/opt/airflow/dags/dag.py","lineno":18,"logger":"py.warnings"}
{"timestamp":"2025-12-24T12:25:28.611942Z","level":"info","event":"Filling up the DagBag from /opt/airflow/dags/dag.py","logger":"airflow.models.dagbag.DagBag","filename":"dagbag.py","lineno":593}
{"timestamp":"2025-12-24T12:25:28.648264Z","level":"warning","event":"The `airflow.decorators.dag` attribute is deprecated. Please use `'airflow.sdk.dag'`.","category":"DeprecatedImportWarning","filename":"/opt/airflow/dags/dag.py","lineno":1,"logger":"py.warnings"}
{"timestamp":"2025-12-24T12:25:28.648328Z","level":"warning","event":"The `airflow.decorators.task` attribute is deprecated. Please use `'airflow.sdk.task'`.","category":"DeprecatedImportWarning","filename":"/opt/airflow/dags/dag.py","lineno":2,"logger":"py.warnings"}
{"timestamp":"2025-12-24T12:25:28.648354Z","level":"warning","event":"The `airflow.operators.empty.EmptyOperator` attribute is deprecated. Please use `'airflow.providers.standard.operators.empty.EmptyOperator'`.","category":"DeprecatedImportWarning","filename":"/opt/airflow/dags/dag.py","lineno":3,"logger":"py.warnings"}
{"timestamp":"2025-12-24T12:25:28.648374Z","level":"warning","event":"The `airflow.operators.python.get_current_context` attribute is deprecated. Please use `'airflow.sdk.get_current_context'`.","category":"DeprecatedImportWarning","filename":"/opt/airflow/dags/dag.py","lineno":5,"logger":"py.warnings"}
{"timestamp":"2025-12-24T12:25:28.648395Z","level":"warning","event":"The `airflow.models.param.Param` attribute is deprecated. Please use `'airflow.sdk.Param'`.","category":"DeprecatedImportWarning","filename":"/opt/airflow/dags/dag.py","lineno":10,"logger":"py.warnings"}
{"timestamp":"2025-12-24T12:25:28.648413Z","level":"warning","event":"The `airflow.operators.python.get_current_context` attribute is deprecated. Please use `'airflow.sdk.get_current_context'`.","category":"DeprecatedImportWarning","filename":"/opt/airflow/dags/dag.py","lineno":18,"logger":"py.warnings"}
{"timestamp":"2025-12-24T12:25:59.011152Z","level":"info","event":"Filling up the DagBag from /opt/airflow/dags/dag.py","logger":"airflow.models.dagbag.DagBag","filename":"dagbag.py","lineno":593}
{"timestamp":"2025-12-24T12:25:59.042928Z","level":"warning","event":"The `airflow.decorators.dag` attribute is deprecated. Please use `'airflow.sdk.dag'`.","category":"DeprecatedImportWarning","filename":"/opt/airflow/dags/dag.py","lineno":1,"logger":"py.warnings"}
{"timestamp":"2025-12-24T12:25:59.043092Z","level":"warning","event":"The `airflow.decorators.task` attribute is deprecated. Please use `'airflow.sdk.task'`.","category":"DeprecatedImportWarning","filename":"/opt/airflow/dags/dag.py","lineno":2,"logger":"py.warnings"}
{"timestamp":"2025-12-24T12:25:59.043138Z","level":"warning","event":"The `airflow.operators.empty.EmptyOperator` attribute is deprecated. Please use `'airflow.providers.standard.operators.empty.EmptyOperator'`.","category":"DeprecatedImportWarning","filename":"/opt/airflow/dags/dag.py","lineno":3,"logger":"py.warnings"}
{"timestamp":"2025-12-24T12:25:59.043168Z","level":"warning","event":"The `airflow.operators.python.get_current_context` attribute is deprecated. Please use `'airflow.sdk.get_current_context'`.","category":"DeprecatedImportWarning","filename":"/opt/airflow/dags/dag.py","lineno":5,"logger":"py.warnings"}
{"timestamp":"2025-12-24T12:25:59.043192Z","level":"warning","event":"The `airflow.models.param.Param` attribute is deprecated. Please use `'airflow.sdk.Param'`.","category":"DeprecatedImportWarning","filename":"/opt/airflow/dags/dag.py","lineno":10,"logger":"py.warnings"}
{"timestamp":"2025-12-24T12:25:59.043212Z","level":"warning","event":"The `airflow.operators.python.get_current_context` attribute is deprecated. Please use `'airflow.sdk.get_current_context'`.","category":"DeprecatedImportWarning","filename":"/opt/airflow/dags/dag.py","lineno":18,"logger":"py.warnings"}
{"timestamp":"2025-12-24T12:26:29.386779Z","level":"info","event":"Filling up the DagBag from /opt/airflow/dags/dag.py","logger":"airflow.models.dagbag.DagBag","filename":"dagbag.py","lineno":593}
{"timestamp":"2025-12-24T12:26:29.417411Z","level":"warning","event":"The `airflow.decorators.dag` attribute is deprecated. Please use `'airflow.sdk.dag'`.","category":"DeprecatedImportWarning","filename":"/opt/airflow/dags/dag.py","lineno":1,"logger":"py.warnings"}
{"timestamp":"2025-12-24T12:26:29.417481Z","level":"warning","event":"The `airflow.decorators.task` attribute is deprecated. Please use `'airflow.sdk.task'`.","category":"DeprecatedImportWarning","filename":"/opt/airflow/dags/dag.py","lineno":2,"logger":"py.warnings"}
{"timestamp":"2025-12-24T12:26:29.417510Z","level":"warning","event":"The `airflow.operators.empty.EmptyOperator` attribute is deprecated. Please use `'airflow.providers.standard.operators.empty.EmptyOperator'`.","category":"DeprecatedImportWarning","filename":"/opt/airflow/dags/dag.py","lineno":3,"logger":"py.warnings"}
{"timestamp":"2025-12-24T12:26:29.417532Z","level":"warning","event":"The `airflow.operators.python.get_current_context` attribute is deprecated. Please use `'airflow.sdk.get_current_context'`.","category":"DeprecatedImportWarning","filename":"/opt/airflow/dags/dag.py","lineno":5,"logger":"py.warnings"}
{"timestamp":"2025-12-24T12:26:29.417554Z","level":"warning","event":"The `airflow.models.param.Param` attribute is deprecated. Please use `'airflow.sdk.Param'`.","category":"DeprecatedImportWarning","filename":"/opt/airflow/dags/dag.py","lineno":10,"logger":"py.warnings"}
{"timestamp":"2025-12-24T12:26:29.417574Z","level":"warning","event":"The `airflow.operators.python.get_current_context` attribute is deprecated. Please use `'airflow.sdk.get_current_context'`.","category":"DeprecatedImportWarning","filename":"/opt/airflow/dags/dag.py","lineno":18,"logger":"py.warnings"}
{"timestamp":"2025-12-24T12:26:59.780586Z","level":"info","event":"Filling up the DagBag from /opt/airflow/dags/dag.py","logger":"airflow.models.dagbag.DagBag","filename":"dagbag.py","lineno":593}
{"timestamp":"2025-12-24T12:26:59.817441Z","level":"warning","event":"The `airflow.decorators.dag` attribute is deprecated. Please use `'airflow.sdk.dag'`.","category":"DeprecatedImportWarning","filename":"/opt/airflow/dags/dag.py","lineno":1,"logger":"py.warnings"}
{"timestamp":"2025-12-24T12:26:59.817506Z","level":"warning","event":"The `airflow.decorators.task` attribute is deprecated. Please use `'airflow.sdk.task'`.","category":"DeprecatedImportWarning","filename":"/opt/airflow/dags/dag.py","lineno":2,"logger":"py.warnings"}
{"timestamp":"2025-12-24T12:26:59.817530Z","level":"warning","event":"The `airflow.operators.empty.EmptyOperator` attribute is deprecated. Please use `'airflow.providers.standard.operators.empty.EmptyOperator'`.","category":"DeprecatedImportWarning","filename":"/opt/airflow/dags/dag.py","lineno":3,"logger":"py.warnings"}
{"timestamp":"2025-12-24T12:26:59.817550Z","level":"warning","event":"The `airflow.operators.python.get_current_context` attribute is deprecated. Please use `'airflow.sdk.get_current_context'`.","category":"DeprecatedImportWarning","filename":"/opt/airflow/dags/dag.py","lineno":5,"logger":"py.warnings"}
{"timestamp":"2025-12-24T12:26:59.817569Z","level":"warning","event":"The `airflow.models.param.Param` attribute is deprecated. Please use `'airflow.sdk.Param'`.","category":"DeprecatedImportWarning","filename":"/opt/airflow/dags/dag.py","lineno":10,"logger":"py.warnings"}
{"timestamp":"2025-12-24T12:26:59.817587Z","level":"warning","event":"The `airflow.operators.python.get_current_context` attribute is deprecated. Please use `'airflow.sdk.get_current_context'`.","category":"DeprecatedImportWarning","filename":"/opt/airflow/dags/dag.py","lineno":18,"logger":"py.warnings"}
{"timestamp":"2025-12-24T12:27:30.174206Z","level":"info","event":"Filling up the DagBag from /opt/airflow/dags/dag.py","logger":"airflow.models.dagbag.DagBag","filename":"dagbag.py","lineno":593}
{"timestamp":"2025-12-24T12:27:30.199815Z","level":"warning","event":"The `airflow.decorators.dag` attribute is deprecated. Please use `'airflow.sdk.dag'`.","category":"DeprecatedImportWarning","filename":"/opt/airflow/dags/dag.py","lineno":1,"logger":"py.warnings"}
{"timestamp":"2025-12-24T12:27:30.199881Z","level":"warning","event":"The `airflow.decorators.task` attribute is deprecated. Please use `'airflow.sdk.task'`.","category":"DeprecatedImportWarning","filename":"/opt/airflow/dags/dag.py","lineno":2,"logger":"py.warnings"}
{"timestamp":"2025-12-24T12:27:30.199911Z","level":"warning","event":"The `airflow.operators.empty.EmptyOperator` attribute is deprecated. Please use `'airflow.providers.standard.operators.empty.EmptyOperator'`.","category":"DeprecatedImportWarning","filename":"/opt/airflow/dags/dag.py","lineno":3,"logger":"py.warnings"}
{"timestamp":"2025-12-24T12:27:30.199936Z","level":"warning","event":"The `airflow.operators.python.get_current_context` attribute is deprecated. Please use `'airflow.sdk.get_current_context'`.","category":"DeprecatedImportWarning","filename":"/opt/airflow/dags/dag.py","lineno":5,"logger":"py.warnings"}
{"timestamp":"2025-12-24T12:27:30.199963Z","level":"warning","event":"The `airflow.models.param.Param` attribute is deprecated. Please use `'airflow.sdk.Param'`.","category":"DeprecatedImportWarning","filename":"/opt/airflow/dags/dag.py","lineno":10,"logger":"py.warnings"}
{"timestamp":"2025-12-24T12:27:30.199986Z","level":"warning","event":"The `airflow.operators.python.get_current_context` attribute is deprecated. Please use `'airflow.sdk.get_current_context'`.","category":"DeprecatedImportWarning","filename":"/opt/airflow/dags/dag.py","lineno":18,"logger":"py.warnings"}
{"timestamp":"2025-12-24T12:28:00.569681Z","level":"info","event":"Filling up the DagBag from /opt/airflow/dags/dag.py","logger":"airflow.models.dagbag.DagBag","filename":"dagbag.py","lineno":593}
{"timestamp":"2025-12-24T12:28:00.601464Z","level":"warning","event":"The `airflow.decorators.dag` attribute is deprecated. Please use `'airflow.sdk.dag'`.","category":"DeprecatedImportWarning","filename":"/opt/airflow/dags/dag.py","lineno":1,"logger":"py.warnings"}
{"timestamp":"2025-12-24T12:28:00.601519Z","level":"warning","event":"The `airflow.decorators.task` attribute is deprecated. Please use `'airflow.sdk.task'`.","category":"DeprecatedImportWarning","filename":"/opt/airflow/dags/dag.py","lineno":2,"logger":"py.warnings"}
{"timestamp":"2025-12-24T12:28:00.601557Z","level":"warning","event":"The `airflow.operators.empty.EmptyOperator` attribute is deprecated. Please use `'airflow.providers.standard.operators.empty.EmptyOperator'`.","category":"DeprecatedImportWarning","filename":"/opt/airflow/dags/dag.py","lineno":3,"logger":"py.warnings"}
{"timestamp":"2025-12-24T12:28:00.601578Z","level":"warning","event":"The `airflow.operators.python.get_current_context` attribute is deprecated. Please use `'airflow.sdk.get_current_context'`.","category":"DeprecatedImportWarning","filename":"/opt/airflow/dags/dag.py","lineno":5,"logger":"py.warnings"}
{"timestamp":"2025-12-24T12:28:00.601599Z","level":"warning","event":"The `airflow.models.param.Param` attribute is deprecated. Please use `'airflow.sdk.Param'`.","category":"DeprecatedImportWarning","filename":"/opt/airflow/dags/dag.py","lineno":10,"logger":"py.warnings"}
{"timestamp":"2025-12-24T12:28:00.601618Z","level":"warning","event":"The `airflow.operators.python.get_current_context` attribute is deprecated. Please use `'airflow.sdk.get_current_context'`.","category":"DeprecatedImportWarning","filename":"/opt/airflow/dags/dag.py","lineno":18,"logger":"py.warnings"}
{"timestamp":"2025-12-24T12:28:30.977615Z","level":"info","event":"Filling up the DagBag from /opt/airflow/dags/dag.py","logger":"airflow.models.dagbag.DagBag","filename":"dagbag.py","lineno":593}
{"timestamp":"2025-12-24T12:28:31.003509Z","level":"warning","event":"The `airflow.decorators.dag` attribute is deprecated. Please use `'airflow.sdk.dag'`.","category":"DeprecatedImportWarning","filename":"/opt/airflow/dags/dag.py","lineno":1,"logger":"py.warnings"}
{"timestamp":"2025-12-24T12:28:31.003569Z","level":"warning","event":"The `airflow.decorators.task` attribute is deprecated. Please use `'airflow.sdk.task'`.","category":"DeprecatedImportWarning","filename":"/opt/airflow/dags/dag.py","lineno":2,"logger":"py.warnings"}
{"timestamp":"2025-12-24T12:28:31.003595Z","level":"warning","event":"The `airflow.operators.empty.EmptyOperator` attribute is deprecated. Please use `'airflow.providers.standard.operators.empty.EmptyOperator'`.","category":"DeprecatedImportWarning","filename":"/opt/airflow/dags/dag.py","lineno":3,"logger":"py.warnings"}
{"timestamp":"2025-12-24T12:28:31.003618Z","level":"warning","event":"The `airflow.operators.python.get_current_context` attribute is deprecated. Please use `'airflow.sdk.get_current_context'`.","category":"DeprecatedImportWarning","filename":"/opt/airflow/dags/dag.py","lineno":5,"logger":"py.warnings"}
{"timestamp":"2025-12-24T12:28:31.003642Z","level":"warning","event":"The `airflow.models.param.Param` attribute is deprecated. Please use `'airflow.sdk.Param'`.","category":"DeprecatedImportWarning","filename":"/opt/airflow/dags/dag.py","lineno":10,"logger":"py.warnings"}
{"timestamp":"2025-12-24T12:28:31.003663Z","level":"warning","event":"The `airflow.operators.python.get_current_context` attribute is deprecated. Please use `'airflow.sdk.get_current_context'`.","category":"DeprecatedImportWarning","filename":"/opt/airflow/dags/dag.py","lineno":18,"logger":"py.warnings"}
{"timestamp":"2025-12-24T12:29:01.373712Z","level":"info","event":"Filling up the DagBag from /opt/airflow/dags/dag.py","logger":"airflow.models.dagbag.DagBag","filename":"dagbag.py","lineno":593}
{"timestamp":"2025-12-24T12:29:01.395172Z","level":"warning","event":"The `airflow.decorators.dag` attribute is deprecated. Please use `'airflow.sdk.dag'`.","category":"DeprecatedImportWarning","filename":"/opt/airflow/dags/dag.py","lineno":1,"logger":"py.warnings"}
{"timestamp":"2025-12-24T12:29:01.395232Z","level":"warning","event":"The `airflow.decorators.task` attribute is deprecated. Please use `'airflow.sdk.task'`.","category":"DeprecatedImportWarning","filename":"/opt/airflow/dags/dag.py","lineno":2,"logger":"py.warnings"}
{"timestamp":"2025-12-24T12:29:01.395255Z","level":"warning","event":"The `airflow.operators.empty.EmptyOperator` attribute is deprecated. Please use `'airflow.providers.standard.operators.empty.EmptyOperator'`.","category":"DeprecatedImportWarning","filename":"/opt/airflow/dags/dag.py","lineno":3,"logger":"py.warnings"}
{"timestamp":"2025-12-24T12:29:01.395276Z","level":"warning","event":"The `airflow.operators.python.get_current_context` attribute is deprecated. Please use `'airflow.sdk.get_current_context'`.","category":"DeprecatedImportWarning","filename":"/opt/airflow/dags/dag.py","lineno":5,"logger":"py.warnings"}
{"timestamp":"2025-12-24T12:29:01.395298Z","level":"warning","event":"The `airflow.models.param.Param` attribute is deprecated. Please use `'airflow.sdk.Param'`.","category":"DeprecatedImportWarning","filename":"/opt/airflow/dags/dag.py","lineno":10,"logger":"py.warnings"}
{"timestamp":"2025-12-24T12:29:01.395317Z","level":"warning","event":"The `airflow.operators.python.get_current_context` attribute is deprecated. Please use `'airflow.sdk.get_current_context'`.","category":"DeprecatedImportWarning","filename":"/opt/airflow/dags/dag.py","lineno":18,"logger":"py.warnings"}
{"timestamp":"2025-12-24T12:29:31.765045Z","level":"info","event":"Filling up the DagBag from /opt/airflow/dags/dag.py","logger":"airflow.models.dagbag.DagBag","filename":"dagbag.py","lineno":593}
{"timestamp":"2025-12-24T12:29:31.800343Z","level":"warning","event":"The `airflow.decorators.dag` attribute is deprecated. Please use `'airflow.sdk.dag'`.","category":"DeprecatedImportWarning","filename":"/opt/airflow/dags/dag.py","lineno":1,"logger":"py.warnings"}
{"timestamp":"2025-12-24T12:29:31.800412Z","level":"warning","event":"The `airflow.decorators.task` attribute is deprecated. Please use `'airflow.sdk.task'`.","category":"DeprecatedImportWarning","filename":"/opt/airflow/dags/dag.py","lineno":2,"logger":"py.warnings"}
{"timestamp":"2025-12-24T12:29:31.800436Z","level":"warning","event":"The `airflow.operators.empty.EmptyOperator` attribute is deprecated. Please use `'airflow.providers.standard.operators.empty.EmptyOperator'`.","category":"DeprecatedImportWarning","filename":"/opt/airflow/dags/dag.py","lineno":3,"logger":"py.warnings"}
{"timestamp":"2025-12-24T12:29:31.800457Z","level":"warning","event":"The `airflow.operators.python.get_current_context` attribute is deprecated. Please use `'airflow.sdk.get_current_context'`.","category":"DeprecatedImportWarning","filename":"/opt/airflow/dags/dag.py","lineno":5,"logger":"py.warnings"}
{"timestamp":"2025-12-24T12:29:31.800486Z","level":"warning","event":"The `airflow.models.param.Param` attribute is deprecated. Please use `'airflow.sdk.Param'`.","category":"DeprecatedImportWarning","filename":"/opt/airflow/dags/dag.py","lineno":10,"logger":"py.warnings"}
{"timestamp":"2025-12-24T12:29:31.800505Z","level":"warning","event":"The `airflow.operators.python.get_current_context` attribute is deprecated. Please use `'airflow.sdk.get_current_context'`.","category":"DeprecatedImportWarning","filename":"/opt/airflow/dags/dag.py","lineno":18,"logger":"py.warnings"}
{"timestamp":"2025-12-24T12:30:02.195994Z","level":"info","event":"Filling up the DagBag from /opt/airflow/dags/dag.py","logger":"airflow.models.dagbag.DagBag","filename":"dagbag.py","lineno":593}
{"timestamp":"2025-12-24T12:30:02.231911Z","level":"warning","event":"The `airflow.decorators.dag` attribute is deprecated. Please use `'airflow.sdk.dag'`.","category":"DeprecatedImportWarning","filename":"/opt/airflow/dags/dag.py","lineno":1,"logger":"py.warnings"}
{"timestamp":"2025-12-24T12:30:02.231969Z","level":"warning","event":"The `airflow.decorators.task` attribute is deprecated. Please use `'airflow.sdk.task'`.","category":"DeprecatedImportWarning","filename":"/opt/airflow/dags/dag.py","lineno":2,"logger":"py.warnings"}
{"timestamp":"2025-12-24T12:30:02.231992Z","level":"warning","event":"The `airflow.operators.empty.EmptyOperator` attribute is deprecated. Please use `'airflow.providers.standard.operators.empty.EmptyOperator'`.","category":"DeprecatedImportWarning","filename":"/opt/airflow/dags/dag.py","lineno":3,"logger":"py.warnings"}
{"timestamp":"2025-12-24T12:30:02.232011Z","level":"warning","event":"The `airflow.operators.python.get_current_context` attribute is deprecated. Please use `'airflow.sdk.get_current_context'`.","category":"DeprecatedImportWarning","filename":"/opt/airflow/dags/dag.py","lineno":5,"logger":"py.warnings"}
{"timestamp":"2025-12-24T12:30:02.232032Z","level":"warning","event":"The `airflow.models.param.Param` attribute is deprecated. Please use `'airflow.sdk.Param'`.","category":"DeprecatedImportWarning","filename":"/opt/airflow/dags/dag.py","lineno":10,"logger":"py.warnings"}
{"timestamp":"2025-12-24T12:30:02.232050Z","level":"warning","event":"The `airflow.operators.python.get_current_context` attribute is deprecated. Please use `'airflow.sdk.get_current_context'`.","category":"DeprecatedImportWarning","filename":"/opt/airflow/dags/dag.py","lineno":18,"logger":"py.warnings"}
{"timestamp":"2025-12-24T12:30:32.671580Z","level":"info","event":"Filling up the DagBag from /opt/airflow/dags/dag.py","logger":"airflow.models.dagbag.DagBag","filename":"dagbag.py","lineno":593}
{"timestamp":"2025-12-24T12:30:32.712065Z","level":"warning","event":"The `airflow.decorators.dag` attribute is deprecated. Please use `'airflow.sdk.dag'`.","category":"DeprecatedImportWarning","filename":"/opt/airflow/dags/dag.py","lineno":1,"logger":"py.warnings"}
{"timestamp":"2025-12-24T12:30:32.712259Z","level":"warning","event":"The `airflow.decorators.task` attribute is deprecated. Please use `'airflow.sdk.task'`.","category":"DeprecatedImportWarning","filename":"/opt/airflow/dags/dag.py","lineno":2,"logger":"py.warnings"}
{"timestamp":"2025-12-24T12:30:32.712301Z","level":"warning","event":"The `airflow.operators.empty.EmptyOperator` attribute is deprecated. Please use `'airflow.providers.standard.operators.empty.EmptyOperator'`.","category":"DeprecatedImportWarning","filename":"/opt/airflow/dags/dag.py","lineno":3,"logger":"py.warnings"}
{"timestamp":"2025-12-24T12:30:32.712323Z","level":"warning","event":"The `airflow.operators.python.get_current_context` attribute is deprecated. Please use `'airflow.sdk.get_current_context'`.","category":"DeprecatedImportWarning","filename":"/opt/airflow/dags/dag.py","lineno":5,"logger":"py.warnings"}
{"timestamp":"2025-12-24T12:30:32.712344Z","level":"warning","event":"The `airflow.models.param.Param` attribute is deprecated. Please use `'airflow.sdk.Param'`.","category":"DeprecatedImportWarning","filename":"/opt/airflow/dags/dag.py","lineno":10,"logger":"py.warnings"}
{"timestamp":"2025-12-24T12:30:32.712363Z","level":"warning","event":"The `airflow.operators.python.get_current_context` attribute is deprecated. Please use `'airflow.sdk.get_current_context'`.","category":"DeprecatedImportWarning","filename":"/opt/airflow/dags/dag.py","lineno":18,"logger":"py.warnings"}
{"timestamp":"2025-12-24T12:31:03.094530Z","level":"info","event":"Filling up the DagBag from /opt/airflow/dags/dag.py","logger":"airflow.models.dagbag.DagBag","filename":"dagbag.py","lineno":593}
{"timestamp":"2025-12-24T12:31:03.125347Z","level":"warning","event":"The `airflow.decorators.dag` attribute is deprecated. Please use `'airflow.sdk.dag'`.","category":"DeprecatedImportWarning","filename":"/opt/airflow/dags/dag.py","lineno":1,"logger":"py.warnings"}
{"timestamp":"2025-12-24T12:31:03.125406Z","level":"warning","event":"The `airflow.decorators.task` attribute is deprecated. Please use `'airflow.sdk.task'`.","category":"DeprecatedImportWarning","filename":"/opt/airflow/dags/dag.py","lineno":2,"logger":"py.warnings"}
{"timestamp":"2025-12-24T12:31:03.125431Z","level":"warning","event":"The `airflow.operators.empty.EmptyOperator` attribute is deprecated. Please use `'airflow.providers.standard.operators.empty.EmptyOperator'`.","category":"DeprecatedImportWarning","filename":"/opt/airflow/dags/dag.py","lineno":3,"logger":"py.warnings"}
{"timestamp":"2025-12-24T12:31:03.125453Z","level":"warning","event":"The `airflow.operators.python.get_current_context` attribute is deprecated. Please use `'airflow.sdk.get_current_context'`.","category":"DeprecatedImportWarning","filename":"/opt/airflow/dags/dag.py","lineno":5,"logger":"py.warnings"}
{"timestamp":"2025-12-24T12:31:03.125485Z","level":"warning","event":"The `airflow.models.param.Param` attribute is deprecated. Please use `'airflow.sdk.Param'`.","category":"DeprecatedImportWarning","filename":"/opt/airflow/dags/dag.py","lineno":10,"logger":"py.warnings"}
{"timestamp":"2025-12-24T12:31:03.125506Z","level":"warning","event":"The `airflow.operators.python.get_current_context` attribute is deprecated. Please use `'airflow.sdk.get_current_context'`.","category":"DeprecatedImportWarning","filename":"/opt/airflow/dags/dag.py","lineno":18,"logger":"py.warnings"}
{"timestamp":"2025-12-24T12:31:33.509541Z","level":"info","event":"Filling up the DagBag from /opt/airflow/dags/dag.py","logger":"airflow.models.dagbag.DagBag","filename":"dagbag.py","lineno":593}
{"timestamp":"2025-12-24T12:31:33.559053Z","level":"warning","event":"The `airflow.decorators.dag` attribute is deprecated. Please use `'airflow.sdk.dag'`.","category":"DeprecatedImportWarning","filename":"/opt/airflow/dags/dag.py","lineno":1,"logger":"py.warnings"}
{"timestamp":"2025-12-24T12:31:33.559110Z","level":"warning","event":"The `airflow.decorators.task` attribute is deprecated. Please use `'airflow.sdk.task'`.","category":"DeprecatedImportWarning","filename":"/opt/airflow/dags/dag.py","lineno":2,"logger":"py.warnings"}
{"timestamp":"2025-12-24T12:31:33.559131Z","level":"warning","event":"The `airflow.operators.empty.EmptyOperator` attribute is deprecated. Please use `'airflow.providers.standard.operators.empty.EmptyOperator'`.","category":"DeprecatedImportWarning","filename":"/opt/airflow/dags/dag.py","lineno":3,"logger":"py.warnings"}
{"timestamp":"2025-12-24T12:31:33.559152Z","level":"warning","event":"The `airflow.operators.python.get_current_context` attribute is deprecated. Please use `'airflow.sdk.get_current_context'`.","category":"DeprecatedImportWarning","filename":"/opt/airflow/dags/dag.py","lineno":5,"logger":"py.warnings"}
{"timestamp":"2025-12-24T12:31:33.559176Z","level":"warning","event":"The `airflow.models.param.Param` attribute is deprecated. Please use `'airflow.sdk.Param'`.","category":"DeprecatedImportWarning","filename":"/opt/airflow/dags/dag.py","lineno":10,"logger":"py.warnings"}
{"timestamp":"2025-12-24T12:31:33.559193Z","level":"warning","event":"The `airflow.operators.python.get_current_context` attribute is deprecated. Please use `'airflow.sdk.get_current_context'`.","category":"DeprecatedImportWarning","filename":"/opt/airflow/dags/dag.py","lineno":18,"logger":"py.warnings"}
{"timestamp":"2025-12-24T12:32:03.966007Z","level":"info","event":"Filling up the DagBag from /opt/airflow/dags/dag.py","logger":"airflow.models.dagbag.DagBag","filename":"dagbag.py","lineno":593}
{"timestamp":"2025-12-24T12:32:04.001182Z","level":"warning","event":"The `airflow.decorators.dag` attribute is deprecated. Please use `'airflow.sdk.dag'`.","category":"DeprecatedImportWarning","filename":"/opt/airflow/dags/dag.py","lineno":1,"logger":"py.warnings"}
{"timestamp":"2025-12-24T12:32:04.001240Z","level":"warning","event":"The `airflow.decorators.task` attribute is deprecated. Please use `'airflow.sdk.task'`.","category":"DeprecatedImportWarning","filename":"/opt/airflow/dags/dag.py","lineno":2,"logger":"py.warnings"}
{"timestamp":"2025-12-24T12:32:04.001263Z","level":"warning","event":"The `airflow.operators.empty.EmptyOperator` attribute is deprecated. Please use `'airflow.providers.standard.operators.empty.EmptyOperator'`.","category":"DeprecatedImportWarning","filename":"/opt/airflow/dags/dag.py","lineno":3,"logger":"py.warnings"}
{"timestamp":"2025-12-24T12:32:04.001284Z","level":"warning","event":"The `airflow.operators.python.get_current_context` attribute is deprecated. Please use `'airflow.sdk.get_current_context'`.","category":"DeprecatedImportWarning","filename":"/opt/airflow/dags/dag.py","lineno":5,"logger":"py.warnings"}
{"timestamp":"2025-12-24T12:32:04.001305Z","level":"warning","event":"The `airflow.models.param.Param` attribute is deprecated. Please use `'airflow.sdk.Param'`.","category":"DeprecatedImportWarning","filename":"/opt/airflow/dags/dag.py","lineno":10,"logger":"py.warnings"}
{"timestamp":"2025-12-24T12:32:04.001324Z","level":"warning","event":"The `airflow.operators.python.get_current_context` attribute is deprecated. Please use `'airflow.sdk.get_current_context'`.","category":"DeprecatedImportWarning","filename":"/opt/airflow/dags/dag.py","lineno":18,"logger":"py.warnings"}
{"timestamp":"2025-12-24T12:32:34.374090Z","level":"info","event":"Filling up the DagBag from /opt/airflow/dags/dag.py","logger":"airflow.models.dagbag.DagBag","filename":"dagbag.py","lineno":593}
{"timestamp":"2025-12-24T12:32:34.419367Z","level":"warning","event":"The `airflow.decorators.dag` attribute is deprecated. Please use `'airflow.sdk.dag'`.","category":"DeprecatedImportWarning","filename":"/opt/airflow/dags/dag.py","lineno":1,"logger":"py.warnings"}
{"timestamp":"2025-12-24T12:32:34.419432Z","level":"warning","event":"The `airflow.decorators.task` attribute is deprecated. Please use `'airflow.sdk.task'`.","category":"DeprecatedImportWarning","filename":"/opt/airflow/dags/dag.py","lineno":2,"logger":"py.warnings"}
{"timestamp":"2025-12-24T12:32:34.419461Z","level":"warning","event":"The `airflow.operators.empty.EmptyOperator` attribute is deprecated. Please use `'airflow.providers.standard.operators.empty.EmptyOperator'`.","category":"DeprecatedImportWarning","filename":"/opt/airflow/dags/dag.py","lineno":3,"logger":"py.warnings"}
{"timestamp":"2025-12-24T12:32:34.419482Z","level":"warning","event":"The `airflow.operators.python.get_current_context` attribute is deprecated. Please use `'airflow.sdk.get_current_context'`.","category":"DeprecatedImportWarning","filename":"/opt/airflow/dags/dag.py","lineno":5,"logger":"py.warnings"}
{"timestamp":"2025-12-24T12:32:34.419513Z","level":"warning","event":"The `airflow.models.param.Param` attribute is deprecated. Please use `'airflow.sdk.Param'`.","category":"DeprecatedImportWarning","filename":"/opt/airflow/dags/dag.py","lineno":10,"logger":"py.warnings"}
{"timestamp":"2025-12-24T12:32:34.419532Z","level":"warning","event":"The `airflow.operators.python.get_current_context` attribute is deprecated. Please use `'airflow.sdk.get_current_context'`.","category":"DeprecatedImportWarning","filename":"/opt/airflow/dags/dag.py","lineno":18,"logger":"py.warnings"}
{"timestamp":"2025-12-24T12:33:04.787356Z","level":"info","event":"Filling up the DagBag from /opt/airflow/dags/dag.py","logger":"airflow.models.dagbag.DagBag","filename":"dagbag.py","lineno":593}
{"timestamp":"2025-12-24T12:33:04.824795Z","level":"warning","event":"The `airflow.decorators.dag` attribute is deprecated. Please use `'airflow.sdk.dag'`.","category":"DeprecatedImportWarning","filename":"/opt/airflow/dags/dag.py","lineno":1,"logger":"py.warnings"}
{"timestamp":"2025-12-24T12:33:04.824854Z","level":"warning","event":"The `airflow.decorators.task` attribute is deprecated. Please use `'airflow.sdk.task'`.","category":"DeprecatedImportWarning","filename":"/opt/airflow/dags/dag.py","lineno":2,"logger":"py.warnings"}
{"timestamp":"2025-12-24T12:33:04.824878Z","level":"warning","event":"The `airflow.operators.empty.EmptyOperator` attribute is deprecated. Please use `'airflow.providers.standard.operators.empty.EmptyOperator'`.","category":"DeprecatedImportWarning","filename":"/opt/airflow/dags/dag.py","lineno":3,"logger":"py.warnings"}
{"timestamp":"2025-12-24T12:33:04.824899Z","level":"warning","event":"The `airflow.operators.python.get_current_context` attribute is deprecated. Please use `'airflow.sdk.get_current_context'`.","category":"DeprecatedImportWarning","filename":"/opt/airflow/dags/dag.py","lineno":5,"logger":"py.warnings"}
{"timestamp":"2025-12-24T12:33:04.824922Z","level":"warning","event":"The `airflow.models.param.Param` attribute is deprecated. Please use `'airflow.sdk.Param'`.","category":"DeprecatedImportWarning","filename":"/opt/airflow/dags/dag.py","lineno":10,"logger":"py.warnings"}
{"timestamp":"2025-12-24T12:33:04.824941Z","level":"warning","event":"The `airflow.operators.python.get_current_context` attribute is deprecated. Please use `'airflow.sdk.get_current_context'`.","category":"DeprecatedImportWarning","filename":"/opt/airflow/dags/dag.py","lineno":18,"logger":"py.warnings"}
{"timestamp":"2025-12-24T12:33:35.238779Z","level":"info","event":"Filling up the DagBag from /opt/airflow/dags/dag.py","logger":"airflow.models.dagbag.DagBag","filename":"dagbag.py","lineno":593}
{"timestamp":"2025-12-24T12:33:35.288612Z","level":"warning","event":"The `airflow.decorators.dag` attribute is deprecated. Please use `'airflow.sdk.dag'`.","category":"DeprecatedImportWarning","filename":"/opt/airflow/dags/dag.py","lineno":1,"logger":"py.warnings"}
{"timestamp":"2025-12-24T12:33:35.288692Z","level":"warning","event":"The `airflow.decorators.task` attribute is deprecated. Please use `'airflow.sdk.task'`.","category":"DeprecatedImportWarning","filename":"/opt/airflow/dags/dag.py","lineno":2,"logger":"py.warnings"}
{"timestamp":"2025-12-24T12:33:35.288719Z","level":"warning","event":"The `airflow.operators.empty.EmptyOperator` attribute is deprecated. Please use `'airflow.providers.standard.operators.empty.EmptyOperator'`.","category":"DeprecatedImportWarning","filename":"/opt/airflow/dags/dag.py","lineno":3,"logger":"py.warnings"}
{"timestamp":"2025-12-24T12:33:35.288739Z","level":"warning","event":"The `airflow.operators.python.get_current_context` attribute is deprecated. Please use `'airflow.sdk.get_current_context'`.","category":"DeprecatedImportWarning","filename":"/opt/airflow/dags/dag.py","lineno":5,"logger":"py.warnings"}
{"timestamp":"2025-12-24T12:33:35.288774Z","level":"warning","event":"The `airflow.models.param.Param` attribute is deprecated. Please use `'airflow.sdk.Param'`.","category":"DeprecatedImportWarning","filename":"/opt/airflow/dags/dag.py","lineno":10,"logger":"py.warnings"}
{"timestamp":"2025-12-24T12:33:35.288794Z","level":"warning","event":"The `airflow.operators.python.get_current_context` attribute is deprecated. Please use `'airflow.sdk.get_current_context'`.","category":"DeprecatedImportWarning","filename":"/opt/airflow/dags/dag.py","lineno":18,"logger":"py.warnings"}
{"timestamp":"2025-12-24T12:34:05.697483Z","level":"info","event":"Filling up the DagBag from /opt/airflow/dags/dag.py","logger":"airflow.models.dagbag.DagBag","filename":"dagbag.py","lineno":593}
{"timestamp":"2025-12-24T12:34:05.733925Z","level":"warning","event":"The `airflow.decorators.dag` attribute is deprecated. Please use `'airflow.sdk.dag'`.","category":"DeprecatedImportWarning","filename":"/opt/airflow/dags/dag.py","lineno":1,"logger":"py.warnings"}
{"timestamp":"2025-12-24T12:34:05.733985Z","level":"warning","event":"The `airflow.decorators.task` attribute is deprecated. Please use `'airflow.sdk.task'`.","category":"DeprecatedImportWarning","filename":"/opt/airflow/dags/dag.py","lineno":2,"logger":"py.warnings"}
{"timestamp":"2025-12-24T12:34:05.734016Z","level":"warning","event":"The `airflow.operators.empty.EmptyOperator` attribute is deprecated. Please use `'airflow.providers.standard.operators.empty.EmptyOperator'`.","category":"DeprecatedImportWarning","filename":"/opt/airflow/dags/dag.py","lineno":3,"logger":"py.warnings"}
{"timestamp":"2025-12-24T12:34:05.734045Z","level":"warning","event":"The `airflow.operators.python.get_current_context` attribute is deprecated. Please use `'airflow.sdk.get_current_context'`.","category":"DeprecatedImportWarning","filename":"/opt/airflow/dags/dag.py","lineno":5,"logger":"py.warnings"}
{"timestamp":"2025-12-24T12:34:05.734076Z","level":"warning","event":"The `airflow.models.param.Param` attribute is deprecated. Please use `'airflow.sdk.Param'`.","category":"DeprecatedImportWarning","filename":"/opt/airflow/dags/dag.py","lineno":10,"logger":"py.warnings"}
{"timestamp":"2025-12-24T12:34:05.734097Z","level":"warning","event":"The `airflow.operators.python.get_current_context` attribute is deprecated. Please use `'airflow.sdk.get_current_context'`.","category":"DeprecatedImportWarning","filename":"/opt/airflow/dags/dag.py","lineno":18,"logger":"py.warnings"}
{"timestamp":"2025-12-24T12:34:36.122412Z","level":"info","event":"Filling up the DagBag from /opt/airflow/dags/dag.py","logger":"airflow.models.dagbag.DagBag","filename":"dagbag.py","lineno":593}
{"timestamp":"2025-12-24T12:34:36.171075Z","level":"warning","event":"The `airflow.decorators.dag` attribute is deprecated. Please use `'airflow.sdk.dag'`.","category":"DeprecatedImportWarning","filename":"/opt/airflow/dags/dag.py","lineno":1,"logger":"py.warnings"}
{"timestamp":"2025-12-24T12:34:36.171182Z","level":"warning","event":"The `airflow.decorators.task` attribute is deprecated. Please use `'airflow.sdk.task'`.","category":"DeprecatedImportWarning","filename":"/opt/airflow/dags/dag.py","lineno":2,"logger":"py.warnings"}
{"timestamp":"2025-12-24T12:34:36.171205Z","level":"warning","event":"The `airflow.operators.empty.EmptyOperator` attribute is deprecated. Please use `'airflow.providers.standard.operators.empty.EmptyOperator'`.","category":"DeprecatedImportWarning","filename":"/opt/airflow/dags/dag.py","lineno":3,"logger":"py.warnings"}
{"timestamp":"2025-12-24T12:34:36.171223Z","level":"warning","event":"The `airflow.operators.python.get_current_context` attribute is deprecated. Please use `'airflow.sdk.get_current_context'`.","category":"DeprecatedImportWarning","filename":"/opt/airflow/dags/dag.py","lineno":5,"logger":"py.warnings"}
{"timestamp":"2025-12-24T12:34:36.171256Z","level":"warning","event":"The `airflow.models.param.Param` attribute is deprecated. Please use `'airflow.sdk.Param'`.","category":"DeprecatedImportWarning","filename":"/opt/airflow/dags/dag.py","lineno":10,"logger":"py.warnings"}
{"timestamp":"2025-12-24T12:34:36.171281Z","level":"warning","event":"The `airflow.operators.python.get_current_context` attribute is deprecated. Please use `'airflow.sdk.get_current_context'`.","category":"DeprecatedImportWarning","filename":"/opt/airflow/dags/dag.py","lineno":18,"logger":"py.warnings"}
{"timestamp":"2025-12-24T12:35:06.573839Z","level":"info","event":"Filling up the DagBag from /opt/airflow/dags/dag.py","logger":"airflow.models.dagbag.DagBag","filename":"dagbag.py","lineno":593}
{"timestamp":"2025-12-24T12:35:06.619214Z","level":"warning","event":"The `airflow.decorators.dag` attribute is deprecated. Please use `'airflow.sdk.dag'`.","category":"DeprecatedImportWarning","filename":"/opt/airflow/dags/dag.py","lineno":1,"logger":"py.warnings"}
{"timestamp":"2025-12-24T12:35:06.619287Z","level":"warning","event":"The `airflow.decorators.task` attribute is deprecated. Please use `'airflow.sdk.task'`.","category":"DeprecatedImportWarning","filename":"/opt/airflow/dags/dag.py","lineno":2,"logger":"py.warnings"}
{"timestamp":"2025-12-24T12:35:06.619324Z","level":"warning","event":"The `airflow.operators.empty.EmptyOperator` attribute is deprecated. Please use `'airflow.providers.standard.operators.empty.EmptyOperator'`.","category":"DeprecatedImportWarning","filename":"/opt/airflow/dags/dag.py","lineno":3,"logger":"py.warnings"}
{"timestamp":"2025-12-24T12:35:06.619350Z","level":"warning","event":"The `airflow.operators.python.get_current_context` attribute is deprecated. Please use `'airflow.sdk.get_current_context'`.","category":"DeprecatedImportWarning","filename":"/opt/airflow/dags/dag.py","lineno":5,"logger":"py.warnings"}
{"timestamp":"2025-12-24T12:35:06.619381Z","level":"warning","event":"The `airflow.models.param.Param` attribute is deprecated. Please use `'airflow.sdk.Param'`.","category":"DeprecatedImportWarning","filename":"/opt/airflow/dags/dag.py","lineno":10,"logger":"py.warnings"}
{"timestamp":"2025-12-24T12:35:06.619402Z","level":"warning","event":"The `airflow.operators.python.get_current_context` attribute is deprecated. Please use `'airflow.sdk.get_current_context'`.","category":"DeprecatedImportWarning","filename":"/opt/airflow/dags/dag.py","lineno":18,"logger":"py.warnings"}
{"timestamp":"2025-12-24T12:35:37.059225Z","level":"info","event":"Filling up the DagBag from /opt/airflow/dags/dag.py","logger":"airflow.models.dagbag.DagBag","filename":"dagbag.py","lineno":593}
{"timestamp":"2025-12-24T12:35:37.095511Z","level":"warning","event":"The `airflow.decorators.dag` attribute is deprecated. Please use `'airflow.sdk.dag'`.","category":"DeprecatedImportWarning","filename":"/opt/airflow/dags/dag.py","lineno":1,"logger":"py.warnings"}
{"timestamp":"2025-12-24T12:35:37.095569Z","level":"warning","event":"The `airflow.decorators.task` attribute is deprecated. Please use `'airflow.sdk.task'`.","category":"DeprecatedImportWarning","filename":"/opt/airflow/dags/dag.py","lineno":2,"logger":"py.warnings"}
{"timestamp":"2025-12-24T12:35:37.095593Z","level":"warning","event":"The `airflow.operators.empty.EmptyOperator` attribute is deprecated. Please use `'airflow.providers.standard.operators.empty.EmptyOperator'`.","category":"DeprecatedImportWarning","filename":"/opt/airflow/dags/dag.py","lineno":3,"logger":"py.warnings"}
{"timestamp":"2025-12-24T12:35:37.095613Z","level":"warning","event":"The `airflow.operators.python.get_current_context` attribute is deprecated. Please use `'airflow.sdk.get_current_context'`.","category":"DeprecatedImportWarning","filename":"/opt/airflow/dags/dag.py","lineno":5,"logger":"py.warnings"}
{"timestamp":"2025-12-24T12:35:37.095634Z","level":"warning","event":"The `airflow.models.param.Param` attribute is deprecated. Please use `'airflow.sdk.Param'`.","category":"DeprecatedImportWarning","filename":"/opt/airflow/dags/dag.py","lineno":10,"logger":"py.warnings"}
{"timestamp":"2025-12-24T12:35:37.095652Z","level":"warning","event":"The `airflow.operators.python.get_current_context` attribute is deprecated. Please use `'airflow.sdk.get_current_context'`.","category":"DeprecatedImportWarning","filename":"/opt/airflow/dags/dag.py","lineno":18,"logger":"py.warnings"}
{"timestamp":"2025-12-24T12:36:07.458198Z","level":"info","event":"Filling up the DagBag from /opt/airflow/dags/dag.py","logger":"airflow.models.dagbag.DagBag","filename":"dagbag.py","lineno":593}
{"timestamp":"2025-12-24T12:36:07.486094Z","level":"warning","event":"The `airflow.decorators.dag` attribute is deprecated. Please use `'airflow.sdk.dag'`.","category":"DeprecatedImportWarning","filename":"/opt/airflow/dags/dag.py","lineno":1,"logger":"py.warnings"}
{"timestamp":"2025-12-24T12:36:07.486176Z","level":"warning","event":"The `airflow.decorators.task` attribute is deprecated. Please use `'airflow.sdk.task'`.","category":"DeprecatedImportWarning","filename":"/opt/airflow/dags/dag.py","lineno":2,"logger":"py.warnings"}
{"timestamp":"2025-12-24T12:36:07.486202Z","level":"warning","event":"The `airflow.operators.empty.EmptyOperator` attribute is deprecated. Please use `'airflow.providers.standard.operators.empty.EmptyOperator'`.","category":"DeprecatedImportWarning","filename":"/opt/airflow/dags/dag.py","lineno":3,"logger":"py.warnings"}
{"timestamp":"2025-12-24T12:36:07.486225Z","level":"warning","event":"The `airflow.operators.python.get_current_context` attribute is deprecated. Please use `'airflow.sdk.get_current_context'`.","category":"DeprecatedImportWarning","filename":"/opt/airflow/dags/dag.py","lineno":5,"logger":"py.warnings"}
{"timestamp":"2025-12-24T12:36:07.486250Z","level":"warning","event":"The `airflow.models.param.Param` attribute is deprecated. Please use `'airflow.sdk.Param'`.","category":"DeprecatedImportWarning","filename":"/opt/airflow/dags/dag.py","lineno":10,"logger":"py.warnings"}
{"timestamp":"2025-12-24T12:36:07.486271Z","level":"warning","event":"The `airflow.operators.python.get_current_context` attribute is deprecated. Please use `'airflow.sdk.get_current_context'`.","category":"DeprecatedImportWarning","filename":"/opt/airflow/dags/dag.py","lineno":18,"logger":"py.warnings"}
{"timestamp":"2025-12-24T12:36:37.828992Z","level":"info","event":"Filling up the DagBag from /opt/airflow/dags/dag.py","logger":"airflow.models.dagbag.DagBag","filename":"dagbag.py","lineno":593}
{"timestamp":"2025-12-24T12:36:37.866687Z","level":"warning","event":"The `airflow.decorators.dag` attribute is deprecated. Please use `'airflow.sdk.dag'`.","category":"DeprecatedImportWarning","filename":"/opt/airflow/dags/dag.py","lineno":1,"logger":"py.warnings"}
{"timestamp":"2025-12-24T12:36:37.866914Z","level":"warning","event":"The `airflow.decorators.task` attribute is deprecated. Please use `'airflow.sdk.task'`.","category":"DeprecatedImportWarning","filename":"/opt/airflow/dags/dag.py","lineno":2,"logger":"py.warnings"}
{"timestamp":"2025-12-24T12:36:37.866965Z","level":"warning","event":"The `airflow.operators.empty.EmptyOperator` attribute is deprecated. Please use `'airflow.providers.standard.operators.empty.EmptyOperator'`.","category":"DeprecatedImportWarning","filename":"/opt/airflow/dags/dag.py","lineno":3,"logger":"py.warnings"}
{"timestamp":"2025-12-24T12:36:37.866993Z","level":"warning","event":"The `airflow.operators.python.get_current_context` attribute is deprecated. Please use `'airflow.sdk.get_current_context'`.","category":"DeprecatedImportWarning","filename":"/opt/airflow/dags/dag.py","lineno":5,"logger":"py.warnings"}
{"timestamp":"2025-12-24T12:36:37.867023Z","level":"warning","event":"The `airflow.models.param.Param` attribute is deprecated. Please use `'airflow.sdk.Param'`.","category":"DeprecatedImportWarning","filename":"/opt/airflow/dags/dag.py","lineno":10,"logger":"py.warnings"}
{"timestamp":"2025-12-24T12:36:37.867043Z","level":"warning","event":"The `airflow.operators.python.get_current_context` attribute is deprecated. Please use `'airflow.sdk.get_current_context'`.","category":"DeprecatedImportWarning","filename":"/opt/airflow/dags/dag.py","lineno":18,"logger":"py.warnings"}
{"timestamp":"2025-12-24T12:37:08.268685Z","level":"info","event":"Filling up the DagBag from /opt/airflow/dags/dag.py","logger":"airflow.models.dagbag.DagBag","filename":"dagbag.py","lineno":593}
{"timestamp":"2025-12-24T12:37:08.302008Z","level":"warning","event":"The `airflow.decorators.dag` attribute is deprecated. Please use `'airflow.sdk.dag'`.","category":"DeprecatedImportWarning","filename":"/opt/airflow/dags/dag.py","lineno":1,"logger":"py.warnings"}
{"timestamp":"2025-12-24T12:37:08.302074Z","level":"warning","event":"The `airflow.decorators.task` attribute is deprecated. Please use `'airflow.sdk.task'`.","category":"DeprecatedImportWarning","filename":"/opt/airflow/dags/dag.py","lineno":2,"logger":"py.warnings"}
{"timestamp":"2025-12-24T12:37:08.302103Z","level":"warning","event":"The `airflow.operators.empty.EmptyOperator` attribute is deprecated. Please use `'airflow.providers.standard.operators.empty.EmptyOperator'`.","category":"DeprecatedImportWarning","filename":"/opt/airflow/dags/dag.py","lineno":3,"logger":"py.warnings"}
{"timestamp":"2025-12-24T12:37:08.302125Z","level":"warning","event":"The `airflow.operators.python.get_current_context` attribute is deprecated. Please use `'airflow.sdk.get_current_context'`.","category":"DeprecatedImportWarning","filename":"/opt/airflow/dags/dag.py","lineno":5,"logger":"py.warnings"}
{"timestamp":"2025-12-24T12:37:08.302149Z","level":"warning","event":"The `airflow.models.param.Param` attribute is deprecated. Please use `'airflow.sdk.Param'`.","category":"DeprecatedImportWarning","filename":"/opt/airflow/dags/dag.py","lineno":10,"logger":"py.warnings"}
{"timestamp":"2025-12-24T12:37:08.302169Z","level":"warning","event":"The `airflow.operators.python.get_current_context` attribute is deprecated. Please use `'airflow.sdk.get_current_context'`.","category":"DeprecatedImportWarning","filename":"/opt/airflow/dags/dag.py","lineno":18,"logger":"py.warnings"}
{"timestamp":"2025-12-24T12:37:38.710022Z","level":"info","event":"Filling up the DagBag from /opt/airflow/dags/dag.py","logger":"airflow.models.dagbag.DagBag","filename":"dagbag.py","lineno":593}
{"timestamp":"2025-12-24T12:37:38.752261Z","level":"warning","event":"The `airflow.decorators.dag` attribute is deprecated. Please use `'airflow.sdk.dag'`.","category":"DeprecatedImportWarning","filename":"/opt/airflow/dags/dag.py","lineno":1,"logger":"py.warnings"}
{"timestamp":"2025-12-24T12:37:38.752324Z","level":"warning","event":"The `airflow.decorators.task` attribute is deprecated. Please use `'airflow.sdk.task'`.","category":"DeprecatedImportWarning","filename":"/opt/airflow/dags/dag.py","lineno":2,"logger":"py.warnings"}
{"timestamp":"2025-12-24T12:37:38.752346Z","level":"warning","event":"The `airflow.operators.empty.EmptyOperator` attribute is deprecated. Please use `'airflow.providers.standard.operators.empty.EmptyOperator'`.","category":"DeprecatedImportWarning","filename":"/opt/airflow/dags/dag.py","lineno":3,"logger":"py.warnings"}
{"timestamp":"2025-12-24T12:37:38.752364Z","level":"warning","event":"The `airflow.operators.python.get_current_context` attribute is deprecated. Please use `'airflow.sdk.get_current_context'`.","category":"DeprecatedImportWarning","filename":"/opt/airflow/dags/dag.py","lineno":5,"logger":"py.warnings"}
{"timestamp":"2025-12-24T12:37:38.752387Z","level":"warning","event":"The `airflow.models.param.Param` attribute is deprecated. Please use `'airflow.sdk.Param'`.","category":"DeprecatedImportWarning","filename":"/opt/airflow/dags/dag.py","lineno":10,"logger":"py.warnings"}
{"timestamp":"2025-12-24T12:37:38.752403Z","level":"warning","event":"The `airflow.operators.python.get_current_context` attribute is deprecated. Please use `'airflow.sdk.get_current_context'`.","category":"DeprecatedImportWarning","filename":"/opt/airflow/dags/dag.py","lineno":18,"logger":"py.warnings"}
{"timestamp":"2025-12-24T12:38:09.174758Z","level":"info","event":"Filling up the DagBag from /opt/airflow/dags/dag.py","logger":"airflow.models.dagbag.DagBag","filename":"dagbag.py","lineno":593}
{"timestamp":"2025-12-24T12:38:09.216435Z","level":"warning","event":"The `airflow.decorators.dag` attribute is deprecated. Please use `'airflow.sdk.dag'`.","category":"DeprecatedImportWarning","filename":"/opt/airflow/dags/dag.py","lineno":1,"logger":"py.warnings"}
{"timestamp":"2025-12-24T12:38:09.216495Z","level":"warning","event":"The `airflow.decorators.task` attribute is deprecated. Please use `'airflow.sdk.task'`.","category":"DeprecatedImportWarning","filename":"/opt/airflow/dags/dag.py","lineno":2,"logger":"py.warnings"}
{"timestamp":"2025-12-24T12:38:09.216520Z","level":"warning","event":"The `airflow.operators.empty.EmptyOperator` attribute is deprecated. Please use `'airflow.providers.standard.operators.empty.EmptyOperator'`.","category":"DeprecatedImportWarning","filename":"/opt/airflow/dags/dag.py","lineno":3,"logger":"py.warnings"}
{"timestamp":"2025-12-24T12:38:09.216549Z","level":"warning","event":"The `airflow.operators.python.get_current_context` attribute is deprecated. Please use `'airflow.sdk.get_current_context'`.","category":"DeprecatedImportWarning","filename":"/opt/airflow/dags/dag.py","lineno":5,"logger":"py.warnings"}
{"timestamp":"2025-12-24T12:38:09.216571Z","level":"warning","event":"The `airflow.models.param.Param` attribute is deprecated. Please use `'airflow.sdk.Param'`.","category":"DeprecatedImportWarning","filename":"/opt/airflow/dags/dag.py","lineno":10,"logger":"py.warnings"}
{"timestamp":"2025-12-24T12:38:09.216590Z","level":"warning","event":"The `airflow.operators.python.get_current_context` attribute is deprecated. Please use `'airflow.sdk.get_current_context'`.","category":"DeprecatedImportWarning","filename":"/opt/airflow/dags/dag.py","lineno":18,"logger":"py.warnings"}
{"timestamp":"2025-12-24T12:38:39.607072Z","level":"info","event":"Filling up the DagBag from /opt/airflow/dags/dag.py","logger":"airflow.models.dagbag.DagBag","filename":"dagbag.py","lineno":593}
{"timestamp":"2025-12-24T12:38:39.646568Z","level":"warning","event":"The `airflow.decorators.dag` attribute is deprecated. Please use `'airflow.sdk.dag'`.","category":"DeprecatedImportWarning","filename":"/opt/airflow/dags/dag.py","lineno":1,"logger":"py.warnings"}
{"timestamp":"2025-12-24T12:38:39.646629Z","level":"warning","event":"The `airflow.decorators.task` attribute is deprecated. Please use `'airflow.sdk.task'`.","category":"DeprecatedImportWarning","filename":"/opt/airflow/dags/dag.py","lineno":2,"logger":"py.warnings"}
{"timestamp":"2025-12-24T12:38:39.646651Z","level":"warning","event":"The `airflow.operators.empty.EmptyOperator` attribute is deprecated. Please use `'airflow.providers.standard.operators.empty.EmptyOperator'`.","category":"DeprecatedImportWarning","filename":"/opt/airflow/dags/dag.py","lineno":3,"logger":"py.warnings"}
{"timestamp":"2025-12-24T12:38:39.646669Z","level":"warning","event":"The `airflow.operators.python.get_current_context` attribute is deprecated. Please use `'airflow.sdk.get_current_context'`.","category":"DeprecatedImportWarning","filename":"/opt/airflow/dags/dag.py","lineno":5,"logger":"py.warnings"}
{"timestamp":"2025-12-24T12:38:39.646692Z","level":"warning","event":"The `airflow.models.param.Param` attribute is deprecated. Please use `'airflow.sdk.Param'`.","category":"DeprecatedImportWarning","filename":"/opt/airflow/dags/dag.py","lineno":10,"logger":"py.warnings"}
{"timestamp":"2025-12-24T12:38:39.646708Z","level":"warning","event":"The `airflow.operators.python.get_current_context` attribute is deprecated. Please use `'airflow.sdk.get_current_context'`.","category":"DeprecatedImportWarning","filename":"/opt/airflow/dags/dag.py","lineno":18,"logger":"py.warnings"}
{"timestamp":"2025-12-24T12:39:10.036793Z","level":"info","event":"Filling up the DagBag from /opt/airflow/dags/dag.py","logger":"airflow.models.dagbag.DagBag","filename":"dagbag.py","lineno":593}
{"timestamp":"2025-12-24T12:39:10.085764Z","level":"warning","event":"The `airflow.decorators.dag` attribute is deprecated. Please use `'airflow.sdk.dag'`.","category":"DeprecatedImportWarning","filename":"/opt/airflow/dags/dag.py","lineno":1,"logger":"py.warnings"}
{"timestamp":"2025-12-24T12:39:10.086008Z","level":"warning","event":"The `airflow.decorators.task` attribute is deprecated. Please use `'airflow.sdk.task'`.","category":"DeprecatedImportWarning","filename":"/opt/airflow/dags/dag.py","lineno":2,"logger":"py.warnings"}
{"timestamp":"2025-12-24T12:39:10.086034Z","level":"warning","event":"The `airflow.operators.empty.EmptyOperator` attribute is deprecated. Please use `'airflow.providers.standard.operators.empty.EmptyOperator'`.","category":"DeprecatedImportWarning","filename":"/opt/airflow/dags/dag.py","lineno":3,"logger":"py.warnings"}
{"timestamp":"2025-12-24T12:39:10.086054Z","level":"warning","event":"The `airflow.operators.python.get_current_context` attribute is deprecated. Please use `'airflow.sdk.get_current_context'`.","category":"DeprecatedImportWarning","filename":"/opt/airflow/dags/dag.py","lineno":5,"logger":"py.warnings"}
{"timestamp":"2025-12-24T12:39:10.086074Z","level":"warning","event":"The `airflow.models.param.Param` attribute is deprecated. Please use `'airflow.sdk.Param'`.","category":"DeprecatedImportWarning","filename":"/opt/airflow/dags/dag.py","lineno":10,"logger":"py.warnings"}
{"timestamp":"2025-12-24T12:39:10.086092Z","level":"warning","event":"The `airflow.operators.python.get_current_context` attribute is deprecated. Please use `'airflow.sdk.get_current_context'`.","category":"DeprecatedImportWarning","filename":"/opt/airflow/dags/dag.py","lineno":18,"logger":"py.warnings"}
{"timestamp":"2025-12-24T12:39:40.568974Z","level":"info","event":"Filling up the DagBag from /opt/airflow/dags/dag.py","logger":"airflow.models.dagbag.DagBag","filename":"dagbag.py","lineno":593}
{"timestamp":"2025-12-24T12:39:40.604843Z","level":"warning","event":"The `airflow.decorators.dag` attribute is deprecated. Please use `'airflow.sdk.dag'`.","category":"DeprecatedImportWarning","filename":"/opt/airflow/dags/dag.py","lineno":1,"logger":"py.warnings"}
{"timestamp":"2025-12-24T12:39:40.604922Z","level":"warning","event":"The `airflow.decorators.task` attribute is deprecated. Please use `'airflow.sdk.task'`.","category":"DeprecatedImportWarning","filename":"/opt/airflow/dags/dag.py","lineno":2,"logger":"py.warnings"}
{"timestamp":"2025-12-24T12:39:40.604946Z","level":"warning","event":"The `airflow.operators.empty.EmptyOperator` attribute is deprecated. Please use `'airflow.providers.standard.operators.empty.EmptyOperator'`.","category":"DeprecatedImportWarning","filename":"/opt/airflow/dags/dag.py","lineno":3,"logger":"py.warnings"}
{"timestamp":"2025-12-24T12:39:40.604983Z","level":"warning","event":"The `airflow.operators.python.get_current_context` attribute is deprecated. Please use `'airflow.sdk.get_current_context'`.","category":"DeprecatedImportWarning","filename":"/opt/airflow/dags/dag.py","lineno":5,"logger":"py.warnings"}
{"timestamp":"2025-12-24T12:39:40.605014Z","level":"warning","event":"The `airflow.models.param.Param` attribute is deprecated. Please use `'airflow.sdk.Param'`.","category":"DeprecatedImportWarning","filename":"/opt/airflow/dags/dag.py","lineno":10,"logger":"py.warnings"}
{"timestamp":"2025-12-24T12:39:40.605033Z","level":"warning","event":"The `airflow.operators.python.get_current_context` attribute is deprecated. Please use `'airflow.sdk.get_current_context'`.","category":"DeprecatedImportWarning","filename":"/opt/airflow/dags/dag.py","lineno":18,"logger":"py.warnings"}
{"timestamp":"2025-12-24T12:40:10.959291Z","level":"info","event":"Filling up the DagBag from /opt/airflow/dags/dag.py","logger":"airflow.models.dagbag.DagBag","filename":"dagbag.py","lineno":593}
{"timestamp":"2025-12-24T12:40:10.993019Z","level":"warning","event":"The `airflow.decorators.dag` attribute is deprecated. Please use `'airflow.sdk.dag'`.","category":"DeprecatedImportWarning","filename":"/opt/airflow/dags/dag.py","lineno":1,"logger":"py.warnings"}
{"timestamp":"2025-12-24T12:40:10.993239Z","level":"warning","event":"The `airflow.decorators.task` attribute is deprecated. Please use `'airflow.sdk.task'`.","category":"DeprecatedImportWarning","filename":"/opt/airflow/dags/dag.py","lineno":2,"logger":"py.warnings"}
{"timestamp":"2025-12-24T12:40:10.993276Z","level":"warning","event":"The `airflow.operators.empty.EmptyOperator` attribute is deprecated. Please use `'airflow.providers.standard.operators.empty.EmptyOperator'`.","category":"DeprecatedImportWarning","filename":"/opt/airflow/dags/dag.py","lineno":3,"logger":"py.warnings"}
{"timestamp":"2025-12-24T12:40:10.993297Z","level":"warning","event":"The `airflow.operators.python.get_current_context` attribute is deprecated. Please use `'airflow.sdk.get_current_context'`.","category":"DeprecatedImportWarning","filename":"/opt/airflow/dags/dag.py","lineno":5,"logger":"py.warnings"}
{"timestamp":"2025-12-24T12:40:10.993332Z","level":"warning","event":"The `airflow.models.param.Param` attribute is deprecated. Please use `'airflow.sdk.Param'`.","category":"DeprecatedImportWarning","filename":"/opt/airflow/dags/dag.py","lineno":10,"logger":"py.warnings"}
{"timestamp":"2025-12-24T12:40:10.993350Z","level":"warning","event":"The `airflow.operators.python.get_current_context` attribute is deprecated. Please use `'airflow.sdk.get_current_context'`.","category":"DeprecatedImportWarning","filename":"/opt/airflow/dags/dag.py","lineno":18,"logger":"py.warnings"}
{"timestamp":"2025-12-24T12:40:41.424314Z","level":"info","event":"Filling up the DagBag from /opt/airflow/dags/dag.py","logger":"airflow.models.dagbag.DagBag","filename":"dagbag.py","lineno":593}
{"timestamp":"2025-12-24T12:40:41.463657Z","level":"warning","event":"The `airflow.decorators.dag` attribute is deprecated. Please use `'airflow.sdk.dag'`.","category":"DeprecatedImportWarning","filename":"/opt/airflow/dags/dag.py","lineno":1,"logger":"py.warnings"}
{"timestamp":"2025-12-24T12:40:41.463854Z","level":"warning","event":"The `airflow.decorators.task` attribute is deprecated. Please use `'airflow.sdk.task'`.","category":"DeprecatedImportWarning","filename":"/opt/airflow/dags/dag.py","lineno":2,"logger":"py.warnings"}
{"timestamp":"2025-12-24T12:40:41.463884Z","level":"warning","event":"The `airflow.operators.empty.EmptyOperator` attribute is deprecated. Please use `'airflow.providers.standard.operators.empty.EmptyOperator'`.","category":"DeprecatedImportWarning","filename":"/opt/airflow/dags/dag.py","lineno":3,"logger":"py.warnings"}
{"timestamp":"2025-12-24T12:40:41.463906Z","level":"warning","event":"The `airflow.operators.python.get_current_context` attribute is deprecated. Please use `'airflow.sdk.get_current_context'`.","category":"DeprecatedImportWarning","filename":"/opt/airflow/dags/dag.py","lineno":5,"logger":"py.warnings"}
{"timestamp":"2025-12-24T12:40:41.463938Z","level":"warning","event":"The `airflow.models.param.Param` attribute is deprecated. Please use `'airflow.sdk.Param'`.","category":"DeprecatedImportWarning","filename":"/opt/airflow/dags/dag.py","lineno":10,"logger":"py.warnings"}
{"timestamp":"2025-12-24T12:40:41.463957Z","level":"warning","event":"The `airflow.operators.python.get_current_context` attribute is deprecated. Please use `'airflow.sdk.get_current_context'`.","category":"DeprecatedImportWarning","filename":"/opt/airflow/dags/dag.py","lineno":18,"logger":"py.warnings"}
{"timestamp":"2025-12-24T12:41:11.872284Z","level":"info","event":"Filling up the DagBag from /opt/airflow/dags/dag.py","logger":"airflow.models.dagbag.DagBag","filename":"dagbag.py","lineno":593}
{"timestamp":"2025-12-24T12:41:11.918428Z","level":"warning","event":"The `airflow.decorators.dag` attribute is deprecated. Please use `'airflow.sdk.dag'`.","category":"DeprecatedImportWarning","filename":"/opt/airflow/dags/dag.py","lineno":1,"logger":"py.warnings"}
{"timestamp":"2025-12-24T12:41:11.918696Z","level":"warning","event":"The `airflow.decorators.task` attribute is deprecated. Please use `'airflow.sdk.task'`.","category":"DeprecatedImportWarning","filename":"/opt/airflow/dags/dag.py","lineno":2,"logger":"py.warnings"}
{"timestamp":"2025-12-24T12:41:11.918731Z","level":"warning","event":"The `airflow.operators.empty.EmptyOperator` attribute is deprecated. Please use `'airflow.providers.standard.operators.empty.EmptyOperator'`.","category":"DeprecatedImportWarning","filename":"/opt/airflow/dags/dag.py","lineno":3,"logger":"py.warnings"}
{"timestamp":"2025-12-24T12:41:11.919197Z","level":"warning","event":"The `airflow.operators.python.get_current_context` attribute is deprecated. Please use `'airflow.sdk.get_current_context'`.","category":"DeprecatedImportWarning","filename":"/opt/airflow/dags/dag.py","lineno":5,"logger":"py.warnings"}
{"timestamp":"2025-12-24T12:41:11.919246Z","level":"warning","event":"The `airflow.models.param.Param` attribute is deprecated. Please use `'airflow.sdk.Param'`.","category":"DeprecatedImportWarning","filename":"/opt/airflow/dags/dag.py","lineno":10,"logger":"py.warnings"}
{"timestamp":"2025-12-24T12:41:11.919272Z","level":"warning","event":"The `airflow.operators.python.get_current_context` attribute is deprecated. Please use `'airflow.sdk.get_current_context'`.","category":"DeprecatedImportWarning","filename":"/opt/airflow/dags/dag.py","lineno":18,"logger":"py.warnings"}
{"timestamp":"2025-12-24T12:41:42.336949Z","level":"info","event":"Filling up the DagBag from /opt/airflow/dags/dag.py","logger":"airflow.models.dagbag.DagBag","filename":"dagbag.py","lineno":593}
{"timestamp":"2025-12-24T12:41:42.381250Z","level":"warning","event":"The `airflow.decorators.dag` attribute is deprecated. Please use `'airflow.sdk.dag'`.","category":"DeprecatedImportWarning","filename":"/opt/airflow/dags/dag.py","lineno":1,"logger":"py.warnings"}
{"timestamp":"2025-12-24T12:41:42.381347Z","level":"warning","event":"The `airflow.decorators.task` attribute is deprecated. Please use `'airflow.sdk.task'`.","category":"DeprecatedImportWarning","filename":"/opt/airflow/dags/dag.py","lineno":2,"logger":"py.warnings"}
{"timestamp":"2025-12-24T12:41:42.381398Z","level":"warning","event":"The `airflow.operators.empty.EmptyOperator` attribute is deprecated. Please use `'airflow.providers.standard.operators.empty.EmptyOperator'`.","category":"DeprecatedImportWarning","filename":"/opt/airflow/dags/dag.py","lineno":3,"logger":"py.warnings"}
{"timestamp":"2025-12-24T12:41:42.381449Z","level":"warning","event":"The `airflow.operators.python.get_current_context` attribute is deprecated. Please use `'airflow.sdk.get_current_context'`.","category":"DeprecatedImportWarning","filename":"/opt/airflow/dags/dag.py","lineno":5,"logger":"py.warnings"}
{"timestamp":"2025-12-24T12:41:42.381517Z","level":"warning","event":"The `airflow.models.param.Param` attribute is deprecated. Please use `'airflow.sdk.Param'`.","category":"DeprecatedImportWarning","filename":"/opt/airflow/dags/dag.py","lineno":10,"logger":"py.warnings"}
{"timestamp":"2025-12-24T12:41:42.381580Z","level":"warning","event":"The `airflow.operators.python.get_current_context` attribute is deprecated. Please use `'airflow.sdk.get_current_context'`.","category":"DeprecatedImportWarning","filename":"/opt/airflow/dags/dag.py","lineno":18,"logger":"py.warnings"}
{"timestamp":"2025-12-24T12:42:12.752798Z","level":"info","event":"Filling up the DagBag from /opt/airflow/dags/dag.py","logger":"airflow.models.dagbag.DagBag","filename":"dagbag.py","lineno":593}
{"timestamp":"2025-12-24T12:42:12.796351Z","level":"warning","event":"The `airflow.decorators.dag` attribute is deprecated. Please use `'airflow.sdk.dag'`.","category":"DeprecatedImportWarning","filename":"/opt/airflow/dags/dag.py","lineno":1,"logger":"py.warnings"}
{"timestamp":"2025-12-24T12:42:12.796561Z","level":"warning","event":"The `airflow.decorators.task` attribute is deprecated. Please use `'airflow.sdk.task'`.","category":"DeprecatedImportWarning","filename":"/opt/airflow/dags/dag.py","lineno":2,"logger":"py.warnings"}
{"timestamp":"2025-12-24T12:42:12.796597Z","level":"warning","event":"The `airflow.operators.empty.EmptyOperator` attribute is deprecated. Please use `'airflow.providers.standard.operators.empty.EmptyOperator'`.","category":"DeprecatedImportWarning","filename":"/opt/airflow/dags/dag.py","lineno":3,"logger":"py.warnings"}
{"timestamp":"2025-12-24T12:42:12.796624Z","level":"warning","event":"The `airflow.operators.python.get_current_context` attribute is deprecated. Please use `'airflow.sdk.get_current_context'`.","category":"DeprecatedImportWarning","filename":"/opt/airflow/dags/dag.py","lineno":5,"logger":"py.warnings"}
{"timestamp":"2025-12-24T12:42:12.796657Z","level":"warning","event":"The `airflow.models.param.Param` attribute is deprecated. Please use `'airflow.sdk.Param'`.","category":"DeprecatedImportWarning","filename":"/opt/airflow/dags/dag.py","lineno":10,"logger":"py.warnings"}
{"timestamp":"2025-12-24T12:42:12.796675Z","level":"warning","event":"The `airflow.operators.python.get_current_context` attribute is deprecated. Please use `'airflow.sdk.get_current_context'`.","category":"DeprecatedImportWarning","filename":"/opt/airflow/dags/dag.py","lineno":18,"logger":"py.warnings"}
{"timestamp":"2025-12-24T12:42:43.273442Z","level":"info","event":"Filling up the DagBag from /opt/airflow/dags/dag.py","logger":"airflow.models.dagbag.DagBag","filename":"dagbag.py","lineno":593}
{"timestamp":"2025-12-24T12:42:43.335425Z","level":"warning","event":"The `airflow.decorators.dag` attribute is deprecated. Please use `'airflow.sdk.dag'`.","category":"DeprecatedImportWarning","filename":"/opt/airflow/dags/dag.py","lineno":1,"logger":"py.warnings"}
{"timestamp":"2025-12-24T12:42:43.335639Z","level":"warning","event":"The `airflow.decorators.task` attribute is deprecated. Please use `'airflow.sdk.task'`.","category":"DeprecatedImportWarning","filename":"/opt/airflow/dags/dag.py","lineno":2,"logger":"py.warnings"}
{"timestamp":"2025-12-24T12:42:43.336072Z","level":"warning","event":"The `airflow.operators.empty.EmptyOperator` attribute is deprecated. Please use `'airflow.providers.standard.operators.empty.EmptyOperator'`.","category":"DeprecatedImportWarning","filename":"/opt/airflow/dags/dag.py","lineno":3,"logger":"py.warnings"}
{"timestamp":"2025-12-24T12:42:43.336231Z","level":"warning","event":"The `airflow.operators.python.get_current_context` attribute is deprecated. Please use `'airflow.sdk.get_current_context'`.","category":"DeprecatedImportWarning","filename":"/opt/airflow/dags/dag.py","lineno":5,"logger":"py.warnings"}
{"timestamp":"2025-12-24T12:42:43.336289Z","level":"warning","event":"The `airflow.models.param.Param` attribute is deprecated. Please use `'airflow.sdk.Param'`.","category":"DeprecatedImportWarning","filename":"/opt/airflow/dags/dag.py","lineno":10,"logger":"py.warnings"}
{"timestamp":"2025-12-24T12:42:43.336311Z","level":"warning","event":"The `airflow.operators.python.get_current_context` attribute is deprecated. Please use `'airflow.sdk.get_current_context'`.","category":"DeprecatedImportWarning","filename":"/opt/airflow/dags/dag.py","lineno":18,"logger":"py.warnings"}
{"timestamp":"2025-12-24T12:43:13.736365Z","level":"info","event":"Filling up the DagBag from /opt/airflow/dags/dag.py","logger":"airflow.models.dagbag.DagBag","filename":"dagbag.py","lineno":593}
{"timestamp":"2025-12-24T12:43:13.807167Z","level":"warning","event":"The `airflow.decorators.dag` attribute is deprecated. Please use `'airflow.sdk.dag'`.","category":"DeprecatedImportWarning","filename":"/opt/airflow/dags/dag.py","lineno":1,"logger":"py.warnings"}
{"timestamp":"2025-12-24T12:43:13.807243Z","level":"warning","event":"The `airflow.decorators.task` attribute is deprecated. Please use `'airflow.sdk.task'`.","category":"DeprecatedImportWarning","filename":"/opt/airflow/dags/dag.py","lineno":2,"logger":"py.warnings"}
{"timestamp":"2025-12-24T12:43:13.807264Z","level":"warning","event":"The `airflow.operators.empty.EmptyOperator` attribute is deprecated. Please use `'airflow.providers.standard.operators.empty.EmptyOperator'`.","category":"DeprecatedImportWarning","filename":"/opt/airflow/dags/dag.py","lineno":3,"logger":"py.warnings"}
{"timestamp":"2025-12-24T12:43:13.807292Z","level":"warning","event":"The `airflow.operators.python.get_current_context` attribute is deprecated. Please use `'airflow.sdk.get_current_context'`.","category":"DeprecatedImportWarning","filename":"/opt/airflow/dags/dag.py","lineno":5,"logger":"py.warnings"}
{"timestamp":"2025-12-24T12:43:13.807322Z","level":"warning","event":"The `airflow.models.param.Param` attribute is deprecated. Please use `'airflow.sdk.Param'`.","category":"DeprecatedImportWarning","filename":"/opt/airflow/dags/dag.py","lineno":10,"logger":"py.warnings"}
{"timestamp":"2025-12-24T12:43:13.807350Z","level":"warning","event":"The `airflow.operators.python.get_current_context` attribute is deprecated. Please use `'airflow.sdk.get_current_context'`.","category":"DeprecatedImportWarning","filename":"/opt/airflow/dags/dag.py","lineno":18,"logger":"py.warnings"}
{"timestamp":"2025-12-24T12:43:44.190734Z","level":"info","event":"Filling up the DagBag from /opt/airflow/dags/dag.py","logger":"airflow.models.dagbag.DagBag","filename":"dagbag.py","lineno":593}
{"timestamp":"2025-12-24T12:43:44.264525Z","level":"warning","event":"The `airflow.decorators.dag` attribute is deprecated. Please use `'airflow.sdk.dag'`.","category":"DeprecatedImportWarning","filename":"/opt/airflow/dags/dag.py","lineno":1,"logger":"py.warnings"}
{"timestamp":"2025-12-24T12:43:44.264598Z","level":"warning","event":"The `airflow.decorators.task` attribute is deprecated. Please use `'airflow.sdk.task'`.","category":"DeprecatedImportWarning","filename":"/opt/airflow/dags/dag.py","lineno":2,"logger":"py.warnings"}
{"timestamp":"2025-12-24T12:43:44.264629Z","level":"warning","event":"The `airflow.operators.empty.EmptyOperator` attribute is deprecated. Please use `'airflow.providers.standard.operators.empty.EmptyOperator'`.","category":"DeprecatedImportWarning","filename":"/opt/airflow/dags/dag.py","lineno":3,"logger":"py.warnings"}
{"timestamp":"2025-12-24T12:43:44.264648Z","level":"warning","event":"The `airflow.operators.python.get_current_context` attribute is deprecated. Please use `'airflow.sdk.get_current_context'`.","category":"DeprecatedImportWarning","filename":"/opt/airflow/dags/dag.py","lineno":5,"logger":"py.warnings"}
{"timestamp":"2025-12-24T12:43:44.264673Z","level":"warning","event":"The `airflow.models.param.Param` attribute is deprecated. Please use `'airflow.sdk.Param'`.","category":"DeprecatedImportWarning","filename":"/opt/airflow/dags/dag.py","lineno":10,"logger":"py.warnings"}
{"timestamp":"2025-12-24T12:43:44.264701Z","level":"warning","event":"The `airflow.operators.python.get_current_context` attribute is deprecated. Please use `'airflow.sdk.get_current_context'`.","category":"DeprecatedImportWarning","filename":"/opt/airflow/dags/dag.py","lineno":18,"logger":"py.warnings"}
{"timestamp":"2025-12-24T12:44:14.696284Z","level":"info","event":"Filling up the DagBag from /opt/airflow/dags/dag.py","logger":"airflow.models.dagbag.DagBag","filename":"dagbag.py","lineno":593}
{"timestamp":"2025-12-24T12:44:14.741646Z","level":"warning","event":"The `airflow.decorators.dag` attribute is deprecated. Please use `'airflow.sdk.dag'`.","category":"DeprecatedImportWarning","filename":"/opt/airflow/dags/dag.py","lineno":1,"logger":"py.warnings"}
{"timestamp":"2025-12-24T12:44:14.741903Z","level":"warning","event":"The `airflow.decorators.task` attribute is deprecated. Please use `'airflow.sdk.task'`.","category":"DeprecatedImportWarning","filename":"/opt/airflow/dags/dag.py","lineno":2,"logger":"py.warnings"}
{"timestamp":"2025-12-24T12:44:14.742305Z","level":"warning","event":"The `airflow.operators.empty.EmptyOperator` attribute is deprecated. Please use `'airflow.providers.standard.operators.empty.EmptyOperator'`.","category":"DeprecatedImportWarning","filename":"/opt/airflow/dags/dag.py","lineno":3,"logger":"py.warnings"}
{"timestamp":"2025-12-24T12:44:14.742338Z","level":"warning","event":"The `airflow.operators.python.get_current_context` attribute is deprecated. Please use `'airflow.sdk.get_current_context'`.","category":"DeprecatedImportWarning","filename":"/opt/airflow/dags/dag.py","lineno":5,"logger":"py.warnings"}
{"timestamp":"2025-12-24T12:44:14.742368Z","level":"warning","event":"The `airflow.models.param.Param` attribute is deprecated. Please use `'airflow.sdk.Param'`.","category":"DeprecatedImportWarning","filename":"/opt/airflow/dags/dag.py","lineno":10,"logger":"py.warnings"}
{"timestamp":"2025-12-24T12:44:14.742386Z","level":"warning","event":"The `airflow.operators.python.get_current_context` attribute is deprecated. Please use `'airflow.sdk.get_current_context'`.","category":"DeprecatedImportWarning","filename":"/opt/airflow/dags/dag.py","lineno":18,"logger":"py.warnings"}
{"timestamp":"2025-12-24T12:44:45.159829Z","level":"info","event":"Filling up the DagBag from /opt/airflow/dags/dag.py","logger":"airflow.models.dagbag.DagBag","filename":"dagbag.py","lineno":593}
{"timestamp":"2025-12-24T12:44:45.208334Z","level":"warning","event":"The `airflow.decorators.dag` attribute is deprecated. Please use `'airflow.sdk.dag'`.","category":"DeprecatedImportWarning","filename":"/opt/airflow/dags/dag.py","lineno":1,"logger":"py.warnings"}
{"timestamp":"2025-12-24T12:44:45.208427Z","level":"warning","event":"The `airflow.decorators.task` attribute is deprecated. Please use `'airflow.sdk.task'`.","category":"DeprecatedImportWarning","filename":"/opt/airflow/dags/dag.py","lineno":2,"logger":"py.warnings"}
{"timestamp":"2025-12-24T12:44:45.208459Z","level":"warning","event":"The `airflow.operators.empty.EmptyOperator` attribute is deprecated. Please use `'airflow.providers.standard.operators.empty.EmptyOperator'`.","category":"DeprecatedImportWarning","filename":"/opt/airflow/dags/dag.py","lineno":3,"logger":"py.warnings"}
{"timestamp":"2025-12-24T12:44:45.208480Z","level":"warning","event":"The `airflow.operators.python.get_current_context` attribute is deprecated. Please use `'airflow.sdk.get_current_context'`.","category":"DeprecatedImportWarning","filename":"/opt/airflow/dags/dag.py","lineno":5,"logger":"py.warnings"}
{"timestamp":"2025-12-24T12:44:45.208519Z","level":"warning","event":"The `airflow.models.param.Param` attribute is deprecated. Please use `'airflow.sdk.Param'`.","category":"DeprecatedImportWarning","filename":"/opt/airflow/dags/dag.py","lineno":10,"logger":"py.warnings"}
{"timestamp":"2025-12-24T12:44:45.208552Z","level":"warning","event":"The `airflow.operators.python.get_current_context` attribute is deprecated. Please use `'airflow.sdk.get_current_context'`.","category":"DeprecatedImportWarning","filename":"/opt/airflow/dags/dag.py","lineno":18,"logger":"py.warnings"}
{"timestamp":"2025-12-24T12:45:15.604040Z","level":"info","event":"Filling up the DagBag from /opt/airflow/dags/dag.py","logger":"airflow.models.dagbag.DagBag","filename":"dagbag.py","lineno":593}
{"timestamp":"2025-12-24T12:45:15.642753Z","level":"warning","event":"The `airflow.decorators.dag` attribute is deprecated. Please use `'airflow.sdk.dag'`.","category":"DeprecatedImportWarning","filename":"/opt/airflow/dags/dag.py","lineno":1,"logger":"py.warnings"}
{"timestamp":"2025-12-24T12:45:15.642941Z","level":"warning","event":"The `airflow.decorators.task` attribute is deprecated. Please use `'airflow.sdk.task'`.","category":"DeprecatedImportWarning","filename":"/opt/airflow/dags/dag.py","lineno":2,"logger":"py.warnings"}
{"timestamp":"2025-12-24T12:45:15.642986Z","level":"warning","event":"The `airflow.operators.empty.EmptyOperator` attribute is deprecated. Please use `'airflow.providers.standard.operators.empty.EmptyOperator'`.","category":"DeprecatedImportWarning","filename":"/opt/airflow/dags/dag.py","lineno":3,"logger":"py.warnings"}
{"timestamp":"2025-12-24T12:45:15.643023Z","level":"warning","event":"The `airflow.operators.python.get_current_context` attribute is deprecated. Please use `'airflow.sdk.get_current_context'`.","category":"DeprecatedImportWarning","filename":"/opt/airflow/dags/dag.py","lineno":5,"logger":"py.warnings"}
{"timestamp":"2025-12-24T12:45:15.643057Z","level":"warning","event":"The `airflow.models.param.Param` attribute is deprecated. Please use `'airflow.sdk.Param'`.","category":"DeprecatedImportWarning","filename":"/opt/airflow/dags/dag.py","lineno":10,"logger":"py.warnings"}
{"timestamp":"2025-12-24T12:45:15.643076Z","level":"warning","event":"The `airflow.operators.python.get_current_context` attribute is deprecated. Please use `'airflow.sdk.get_current_context'`.","category":"DeprecatedImportWarning","filename":"/opt/airflow/dags/dag.py","lineno":18,"logger":"py.warnings"}
{"timestamp":"2025-12-24T12:45:46.062930Z","level":"info","event":"Filling up the DagBag from /opt/airflow/dags/dag.py","logger":"airflow.models.dagbag.DagBag","filename":"dagbag.py","lineno":593}
{"timestamp":"2025-12-24T12:45:46.104380Z","level":"warning","event":"The `airflow.decorators.dag` attribute is deprecated. Please use `'airflow.sdk.dag'`.","category":"DeprecatedImportWarning","filename":"/opt/airflow/dags/dag.py","lineno":1,"logger":"py.warnings"}
{"timestamp":"2025-12-24T12:45:46.104582Z","level":"warning","event":"The `airflow.decorators.task` attribute is deprecated. Please use `'airflow.sdk.task'`.","category":"DeprecatedImportWarning","filename":"/opt/airflow/dags/dag.py","lineno":2,"logger":"py.warnings"}
{"timestamp":"2025-12-24T12:45:46.104919Z","level":"warning","event":"The `airflow.operators.empty.EmptyOperator` attribute is deprecated. Please use `'airflow.providers.standard.operators.empty.EmptyOperator'`.","category":"DeprecatedImportWarning","filename":"/opt/airflow/dags/dag.py","lineno":3,"logger":"py.warnings"}
{"timestamp":"2025-12-24T12:45:46.104945Z","level":"warning","event":"The `airflow.operators.python.get_current_context` attribute is deprecated. Please use `'airflow.sdk.get_current_context'`.","category":"DeprecatedImportWarning","filename":"/opt/airflow/dags/dag.py","lineno":5,"logger":"py.warnings"}
{"timestamp":"2025-12-24T12:45:46.104982Z","level":"warning","event":"The `airflow.models.param.Param` attribute is deprecated. Please use `'airflow.sdk.Param'`.","category":"DeprecatedImportWarning","filename":"/opt/airflow/dags/dag.py","lineno":10,"logger":"py.warnings"}
{"timestamp":"2025-12-24T12:45:46.105003Z","level":"warning","event":"The `airflow.operators.python.get_current_context` attribute is deprecated. Please use `'airflow.sdk.get_current_context'`.","category":"DeprecatedImportWarning","filename":"/opt/airflow/dags/dag.py","lineno":18,"logger":"py.warnings"}
{"timestamp":"2025-12-24T12:46:16.500441Z","level":"info","event":"Filling up the DagBag from /opt/airflow/dags/dag.py","logger":"airflow.models.dagbag.DagBag","filename":"dagbag.py","lineno":593}
{"timestamp":"2025-12-24T12:46:16.539473Z","level":"warning","event":"The `airflow.decorators.dag` attribute is deprecated. Please use `'airflow.sdk.dag'`.","category":"DeprecatedImportWarning","filename":"/opt/airflow/dags/dag.py","lineno":1,"logger":"py.warnings"}
{"timestamp":"2025-12-24T12:46:16.539544Z","level":"warning","event":"The `airflow.decorators.task` attribute is deprecated. Please use `'airflow.sdk.task'`.","category":"DeprecatedImportWarning","filename":"/opt/airflow/dags/dag.py","lineno":2,"logger":"py.warnings"}
{"timestamp":"2025-12-24T12:46:16.539582Z","level":"warning","event":"The `airflow.operators.empty.EmptyOperator` attribute is deprecated. Please use `'airflow.providers.standard.operators.empty.EmptyOperator'`.","category":"DeprecatedImportWarning","filename":"/opt/airflow/dags/dag.py","lineno":3,"logger":"py.warnings"}
{"timestamp":"2025-12-24T12:46:16.539612Z","level":"warning","event":"The `airflow.operators.python.get_current_context` attribute is deprecated. Please use `'airflow.sdk.get_current_context'`.","category":"DeprecatedImportWarning","filename":"/opt/airflow/dags/dag.py","lineno":5,"logger":"py.warnings"}
{"timestamp":"2025-12-24T12:46:16.539646Z","level":"warning","event":"The `airflow.models.param.Param` attribute is deprecated. Please use `'airflow.sdk.Param'`.","category":"DeprecatedImportWarning","filename":"/opt/airflow/dags/dag.py","lineno":10,"logger":"py.warnings"}
{"timestamp":"2025-12-24T12:46:16.539666Z","level":"warning","event":"The `airflow.operators.python.get_current_context` attribute is deprecated. Please use `'airflow.sdk.get_current_context'`.","category":"DeprecatedImportWarning","filename":"/opt/airflow/dags/dag.py","lineno":18,"logger":"py.warnings"}
{"timestamp":"2025-12-24T12:46:46.958822Z","level":"info","event":"Filling up the DagBag from /opt/airflow/dags/dag.py","logger":"airflow.models.dagbag.DagBag","filename":"dagbag.py","lineno":593}
{"timestamp":"2025-12-24T12:46:47.001124Z","level":"warning","event":"The `airflow.decorators.dag` attribute is deprecated. Please use `'airflow.sdk.dag'`.","category":"DeprecatedImportWarning","filename":"/opt/airflow/dags/dag.py","lineno":1,"logger":"py.warnings"}
{"timestamp":"2025-12-24T12:46:47.001187Z","level":"warning","event":"The `airflow.decorators.task` attribute is deprecated. Please use `'airflow.sdk.task'`.","category":"DeprecatedImportWarning","filename":"/opt/airflow/dags/dag.py","lineno":2,"logger":"py.warnings"}
{"timestamp":"2025-12-24T12:46:47.001210Z","level":"warning","event":"The `airflow.operators.empty.EmptyOperator` attribute is deprecated. Please use `'airflow.providers.standard.operators.empty.EmptyOperator'`.","category":"DeprecatedImportWarning","filename":"/opt/airflow/dags/dag.py","lineno":3,"logger":"py.warnings"}
{"timestamp":"2025-12-24T12:46:47.001229Z","level":"warning","event":"The `airflow.operators.python.get_current_context` attribute is deprecated. Please use `'airflow.sdk.get_current_context'`.","category":"DeprecatedImportWarning","filename":"/opt/airflow/dags/dag.py","lineno":5,"logger":"py.warnings"}
{"timestamp":"2025-12-24T12:46:47.001253Z","level":"warning","event":"The `airflow.models.param.Param` attribute is deprecated. Please use `'airflow.sdk.Param'`.","category":"DeprecatedImportWarning","filename":"/opt/airflow/dags/dag.py","lineno":10,"logger":"py.warnings"}
{"timestamp":"2025-12-24T12:46:47.001270Z","level":"warning","event":"The `airflow.operators.python.get_current_context` attribute is deprecated. Please use `'airflow.sdk.get_current_context'`.","category":"DeprecatedImportWarning","filename":"/opt/airflow/dags/dag.py","lineno":18,"logger":"py.warnings"}
{"timestamp":"2025-12-24T12:47:17.345582Z","level":"info","event":"Filling up the DagBag from /opt/airflow/dags/dag.py","logger":"airflow.models.dagbag.DagBag","filename":"dagbag.py","lineno":593}
{"timestamp":"2025-12-24T12:47:17.377021Z","level":"warning","event":"The `airflow.decorators.dag` attribute is deprecated. Please use `'airflow.sdk.dag'`.","category":"DeprecatedImportWarning","filename":"/opt/airflow/dags/dag.py","lineno":1,"logger":"py.warnings"}
{"timestamp":"2025-12-24T12:47:17.377083Z","level":"warning","event":"The `airflow.decorators.task` attribute is deprecated. Please use `'airflow.sdk.task'`.","category":"DeprecatedImportWarning","filename":"/opt/airflow/dags/dag.py","lineno":2,"logger":"py.warnings"}
{"timestamp":"2025-12-24T12:47:17.377109Z","level":"warning","event":"The `airflow.operators.empty.EmptyOperator` attribute is deprecated. Please use `'airflow.providers.standard.operators.empty.EmptyOperator'`.","category":"DeprecatedImportWarning","filename":"/opt/airflow/dags/dag.py","lineno":3,"logger":"py.warnings"}
{"timestamp":"2025-12-24T12:47:17.377131Z","level":"warning","event":"The `airflow.operators.python.get_current_context` attribute is deprecated. Please use `'airflow.sdk.get_current_context'`.","category":"DeprecatedImportWarning","filename":"/opt/airflow/dags/dag.py","lineno":5,"logger":"py.warnings"}
{"timestamp":"2025-12-24T12:47:17.377156Z","level":"warning","event":"The `airflow.models.param.Param` attribute is deprecated. Please use `'airflow.sdk.Param'`.","category":"DeprecatedImportWarning","filename":"/opt/airflow/dags/dag.py","lineno":10,"logger":"py.warnings"}
{"timestamp":"2025-12-24T12:47:17.377176Z","level":"warning","event":"The `airflow.operators.python.get_current_context` attribute is deprecated. Please use `'airflow.sdk.get_current_context'`.","category":"DeprecatedImportWarning","filename":"/opt/airflow/dags/dag.py","lineno":18,"logger":"py.warnings"}
{"timestamp":"2025-12-24T12:47:47.766642Z","level":"info","event":"Filling up the DagBag from /opt/airflow/dags/dag.py","logger":"airflow.models.dagbag.DagBag","filename":"dagbag.py","lineno":593}
{"timestamp":"2025-12-24T12:47:47.805032Z","level":"warning","event":"The `airflow.decorators.dag` attribute is deprecated. Please use `'airflow.sdk.dag'`.","category":"DeprecatedImportWarning","filename":"/opt/airflow/dags/dag.py","lineno":1,"logger":"py.warnings"}
{"timestamp":"2025-12-24T12:47:47.805091Z","level":"warning","event":"The `airflow.decorators.task` attribute is deprecated. Please use `'airflow.sdk.task'`.","category":"DeprecatedImportWarning","filename":"/opt/airflow/dags/dag.py","lineno":2,"logger":"py.warnings"}
{"timestamp":"2025-12-24T12:47:47.805114Z","level":"warning","event":"The `airflow.operators.empty.EmptyOperator` attribute is deprecated. Please use `'airflow.providers.standard.operators.empty.EmptyOperator'`.","category":"DeprecatedImportWarning","filename":"/opt/airflow/dags/dag.py","lineno":3,"logger":"py.warnings"}
{"timestamp":"2025-12-24T12:47:47.805134Z","level":"warning","event":"The `airflow.operators.python.get_current_context` attribute is deprecated. Please use `'airflow.sdk.get_current_context'`.","category":"DeprecatedImportWarning","filename":"/opt/airflow/dags/dag.py","lineno":5,"logger":"py.warnings"}
{"timestamp":"2025-12-24T12:47:47.805161Z","level":"warning","event":"The `airflow.models.param.Param` attribute is deprecated. Please use `'airflow.sdk.Param'`.","category":"DeprecatedImportWarning","filename":"/opt/airflow/dags/dag.py","lineno":10,"logger":"py.warnings"}
{"timestamp":"2025-12-24T12:47:47.805179Z","level":"warning","event":"The `airflow.operators.python.get_current_context` attribute is deprecated. Please use `'airflow.sdk.get_current_context'`.","category":"DeprecatedImportWarning","filename":"/opt/airflow/dags/dag.py","lineno":18,"logger":"py.warnings"}
{"timestamp":"2025-12-24T12:48:18.212682Z","level":"info","event":"Filling up the DagBag from /opt/airflow/dags/dag.py","logger":"airflow.models.dagbag.DagBag","filename":"dagbag.py","lineno":593}
{"timestamp":"2025-12-24T12:48:18.244642Z","level":"warning","event":"The `airflow.decorators.dag` attribute is deprecated. Please use `'airflow.sdk.dag'`.","category":"DeprecatedImportWarning","filename":"/opt/airflow/dags/dag.py","lineno":1,"logger":"py.warnings"}
{"timestamp":"2025-12-24T12:48:18.244715Z","level":"warning","event":"The `airflow.decorators.task` attribute is deprecated. Please use `'airflow.sdk.task'`.","category":"DeprecatedImportWarning","filename":"/opt/airflow/dags/dag.py","lineno":2,"logger":"py.warnings"}
{"timestamp":"2025-12-24T12:48:18.244741Z","level":"warning","event":"The `airflow.operators.empty.EmptyOperator` attribute is deprecated. Please use `'airflow.providers.standard.operators.empty.EmptyOperator'`.","category":"DeprecatedImportWarning","filename":"/opt/airflow/dags/dag.py","lineno":3,"logger":"py.warnings"}
{"timestamp":"2025-12-24T12:48:18.244762Z","level":"warning","event":"The `airflow.operators.python.get_current_context` attribute is deprecated. Please use `'airflow.sdk.get_current_context'`.","category":"DeprecatedImportWarning","filename":"/opt/airflow/dags/dag.py","lineno":5,"logger":"py.warnings"}
{"timestamp":"2025-12-24T12:48:18.244789Z","level":"warning","event":"The `airflow.models.param.Param` attribute is deprecated. Please use `'airflow.sdk.Param'`.","category":"DeprecatedImportWarning","filename":"/opt/airflow/dags/dag.py","lineno":10,"logger":"py.warnings"}
{"timestamp":"2025-12-24T12:48:18.244808Z","level":"warning","event":"The `airflow.operators.python.get_current_context` attribute is deprecated. Please use `'airflow.sdk.get_current_context'`.","category":"DeprecatedImportWarning","filename":"/opt/airflow/dags/dag.py","lineno":18,"logger":"py.warnings"}
{"timestamp":"2025-12-24T12:48:48.546834Z","level":"info","event":"Filling up the DagBag from /opt/airflow/dags/dag.py","logger":"airflow.models.dagbag.DagBag","filename":"dagbag.py","lineno":593}
{"timestamp":"2025-12-24T12:48:48.575768Z","level":"warning","event":"The `airflow.decorators.dag` attribute is deprecated. Please use `'airflow.sdk.dag'`.","category":"DeprecatedImportWarning","filename":"/opt/airflow/dags/dag.py","lineno":1,"logger":"py.warnings"}
{"timestamp":"2025-12-24T12:48:48.575980Z","level":"warning","event":"The `airflow.decorators.task` attribute is deprecated. Please use `'airflow.sdk.task'`.","category":"DeprecatedImportWarning","filename":"/opt/airflow/dags/dag.py","lineno":2,"logger":"py.warnings"}
{"timestamp":"2025-12-24T12:48:48.576015Z","level":"warning","event":"The `airflow.operators.empty.EmptyOperator` attribute is deprecated. Please use `'airflow.providers.standard.operators.empty.EmptyOperator'`.","category":"DeprecatedImportWarning","filename":"/opt/airflow/dags/dag.py","lineno":3,"logger":"py.warnings"}
{"timestamp":"2025-12-24T12:48:48.576040Z","level":"warning","event":"The `airflow.operators.python.get_current_context` attribute is deprecated. Please use `'airflow.sdk.get_current_context'`.","category":"DeprecatedImportWarning","filename":"/opt/airflow/dags/dag.py","lineno":5,"logger":"py.warnings"}
{"timestamp":"2025-12-24T12:48:48.576064Z","level":"warning","event":"The `airflow.models.param.Param` attribute is deprecated. Please use `'airflow.sdk.Param'`.","category":"DeprecatedImportWarning","filename":"/opt/airflow/dags/dag.py","lineno":10,"logger":"py.warnings"}
{"timestamp":"2025-12-24T12:48:48.576084Z","level":"warning","event":"The `airflow.operators.python.get_current_context` attribute is deprecated. Please use `'airflow.sdk.get_current_context'`.","category":"DeprecatedImportWarning","filename":"/opt/airflow/dags/dag.py","lineno":18,"logger":"py.warnings"}
{"timestamp":"2025-12-24T12:49:19.033446Z","level":"info","event":"Filling up the DagBag from /opt/airflow/dags/dag.py","logger":"airflow.models.dagbag.DagBag","filename":"dagbag.py","lineno":593}
{"timestamp":"2025-12-24T12:49:19.091342Z","level":"warning","event":"The `airflow.decorators.dag` attribute is deprecated. Please use `'airflow.sdk.dag'`.","category":"DeprecatedImportWarning","filename":"/opt/airflow/dags/dag.py","lineno":1,"logger":"py.warnings"}
{"timestamp":"2025-12-24T12:49:19.091408Z","level":"warning","event":"The `airflow.decorators.task` attribute is deprecated. Please use `'airflow.sdk.task'`.","category":"DeprecatedImportWarning","filename":"/opt/airflow/dags/dag.py","lineno":2,"logger":"py.warnings"}
{"timestamp":"2025-12-24T12:49:19.091431Z","level":"warning","event":"The `airflow.operators.empty.EmptyOperator` attribute is deprecated. Please use `'airflow.providers.standard.operators.empty.EmptyOperator'`.","category":"DeprecatedImportWarning","filename":"/opt/airflow/dags/dag.py","lineno":3,"logger":"py.warnings"}
{"timestamp":"2025-12-24T12:49:19.091450Z","level":"warning","event":"The `airflow.operators.python.get_current_context` attribute is deprecated. Please use `'airflow.sdk.get_current_context'`.","category":"DeprecatedImportWarning","filename":"/opt/airflow/dags/dag.py","lineno":5,"logger":"py.warnings"}
{"timestamp":"2025-12-24T12:49:19.091493Z","level":"warning","event":"The `airflow.models.param.Param` attribute is deprecated. Please use `'airflow.sdk.Param'`.","category":"DeprecatedImportWarning","filename":"/opt/airflow/dags/dag.py","lineno":10,"logger":"py.warnings"}
{"timestamp":"2025-12-24T12:49:19.091512Z","level":"warning","event":"The `airflow.operators.python.get_current_context` attribute is deprecated. Please use `'airflow.sdk.get_current_context'`.","category":"DeprecatedImportWarning","filename":"/opt/airflow/dags/dag.py","lineno":18,"logger":"py.warnings"}
{"timestamp":"2025-12-24T13:04:37.937169Z","level":"info","event":"Filling up the DagBag from /opt/airflow/dags/dag.py","logger":"airflow.models.dagbag.DagBag","filename":"dagbag.py","lineno":593}
{"timestamp":"2025-12-24T13:04:37.969103Z","level":"warning","event":"The `airflow.decorators.dag` attribute is deprecated. Please use `'airflow.sdk.dag'`.","category":"DeprecatedImportWarning","filename":"/opt/airflow/dags/dag.py","lineno":1,"logger":"py.warnings"}
{"timestamp":"2025-12-24T13:04:37.969176Z","level":"warning","event":"The `airflow.decorators.task` attribute is deprecated. Please use `'airflow.sdk.task'`.","category":"DeprecatedImportWarning","filename":"/opt/airflow/dags/dag.py","lineno":2,"logger":"py.warnings"}
{"timestamp":"2025-12-24T13:04:37.969203Z","level":"warning","event":"The `airflow.operators.empty.EmptyOperator` attribute is deprecated. Please use `'airflow.providers.standard.operators.empty.EmptyOperator'`.","category":"DeprecatedImportWarning","filename":"/opt/airflow/dags/dag.py","lineno":3,"logger":"py.warnings"}
{"timestamp":"2025-12-24T13:04:37.969223Z","level":"warning","event":"The `airflow.operators.python.get_current_context` attribute is deprecated. Please use `'airflow.sdk.get_current_context'`.","category":"DeprecatedImportWarning","filename":"/opt/airflow/dags/dag.py","lineno":5,"logger":"py.warnings"}
{"timestamp":"2025-12-24T13:04:37.969249Z","level":"warning","event":"The `airflow.models.param.Param` attribute is deprecated. Please use `'airflow.sdk.Param'`.","category":"DeprecatedImportWarning","filename":"/opt/airflow/dags/dag.py","lineno":10,"logger":"py.warnings"}
{"timestamp":"2025-12-24T13:04:37.969268Z","level":"warning","event":"The `airflow.operators.python.get_current_context` attribute is deprecated. Please use `'airflow.sdk.get_current_context'`.","category":"DeprecatedImportWarning","filename":"/opt/airflow/dags/dag.py","lineno":18,"logger":"py.warnings"}
{"timestamp":"2025-12-24T13:22:11.220028Z","level":"info","event":"Filling up the DagBag from /opt/airflow/dags/dag.py","logger":"airflow.models.dagbag.DagBag","filename":"dagbag.py","lineno":593}
{"timestamp":"2025-12-24T13:22:11.257575Z","level":"warning","event":"The `airflow.decorators.dag` attribute is deprecated. Please use `'airflow.sdk.dag'`.","category":"DeprecatedImportWarning","filename":"/opt/airflow/dags/dag.py","lineno":1,"logger":"py.warnings"}
{"timestamp":"2025-12-24T13:22:11.257776Z","level":"warning","event":"The `airflow.decorators.task` attribute is deprecated. Please use `'airflow.sdk.task'`.","category":"DeprecatedImportWarning","filename":"/opt/airflow/dags/dag.py","lineno":2,"logger":"py.warnings"}
{"timestamp":"2025-12-24T13:22:11.257825Z","level":"warning","event":"The `airflow.operators.empty.EmptyOperator` attribute is deprecated. Please use `'airflow.providers.standard.operators.empty.EmptyOperator'`.","category":"DeprecatedImportWarning","filename":"/opt/airflow/dags/dag.py","lineno":3,"logger":"py.warnings"}
{"timestamp":"2025-12-24T13:22:11.257862Z","level":"warning","event":"The `airflow.operators.python.get_current_context` attribute is deprecated. Please use `'airflow.sdk.get_current_context'`.","category":"DeprecatedImportWarning","filename":"/opt/airflow/dags/dag.py","lineno":5,"logger":"py.warnings"}
{"timestamp":"2025-12-24T13:22:11.257894Z","level":"warning","event":"The `airflow.models.param.Param` attribute is deprecated. Please use `'airflow.sdk.Param'`.","category":"DeprecatedImportWarning","filename":"/opt/airflow/dags/dag.py","lineno":10,"logger":"py.warnings"}
{"timestamp":"2025-12-24T13:22:11.257913Z","level":"warning","event":"The `airflow.operators.python.get_current_context` attribute is deprecated. Please use `'airflow.sdk.get_current_context'`.","category":"DeprecatedImportWarning","filename":"/opt/airflow/dags/dag.py","lineno":18,"logger":"py.warnings"}
{"timestamp":"2025-12-24T13:38:52.389709Z","level":"info","event":"Filling up the DagBag from /opt/airflow/dags/dag.py","logger":"airflow.models.dagbag.DagBag","filename":"dagbag.py","lineno":593}
{"timestamp":"2025-12-24T13:38:52.428988Z","level":"warning","event":"The `airflow.decorators.dag` attribute is deprecated. Please use `'airflow.sdk.dag'`.","category":"DeprecatedImportWarning","filename":"/opt/airflow/dags/dag.py","lineno":1,"logger":"py.warnings"}
{"timestamp":"2025-12-24T13:38:52.429048Z","level":"warning","event":"The `airflow.decorators.task` attribute is deprecated. Please use `'airflow.sdk.task'`.","category":"DeprecatedImportWarning","filename":"/opt/airflow/dags/dag.py","lineno":2,"logger":"py.warnings"}
{"timestamp":"2025-12-24T13:38:52.429073Z","level":"warning","event":"The `airflow.operators.empty.EmptyOperator` attribute is deprecated. Please use `'airflow.providers.standard.operators.empty.EmptyOperator'`.","category":"DeprecatedImportWarning","filename":"/opt/airflow/dags/dag.py","lineno":3,"logger":"py.warnings"}
{"timestamp":"2025-12-24T13:38:52.429094Z","level":"warning","event":"The `airflow.operators.python.get_current_context` attribute is deprecated. Please use `'airflow.sdk.get_current_context'`.","category":"DeprecatedImportWarning","filename":"/opt/airflow/dags/dag.py","lineno":5,"logger":"py.warnings"}
{"timestamp":"2025-12-24T13:38:52.429137Z","level":"warning","event":"The `airflow.models.param.Param` attribute is deprecated. Please use `'airflow.sdk.Param'`.","category":"DeprecatedImportWarning","filename":"/opt/airflow/dags/dag.py","lineno":10,"logger":"py.warnings"}
{"timestamp":"2025-12-24T13:38:52.429159Z","level":"warning","event":"The `airflow.operators.python.get_current_context` attribute is deprecated. Please use `'airflow.sdk.get_current_context'`.","category":"DeprecatedImportWarning","filename":"/opt/airflow/dags/dag.py","lineno":18,"logger":"py.warnings"}
{"timestamp":"2025-12-24T13:55:27.709100Z","level":"info","event":"Filling up the DagBag from /opt/airflow/dags/dag.py","logger":"airflow.models.dagbag.DagBag","filename":"dagbag.py","lineno":593}
{"timestamp":"2025-12-24T13:55:27.741153Z","level":"warning","event":"The `airflow.decorators.dag` attribute is deprecated. Please use `'airflow.sdk.dag'`.","category":"DeprecatedImportWarning","filename":"/opt/airflow/dags/dag.py","lineno":1,"logger":"py.warnings"}
{"timestamp":"2025-12-24T13:55:27.741230Z","level":"warning","event":"The `airflow.decorators.task` attribute is deprecated. Please use `'airflow.sdk.task'`.","category":"DeprecatedImportWarning","filename":"/opt/airflow/dags/dag.py","lineno":2,"logger":"py.warnings"}
{"timestamp":"2025-12-24T13:55:27.741257Z","level":"warning","event":"The `airflow.operators.empty.EmptyOperator` attribute is deprecated. Please use `'airflow.providers.standard.operators.empty.EmptyOperator'`.","category":"DeprecatedImportWarning","filename":"/opt/airflow/dags/dag.py","lineno":3,"logger":"py.warnings"}
{"timestamp":"2025-12-24T13:55:27.741278Z","level":"warning","event":"The `airflow.operators.python.get_current_context` attribute is deprecated. Please use `'airflow.sdk.get_current_context'`.","category":"DeprecatedImportWarning","filename":"/opt/airflow/dags/dag.py","lineno":5,"logger":"py.warnings"}
{"timestamp":"2025-12-24T13:55:27.741309Z","level":"warning","event":"The `airflow.models.param.Param` attribute is deprecated. Please use `'airflow.sdk.Param'`.","category":"DeprecatedImportWarning","filename":"/opt/airflow/dags/dag.py","lineno":10,"logger":"py.warnings"}
{"timestamp":"2025-12-24T13:55:27.741340Z","level":"warning","event":"The `airflow.operators.python.get_current_context` attribute is deprecated. Please use `'airflow.sdk.get_current_context'`.","category":"DeprecatedImportWarning","filename":"/opt/airflow/dags/dag.py","lineno":18,"logger":"py.warnings"}
{"timestamp":"2025-12-24T14:11:40.129159Z","level":"info","event":"Filling up the DagBag from /opt/airflow/dags/dag.py","logger":"airflow.models.dagbag.DagBag","filename":"dagbag.py","lineno":593}
{"timestamp":"2025-12-24T14:11:40.167707Z","level":"warning","event":"The `airflow.decorators.dag` attribute is deprecated. Please use `'airflow.sdk.dag'`.","category":"DeprecatedImportWarning","filename":"/opt/airflow/dags/dag.py","lineno":1,"logger":"py.warnings"}
{"timestamp":"2025-12-24T14:11:40.167913Z","level":"warning","event":"The `airflow.decorators.task` attribute is deprecated. Please use `'airflow.sdk.task'`.","category":"DeprecatedImportWarning","filename":"/opt/airflow/dags/dag.py","lineno":2,"logger":"py.warnings"}
{"timestamp":"2025-12-24T14:11:40.167944Z","level":"warning","event":"The `airflow.operators.empty.EmptyOperator` attribute is deprecated. Please use `'airflow.providers.standard.operators.empty.EmptyOperator'`.","category":"DeprecatedImportWarning","filename":"/opt/airflow/dags/dag.py","lineno":3,"logger":"py.warnings"}
{"timestamp":"2025-12-24T14:11:40.167966Z","level":"warning","event":"The `airflow.operators.python.get_current_context` attribute is deprecated. Please use `'airflow.sdk.get_current_context'`.","category":"DeprecatedImportWarning","filename":"/opt/airflow/dags/dag.py","lineno":5,"logger":"py.warnings"}
{"timestamp":"2025-12-24T14:11:40.167989Z","level":"warning","event":"The `airflow.models.param.Param` attribute is deprecated. Please use `'airflow.sdk.Param'`.","category":"DeprecatedImportWarning","filename":"/opt/airflow/dags/dag.py","lineno":10,"logger":"py.warnings"}
{"timestamp":"2025-12-24T14:11:40.168019Z","level":"warning","event":"The `airflow.operators.python.get_current_context` attribute is deprecated. Please use `'airflow.sdk.get_current_context'`.","category":"DeprecatedImportWarning","filename":"/opt/airflow/dags/dag.py","lineno":18,"logger":"py.warnings"}
{"timestamp":"2025-12-24T14:27:39.495343Z","level":"info","event":"Filling up the DagBag from /opt/airflow/dags/dag.py","logger":"airflow.models.dagbag.DagBag","filename":"dagbag.py","lineno":593}
{"timestamp":"2025-12-24T14:27:39.536589Z","level":"warning","event":"The `airflow.decorators.dag` attribute is deprecated. Please use `'airflow.sdk.dag'`.","category":"DeprecatedImportWarning","filename":"/opt/airflow/dags/dag.py","lineno":1,"logger":"py.warnings"}
{"timestamp":"2025-12-24T14:27:39.536676Z","level":"warning","event":"The `airflow.decorators.task` attribute is deprecated. Please use `'airflow.sdk.task'`.","category":"DeprecatedImportWarning","filename":"/opt/airflow/dags/dag.py","lineno":2,"logger":"py.warnings"}
{"timestamp":"2025-12-24T14:27:39.536713Z","level":"warning","event":"The `airflow.operators.empty.EmptyOperator` attribute is deprecated. Please use `'airflow.providers.standard.operators.empty.EmptyOperator'`.","category":"DeprecatedImportWarning","filename":"/opt/airflow/dags/dag.py","lineno":3,"logger":"py.warnings"}
{"timestamp":"2025-12-24T14:27:39.536740Z","level":"warning","event":"The `airflow.operators.python.get_current_context` attribute is deprecated. Please use `'airflow.sdk.get_current_context'`.","category":"DeprecatedImportWarning","filename":"/opt/airflow/dags/dag.py","lineno":5,"logger":"py.warnings"}
{"timestamp":"2025-12-24T14:27:39.536812Z","level":"warning","event":"The `airflow.models.param.Param` attribute is deprecated. Please use `'airflow.sdk.Param'`.","category":"DeprecatedImportWarning","filename":"/opt/airflow/dags/dag.py","lineno":10,"logger":"py.warnings"}
{"timestamp":"2025-12-24T14:27:39.536834Z","level":"warning","event":"The `airflow.operators.python.get_current_context` attribute is deprecated. Please use `'airflow.sdk.get_current_context'`.","category":"DeprecatedImportWarning","filename":"/opt/airflow/dags/dag.py","lineno":18,"logger":"py.warnings"}
{"timestamp":"2025-12-24T14:45:35.779701Z","level":"info","event":"Filling up the DagBag from /opt/airflow/dags/dag.py","logger":"airflow.models.dagbag.DagBag","filename":"dagbag.py","lineno":593}
{"timestamp":"2025-12-24T14:45:35.816943Z","level":"warning","event":"The `airflow.decorators.dag` attribute is deprecated. Please use `'airflow.sdk.dag'`.","category":"DeprecatedImportWarning","filename":"/opt/airflow/dags/dag.py","lineno":1,"logger":"py.warnings"}
{"timestamp":"2025-12-24T14:45:35.817242Z","level":"warning","event":"The `airflow.decorators.task` attribute is deprecated. Please use `'airflow.sdk.task'`.","category":"DeprecatedImportWarning","filename":"/opt/airflow/dags/dag.py","lineno":2,"logger":"py.warnings"}
{"timestamp":"2025-12-24T14:45:35.817288Z","level":"warning","event":"The `airflow.operators.empty.EmptyOperator` attribute is deprecated. Please use `'airflow.providers.standard.operators.empty.EmptyOperator'`.","category":"DeprecatedImportWarning","filename":"/opt/airflow/dags/dag.py","lineno":3,"logger":"py.warnings"}
{"timestamp":"2025-12-24T14:45:35.817352Z","level":"warning","event":"The `airflow.operators.python.get_current_context` attribute is deprecated. Please use `'airflow.sdk.get_current_context'`.","category":"DeprecatedImportWarning","filename":"/opt/airflow/dags/dag.py","lineno":5,"logger":"py.warnings"}
{"timestamp":"2025-12-24T14:45:35.817407Z","level":"warning","event":"The `airflow.models.param.Param` attribute is deprecated. Please use `'airflow.sdk.Param'`.","category":"DeprecatedImportWarning","filename":"/opt/airflow/dags/dag.py","lineno":10,"logger":"py.warnings"}
{"timestamp":"2025-12-24T14:45:35.817450Z","level":"warning","event":"The `airflow.operators.python.get_current_context` attribute is deprecated. Please use `'airflow.sdk.get_current_context'`.","category":"DeprecatedImportWarning","filename":"/opt/airflow/dags/dag.py","lineno":18,"logger":"py.warnings"}
{"timestamp":"2025-12-24T14:50:07.109300Z","level":"info","event":"Filling up the DagBag from /opt/airflow/dags/dag.py","logger":"airflow.models.dagbag.DagBag","filename":"dagbag.py","lineno":593}
{"timestamp":"2025-12-24T14:50:07.160790Z","level":"warning","event":"The `airflow.decorators.dag` attribute is deprecated. Please use `'airflow.sdk.dag'`.","category":"DeprecatedImportWarning","filename":"/opt/airflow/dags/dag.py","lineno":1,"logger":"py.warnings"}
{"timestamp":"2025-12-24T14:50:07.160866Z","level":"warning","event":"The `airflow.decorators.task` attribute is deprecated. Please use `'airflow.sdk.task'`.","category":"DeprecatedImportWarning","filename":"/opt/airflow/dags/dag.py","lineno":2,"logger":"py.warnings"}
{"timestamp":"2025-12-24T14:50:07.160891Z","level":"warning","event":"The `airflow.operators.empty.EmptyOperator` attribute is deprecated. Please use `'airflow.providers.standard.operators.empty.EmptyOperator'`.","category":"DeprecatedImportWarning","filename":"/opt/airflow/dags/dag.py","lineno":3,"logger":"py.warnings"}
{"timestamp":"2025-12-24T14:50:07.160912Z","level":"warning","event":"The `airflow.operators.python.get_current_context` attribute is deprecated. Please use `'airflow.sdk.get_current_context'`.","category":"DeprecatedImportWarning","filename":"/opt/airflow/dags/dag.py","lineno":5,"logger":"py.warnings"}
{"timestamp":"2025-12-24T14:50:07.160942Z","level":"warning","event":"The `airflow.models.param.Param` attribute is deprecated. Please use `'airflow.sdk.Param'`.","category":"DeprecatedImportWarning","filename":"/opt/airflow/dags/dag.py","lineno":10,"logger":"py.warnings"}
{"timestamp":"2025-12-24T14:50:07.160968Z","level":"warning","event":"The `airflow.operators.python.get_current_context` attribute is deprecated. Please use `'airflow.sdk.get_current_context'`.","category":"DeprecatedImportWarning","filename":"/opt/airflow/dags/dag.py","lineno":18,"logger":"py.warnings"}
{"timestamp":"2025-12-24T15:06:24.229675Z","level":"info","event":"Filling up the DagBag from /opt/airflow/dags/dag.py","logger":"airflow.models.dagbag.DagBag","filename":"dagbag.py","lineno":593}
{"timestamp":"2025-12-24T15:06:24.260050Z","level":"warning","event":"The `airflow.decorators.dag` attribute is deprecated. Please use `'airflow.sdk.dag'`.","category":"DeprecatedImportWarning","filename":"/opt/airflow/dags/dag.py","lineno":1,"logger":"py.warnings"}
{"timestamp":"2025-12-24T15:06:24.260105Z","level":"warning","event":"The `airflow.decorators.task` attribute is deprecated. Please use `'airflow.sdk.task'`.","category":"DeprecatedImportWarning","filename":"/opt/airflow/dags/dag.py","lineno":2,"logger":"py.warnings"}
{"timestamp":"2025-12-24T15:06:24.260129Z","level":"warning","event":"The `airflow.operators.empty.EmptyOperator` attribute is deprecated. Please use `'airflow.providers.standard.operators.empty.EmptyOperator'`.","category":"DeprecatedImportWarning","filename":"/opt/airflow/dags/dag.py","lineno":3,"logger":"py.warnings"}
{"timestamp":"2025-12-24T15:06:24.260150Z","level":"warning","event":"The `airflow.operators.python.get_current_context` attribute is deprecated. Please use `'airflow.sdk.get_current_context'`.","category":"DeprecatedImportWarning","filename":"/opt/airflow/dags/dag.py","lineno":5,"logger":"py.warnings"}
{"timestamp":"2025-12-24T15:06:24.260180Z","level":"warning","event":"The `airflow.models.param.Param` attribute is deprecated. Please use `'airflow.sdk.Param'`.","category":"DeprecatedImportWarning","filename":"/opt/airflow/dags/dag.py","lineno":10,"logger":"py.warnings"}
{"timestamp":"2025-12-24T15:06:24.260201Z","level":"warning","event":"The `airflow.operators.python.get_current_context` attribute is deprecated. Please use `'airflow.sdk.get_current_context'`.","category":"DeprecatedImportWarning","filename":"/opt/airflow/dags/dag.py","lineno":18,"logger":"py.warnings"}
{"timestamp":"2025-12-24T15:24:41.443373Z","level":"info","event":"Filling up the DagBag from /opt/airflow/dags/dag.py","logger":"airflow.models.dagbag.DagBag","filename":"dagbag.py","lineno":593}
{"timestamp":"2025-12-24T15:24:41.476819Z","level":"warning","event":"The `airflow.decorators.dag` attribute is deprecated. Please use `'airflow.sdk.dag'`.","category":"DeprecatedImportWarning","filename":"/opt/airflow/dags/dag.py","lineno":1,"logger":"py.warnings"}
{"timestamp":"2025-12-24T15:24:41.476870Z","level":"warning","event":"The `airflow.decorators.task` attribute is deprecated. Please use `'airflow.sdk.task'`.","category":"DeprecatedImportWarning","filename":"/opt/airflow/dags/dag.py","lineno":2,"logger":"py.warnings"}
{"timestamp":"2025-12-24T15:24:41.476893Z","level":"warning","event":"The `airflow.operators.empty.EmptyOperator` attribute is deprecated. Please use `'airflow.providers.standard.operators.empty.EmptyOperator'`.","category":"DeprecatedImportWarning","filename":"/opt/airflow/dags/dag.py","lineno":3,"logger":"py.warnings"}
{"timestamp":"2025-12-24T15:24:41.476912Z","level":"warning","event":"The `airflow.operators.python.get_current_context` attribute is deprecated. Please use `'airflow.sdk.get_current_context'`.","category":"DeprecatedImportWarning","filename":"/opt/airflow/dags/dag.py","lineno":5,"logger":"py.warnings"}
{"timestamp":"2025-12-24T15:24:41.476943Z","level":"warning","event":"The `airflow.models.param.Param` attribute is deprecated. Please use `'airflow.sdk.Param'`.","category":"DeprecatedImportWarning","filename":"/opt/airflow/dags/dag.py","lineno":10,"logger":"py.warnings"}
{"timestamp":"2025-12-24T15:24:41.476963Z","level":"warning","event":"The `airflow.operators.python.get_current_context` attribute is deprecated. Please use `'airflow.sdk.get_current_context'`.","category":"DeprecatedImportWarning","filename":"/opt/airflow/dags/dag.py","lineno":18,"logger":"py.warnings"}
{"timestamp":"2025-12-24T15:42:07.711746Z","level":"info","event":"Filling up the DagBag from /opt/airflow/dags/dag.py","logger":"airflow.models.dagbag.DagBag","filename":"dagbag.py","lineno":593}
{"timestamp":"2025-12-24T15:42:07.752936Z","level":"warning","event":"The `airflow.decorators.dag` attribute is deprecated. Please use `'airflow.sdk.dag'`.","category":"DeprecatedImportWarning","filename":"/opt/airflow/dags/dag.py","lineno":1,"logger":"py.warnings"}
{"timestamp":"2025-12-24T15:42:07.753022Z","level":"warning","event":"The `airflow.decorators.task` attribute is deprecated. Please use `'airflow.sdk.task'`.","category":"DeprecatedImportWarning","filename":"/opt/airflow/dags/dag.py","lineno":2,"logger":"py.warnings"}
{"timestamp":"2025-12-24T15:42:07.753050Z","level":"warning","event":"The `airflow.operators.empty.EmptyOperator` attribute is deprecated. Please use `'airflow.providers.standard.operators.empty.EmptyOperator'`.","category":"DeprecatedImportWarning","filename":"/opt/airflow/dags/dag.py","lineno":3,"logger":"py.warnings"}
{"timestamp":"2025-12-24T15:42:07.753072Z","level":"warning","event":"The `airflow.operators.python.get_current_context` attribute is deprecated. Please use `'airflow.sdk.get_current_context'`.","category":"DeprecatedImportWarning","filename":"/opt/airflow/dags/dag.py","lineno":5,"logger":"py.warnings"}
{"timestamp":"2025-12-24T15:42:07.753116Z","level":"warning","event":"The `airflow.models.param.Param` attribute is deprecated. Please use `'airflow.sdk.Param'`.","category":"DeprecatedImportWarning","filename":"/opt/airflow/dags/dag.py","lineno":10,"logger":"py.warnings"}
{"timestamp":"2025-12-24T15:42:07.753138Z","level":"warning","event":"The `airflow.operators.python.get_current_context` attribute is deprecated. Please use `'airflow.sdk.get_current_context'`.","category":"DeprecatedImportWarning","filename":"/opt/airflow/dags/dag.py","lineno":18,"logger":"py.warnings"}
{"timestamp":"2025-12-24T15:50:19.105689Z","level":"info","event":"Filling up the DagBag from /opt/airflow/dags/dag.py","logger":"airflow.models.dagbag.DagBag","filename":"dagbag.py","lineno":593}
{"timestamp":"2025-12-24T15:50:19.157095Z","level":"warning","event":"The `airflow.decorators.dag` attribute is deprecated. Please use `'airflow.sdk.dag'`.","category":"DeprecatedImportWarning","filename":"/opt/airflow/dags/dag.py","lineno":1,"logger":"py.warnings"}
{"timestamp":"2025-12-24T15:50:19.157167Z","level":"warning","event":"The `airflow.decorators.task` attribute is deprecated. Please use `'airflow.sdk.task'`.","category":"DeprecatedImportWarning","filename":"/opt/airflow/dags/dag.py","lineno":2,"logger":"py.warnings"}
{"timestamp":"2025-12-24T15:50:19.157192Z","level":"warning","event":"The `airflow.operators.empty.EmptyOperator` attribute is deprecated. Please use `'airflow.providers.standard.operators.empty.EmptyOperator'`.","category":"DeprecatedImportWarning","filename":"/opt/airflow/dags/dag.py","lineno":3,"logger":"py.warnings"}
{"timestamp":"2025-12-24T15:50:19.157213Z","level":"warning","event":"The `airflow.operators.python.get_current_context` attribute is deprecated. Please use `'airflow.sdk.get_current_context'`.","category":"DeprecatedImportWarning","filename":"/opt/airflow/dags/dag.py","lineno":5,"logger":"py.warnings"}
{"timestamp":"2025-12-24T15:50:19.157241Z","level":"warning","event":"The `airflow.models.param.Param` attribute is deprecated. Please use `'airflow.sdk.Param'`.","category":"DeprecatedImportWarning","filename":"/opt/airflow/dags/dag.py","lineno":10,"logger":"py.warnings"}
{"timestamp":"2025-12-24T15:50:19.157261Z","level":"warning","event":"The `airflow.operators.python.get_current_context` attribute is deprecated. Please use `'airflow.sdk.get_current_context'`.","category":"DeprecatedImportWarning","filename":"/opt/airflow/dags/dag.py","lineno":18,"logger":"py.warnings"}
{"timestamp":"2025-12-24T16:07:28.474513Z","level":"info","event":"Filling up the DagBag from /opt/airflow/dags/dag.py","logger":"airflow.models.dagbag.DagBag","filename":"dagbag.py","lineno":593}
{"timestamp":"2025-12-24T16:07:28.515792Z","level":"warning","event":"The `airflow.decorators.dag` attribute is deprecated. Please use `'airflow.sdk.dag'`.","category":"DeprecatedImportWarning","filename":"/opt/airflow/dags/dag.py","lineno":1,"logger":"py.warnings"}
{"timestamp":"2025-12-24T16:07:28.515851Z","level":"warning","event":"The `airflow.decorators.task` attribute is deprecated. Please use `'airflow.sdk.task'`.","category":"DeprecatedImportWarning","filename":"/opt/airflow/dags/dag.py","lineno":2,"logger":"py.warnings"}
{"timestamp":"2025-12-24T16:07:28.515878Z","level":"warning","event":"The `airflow.operators.empty.EmptyOperator` attribute is deprecated. Please use `'airflow.providers.standard.operators.empty.EmptyOperator'`.","category":"DeprecatedImportWarning","filename":"/opt/airflow/dags/dag.py","lineno":3,"logger":"py.warnings"}
{"timestamp":"2025-12-24T16:07:28.515900Z","level":"warning","event":"The `airflow.operators.python.get_current_context` attribute is deprecated. Please use `'airflow.sdk.get_current_context'`.","category":"DeprecatedImportWarning","filename":"/opt/airflow/dags/dag.py","lineno":5,"logger":"py.warnings"}
{"timestamp":"2025-12-24T16:07:28.515925Z","level":"warning","event":"The `airflow.models.param.Param` attribute is deprecated. Please use `'airflow.sdk.Param'`.","category":"DeprecatedImportWarning","filename":"/opt/airflow/dags/dag.py","lineno":10,"logger":"py.warnings"}
{"timestamp":"2025-12-24T16:07:28.515942Z","level":"warning","event":"The `airflow.operators.python.get_current_context` attribute is deprecated. Please use `'airflow.sdk.get_current_context'`.","category":"DeprecatedImportWarning","filename":"/opt/airflow/dags/dag.py","lineno":18,"logger":"py.warnings"}
{"timestamp":"2025-12-24T16:36:12.357374Z","level":"info","event":"Filling up the DagBag from /opt/airflow/dags/dag.py","logger":"airflow.models.dagbag.DagBag","filename":"dagbag.py","lineno":593}
{"timestamp":"2025-12-24T16:36:12.396708Z","level":"warning","event":"The `airflow.decorators.dag` attribute is deprecated. Please use `'airflow.sdk.dag'`.","category":"DeprecatedImportWarning","filename":"/opt/airflow/dags/dag.py","lineno":1,"logger":"py.warnings"}
{"timestamp":"2025-12-24T16:36:12.396907Z","level":"warning","event":"The `airflow.decorators.task` attribute is deprecated. Please use `'airflow.sdk.task'`.","category":"DeprecatedImportWarning","filename":"/opt/airflow/dags/dag.py","lineno":2,"logger":"py.warnings"}
{"timestamp":"2025-12-24T16:36:12.397280Z","level":"warning","event":"The `airflow.operators.empty.EmptyOperator` attribute is deprecated. Please use `'airflow.providers.standard.operators.empty.EmptyOperator'`.","category":"DeprecatedImportWarning","filename":"/opt/airflow/dags/dag.py","lineno":3,"logger":"py.warnings"}
{"timestamp":"2025-12-24T16:36:12.397312Z","level":"warning","event":"The `airflow.operators.python.get_current_context` attribute is deprecated. Please use `'airflow.sdk.get_current_context'`.","category":"DeprecatedImportWarning","filename":"/opt/airflow/dags/dag.py","lineno":5,"logger":"py.warnings"}
{"timestamp":"2025-12-24T16:36:12.397487Z","level":"warning","event":"The `airflow.models.param.Param` attribute is deprecated. Please use `'airflow.sdk.Param'`.","category":"DeprecatedImportWarning","filename":"/opt/airflow/dags/dag.py","lineno":10,"logger":"py.warnings"}
{"timestamp":"2025-12-24T16:36:12.397511Z","level":"warning","event":"The `airflow.operators.python.get_current_context` attribute is deprecated. Please use `'airflow.sdk.get_current_context'`.","category":"DeprecatedImportWarning","filename":"/opt/airflow/dags/dag.py","lineno":18,"logger":"py.warnings"}
{"timestamp":"2025-12-24T16:54:27.727579Z","level":"info","event":"Filling up the DagBag from /opt/airflow/dags/dag.py","logger":"airflow.models.dagbag.DagBag","filename":"dagbag.py","lineno":593}
{"timestamp":"2025-12-24T16:54:27.764080Z","level":"warning","event":"The `airflow.decorators.dag` attribute is deprecated. Please use `'airflow.sdk.dag'`.","category":"DeprecatedImportWarning","filename":"/opt/airflow/dags/dag.py","lineno":1,"logger":"py.warnings"}
{"timestamp":"2025-12-24T16:54:27.764247Z","level":"warning","event":"The `airflow.decorators.task` attribute is deprecated. Please use `'airflow.sdk.task'`.","category":"DeprecatedImportWarning","filename":"/opt/airflow/dags/dag.py","lineno":2,"logger":"py.warnings"}
{"timestamp":"2025-12-24T16:54:27.764287Z","level":"warning","event":"The `airflow.operators.empty.EmptyOperator` attribute is deprecated. Please use `'airflow.providers.standard.operators.empty.EmptyOperator'`.","category":"DeprecatedImportWarning","filename":"/opt/airflow/dags/dag.py","lineno":3,"logger":"py.warnings"}
{"timestamp":"2025-12-24T16:54:27.764314Z","level":"warning","event":"The `airflow.operators.python.get_current_context` attribute is deprecated. Please use `'airflow.sdk.get_current_context'`.","category":"DeprecatedImportWarning","filename":"/opt/airflow/dags/dag.py","lineno":5,"logger":"py.warnings"}
{"timestamp":"2025-12-24T16:54:27.764345Z","level":"warning","event":"The `airflow.models.param.Param` attribute is deprecated. Please use `'airflow.sdk.Param'`.","category":"DeprecatedImportWarning","filename":"/opt/airflow/dags/dag.py","lineno":10,"logger":"py.warnings"}
{"timestamp":"2025-12-24T16:54:27.764365Z","level":"warning","event":"The `airflow.operators.python.get_current_context` attribute is deprecated. Please use `'airflow.sdk.get_current_context'`.","category":"DeprecatedImportWarning","filename":"/opt/airflow/dags/dag.py","lineno":18,"logger":"py.warnings"}
{"timestamp":"2025-12-24T17:12:51.140455Z","level":"info","event":"Filling up the DagBag from /opt/airflow/dags/dag.py","logger":"airflow.models.dagbag.DagBag","filename":"dagbag.py","lineno":593}
{"timestamp":"2025-12-24T17:12:51.177975Z","level":"warning","event":"The `airflow.decorators.dag` attribute is deprecated. Please use `'airflow.sdk.dag'`.","category":"DeprecatedImportWarning","filename":"/opt/airflow/dags/dag.py","lineno":1,"logger":"py.warnings"}
{"timestamp":"2025-12-24T17:12:51.178501Z","level":"warning","event":"The `airflow.decorators.task` attribute is deprecated. Please use `'airflow.sdk.task'`.","category":"DeprecatedImportWarning","filename":"/opt/airflow/dags/dag.py","lineno":2,"logger":"py.warnings"}
{"timestamp":"2025-12-24T17:12:51.178537Z","level":"warning","event":"The `airflow.operators.empty.EmptyOperator` attribute is deprecated. Please use `'airflow.providers.standard.operators.empty.EmptyOperator'`.","category":"DeprecatedImportWarning","filename":"/opt/airflow/dags/dag.py","lineno":3,"logger":"py.warnings"}
{"timestamp":"2025-12-24T17:12:51.178725Z","level":"warning","event":"The `airflow.operators.python.get_current_context` attribute is deprecated. Please use `'airflow.sdk.get_current_context'`.","category":"DeprecatedImportWarning","filename":"/opt/airflow/dags/dag.py","lineno":5,"logger":"py.warnings"}
{"timestamp":"2025-12-24T17:12:51.178764Z","level":"warning","event":"The `airflow.models.param.Param` attribute is deprecated. Please use `'airflow.sdk.Param'`.","category":"DeprecatedImportWarning","filename":"/opt/airflow/dags/dag.py","lineno":10,"logger":"py.warnings"}
{"timestamp":"2025-12-24T17:12:51.179051Z","level":"warning","event":"The `airflow.operators.python.get_current_context` attribute is deprecated. Please use `'airflow.sdk.get_current_context'`.","category":"DeprecatedImportWarning","filename":"/opt/airflow/dags/dag.py","lineno":18,"logger":"py.warnings"}
{"timestamp":"2025-12-24T17:30:19.419952Z","level":"info","event":"Filling up the DagBag from /opt/airflow/dags/dag.py","logger":"airflow.models.dagbag.DagBag","filename":"dagbag.py","lineno":593}
{"timestamp":"2025-12-24T17:30:19.480350Z","level":"warning","event":"The `airflow.decorators.dag` attribute is deprecated. Please use `'airflow.sdk.dag'`.","category":"DeprecatedImportWarning","filename":"/opt/airflow/dags/dag.py","lineno":1,"logger":"py.warnings"}
{"timestamp":"2025-12-24T17:30:19.480556Z","level":"warning","event":"The `airflow.decorators.task` attribute is deprecated. Please use `'airflow.sdk.task'`.","category":"DeprecatedImportWarning","filename":"/opt/airflow/dags/dag.py","lineno":2,"logger":"py.warnings"}
{"timestamp":"2025-12-24T17:30:19.480616Z","level":"warning","event":"The `airflow.operators.empty.EmptyOperator` attribute is deprecated. Please use `'airflow.providers.standard.operators.empty.EmptyOperator'`.","category":"DeprecatedImportWarning","filename":"/opt/airflow/dags/dag.py","lineno":3,"logger":"py.warnings"}
{"timestamp":"2025-12-24T17:30:19.480638Z","level":"warning","event":"The `airflow.operators.python.get_current_context` attribute is deprecated. Please use `'airflow.sdk.get_current_context'`.","category":"DeprecatedImportWarning","filename":"/opt/airflow/dags/dag.py","lineno":5,"logger":"py.warnings"}
{"timestamp":"2025-12-24T17:30:19.480668Z","level":"warning","event":"The `airflow.models.param.Param` attribute is deprecated. Please use `'airflow.sdk.Param'`.","category":"DeprecatedImportWarning","filename":"/opt/airflow/dags/dag.py","lineno":10,"logger":"py.warnings"}
{"timestamp":"2025-12-24T17:30:19.480687Z","level":"warning","event":"The `airflow.operators.python.get_current_context` attribute is deprecated. Please use `'airflow.sdk.get_current_context'`.","category":"DeprecatedImportWarning","filename":"/opt/airflow/dags/dag.py","lineno":18,"logger":"py.warnings"}
{"timestamp":"2025-12-24T17:46:39.741848Z","level":"info","event":"Filling up the DagBag from /opt/airflow/dags/dag.py","logger":"airflow.models.dagbag.DagBag","filename":"dagbag.py","lineno":593}
{"timestamp":"2025-12-24T17:46:39.792018Z","level":"warning","event":"The `airflow.decorators.dag` attribute is deprecated. Please use `'airflow.sdk.dag'`.","category":"DeprecatedImportWarning","filename":"/opt/airflow/dags/dag.py","lineno":1,"logger":"py.warnings"}
{"timestamp":"2025-12-24T17:46:39.792113Z","level":"warning","event":"The `airflow.decorators.task` attribute is deprecated. Please use `'airflow.sdk.task'`.","category":"DeprecatedImportWarning","filename":"/opt/airflow/dags/dag.py","lineno":2,"logger":"py.warnings"}
{"timestamp":"2025-12-24T17:46:39.792166Z","level":"warning","event":"The `airflow.operators.empty.EmptyOperator` attribute is deprecated. Please use `'airflow.providers.standard.operators.empty.EmptyOperator'`.","category":"DeprecatedImportWarning","filename":"/opt/airflow/dags/dag.py","lineno":3,"logger":"py.warnings"}
{"timestamp":"2025-12-24T17:46:39.792218Z","level":"warning","event":"The `airflow.operators.python.get_current_context` attribute is deprecated. Please use `'airflow.sdk.get_current_context'`.","category":"DeprecatedImportWarning","filename":"/opt/airflow/dags/dag.py","lineno":5,"logger":"py.warnings"}
{"timestamp":"2025-12-24T17:46:39.792253Z","level":"warning","event":"The `airflow.models.param.Param` attribute is deprecated. Please use `'airflow.sdk.Param'`.","category":"DeprecatedImportWarning","filename":"/opt/airflow/dags/dag.py","lineno":10,"logger":"py.warnings"}
{"timestamp":"2025-12-24T17:46:39.792284Z","level":"warning","event":"The `airflow.operators.python.get_current_context` attribute is deprecated. Please use `'airflow.sdk.get_current_context'`.","category":"DeprecatedImportWarning","filename":"/opt/airflow/dags/dag.py","lineno":18,"logger":"py.warnings"}
{"timestamp":"2025-12-24T17:50:53.088590Z","level":"info","event":"Filling up the DagBag from /opt/airflow/dags/dag.py","logger":"airflow.models.dagbag.DagBag","filename":"dagbag.py","lineno":593}
{"timestamp":"2025-12-24T17:50:53.131350Z","level":"warning","event":"The `airflow.decorators.dag` attribute is deprecated. Please use `'airflow.sdk.dag'`.","category":"DeprecatedImportWarning","filename":"/opt/airflow/dags/dag.py","lineno":1,"logger":"py.warnings"}
{"timestamp":"2025-12-24T17:50:53.131416Z","level":"warning","event":"The `airflow.decorators.task` attribute is deprecated. Please use `'airflow.sdk.task'`.","category":"DeprecatedImportWarning","filename":"/opt/airflow/dags/dag.py","lineno":2,"logger":"py.warnings"}
{"timestamp":"2025-12-24T17:50:53.131441Z","level":"warning","event":"The `airflow.operators.empty.EmptyOperator` attribute is deprecated. Please use `'airflow.providers.standard.operators.empty.EmptyOperator'`.","category":"DeprecatedImportWarning","filename":"/opt/airflow/dags/dag.py","lineno":3,"logger":"py.warnings"}
{"timestamp":"2025-12-24T17:50:53.131476Z","level":"warning","event":"The `airflow.operators.python.get_current_context` attribute is deprecated. Please use `'airflow.sdk.get_current_context'`.","category":"DeprecatedImportWarning","filename":"/opt/airflow/dags/dag.py","lineno":5,"logger":"py.warnings"}
{"timestamp":"2025-12-24T17:50:53.131512Z","level":"warning","event":"The `airflow.models.param.Param` attribute is deprecated. Please use `'airflow.sdk.Param'`.","category":"DeprecatedImportWarning","filename":"/opt/airflow/dags/dag.py","lineno":10,"logger":"py.warnings"}
{"timestamp":"2025-12-24T17:50:53.131532Z","level":"warning","event":"The `airflow.operators.python.get_current_context` attribute is deprecated. Please use `'airflow.sdk.get_current_context'`.","category":"DeprecatedImportWarning","filename":"/opt/airflow/dags/dag.py","lineno":18,"logger":"py.warnings"}
{"timestamp":"2025-12-24T18:04:11.675139Z","level":"info","event":"Filling up the DagBag from /opt/airflow/dags/dag.py","logger":"airflow.models.dagbag.DagBag","filename":"dagbag.py","lineno":593}
{"timestamp":"2025-12-24T18:04:11.720852Z","level":"warning","event":"The `airflow.decorators.dag` attribute is deprecated. Please use `'airflow.sdk.dag'`.","category":"DeprecatedImportWarning","filename":"/opt/airflow/dags/dag.py","lineno":1,"logger":"py.warnings"}
{"timestamp":"2025-12-24T18:04:11.721068Z","level":"warning","event":"The `airflow.decorators.task` attribute is deprecated. Please use `'airflow.sdk.task'`.","category":"DeprecatedImportWarning","filename":"/opt/airflow/dags/dag.py","lineno":2,"logger":"py.warnings"}
{"timestamp":"2025-12-24T18:04:11.721111Z","level":"warning","event":"The `airflow.operators.empty.EmptyOperator` attribute is deprecated. Please use `'airflow.providers.standard.operators.empty.EmptyOperator'`.","category":"DeprecatedImportWarning","filename":"/opt/airflow/dags/dag.py","lineno":3,"logger":"py.warnings"}
{"timestamp":"2025-12-24T18:04:11.721144Z","level":"warning","event":"The `airflow.operators.python.get_current_context` attribute is deprecated. Please use `'airflow.sdk.get_current_context'`.","category":"DeprecatedImportWarning","filename":"/opt/airflow/dags/dag.py","lineno":5,"logger":"py.warnings"}
{"timestamp":"2025-12-24T18:04:11.721171Z","level":"warning","event":"The `airflow.models.param.Param` attribute is deprecated. Please use `'airflow.sdk.Param'`.","category":"DeprecatedImportWarning","filename":"/opt/airflow/dags/dag.py","lineno":10,"logger":"py.warnings"}
{"timestamp":"2025-12-24T18:04:11.721188Z","level":"warning","event":"The `airflow.operators.python.get_current_context` attribute is deprecated. Please use `'airflow.sdk.get_current_context'`.","category":"DeprecatedImportWarning","filename":"/opt/airflow/dags/dag.py","lineno":18,"logger":"py.warnings"}
{"timestamp":"2025-12-24T18:20:07.767261Z","level":"info","event":"Filling up the DagBag from /opt/airflow/dags/dag.py","logger":"airflow.models.dagbag.DagBag","filename":"dagbag.py","lineno":593}
{"timestamp":"2025-12-24T18:20:07.809733Z","level":"warning","event":"The `airflow.decorators.dag` attribute is deprecated. Please use `'airflow.sdk.dag'`.","category":"DeprecatedImportWarning","filename":"/opt/airflow/dags/dag.py","lineno":1,"logger":"py.warnings"}
{"timestamp":"2025-12-24T18:20:07.809799Z","level":"warning","event":"The `airflow.decorators.task` attribute is deprecated. Please use `'airflow.sdk.task'`.","category":"DeprecatedImportWarning","filename":"/opt/airflow/dags/dag.py","lineno":2,"logger":"py.warnings"}
{"timestamp":"2025-12-24T18:20:07.809822Z","level":"warning","event":"The `airflow.operators.empty.EmptyOperator` attribute is deprecated. Please use `'airflow.providers.standard.operators.empty.EmptyOperator'`.","category":"DeprecatedImportWarning","filename":"/opt/airflow/dags/dag.py","lineno":3,"logger":"py.warnings"}
{"timestamp":"2025-12-24T18:20:07.809842Z","level":"warning","event":"The `airflow.operators.python.get_current_context` attribute is deprecated. Please use `'airflow.sdk.get_current_context'`.","category":"DeprecatedImportWarning","filename":"/opt/airflow/dags/dag.py","lineno":5,"logger":"py.warnings"}
{"timestamp":"2025-12-24T18:20:07.809870Z","level":"warning","event":"The `airflow.models.param.Param` attribute is deprecated. Please use `'airflow.sdk.Param'`.","category":"DeprecatedImportWarning","filename":"/opt/airflow/dags/dag.py","lineno":10,"logger":"py.warnings"}
{"timestamp":"2025-12-24T18:20:07.809891Z","level":"warning","event":"The `airflow.operators.python.get_current_context` attribute is deprecated. Please use `'airflow.sdk.get_current_context'`.","category":"DeprecatedImportWarning","filename":"/opt/airflow/dags/dag.py","lineno":18,"logger":"py.warnings"}
{"timestamp":"2025-12-24T18:35:40.387521Z","level":"info","event":"Filling up the DagBag from /opt/airflow/dags/dag.py","logger":"airflow.models.dagbag.DagBag","filename":"dagbag.py","lineno":593}
{"timestamp":"2025-12-24T18:35:40.419497Z","level":"warning","event":"The `airflow.decorators.dag` attribute is deprecated. Please use `'airflow.sdk.dag'`.","category":"DeprecatedImportWarning","filename":"/opt/airflow/dags/dag.py","lineno":1,"logger":"py.warnings"}
{"timestamp":"2025-12-24T18:35:40.419739Z","level":"warning","event":"The `airflow.decorators.task` attribute is deprecated. Please use `'airflow.sdk.task'`.","category":"DeprecatedImportWarning","filename":"/opt/airflow/dags/dag.py","lineno":2,"logger":"py.warnings"}
{"timestamp":"2025-12-24T18:35:40.419788Z","level":"warning","event":"The `airflow.operators.empty.EmptyOperator` attribute is deprecated. Please use `'airflow.providers.standard.operators.empty.EmptyOperator'`.","category":"DeprecatedImportWarning","filename":"/opt/airflow/dags/dag.py","lineno":3,"logger":"py.warnings"}
{"timestamp":"2025-12-24T18:35:40.419809Z","level":"warning","event":"The `airflow.operators.python.get_current_context` attribute is deprecated. Please use `'airflow.sdk.get_current_context'`.","category":"DeprecatedImportWarning","filename":"/opt/airflow/dags/dag.py","lineno":5,"logger":"py.warnings"}
{"timestamp":"2025-12-24T18:35:40.419829Z","level":"warning","event":"The `airflow.models.param.Param` attribute is deprecated. Please use `'airflow.sdk.Param'`.","category":"DeprecatedImportWarning","filename":"/opt/airflow/dags/dag.py","lineno":10,"logger":"py.warnings"}
{"timestamp":"2025-12-24T18:35:40.419846Z","level":"warning","event":"The `airflow.operators.python.get_current_context` attribute is deprecated. Please use `'airflow.sdk.get_current_context'`.","category":"DeprecatedImportWarning","filename":"/opt/airflow/dags/dag.py","lineno":18,"logger":"py.warnings"}
{"timestamp":"2025-12-24T18:52:18.781866Z","level":"info","event":"Filling up the DagBag from /opt/airflow/dags/dag.py","logger":"airflow.models.dagbag.DagBag","filename":"dagbag.py","lineno":593}
{"timestamp":"2025-12-24T18:52:18.832688Z","level":"warning","event":"The `airflow.decorators.dag` attribute is deprecated. Please use `'airflow.sdk.dag'`.","category":"DeprecatedImportWarning","filename":"/opt/airflow/dags/dag.py","lineno":1,"logger":"py.warnings"}
{"timestamp":"2025-12-24T18:52:18.832750Z","level":"warning","event":"The `airflow.decorators.task` attribute is deprecated. Please use `'airflow.sdk.task'`.","category":"DeprecatedImportWarning","filename":"/opt/airflow/dags/dag.py","lineno":2,"logger":"py.warnings"}
{"timestamp":"2025-12-24T18:52:18.832775Z","level":"warning","event":"The `airflow.operators.empty.EmptyOperator` attribute is deprecated. Please use `'airflow.providers.standard.operators.empty.EmptyOperator'`.","category":"DeprecatedImportWarning","filename":"/opt/airflow/dags/dag.py","lineno":3,"logger":"py.warnings"}
{"timestamp":"2025-12-24T18:52:18.832797Z","level":"warning","event":"The `airflow.operators.python.get_current_context` attribute is deprecated. Please use `'airflow.sdk.get_current_context'`.","category":"DeprecatedImportWarning","filename":"/opt/airflow/dags/dag.py","lineno":5,"logger":"py.warnings"}
{"timestamp":"2025-12-24T18:52:18.832822Z","level":"warning","event":"The `airflow.models.param.Param` attribute is deprecated. Please use `'airflow.sdk.Param'`.","category":"DeprecatedImportWarning","filename":"/opt/airflow/dags/dag.py","lineno":10,"logger":"py.warnings"}
{"timestamp":"2025-12-24T18:52:18.832841Z","level":"warning","event":"The `airflow.operators.python.get_current_context` attribute is deprecated. Please use `'airflow.sdk.get_current_context'`.","category":"DeprecatedImportWarning","filename":"/opt/airflow/dags/dag.py","lineno":18,"logger":"py.warnings"}
{"timestamp":"2025-12-24T19:20:33.584730Z","level":"info","event":"Filling up the DagBag from /opt/airflow/dags/dag.py","logger":"airflow.models.dagbag.DagBag","filename":"dagbag.py","lineno":593}
{"timestamp":"2025-12-24T19:20:33.625912Z","level":"warning","event":"The `airflow.decorators.dag` attribute is deprecated. Please use `'airflow.sdk.dag'`.","category":"DeprecatedImportWarning","filename":"/opt/airflow/dags/dag.py","lineno":1,"logger":"py.warnings"}
{"timestamp":"2025-12-24T19:20:33.625971Z","level":"warning","event":"The `airflow.decorators.task` attribute is deprecated. Please use `'airflow.sdk.task'`.","category":"DeprecatedImportWarning","filename":"/opt/airflow/dags/dag.py","lineno":2,"logger":"py.warnings"}
{"timestamp":"2025-12-24T19:20:33.625994Z","level":"warning","event":"The `airflow.operators.empty.EmptyOperator` attribute is deprecated. Please use `'airflow.providers.standard.operators.empty.EmptyOperator'`.","category":"DeprecatedImportWarning","filename":"/opt/airflow/dags/dag.py","lineno":3,"logger":"py.warnings"}
{"timestamp":"2025-12-24T19:20:33.626014Z","level":"warning","event":"The `airflow.operators.python.get_current_context` attribute is deprecated. Please use `'airflow.sdk.get_current_context'`.","category":"DeprecatedImportWarning","filename":"/opt/airflow/dags/dag.py","lineno":5,"logger":"py.warnings"}
{"timestamp":"2025-12-24T19:20:33.626053Z","level":"warning","event":"The `airflow.models.param.Param` attribute is deprecated. Please use `'airflow.sdk.Param'`.","category":"DeprecatedImportWarning","filename":"/opt/airflow/dags/dag.py","lineno":10,"logger":"py.warnings"}
{"timestamp":"2025-12-24T19:20:33.626074Z","level":"warning","event":"The `airflow.operators.python.get_current_context` attribute is deprecated. Please use `'airflow.sdk.get_current_context'`.","category":"DeprecatedImportWarning","filename":"/opt/airflow/dags/dag.py","lineno":18,"logger":"py.warnings"}
{"timestamp":"2025-12-24T19:36:04.187906Z","level":"info","event":"Filling up the DagBag from /opt/airflow/dags/dag.py","logger":"airflow.models.dagbag.DagBag","filename":"dagbag.py","lineno":593}
{"timestamp":"2025-12-24T19:36:04.221623Z","level":"warning","event":"The `airflow.decorators.dag` attribute is deprecated. Please use `'airflow.sdk.dag'`.","category":"DeprecatedImportWarning","filename":"/opt/airflow/dags/dag.py","lineno":1,"logger":"py.warnings"}
{"timestamp":"2025-12-24T19:36:04.221678Z","level":"warning","event":"The `airflow.decorators.task` attribute is deprecated. Please use `'airflow.sdk.task'`.","category":"DeprecatedImportWarning","filename":"/opt/airflow/dags/dag.py","lineno":2,"logger":"py.warnings"}
{"timestamp":"2025-12-24T19:36:04.221703Z","level":"warning","event":"The `airflow.operators.empty.EmptyOperator` attribute is deprecated. Please use `'airflow.providers.standard.operators.empty.EmptyOperator'`.","category":"DeprecatedImportWarning","filename":"/opt/airflow/dags/dag.py","lineno":3,"logger":"py.warnings"}
{"timestamp":"2025-12-24T19:36:04.221723Z","level":"warning","event":"The `airflow.operators.python.get_current_context` attribute is deprecated. Please use `'airflow.sdk.get_current_context'`.","category":"DeprecatedImportWarning","filename":"/opt/airflow/dags/dag.py","lineno":5,"logger":"py.warnings"}
{"timestamp":"2025-12-24T19:36:04.221755Z","level":"warning","event":"The `airflow.models.param.Param` attribute is deprecated. Please use `'airflow.sdk.Param'`.","category":"DeprecatedImportWarning","filename":"/opt/airflow/dags/dag.py","lineno":10,"logger":"py.warnings"}
{"timestamp":"2025-12-24T19:36:04.221775Z","level":"warning","event":"The `airflow.operators.python.get_current_context` attribute is deprecated. Please use `'airflow.sdk.get_current_context'`.","category":"DeprecatedImportWarning","filename":"/opt/airflow/dags/dag.py","lineno":18,"logger":"py.warnings"}
{"timestamp":"2025-12-24T19:53:06.236067Z","level":"info","event":"Filling up the DagBag from /opt/airflow/dags/dag.py","logger":"airflow.models.dagbag.DagBag","filename":"dagbag.py","lineno":593}
{"timestamp":"2025-12-24T19:53:06.272246Z","level":"warning","event":"The `airflow.decorators.dag` attribute is deprecated. Please use `'airflow.sdk.dag'`.","category":"DeprecatedImportWarning","filename":"/opt/airflow/dags/dag.py","lineno":1,"logger":"py.warnings"}
{"timestamp":"2025-12-24T19:53:06.272460Z","level":"warning","event":"The `airflow.decorators.task` attribute is deprecated. Please use `'airflow.sdk.task'`.","category":"DeprecatedImportWarning","filename":"/opt/airflow/dags/dag.py","lineno":2,"logger":"py.warnings"}
{"timestamp":"2025-12-24T19:53:06.272491Z","level":"warning","event":"The `airflow.operators.empty.EmptyOperator` attribute is deprecated. Please use `'airflow.providers.standard.operators.empty.EmptyOperator'`.","category":"DeprecatedImportWarning","filename":"/opt/airflow/dags/dag.py","lineno":3,"logger":"py.warnings"}
{"timestamp":"2025-12-24T19:53:06.272512Z","level":"warning","event":"The `airflow.operators.python.get_current_context` attribute is deprecated. Please use `'airflow.sdk.get_current_context'`.","category":"DeprecatedImportWarning","filename":"/opt/airflow/dags/dag.py","lineno":5,"logger":"py.warnings"}
{"timestamp":"2025-12-24T19:53:06.272541Z","level":"warning","event":"The `airflow.models.param.Param` attribute is deprecated. Please use `'airflow.sdk.Param'`.","category":"DeprecatedImportWarning","filename":"/opt/airflow/dags/dag.py","lineno":10,"logger":"py.warnings"}
{"timestamp":"2025-12-24T19:53:06.272561Z","level":"warning","event":"The `airflow.operators.python.get_current_context` attribute is deprecated. Please use `'airflow.sdk.get_current_context'`.","category":"DeprecatedImportWarning","filename":"/opt/airflow/dags/dag.py","lineno":18,"logger":"py.warnings"}
{"timestamp":"2025-12-24T20:11:20.532160Z","level":"info","event":"Filling up the DagBag from /opt/airflow/dags/dag.py","logger":"airflow.models.dagbag.DagBag","filename":"dagbag.py","lineno":593}
{"timestamp":"2025-12-24T20:11:20.584124Z","level":"warning","event":"The `airflow.decorators.dag` attribute is deprecated. Please use `'airflow.sdk.dag'`.","category":"DeprecatedImportWarning","filename":"/opt/airflow/dags/dag.py","lineno":1,"logger":"py.warnings"}
{"timestamp":"2025-12-24T20:11:20.584197Z","level":"warning","event":"The `airflow.decorators.task` attribute is deprecated. Please use `'airflow.sdk.task'`.","category":"DeprecatedImportWarning","filename":"/opt/airflow/dags/dag.py","lineno":2,"logger":"py.warnings"}
{"timestamp":"2025-12-24T20:11:20.584228Z","level":"warning","event":"The `airflow.operators.empty.EmptyOperator` attribute is deprecated. Please use `'airflow.providers.standard.operators.empty.EmptyOperator'`.","category":"DeprecatedImportWarning","filename":"/opt/airflow/dags/dag.py","lineno":3,"logger":"py.warnings"}
{"timestamp":"2025-12-24T20:11:20.584270Z","level":"warning","event":"The `airflow.operators.python.get_current_context` attribute is deprecated. Please use `'airflow.sdk.get_current_context'`.","category":"DeprecatedImportWarning","filename":"/opt/airflow/dags/dag.py","lineno":5,"logger":"py.warnings"}
{"timestamp":"2025-12-24T20:11:20.584305Z","level":"warning","event":"The `airflow.models.param.Param` attribute is deprecated. Please use `'airflow.sdk.Param'`.","category":"DeprecatedImportWarning","filename":"/opt/airflow/dags/dag.py","lineno":10,"logger":"py.warnings"}
{"timestamp":"2025-12-24T20:11:20.584326Z","level":"warning","event":"The `airflow.operators.python.get_current_context` attribute is deprecated. Please use `'airflow.sdk.get_current_context'`.","category":"DeprecatedImportWarning","filename":"/opt/airflow/dags/dag.py","lineno":18,"logger":"py.warnings"}
{"timestamp":"2025-12-24T20:29:39.760467Z","level":"info","event":"Filling up the DagBag from /opt/airflow/dags/dag.py","logger":"airflow.models.dagbag.DagBag","filename":"dagbag.py","lineno":593}
{"timestamp":"2025-12-24T20:29:39.818493Z","level":"warning","event":"The `airflow.decorators.dag` attribute is deprecated. Please use `'airflow.sdk.dag'`.","category":"DeprecatedImportWarning","filename":"/opt/airflow/dags/dag.py","lineno":1,"logger":"py.warnings"}
{"timestamp":"2025-12-24T20:29:39.818567Z","level":"warning","event":"The `airflow.decorators.task` attribute is deprecated. Please use `'airflow.sdk.task'`.","category":"DeprecatedImportWarning","filename":"/opt/airflow/dags/dag.py","lineno":2,"logger":"py.warnings"}
{"timestamp":"2025-12-24T20:29:39.818592Z","level":"warning","event":"The `airflow.operators.empty.EmptyOperator` attribute is deprecated. Please use `'airflow.providers.standard.operators.empty.EmptyOperator'`.","category":"DeprecatedImportWarning","filename":"/opt/airflow/dags/dag.py","lineno":3,"logger":"py.warnings"}
{"timestamp":"2025-12-24T20:29:39.818620Z","level":"warning","event":"The `airflow.operators.python.get_current_context` attribute is deprecated. Please use `'airflow.sdk.get_current_context'`.","category":"DeprecatedImportWarning","filename":"/opt/airflow/dags/dag.py","lineno":5,"logger":"py.warnings"}
{"timestamp":"2025-12-24T20:29:39.818648Z","level":"warning","event":"The `airflow.models.param.Param` attribute is deprecated. Please use `'airflow.sdk.Param'`.","category":"DeprecatedImportWarning","filename":"/opt/airflow/dags/dag.py","lineno":10,"logger":"py.warnings"}
{"timestamp":"2025-12-24T20:29:39.818668Z","level":"warning","event":"The `airflow.operators.python.get_current_context` attribute is deprecated. Please use `'airflow.sdk.get_current_context'`.","category":"DeprecatedImportWarning","filename":"/opt/airflow/dags/dag.py","lineno":18,"logger":"py.warnings"}
{"timestamp":"2025-12-24T20:46:47.975139Z","level":"info","event":"Filling up the DagBag from /opt/airflow/dags/dag.py","logger":"airflow.models.dagbag.DagBag","filename":"dagbag.py","lineno":593}
{"timestamp":"2025-12-24T20:46:48.021142Z","level":"warning","event":"The `airflow.decorators.dag` attribute is deprecated. Please use `'airflow.sdk.dag'`.","category":"DeprecatedImportWarning","filename":"/opt/airflow/dags/dag.py","lineno":1,"logger":"py.warnings"}
{"timestamp":"2025-12-24T20:46:48.021238Z","level":"warning","event":"The `airflow.decorators.task` attribute is deprecated. Please use `'airflow.sdk.task'`.","category":"DeprecatedImportWarning","filename":"/opt/airflow/dags/dag.py","lineno":2,"logger":"py.warnings"}
{"timestamp":"2025-12-24T20:46:48.021264Z","level":"warning","event":"The `airflow.operators.empty.EmptyOperator` attribute is deprecated. Please use `'airflow.providers.standard.operators.empty.EmptyOperator'`.","category":"DeprecatedImportWarning","filename":"/opt/airflow/dags/dag.py","lineno":3,"logger":"py.warnings"}
{"timestamp":"2025-12-24T20:46:48.021285Z","level":"warning","event":"The `airflow.operators.python.get_current_context` attribute is deprecated. Please use `'airflow.sdk.get_current_context'`.","category":"DeprecatedImportWarning","filename":"/opt/airflow/dags/dag.py","lineno":5,"logger":"py.warnings"}
{"timestamp":"2025-12-24T20:46:48.021319Z","level":"warning","event":"The `airflow.models.param.Param` attribute is deprecated. Please use `'airflow.sdk.Param'`.","category":"DeprecatedImportWarning","filename":"/opt/airflow/dags/dag.py","lineno":10,"logger":"py.warnings"}
{"timestamp":"2025-12-24T20:46:48.021344Z","level":"warning","event":"The `airflow.operators.python.get_current_context` attribute is deprecated. Please use `'airflow.sdk.get_current_context'`.","category":"DeprecatedImportWarning","filename":"/opt/airflow/dags/dag.py","lineno":18,"logger":"py.warnings"}
{"timestamp":"2025-12-24T20:47:18.463747Z","level":"info","event":"Filling up the DagBag from /opt/airflow/dags/dag.py","logger":"airflow.models.dagbag.DagBag","filename":"dagbag.py","lineno":593}
{"timestamp":"2025-12-24T20:47:18.518728Z","level":"warning","event":"The `airflow.decorators.dag` attribute is deprecated. Please use `'airflow.sdk.dag'`.","category":"DeprecatedImportWarning","filename":"/opt/airflow/dags/dag.py","lineno":1,"logger":"py.warnings"}
{"timestamp":"2025-12-24T20:47:18.518792Z","level":"warning","event":"The `airflow.decorators.task` attribute is deprecated. Please use `'airflow.sdk.task'`.","category":"DeprecatedImportWarning","filename":"/opt/airflow/dags/dag.py","lineno":2,"logger":"py.warnings"}
{"timestamp":"2025-12-24T20:47:18.518821Z","level":"warning","event":"The `airflow.operators.empty.EmptyOperator` attribute is deprecated. Please use `'airflow.providers.standard.operators.empty.EmptyOperator'`.","category":"DeprecatedImportWarning","filename":"/opt/airflow/dags/dag.py","lineno":3,"logger":"py.warnings"}
{"timestamp":"2025-12-24T20:47:18.518841Z","level":"warning","event":"The `airflow.operators.python.get_current_context` attribute is deprecated. Please use `'airflow.sdk.get_current_context'`.","category":"DeprecatedImportWarning","filename":"/opt/airflow/dags/dag.py","lineno":5,"logger":"py.warnings"}
{"timestamp":"2025-12-24T20:47:18.518866Z","level":"warning","event":"The `airflow.models.param.Param` attribute is deprecated. Please use `'airflow.sdk.Param'`.","category":"DeprecatedImportWarning","filename":"/opt/airflow/dags/dag.py","lineno":10,"logger":"py.warnings"}
{"timestamp":"2025-12-24T20:47:18.518884Z","level":"warning","event":"The `airflow.operators.python.get_current_context` attribute is deprecated. Please use `'airflow.sdk.get_current_context'`.","category":"DeprecatedImportWarning","filename":"/opt/airflow/dags/dag.py","lineno":18,"logger":"py.warnings"}
{"timestamp":"2025-12-24T20:47:48.909575Z","level":"info","event":"Filling up the DagBag from /opt/airflow/dags/dag.py","logger":"airflow.models.dagbag.DagBag","filename":"dagbag.py","lineno":593}
{"timestamp":"2025-12-24T20:47:48.957708Z","level":"warning","event":"The `airflow.decorators.dag` attribute is deprecated. Please use `'airflow.sdk.dag'`.","category":"DeprecatedImportWarning","filename":"/opt/airflow/dags/dag.py","lineno":1,"logger":"py.warnings"}
{"timestamp":"2025-12-24T20:47:48.957798Z","level":"warning","event":"The `airflow.decorators.task` attribute is deprecated. Please use `'airflow.sdk.task'`.","category":"DeprecatedImportWarning","filename":"/opt/airflow/dags/dag.py","lineno":2,"logger":"py.warnings"}
{"timestamp":"2025-12-24T20:47:48.957824Z","level":"warning","event":"The `airflow.operators.empty.EmptyOperator` attribute is deprecated. Please use `'airflow.providers.standard.operators.empty.EmptyOperator'`.","category":"DeprecatedImportWarning","filename":"/opt/airflow/dags/dag.py","lineno":3,"logger":"py.warnings"}
{"timestamp":"2025-12-24T20:47:48.957844Z","level":"warning","event":"The `airflow.operators.python.get_current_context` attribute is deprecated. Please use `'airflow.sdk.get_current_context'`.","category":"DeprecatedImportWarning","filename":"/opt/airflow/dags/dag.py","lineno":5,"logger":"py.warnings"}
{"timestamp":"2025-12-24T20:47:48.957881Z","level":"warning","event":"The `airflow.models.param.Param` attribute is deprecated. Please use `'airflow.sdk.Param'`.","category":"DeprecatedImportWarning","filename":"/opt/airflow/dags/dag.py","lineno":10,"logger":"py.warnings"}
{"timestamp":"2025-12-24T20:47:48.957902Z","level":"warning","event":"The `airflow.operators.python.get_current_context` attribute is deprecated. Please use `'airflow.sdk.get_current_context'`.","category":"DeprecatedImportWarning","filename":"/opt/airflow/dags/dag.py","lineno":18,"logger":"py.warnings"}
{"timestamp":"2025-12-24T20:48:19.343202Z","level":"info","event":"Filling up the DagBag from /opt/airflow/dags/dag.py","logger":"airflow.models.dagbag.DagBag","filename":"dagbag.py","lineno":593}
{"timestamp":"2025-12-24T20:48:19.395455Z","level":"warning","event":"The `airflow.decorators.dag` attribute is deprecated. Please use `'airflow.sdk.dag'`.","category":"DeprecatedImportWarning","filename":"/opt/airflow/dags/dag.py","lineno":1,"logger":"py.warnings"}
{"timestamp":"2025-12-24T20:48:19.395523Z","level":"warning","event":"The `airflow.decorators.task` attribute is deprecated. Please use `'airflow.sdk.task'`.","category":"DeprecatedImportWarning","filename":"/opt/airflow/dags/dag.py","lineno":2,"logger":"py.warnings"}
{"timestamp":"2025-12-24T20:48:19.395546Z","level":"warning","event":"The `airflow.operators.empty.EmptyOperator` attribute is deprecated. Please use `'airflow.providers.standard.operators.empty.EmptyOperator'`.","category":"DeprecatedImportWarning","filename":"/opt/airflow/dags/dag.py","lineno":3,"logger":"py.warnings"}
{"timestamp":"2025-12-24T20:48:19.395566Z","level":"warning","event":"The `airflow.operators.python.get_current_context` attribute is deprecated. Please use `'airflow.sdk.get_current_context'`.","category":"DeprecatedImportWarning","filename":"/opt/airflow/dags/dag.py","lineno":5,"logger":"py.warnings"}
{"timestamp":"2025-12-24T20:48:19.395585Z","level":"warning","event":"The `airflow.models.param.Param` attribute is deprecated. Please use `'airflow.sdk.Param'`.","category":"DeprecatedImportWarning","filename":"/opt/airflow/dags/dag.py","lineno":10,"logger":"py.warnings"}
{"timestamp":"2025-12-24T20:48:19.395600Z","level":"warning","event":"The `airflow.operators.python.get_current_context` attribute is deprecated. Please use `'airflow.sdk.get_current_context'`.","category":"DeprecatedImportWarning","filename":"/opt/airflow/dags/dag.py","lineno":18,"logger":"py.warnings"}
{"timestamp":"2025-12-24T20:48:49.819215Z","level":"info","event":"Filling up the DagBag from /opt/airflow/dags/dag.py","logger":"airflow.models.dagbag.DagBag","filename":"dagbag.py","lineno":593}
{"timestamp":"2025-12-24T20:48:49.855397Z","level":"warning","event":"The `airflow.decorators.dag` attribute is deprecated. Please use `'airflow.sdk.dag'`.","category":"DeprecatedImportWarning","filename":"/opt/airflow/dags/dag.py","lineno":1,"logger":"py.warnings"}
{"timestamp":"2025-12-24T20:48:49.855622Z","level":"warning","event":"The `airflow.decorators.task` attribute is deprecated. Please use `'airflow.sdk.task'`.","category":"DeprecatedImportWarning","filename":"/opt/airflow/dags/dag.py","lineno":2,"logger":"py.warnings"}
{"timestamp":"2025-12-24T20:48:49.855649Z","level":"warning","event":"The `airflow.operators.empty.EmptyOperator` attribute is deprecated. Please use `'airflow.providers.standard.operators.empty.EmptyOperator'`.","category":"DeprecatedImportWarning","filename":"/opt/airflow/dags/dag.py","lineno":3,"logger":"py.warnings"}
{"timestamp":"2025-12-24T20:48:49.855673Z","level":"warning","event":"The `airflow.operators.python.get_current_context` attribute is deprecated. Please use `'airflow.sdk.get_current_context'`.","category":"DeprecatedImportWarning","filename":"/opt/airflow/dags/dag.py","lineno":5,"logger":"py.warnings"}
{"timestamp":"2025-12-24T20:48:49.855698Z","level":"warning","event":"The `airflow.models.param.Param` attribute is deprecated. Please use `'airflow.sdk.Param'`.","category":"DeprecatedImportWarning","filename":"/opt/airflow/dags/dag.py","lineno":10,"logger":"py.warnings"}
{"timestamp":"2025-12-24T20:48:49.855729Z","level":"warning","event":"The `airflow.operators.python.get_current_context` attribute is deprecated. Please use `'airflow.sdk.get_current_context'`.","category":"DeprecatedImportWarning","filename":"/opt/airflow/dags/dag.py","lineno":18,"logger":"py.warnings"}
{"timestamp":"2025-12-24T20:49:20.235531Z","level":"info","event":"Filling up the DagBag from /opt/airflow/dags/dag.py","logger":"airflow.models.dagbag.DagBag","filename":"dagbag.py","lineno":593}
{"timestamp":"2025-12-24T20:49:20.277219Z","level":"warning","event":"The `airflow.decorators.dag` attribute is deprecated. Please use `'airflow.sdk.dag'`.","category":"DeprecatedImportWarning","filename":"/opt/airflow/dags/dag.py","lineno":1,"logger":"py.warnings"}
{"timestamp":"2025-12-24T20:49:20.277280Z","level":"warning","event":"The `airflow.decorators.task` attribute is deprecated. Please use `'airflow.sdk.task'`.","category":"DeprecatedImportWarning","filename":"/opt/airflow/dags/dag.py","lineno":2,"logger":"py.warnings"}
{"timestamp":"2025-12-24T20:49:20.277304Z","level":"warning","event":"The `airflow.operators.empty.EmptyOperator` attribute is deprecated. Please use `'airflow.providers.standard.operators.empty.EmptyOperator'`.","category":"DeprecatedImportWarning","filename":"/opt/airflow/dags/dag.py","lineno":3,"logger":"py.warnings"}
{"timestamp":"2025-12-24T20:49:20.277324Z","level":"warning","event":"The `airflow.operators.python.get_current_context` attribute is deprecated. Please use `'airflow.sdk.get_current_context'`.","category":"DeprecatedImportWarning","filename":"/opt/airflow/dags/dag.py","lineno":5,"logger":"py.warnings"}
{"timestamp":"2025-12-24T20:49:20.277345Z","level":"warning","event":"The `airflow.models.param.Param` attribute is deprecated. Please use `'airflow.sdk.Param'`.","category":"DeprecatedImportWarning","filename":"/opt/airflow/dags/dag.py","lineno":10,"logger":"py.warnings"}
{"timestamp":"2025-12-24T20:49:20.277363Z","level":"warning","event":"The `airflow.operators.python.get_current_context` attribute is deprecated. Please use `'airflow.sdk.get_current_context'`.","category":"DeprecatedImportWarning","filename":"/opt/airflow/dags/dag.py","lineno":18,"logger":"py.warnings"}
{"timestamp":"2025-12-24T20:49:50.653270Z","level":"info","event":"Filling up the DagBag from /opt/airflow/dags/dag.py","logger":"airflow.models.dagbag.DagBag","filename":"dagbag.py","lineno":593}
{"timestamp":"2025-12-24T20:49:50.691269Z","level":"warning","event":"The `airflow.decorators.dag` attribute is deprecated. Please use `'airflow.sdk.dag'`.","category":"DeprecatedImportWarning","filename":"/opt/airflow/dags/dag.py","lineno":1,"logger":"py.warnings"}
{"timestamp":"2025-12-24T20:49:50.691338Z","level":"warning","event":"The `airflow.decorators.task` attribute is deprecated. Please use `'airflow.sdk.task'`.","category":"DeprecatedImportWarning","filename":"/opt/airflow/dags/dag.py","lineno":2,"logger":"py.warnings"}
{"timestamp":"2025-12-24T20:49:50.691364Z","level":"warning","event":"The `airflow.operators.empty.EmptyOperator` attribute is deprecated. Please use `'airflow.providers.standard.operators.empty.EmptyOperator'`.","category":"DeprecatedImportWarning","filename":"/opt/airflow/dags/dag.py","lineno":3,"logger":"py.warnings"}
{"timestamp":"2025-12-24T20:49:50.691390Z","level":"warning","event":"The `airflow.operators.python.get_current_context` attribute is deprecated. Please use `'airflow.sdk.get_current_context'`.","category":"DeprecatedImportWarning","filename":"/opt/airflow/dags/dag.py","lineno":5,"logger":"py.warnings"}
{"timestamp":"2025-12-24T20:49:50.691415Z","level":"warning","event":"The `airflow.models.param.Param` attribute is deprecated. Please use `'airflow.sdk.Param'`.","category":"DeprecatedImportWarning","filename":"/opt/airflow/dags/dag.py","lineno":10,"logger":"py.warnings"}
{"timestamp":"2025-12-24T20:49:50.691433Z","level":"warning","event":"The `airflow.operators.python.get_current_context` attribute is deprecated. Please use `'airflow.sdk.get_current_context'`.","category":"DeprecatedImportWarning","filename":"/opt/airflow/dags/dag.py","lineno":18,"logger":"py.warnings"}
{"timestamp":"2025-12-24T20:50:21.079871Z","level":"info","event":"Filling up the DagBag from /opt/airflow/dags/dag.py","logger":"airflow.models.dagbag.DagBag","filename":"dagbag.py","lineno":593}
{"timestamp":"2025-12-24T20:50:21.127713Z","level":"warning","event":"The `airflow.decorators.dag` attribute is deprecated. Please use `'airflow.sdk.dag'`.","category":"DeprecatedImportWarning","filename":"/opt/airflow/dags/dag.py","lineno":1,"logger":"py.warnings"}
{"timestamp":"2025-12-24T20:50:21.127791Z","level":"warning","event":"The `airflow.decorators.task` attribute is deprecated. Please use `'airflow.sdk.task'`.","category":"DeprecatedImportWarning","filename":"/opt/airflow/dags/dag.py","lineno":2,"logger":"py.warnings"}
{"timestamp":"2025-12-24T20:50:21.127816Z","level":"warning","event":"The `airflow.operators.empty.EmptyOperator` attribute is deprecated. Please use `'airflow.providers.standard.operators.empty.EmptyOperator'`.","category":"DeprecatedImportWarning","filename":"/opt/airflow/dags/dag.py","lineno":3,"logger":"py.warnings"}
{"timestamp":"2025-12-24T20:50:21.127836Z","level":"warning","event":"The `airflow.operators.python.get_current_context` attribute is deprecated. Please use `'airflow.sdk.get_current_context'`.","category":"DeprecatedImportWarning","filename":"/opt/airflow/dags/dag.py","lineno":5,"logger":"py.warnings"}
{"timestamp":"2025-12-24T20:50:21.127858Z","level":"warning","event":"The `airflow.models.param.Param` attribute is deprecated. Please use `'airflow.sdk.Param'`.","category":"DeprecatedImportWarning","filename":"/opt/airflow/dags/dag.py","lineno":10,"logger":"py.warnings"}
{"timestamp":"2025-12-24T20:50:21.127875Z","level":"warning","event":"The `airflow.operators.python.get_current_context` attribute is deprecated. Please use `'airflow.sdk.get_current_context'`.","category":"DeprecatedImportWarning","filename":"/opt/airflow/dags/dag.py","lineno":18,"logger":"py.warnings"}
{"timestamp":"2025-12-24T20:50:51.504941Z","level":"info","event":"Filling up the DagBag from /opt/airflow/dags/dag.py","logger":"airflow.models.dagbag.DagBag","filename":"dagbag.py","lineno":593}
{"timestamp":"2025-12-24T20:50:51.538252Z","level":"warning","event":"The `airflow.decorators.dag` attribute is deprecated. Please use `'airflow.sdk.dag'`.","category":"DeprecatedImportWarning","filename":"/opt/airflow/dags/dag.py","lineno":1,"logger":"py.warnings"}
{"timestamp":"2025-12-24T20:50:51.538317Z","level":"warning","event":"The `airflow.decorators.task` attribute is deprecated. Please use `'airflow.sdk.task'`.","category":"DeprecatedImportWarning","filename":"/opt/airflow/dags/dag.py","lineno":2,"logger":"py.warnings"}
{"timestamp":"2025-12-24T20:50:51.538339Z","level":"warning","event":"The `airflow.operators.empty.EmptyOperator` attribute is deprecated. Please use `'airflow.providers.standard.operators.empty.EmptyOperator'`.","category":"DeprecatedImportWarning","filename":"/opt/airflow/dags/dag.py","lineno":3,"logger":"py.warnings"}
{"timestamp":"2025-12-24T20:50:51.538368Z","level":"warning","event":"The `airflow.operators.python.get_current_context` attribute is deprecated. Please use `'airflow.sdk.get_current_context'`.","category":"DeprecatedImportWarning","filename":"/opt/airflow/dags/dag.py","lineno":5,"logger":"py.warnings"}
{"timestamp":"2025-12-24T20:50:51.538392Z","level":"warning","event":"The `airflow.models.param.Param` attribute is deprecated. Please use `'airflow.sdk.Param'`.","category":"DeprecatedImportWarning","filename":"/opt/airflow/dags/dag.py","lineno":10,"logger":"py.warnings"}
{"timestamp":"2025-12-24T20:50:51.538409Z","level":"warning","event":"The `airflow.operators.python.get_current_context` attribute is deprecated. Please use `'airflow.sdk.get_current_context'`.","category":"DeprecatedImportWarning","filename":"/opt/airflow/dags/dag.py","lineno":18,"logger":"py.warnings"}
{"timestamp":"2025-12-24T20:51:21.949186Z","level":"info","event":"Filling up the DagBag from /opt/airflow/dags/dag.py","logger":"airflow.models.dagbag.DagBag","filename":"dagbag.py","lineno":593}
{"timestamp":"2025-12-24T20:51:22.001038Z","level":"warning","event":"The `airflow.decorators.dag` attribute is deprecated. Please use `'airflow.sdk.dag'`.","category":"DeprecatedImportWarning","filename":"/opt/airflow/dags/dag.py","lineno":1,"logger":"py.warnings"}
{"timestamp":"2025-12-24T20:51:22.001143Z","level":"warning","event":"The `airflow.decorators.task` attribute is deprecated. Please use `'airflow.sdk.task'`.","category":"DeprecatedImportWarning","filename":"/opt/airflow/dags/dag.py","lineno":2,"logger":"py.warnings"}
{"timestamp":"2025-12-24T20:51:22.001168Z","level":"warning","event":"The `airflow.operators.empty.EmptyOperator` attribute is deprecated. Please use `'airflow.providers.standard.operators.empty.EmptyOperator'`.","category":"DeprecatedImportWarning","filename":"/opt/airflow/dags/dag.py","lineno":3,"logger":"py.warnings"}
{"timestamp":"2025-12-24T20:51:22.001189Z","level":"warning","event":"The `airflow.operators.python.get_current_context` attribute is deprecated. Please use `'airflow.sdk.get_current_context'`.","category":"DeprecatedImportWarning","filename":"/opt/airflow/dags/dag.py","lineno":5,"logger":"py.warnings"}
{"timestamp":"2025-12-24T20:51:22.001219Z","level":"warning","event":"The `airflow.models.param.Param` attribute is deprecated. Please use `'airflow.sdk.Param'`.","category":"DeprecatedImportWarning","filename":"/opt/airflow/dags/dag.py","lineno":10,"logger":"py.warnings"}
{"timestamp":"2025-12-24T20:51:22.001239Z","level":"warning","event":"The `airflow.operators.python.get_current_context` attribute is deprecated. Please use `'airflow.sdk.get_current_context'`.","category":"DeprecatedImportWarning","filename":"/opt/airflow/dags/dag.py","lineno":18,"logger":"py.warnings"}
{"timestamp":"2025-12-24T20:51:52.460463Z","level":"info","event":"Filling up the DagBag from /opt/airflow/dags/dag.py","logger":"airflow.models.dagbag.DagBag","filename":"dagbag.py","lineno":593}
{"timestamp":"2025-12-24T20:51:52.496682Z","level":"warning","event":"The `airflow.decorators.dag` attribute is deprecated. Please use `'airflow.sdk.dag'`.","category":"DeprecatedImportWarning","filename":"/opt/airflow/dags/dag.py","lineno":1,"logger":"py.warnings"}
{"timestamp":"2025-12-24T20:51:52.496736Z","level":"warning","event":"The `airflow.decorators.task` attribute is deprecated. Please use `'airflow.sdk.task'`.","category":"DeprecatedImportWarning","filename":"/opt/airflow/dags/dag.py","lineno":2,"logger":"py.warnings"}
{"timestamp":"2025-12-24T20:51:52.496759Z","level":"warning","event":"The `airflow.operators.empty.EmptyOperator` attribute is deprecated. Please use `'airflow.providers.standard.operators.empty.EmptyOperator'`.","category":"DeprecatedImportWarning","filename":"/opt/airflow/dags/dag.py","lineno":3,"logger":"py.warnings"}
{"timestamp":"2025-12-24T20:51:52.496777Z","level":"warning","event":"The `airflow.operators.python.get_current_context` attribute is deprecated. Please use `'airflow.sdk.get_current_context'`.","category":"DeprecatedImportWarning","filename":"/opt/airflow/dags/dag.py","lineno":5,"logger":"py.warnings"}
{"timestamp":"2025-12-24T20:51:52.496797Z","level":"warning","event":"The `airflow.models.param.Param` attribute is deprecated. Please use `'airflow.sdk.Param'`.","category":"DeprecatedImportWarning","filename":"/opt/airflow/dags/dag.py","lineno":10,"logger":"py.warnings"}
{"timestamp":"2025-12-24T20:51:52.496813Z","level":"warning","event":"The `airflow.operators.python.get_current_context` attribute is deprecated. Please use `'airflow.sdk.get_current_context'`.","category":"DeprecatedImportWarning","filename":"/opt/airflow/dags/dag.py","lineno":18,"logger":"py.warnings"}
{"timestamp":"2025-12-24T20:52:22.886373Z","level":"info","event":"Filling up the DagBag from /opt/airflow/dags/dag.py","logger":"airflow.models.dagbag.DagBag","filename":"dagbag.py","lineno":593}
{"timestamp":"2025-12-24T20:52:22.932042Z","level":"warning","event":"The `airflow.decorators.dag` attribute is deprecated. Please use `'airflow.sdk.dag'`.","category":"DeprecatedImportWarning","filename":"/opt/airflow/dags/dag.py","lineno":1,"logger":"py.warnings"}
{"timestamp":"2025-12-24T20:52:22.932268Z","level":"warning","event":"The `airflow.decorators.task` attribute is deprecated. Please use `'airflow.sdk.task'`.","category":"DeprecatedImportWarning","filename":"/opt/airflow/dags/dag.py","lineno":2,"logger":"py.warnings"}
{"timestamp":"2025-12-24T20:52:22.932315Z","level":"warning","event":"The `airflow.operators.empty.EmptyOperator` attribute is deprecated. Please use `'airflow.providers.standard.operators.empty.EmptyOperator'`.","category":"DeprecatedImportWarning","filename":"/opt/airflow/dags/dag.py","lineno":3,"logger":"py.warnings"}
{"timestamp":"2025-12-24T20:52:22.932336Z","level":"warning","event":"The `airflow.operators.python.get_current_context` attribute is deprecated. Please use `'airflow.sdk.get_current_context'`.","category":"DeprecatedImportWarning","filename":"/opt/airflow/dags/dag.py","lineno":5,"logger":"py.warnings"}
{"timestamp":"2025-12-24T20:52:22.932366Z","level":"warning","event":"The `airflow.models.param.Param` attribute is deprecated. Please use `'airflow.sdk.Param'`.","category":"DeprecatedImportWarning","filename":"/opt/airflow/dags/dag.py","lineno":10,"logger":"py.warnings"}
{"timestamp":"2025-12-24T20:52:22.932384Z","level":"warning","event":"The `airflow.operators.python.get_current_context` attribute is deprecated. Please use `'airflow.sdk.get_current_context'`.","category":"DeprecatedImportWarning","filename":"/opt/airflow/dags/dag.py","lineno":18,"logger":"py.warnings"}
{"timestamp":"2025-12-24T20:52:53.383022Z","level":"info","event":"Filling up the DagBag from /opt/airflow/dags/dag.py","logger":"airflow.models.dagbag.DagBag","filename":"dagbag.py","lineno":593}
{"timestamp":"2025-12-24T20:52:53.432403Z","level":"warning","event":"The `airflow.decorators.dag` attribute is deprecated. Please use `'airflow.sdk.dag'`.","category":"DeprecatedImportWarning","filename":"/opt/airflow/dags/dag.py","lineno":1,"logger":"py.warnings"}
{"timestamp":"2025-12-24T20:52:53.432474Z","level":"warning","event":"The `airflow.decorators.task` attribute is deprecated. Please use `'airflow.sdk.task'`.","category":"DeprecatedImportWarning","filename":"/opt/airflow/dags/dag.py","lineno":2,"logger":"py.warnings"}
{"timestamp":"2025-12-24T20:52:53.432497Z","level":"warning","event":"The `airflow.operators.empty.EmptyOperator` attribute is deprecated. Please use `'airflow.providers.standard.operators.empty.EmptyOperator'`.","category":"DeprecatedImportWarning","filename":"/opt/airflow/dags/dag.py","lineno":3,"logger":"py.warnings"}
{"timestamp":"2025-12-24T20:52:53.432515Z","level":"warning","event":"The `airflow.operators.python.get_current_context` attribute is deprecated. Please use `'airflow.sdk.get_current_context'`.","category":"DeprecatedImportWarning","filename":"/opt/airflow/dags/dag.py","lineno":5,"logger":"py.warnings"}
{"timestamp":"2025-12-24T20:52:53.432544Z","level":"warning","event":"The `airflow.models.param.Param` attribute is deprecated. Please use `'airflow.sdk.Param'`.","category":"DeprecatedImportWarning","filename":"/opt/airflow/dags/dag.py","lineno":10,"logger":"py.warnings"}
{"timestamp":"2025-12-24T20:52:53.432561Z","level":"warning","event":"The `airflow.operators.python.get_current_context` attribute is deprecated. Please use `'airflow.sdk.get_current_context'`.","category":"DeprecatedImportWarning","filename":"/opt/airflow/dags/dag.py","lineno":18,"logger":"py.warnings"}
{"timestamp":"2025-12-24T20:53:23.847020Z","level":"info","event":"Filling up the DagBag from /opt/airflow/dags/dag.py","logger":"airflow.models.dagbag.DagBag","filename":"dagbag.py","lineno":593}
{"timestamp":"2025-12-24T20:53:23.883382Z","level":"warning","event":"The `airflow.decorators.dag` attribute is deprecated. Please use `'airflow.sdk.dag'`.","category":"DeprecatedImportWarning","filename":"/opt/airflow/dags/dag.py","lineno":1,"logger":"py.warnings"}
{"timestamp":"2025-12-24T20:53:23.883442Z","level":"warning","event":"The `airflow.decorators.task` attribute is deprecated. Please use `'airflow.sdk.task'`.","category":"DeprecatedImportWarning","filename":"/opt/airflow/dags/dag.py","lineno":2,"logger":"py.warnings"}
{"timestamp":"2025-12-24T20:53:23.883465Z","level":"warning","event":"The `airflow.operators.empty.EmptyOperator` attribute is deprecated. Please use `'airflow.providers.standard.operators.empty.EmptyOperator'`.","category":"DeprecatedImportWarning","filename":"/opt/airflow/dags/dag.py","lineno":3,"logger":"py.warnings"}
{"timestamp":"2025-12-24T20:53:23.883486Z","level":"warning","event":"The `airflow.operators.python.get_current_context` attribute is deprecated. Please use `'airflow.sdk.get_current_context'`.","category":"DeprecatedImportWarning","filename":"/opt/airflow/dags/dag.py","lineno":5,"logger":"py.warnings"}
{"timestamp":"2025-12-24T20:53:23.883509Z","level":"warning","event":"The `airflow.models.param.Param` attribute is deprecated. Please use `'airflow.sdk.Param'`.","category":"DeprecatedImportWarning","filename":"/opt/airflow/dags/dag.py","lineno":10,"logger":"py.warnings"}
{"timestamp":"2025-12-24T20:53:23.883527Z","level":"warning","event":"The `airflow.operators.python.get_current_context` attribute is deprecated. Please use `'airflow.sdk.get_current_context'`.","category":"DeprecatedImportWarning","filename":"/opt/airflow/dags/dag.py","lineno":18,"logger":"py.warnings"}
{"timestamp":"2025-12-24T20:53:54.252508Z","level":"info","event":"Filling up the DagBag from /opt/airflow/dags/dag.py","logger":"airflow.models.dagbag.DagBag","filename":"dagbag.py","lineno":593}
{"timestamp":"2025-12-24T20:53:54.313028Z","level":"warning","event":"The `airflow.decorators.dag` attribute is deprecated. Please use `'airflow.sdk.dag'`.","category":"DeprecatedImportWarning","filename":"/opt/airflow/dags/dag.py","lineno":1,"logger":"py.warnings"}
{"timestamp":"2025-12-24T20:53:54.313120Z","level":"warning","event":"The `airflow.decorators.task` attribute is deprecated. Please use `'airflow.sdk.task'`.","category":"DeprecatedImportWarning","filename":"/opt/airflow/dags/dag.py","lineno":2,"logger":"py.warnings"}
{"timestamp":"2025-12-24T20:53:54.313155Z","level":"warning","event":"The `airflow.operators.empty.EmptyOperator` attribute is deprecated. Please use `'airflow.providers.standard.operators.empty.EmptyOperator'`.","category":"DeprecatedImportWarning","filename":"/opt/airflow/dags/dag.py","lineno":3,"logger":"py.warnings"}
{"timestamp":"2025-12-24T20:53:54.313178Z","level":"warning","event":"The `airflow.operators.python.get_current_context` attribute is deprecated. Please use `'airflow.sdk.get_current_context'`.","category":"DeprecatedImportWarning","filename":"/opt/airflow/dags/dag.py","lineno":5,"logger":"py.warnings"}
{"timestamp":"2025-12-24T20:53:54.313242Z","level":"warning","event":"The `airflow.models.param.Param` attribute is deprecated. Please use `'airflow.sdk.Param'`.","category":"DeprecatedImportWarning","filename":"/opt/airflow/dags/dag.py","lineno":10,"logger":"py.warnings"}
{"timestamp":"2025-12-24T20:53:54.313275Z","level":"warning","event":"The `airflow.operators.python.get_current_context` attribute is deprecated. Please use `'airflow.sdk.get_current_context'`.","category":"DeprecatedImportWarning","filename":"/opt/airflow/dags/dag.py","lineno":18,"logger":"py.warnings"}
{"timestamp":"2025-12-24T20:54:24.746274Z","level":"info","event":"Filling up the DagBag from /opt/airflow/dags/dag.py","logger":"airflow.models.dagbag.DagBag","filename":"dagbag.py","lineno":593}
{"timestamp":"2025-12-24T20:54:24.783337Z","level":"warning","event":"The `airflow.decorators.dag` attribute is deprecated. Please use `'airflow.sdk.dag'`.","category":"DeprecatedImportWarning","filename":"/opt/airflow/dags/dag.py","lineno":1,"logger":"py.warnings"}
{"timestamp":"2025-12-24T20:54:24.783409Z","level":"warning","event":"The `airflow.decorators.task` attribute is deprecated. Please use `'airflow.sdk.task'`.","category":"DeprecatedImportWarning","filename":"/opt/airflow/dags/dag.py","lineno":2,"logger":"py.warnings"}
{"timestamp":"2025-12-24T20:54:24.783452Z","level":"warning","event":"The `airflow.operators.empty.EmptyOperator` attribute is deprecated. Please use `'airflow.providers.standard.operators.empty.EmptyOperator'`.","category":"DeprecatedImportWarning","filename":"/opt/airflow/dags/dag.py","lineno":3,"logger":"py.warnings"}
{"timestamp":"2025-12-24T20:54:24.783475Z","level":"warning","event":"The `airflow.operators.python.get_current_context` attribute is deprecated. Please use `'airflow.sdk.get_current_context'`.","category":"DeprecatedImportWarning","filename":"/opt/airflow/dags/dag.py","lineno":5,"logger":"py.warnings"}
{"timestamp":"2025-12-24T20:54:24.783505Z","level":"warning","event":"The `airflow.models.param.Param` attribute is deprecated. Please use `'airflow.sdk.Param'`.","category":"DeprecatedImportWarning","filename":"/opt/airflow/dags/dag.py","lineno":10,"logger":"py.warnings"}
{"timestamp":"2025-12-24T20:54:24.783525Z","level":"warning","event":"The `airflow.operators.python.get_current_context` attribute is deprecated. Please use `'airflow.sdk.get_current_context'`.","category":"DeprecatedImportWarning","filename":"/opt/airflow/dags/dag.py","lineno":18,"logger":"py.warnings"}
{"timestamp":"2025-12-24T20:54:55.169016Z","level":"info","event":"Filling up the DagBag from /opt/airflow/dags/dag.py","logger":"airflow.models.dagbag.DagBag","filename":"dagbag.py","lineno":593}
{"timestamp":"2025-12-24T20:54:55.223605Z","level":"warning","event":"The `airflow.decorators.dag` attribute is deprecated. Please use `'airflow.sdk.dag'`.","category":"DeprecatedImportWarning","filename":"/opt/airflow/dags/dag.py","lineno":1,"logger":"py.warnings"}
{"timestamp":"2025-12-24T20:54:55.223668Z","level":"warning","event":"The `airflow.decorators.task` attribute is deprecated. Please use `'airflow.sdk.task'`.","category":"DeprecatedImportWarning","filename":"/opt/airflow/dags/dag.py","lineno":2,"logger":"py.warnings"}
{"timestamp":"2025-12-24T20:54:55.223690Z","level":"warning","event":"The `airflow.operators.empty.EmptyOperator` attribute is deprecated. Please use `'airflow.providers.standard.operators.empty.EmptyOperator'`.","category":"DeprecatedImportWarning","filename":"/opt/airflow/dags/dag.py","lineno":3,"logger":"py.warnings"}
{"timestamp":"2025-12-24T20:54:55.223718Z","level":"warning","event":"The `airflow.operators.python.get_current_context` attribute is deprecated. Please use `'airflow.sdk.get_current_context'`.","category":"DeprecatedImportWarning","filename":"/opt/airflow/dags/dag.py","lineno":5,"logger":"py.warnings"}
{"timestamp":"2025-12-24T20:54:55.223747Z","level":"warning","event":"The `airflow.models.param.Param` attribute is deprecated. Please use `'airflow.sdk.Param'`.","category":"DeprecatedImportWarning","filename":"/opt/airflow/dags/dag.py","lineno":10,"logger":"py.warnings"}
{"timestamp":"2025-12-24T20:54:55.223766Z","level":"warning","event":"The `airflow.operators.python.get_current_context` attribute is deprecated. Please use `'airflow.sdk.get_current_context'`.","category":"DeprecatedImportWarning","filename":"/opt/airflow/dags/dag.py","lineno":18,"logger":"py.warnings"}
{"timestamp":"2025-12-24T20:55:25.628098Z","level":"info","event":"Filling up the DagBag from /opt/airflow/dags/dag.py","logger":"airflow.models.dagbag.DagBag","filename":"dagbag.py","lineno":593}
{"timestamp":"2025-12-24T20:55:25.667031Z","level":"warning","event":"The `airflow.decorators.dag` attribute is deprecated. Please use `'airflow.sdk.dag'`.","category":"DeprecatedImportWarning","filename":"/opt/airflow/dags/dag.py","lineno":1,"logger":"py.warnings"}
{"timestamp":"2025-12-24T20:55:25.667100Z","level":"warning","event":"The `airflow.decorators.task` attribute is deprecated. Please use `'airflow.sdk.task'`.","category":"DeprecatedImportWarning","filename":"/opt/airflow/dags/dag.py","lineno":2,"logger":"py.warnings"}
{"timestamp":"2025-12-24T20:55:25.667126Z","level":"warning","event":"The `airflow.operators.empty.EmptyOperator` attribute is deprecated. Please use `'airflow.providers.standard.operators.empty.EmptyOperator'`.","category":"DeprecatedImportWarning","filename":"/opt/airflow/dags/dag.py","lineno":3,"logger":"py.warnings"}
{"timestamp":"2025-12-24T20:55:25.667147Z","level":"warning","event":"The `airflow.operators.python.get_current_context` attribute is deprecated. Please use `'airflow.sdk.get_current_context'`.","category":"DeprecatedImportWarning","filename":"/opt/airflow/dags/dag.py","lineno":5,"logger":"py.warnings"}
{"timestamp":"2025-12-24T20:55:25.667173Z","level":"warning","event":"The `airflow.models.param.Param` attribute is deprecated. Please use `'airflow.sdk.Param'`.","category":"DeprecatedImportWarning","filename":"/opt/airflow/dags/dag.py","lineno":10,"logger":"py.warnings"}
{"timestamp":"2025-12-24T20:55:25.667192Z","level":"warning","event":"The `airflow.operators.python.get_current_context` attribute is deprecated. Please use `'airflow.sdk.get_current_context'`.","category":"DeprecatedImportWarning","filename":"/opt/airflow/dags/dag.py","lineno":18,"logger":"py.warnings"}
{"timestamp":"2025-12-24T20:55:56.092240Z","level":"info","event":"Filling up the DagBag from /opt/airflow/dags/dag.py","logger":"airflow.models.dagbag.DagBag","filename":"dagbag.py","lineno":593}
{"timestamp":"2025-12-24T20:55:56.142623Z","level":"warning","event":"The `airflow.decorators.dag` attribute is deprecated. Please use `'airflow.sdk.dag'`.","category":"DeprecatedImportWarning","filename":"/opt/airflow/dags/dag.py","lineno":1,"logger":"py.warnings"}
{"timestamp":"2025-12-24T20:55:56.142741Z","level":"warning","event":"The `airflow.decorators.task` attribute is deprecated. Please use `'airflow.sdk.task'`.","category":"DeprecatedImportWarning","filename":"/opt/airflow/dags/dag.py","lineno":2,"logger":"py.warnings"}
{"timestamp":"2025-12-24T20:55:56.142793Z","level":"warning","event":"The `airflow.operators.empty.EmptyOperator` attribute is deprecated. Please use `'airflow.providers.standard.operators.empty.EmptyOperator'`.","category":"DeprecatedImportWarning","filename":"/opt/airflow/dags/dag.py","lineno":3,"logger":"py.warnings"}
{"timestamp":"2025-12-24T20:55:56.142828Z","level":"warning","event":"The `airflow.operators.python.get_current_context` attribute is deprecated. Please use `'airflow.sdk.get_current_context'`.","category":"DeprecatedImportWarning","filename":"/opt/airflow/dags/dag.py","lineno":5,"logger":"py.warnings"}
{"timestamp":"2025-12-24T20:55:56.142867Z","level":"warning","event":"The `airflow.models.param.Param` attribute is deprecated. Please use `'airflow.sdk.Param'`.","category":"DeprecatedImportWarning","filename":"/opt/airflow/dags/dag.py","lineno":10,"logger":"py.warnings"}
{"timestamp":"2025-12-24T20:55:56.142904Z","level":"warning","event":"The `airflow.operators.python.get_current_context` attribute is deprecated. Please use `'airflow.sdk.get_current_context'`.","category":"DeprecatedImportWarning","filename":"/opt/airflow/dags/dag.py","lineno":18,"logger":"py.warnings"}
{"timestamp":"2025-12-24T20:56:26.508636Z","level":"info","event":"Filling up the DagBag from /opt/airflow/dags/dag.py","logger":"airflow.models.dagbag.DagBag","filename":"dagbag.py","lineno":593}
{"timestamp":"2025-12-24T20:56:26.554324Z","level":"warning","event":"The `airflow.decorators.dag` attribute is deprecated. Please use `'airflow.sdk.dag'`.","category":"DeprecatedImportWarning","filename":"/opt/airflow/dags/dag.py","lineno":1,"logger":"py.warnings"}
{"timestamp":"2025-12-24T20:56:26.554387Z","level":"warning","event":"The `airflow.decorators.task` attribute is deprecated. Please use `'airflow.sdk.task'`.","category":"DeprecatedImportWarning","filename":"/opt/airflow/dags/dag.py","lineno":2,"logger":"py.warnings"}
{"timestamp":"2025-12-24T20:56:26.554414Z","level":"warning","event":"The `airflow.operators.empty.EmptyOperator` attribute is deprecated. Please use `'airflow.providers.standard.operators.empty.EmptyOperator'`.","category":"DeprecatedImportWarning","filename":"/opt/airflow/dags/dag.py","lineno":3,"logger":"py.warnings"}
{"timestamp":"2025-12-24T20:56:26.554437Z","level":"warning","event":"The `airflow.operators.python.get_current_context` attribute is deprecated. Please use `'airflow.sdk.get_current_context'`.","category":"DeprecatedImportWarning","filename":"/opt/airflow/dags/dag.py","lineno":5,"logger":"py.warnings"}
{"timestamp":"2025-12-24T20:56:26.554464Z","level":"warning","event":"The `airflow.models.param.Param` attribute is deprecated. Please use `'airflow.sdk.Param'`.","category":"DeprecatedImportWarning","filename":"/opt/airflow/dags/dag.py","lineno":10,"logger":"py.warnings"}
{"timestamp":"2025-12-24T20:56:26.554482Z","level":"warning","event":"The `airflow.operators.python.get_current_context` attribute is deprecated. Please use `'airflow.sdk.get_current_context'`.","category":"DeprecatedImportWarning","filename":"/opt/airflow/dags/dag.py","lineno":18,"logger":"py.warnings"}
{"timestamp":"2025-12-24T20:56:56.988148Z","level":"info","event":"Filling up the DagBag from /opt/airflow/dags/dag.py","logger":"airflow.models.dagbag.DagBag","filename":"dagbag.py","lineno":593}
{"timestamp":"2025-12-24T20:56:57.032433Z","level":"warning","event":"The `airflow.decorators.dag` attribute is deprecated. Please use `'airflow.sdk.dag'`.","category":"DeprecatedImportWarning","filename":"/opt/airflow/dags/dag.py","lineno":1,"logger":"py.warnings"}
{"timestamp":"2025-12-24T20:56:57.032497Z","level":"warning","event":"The `airflow.decorators.task` attribute is deprecated. Please use `'airflow.sdk.task'`.","category":"DeprecatedImportWarning","filename":"/opt/airflow/dags/dag.py","lineno":2,"logger":"py.warnings"}
{"timestamp":"2025-12-24T20:56:57.032536Z","level":"warning","event":"The `airflow.operators.empty.EmptyOperator` attribute is deprecated. Please use `'airflow.providers.standard.operators.empty.EmptyOperator'`.","category":"DeprecatedImportWarning","filename":"/opt/airflow/dags/dag.py","lineno":3,"logger":"py.warnings"}
{"timestamp":"2025-12-24T20:56:57.032558Z","level":"warning","event":"The `airflow.operators.python.get_current_context` attribute is deprecated. Please use `'airflow.sdk.get_current_context'`.","category":"DeprecatedImportWarning","filename":"/opt/airflow/dags/dag.py","lineno":5,"logger":"py.warnings"}
{"timestamp":"2025-12-24T20:56:57.032583Z","level":"warning","event":"The `airflow.models.param.Param` attribute is deprecated. Please use `'airflow.sdk.Param'`.","category":"DeprecatedImportWarning","filename":"/opt/airflow/dags/dag.py","lineno":10,"logger":"py.warnings"}
{"timestamp":"2025-12-24T20:56:57.032602Z","level":"warning","event":"The `airflow.operators.python.get_current_context` attribute is deprecated. Please use `'airflow.sdk.get_current_context'`.","category":"DeprecatedImportWarning","filename":"/opt/airflow/dags/dag.py","lineno":18,"logger":"py.warnings"}
{"timestamp":"2025-12-24T20:57:27.449768Z","level":"info","event":"Filling up the DagBag from /opt/airflow/dags/dag.py","logger":"airflow.models.dagbag.DagBag","filename":"dagbag.py","lineno":593}
{"timestamp":"2025-12-24T20:57:27.483785Z","level":"warning","event":"The `airflow.decorators.dag` attribute is deprecated. Please use `'airflow.sdk.dag'`.","category":"DeprecatedImportWarning","filename":"/opt/airflow/dags/dag.py","lineno":1,"logger":"py.warnings"}
{"timestamp":"2025-12-24T20:57:27.483854Z","level":"warning","event":"The `airflow.decorators.task` attribute is deprecated. Please use `'airflow.sdk.task'`.","category":"DeprecatedImportWarning","filename":"/opt/airflow/dags/dag.py","lineno":2,"logger":"py.warnings"}
{"timestamp":"2025-12-24T20:57:27.483880Z","level":"warning","event":"The `airflow.operators.empty.EmptyOperator` attribute is deprecated. Please use `'airflow.providers.standard.operators.empty.EmptyOperator'`.","category":"DeprecatedImportWarning","filename":"/opt/airflow/dags/dag.py","lineno":3,"logger":"py.warnings"}
{"timestamp":"2025-12-24T20:57:27.483911Z","level":"warning","event":"The `airflow.operators.python.get_current_context` attribute is deprecated. Please use `'airflow.sdk.get_current_context'`.","category":"DeprecatedImportWarning","filename":"/opt/airflow/dags/dag.py","lineno":5,"logger":"py.warnings"}
{"timestamp":"2025-12-24T20:57:27.483942Z","level":"warning","event":"The `airflow.models.param.Param` attribute is deprecated. Please use `'airflow.sdk.Param'`.","category":"DeprecatedImportWarning","filename":"/opt/airflow/dags/dag.py","lineno":10,"logger":"py.warnings"}
{"timestamp":"2025-12-24T20:57:27.483962Z","level":"warning","event":"The `airflow.operators.python.get_current_context` attribute is deprecated. Please use `'airflow.sdk.get_current_context'`.","category":"DeprecatedImportWarning","filename":"/opt/airflow/dags/dag.py","lineno":18,"logger":"py.warnings"}
{"timestamp":"2025-12-24T20:57:57.841159Z","level":"info","event":"Filling up the DagBag from /opt/airflow/dags/dag.py","logger":"airflow.models.dagbag.DagBag","filename":"dagbag.py","lineno":593}
{"timestamp":"2025-12-24T20:57:57.886490Z","level":"warning","event":"The `airflow.decorators.dag` attribute is deprecated. Please use `'airflow.sdk.dag'`.","category":"DeprecatedImportWarning","filename":"/opt/airflow/dags/dag.py","lineno":1,"logger":"py.warnings"}
{"timestamp":"2025-12-24T20:57:57.886583Z","level":"warning","event":"The `airflow.decorators.task` attribute is deprecated. Please use `'airflow.sdk.task'`.","category":"DeprecatedImportWarning","filename":"/opt/airflow/dags/dag.py","lineno":2,"logger":"py.warnings"}
{"timestamp":"2025-12-24T20:57:57.886611Z","level":"warning","event":"The `airflow.operators.empty.EmptyOperator` attribute is deprecated. Please use `'airflow.providers.standard.operators.empty.EmptyOperator'`.","category":"DeprecatedImportWarning","filename":"/opt/airflow/dags/dag.py","lineno":3,"logger":"py.warnings"}
{"timestamp":"2025-12-24T20:57:57.886632Z","level":"warning","event":"The `airflow.operators.python.get_current_context` attribute is deprecated. Please use `'airflow.sdk.get_current_context'`.","category":"DeprecatedImportWarning","filename":"/opt/airflow/dags/dag.py","lineno":5,"logger":"py.warnings"}
{"timestamp":"2025-12-24T20:57:57.886671Z","level":"warning","event":"The `airflow.models.param.Param` attribute is deprecated. Please use `'airflow.sdk.Param'`.","category":"DeprecatedImportWarning","filename":"/opt/airflow/dags/dag.py","lineno":10,"logger":"py.warnings"}
{"timestamp":"2025-12-24T20:57:57.886691Z","level":"warning","event":"The `airflow.operators.python.get_current_context` attribute is deprecated. Please use `'airflow.sdk.get_current_context'`.","category":"DeprecatedImportWarning","filename":"/opt/airflow/dags/dag.py","lineno":18,"logger":"py.warnings"}
{"timestamp":"2025-12-24T20:58:28.284054Z","level":"info","event":"Filling up the DagBag from /opt/airflow/dags/dag.py","logger":"airflow.models.dagbag.DagBag","filename":"dagbag.py","lineno":593}
{"timestamp":"2025-12-24T20:58:28.316970Z","level":"warning","event":"The `airflow.decorators.dag` attribute is deprecated. Please use `'airflow.sdk.dag'`.","category":"DeprecatedImportWarning","filename":"/opt/airflow/dags/dag.py","lineno":1,"logger":"py.warnings"}
{"timestamp":"2025-12-24T20:58:28.317044Z","level":"warning","event":"The `airflow.decorators.task` attribute is deprecated. Please use `'airflow.sdk.task'`.","category":"DeprecatedImportWarning","filename":"/opt/airflow/dags/dag.py","lineno":2,"logger":"py.warnings"}
{"timestamp":"2025-12-24T20:58:28.317075Z","level":"warning","event":"The `airflow.operators.empty.EmptyOperator` attribute is deprecated. Please use `'airflow.providers.standard.operators.empty.EmptyOperator'`.","category":"DeprecatedImportWarning","filename":"/opt/airflow/dags/dag.py","lineno":3,"logger":"py.warnings"}
{"timestamp":"2025-12-24T20:58:28.317097Z","level":"warning","event":"The `airflow.operators.python.get_current_context` attribute is deprecated. Please use `'airflow.sdk.get_current_context'`.","category":"DeprecatedImportWarning","filename":"/opt/airflow/dags/dag.py","lineno":5,"logger":"py.warnings"}
{"timestamp":"2025-12-24T20:58:28.317133Z","level":"warning","event":"The `airflow.models.param.Param` attribute is deprecated. Please use `'airflow.sdk.Param'`.","category":"DeprecatedImportWarning","filename":"/opt/airflow/dags/dag.py","lineno":10,"logger":"py.warnings"}
{"timestamp":"2025-12-24T20:58:28.317157Z","level":"warning","event":"The `airflow.operators.python.get_current_context` attribute is deprecated. Please use `'airflow.sdk.get_current_context'`.","category":"DeprecatedImportWarning","filename":"/opt/airflow/dags/dag.py","lineno":18,"logger":"py.warnings"}
{"timestamp":"2025-12-24T20:58:58.690626Z","level":"info","event":"Filling up the DagBag from /opt/airflow/dags/dag.py","logger":"airflow.models.dagbag.DagBag","filename":"dagbag.py","lineno":593}
{"timestamp":"2025-12-24T20:58:58.736130Z","level":"warning","event":"The `airflow.decorators.dag` attribute is deprecated. Please use `'airflow.sdk.dag'`.","category":"DeprecatedImportWarning","filename":"/opt/airflow/dags/dag.py","lineno":1,"logger":"py.warnings"}
{"timestamp":"2025-12-24T20:58:58.736361Z","level":"warning","event":"The `airflow.decorators.task` attribute is deprecated. Please use `'airflow.sdk.task'`.","category":"DeprecatedImportWarning","filename":"/opt/airflow/dags/dag.py","lineno":2,"logger":"py.warnings"}
{"timestamp":"2025-12-24T20:58:58.736406Z","level":"warning","event":"The `airflow.operators.empty.EmptyOperator` attribute is deprecated. Please use `'airflow.providers.standard.operators.empty.EmptyOperator'`.","category":"DeprecatedImportWarning","filename":"/opt/airflow/dags/dag.py","lineno":3,"logger":"py.warnings"}
{"timestamp":"2025-12-24T20:58:58.736428Z","level":"warning","event":"The `airflow.operators.python.get_current_context` attribute is deprecated. Please use `'airflow.sdk.get_current_context'`.","category":"DeprecatedImportWarning","filename":"/opt/airflow/dags/dag.py","lineno":5,"logger":"py.warnings"}
{"timestamp":"2025-12-24T20:58:58.736456Z","level":"warning","event":"The `airflow.models.param.Param` attribute is deprecated. Please use `'airflow.sdk.Param'`.","category":"DeprecatedImportWarning","filename":"/opt/airflow/dags/dag.py","lineno":10,"logger":"py.warnings"}
{"timestamp":"2025-12-24T20:58:58.736475Z","level":"warning","event":"The `airflow.operators.python.get_current_context` attribute is deprecated. Please use `'airflow.sdk.get_current_context'`.","category":"DeprecatedImportWarning","filename":"/opt/airflow/dags/dag.py","lineno":18,"logger":"py.warnings"}
{"timestamp":"2025-12-24T20:59:29.155573Z","level":"info","event":"Filling up the DagBag from /opt/airflow/dags/dag.py","logger":"airflow.models.dagbag.DagBag","filename":"dagbag.py","lineno":593}
{"timestamp":"2025-12-24T20:59:29.192293Z","level":"warning","event":"The `airflow.decorators.dag` attribute is deprecated. Please use `'airflow.sdk.dag'`.","category":"DeprecatedImportWarning","filename":"/opt/airflow/dags/dag.py","lineno":1,"logger":"py.warnings"}
{"timestamp":"2025-12-24T20:59:29.192352Z","level":"warning","event":"The `airflow.decorators.task` attribute is deprecated. Please use `'airflow.sdk.task'`.","category":"DeprecatedImportWarning","filename":"/opt/airflow/dags/dag.py","lineno":2,"logger":"py.warnings"}
{"timestamp":"2025-12-24T20:59:29.192377Z","level":"warning","event":"The `airflow.operators.empty.EmptyOperator` attribute is deprecated. Please use `'airflow.providers.standard.operators.empty.EmptyOperator'`.","category":"DeprecatedImportWarning","filename":"/opt/airflow/dags/dag.py","lineno":3,"logger":"py.warnings"}
{"timestamp":"2025-12-24T20:59:29.192397Z","level":"warning","event":"The `airflow.operators.python.get_current_context` attribute is deprecated. Please use `'airflow.sdk.get_current_context'`.","category":"DeprecatedImportWarning","filename":"/opt/airflow/dags/dag.py","lineno":5,"logger":"py.warnings"}
{"timestamp":"2025-12-24T20:59:29.192429Z","level":"warning","event":"The `airflow.models.param.Param` attribute is deprecated. Please use `'airflow.sdk.Param'`.","category":"DeprecatedImportWarning","filename":"/opt/airflow/dags/dag.py","lineno":10,"logger":"py.warnings"}
{"timestamp":"2025-12-24T20:59:29.192449Z","level":"warning","event":"The `airflow.operators.python.get_current_context` attribute is deprecated. Please use `'airflow.sdk.get_current_context'`.","category":"DeprecatedImportWarning","filename":"/opt/airflow/dags/dag.py","lineno":18,"logger":"py.warnings"}
{"timestamp":"2025-12-24T20:59:59.616877Z","level":"info","event":"Filling up the DagBag from /opt/airflow/dags/dag.py","logger":"airflow.models.dagbag.DagBag","filename":"dagbag.py","lineno":593}
{"timestamp":"2025-12-24T20:59:59.672349Z","level":"warning","event":"The `airflow.decorators.dag` attribute is deprecated. Please use `'airflow.sdk.dag'`.","category":"DeprecatedImportWarning","filename":"/opt/airflow/dags/dag.py","lineno":1,"logger":"py.warnings"}
{"timestamp":"2025-12-24T20:59:59.672424Z","level":"warning","event":"The `airflow.decorators.task` attribute is deprecated. Please use `'airflow.sdk.task'`.","category":"DeprecatedImportWarning","filename":"/opt/airflow/dags/dag.py","lineno":2,"logger":"py.warnings"}
{"timestamp":"2025-12-24T20:59:59.672458Z","level":"warning","event":"The `airflow.operators.empty.EmptyOperator` attribute is deprecated. Please use `'airflow.providers.standard.operators.empty.EmptyOperator'`.","category":"DeprecatedImportWarning","filename":"/opt/airflow/dags/dag.py","lineno":3,"logger":"py.warnings"}
{"timestamp":"2025-12-24T20:59:59.672479Z","level":"warning","event":"The `airflow.operators.python.get_current_context` attribute is deprecated. Please use `'airflow.sdk.get_current_context'`.","category":"DeprecatedImportWarning","filename":"/opt/airflow/dags/dag.py","lineno":5,"logger":"py.warnings"}
{"timestamp":"2025-12-24T20:59:59.672505Z","level":"warning","event":"The `airflow.models.param.Param` attribute is deprecated. Please use `'airflow.sdk.Param'`.","category":"DeprecatedImportWarning","filename":"/opt/airflow/dags/dag.py","lineno":10,"logger":"py.warnings"}
{"timestamp":"2025-12-24T20:59:59.672522Z","level":"warning","event":"The `airflow.operators.python.get_current_context` attribute is deprecated. Please use `'airflow.sdk.get_current_context'`.","category":"DeprecatedImportWarning","filename":"/opt/airflow/dags/dag.py","lineno":18,"logger":"py.warnings"}
{"timestamp":"2025-12-24T21:00:30.088278Z","level":"info","event":"Filling up the DagBag from /opt/airflow/dags/dag.py","logger":"airflow.models.dagbag.DagBag","filename":"dagbag.py","lineno":593}
{"timestamp":"2025-12-24T21:00:30.141559Z","level":"warning","event":"The `airflow.decorators.dag` attribute is deprecated. Please use `'airflow.sdk.dag'`.","category":"DeprecatedImportWarning","filename":"/opt/airflow/dags/dag.py","lineno":1,"logger":"py.warnings"}
{"timestamp":"2025-12-24T21:00:30.141630Z","level":"warning","event":"The `airflow.decorators.task` attribute is deprecated. Please use `'airflow.sdk.task'`.","category":"DeprecatedImportWarning","filename":"/opt/airflow/dags/dag.py","lineno":2,"logger":"py.warnings"}
{"timestamp":"2025-12-24T21:00:30.141652Z","level":"warning","event":"The `airflow.operators.empty.EmptyOperator` attribute is deprecated. Please use `'airflow.providers.standard.operators.empty.EmptyOperator'`.","category":"DeprecatedImportWarning","filename":"/opt/airflow/dags/dag.py","lineno":3,"logger":"py.warnings"}
{"timestamp":"2025-12-24T21:00:30.141671Z","level":"warning","event":"The `airflow.operators.python.get_current_context` attribute is deprecated. Please use `'airflow.sdk.get_current_context'`.","category":"DeprecatedImportWarning","filename":"/opt/airflow/dags/dag.py","lineno":5,"logger":"py.warnings"}
{"timestamp":"2025-12-24T21:00:30.141695Z","level":"warning","event":"The `airflow.models.param.Param` attribute is deprecated. Please use `'airflow.sdk.Param'`.","category":"DeprecatedImportWarning","filename":"/opt/airflow/dags/dag.py","lineno":10,"logger":"py.warnings"}
{"timestamp":"2025-12-24T21:00:30.141712Z","level":"warning","event":"The `airflow.operators.python.get_current_context` attribute is deprecated. Please use `'airflow.sdk.get_current_context'`.","category":"DeprecatedImportWarning","filename":"/opt/airflow/dags/dag.py","lineno":18,"logger":"py.warnings"}
{"timestamp":"2025-12-24T21:01:00.559708Z","level":"info","event":"Filling up the DagBag from /opt/airflow/dags/dag.py","logger":"airflow.models.dagbag.DagBag","filename":"dagbag.py","lineno":593}
{"timestamp":"2025-12-24T21:01:00.607667Z","level":"warning","event":"The `airflow.decorators.dag` attribute is deprecated. Please use `'airflow.sdk.dag'`.","category":"DeprecatedImportWarning","filename":"/opt/airflow/dags/dag.py","lineno":1,"logger":"py.warnings"}
{"timestamp":"2025-12-24T21:01:00.607752Z","level":"warning","event":"The `airflow.decorators.task` attribute is deprecated. Please use `'airflow.sdk.task'`.","category":"DeprecatedImportWarning","filename":"/opt/airflow/dags/dag.py","lineno":2,"logger":"py.warnings"}
{"timestamp":"2025-12-24T21:01:00.607787Z","level":"warning","event":"The `airflow.operators.empty.EmptyOperator` attribute is deprecated. Please use `'airflow.providers.standard.operators.empty.EmptyOperator'`.","category":"DeprecatedImportWarning","filename":"/opt/airflow/dags/dag.py","lineno":3,"logger":"py.warnings"}
{"timestamp":"2025-12-24T21:01:00.607817Z","level":"warning","event":"The `airflow.operators.python.get_current_context` attribute is deprecated. Please use `'airflow.sdk.get_current_context'`.","category":"DeprecatedImportWarning","filename":"/opt/airflow/dags/dag.py","lineno":5,"logger":"py.warnings"}
{"timestamp":"2025-12-24T21:01:00.607858Z","level":"warning","event":"The `airflow.models.param.Param` attribute is deprecated. Please use `'airflow.sdk.Param'`.","category":"DeprecatedImportWarning","filename":"/opt/airflow/dags/dag.py","lineno":10,"logger":"py.warnings"}
{"timestamp":"2025-12-24T21:01:00.607884Z","level":"warning","event":"The `airflow.operators.python.get_current_context` attribute is deprecated. Please use `'airflow.sdk.get_current_context'`.","category":"DeprecatedImportWarning","filename":"/opt/airflow/dags/dag.py","lineno":18,"logger":"py.warnings"}
{"timestamp":"2025-12-24T21:01:30.984780Z","level":"info","event":"Filling up the DagBag from /opt/airflow/dags/dag.py","logger":"airflow.models.dagbag.DagBag","filename":"dagbag.py","lineno":593}
{"timestamp":"2025-12-24T21:01:31.021964Z","level":"warning","event":"The `airflow.decorators.dag` attribute is deprecated. Please use `'airflow.sdk.dag'`.","category":"DeprecatedImportWarning","filename":"/opt/airflow/dags/dag.py","lineno":1,"logger":"py.warnings"}
{"timestamp":"2025-12-24T21:01:31.022171Z","level":"warning","event":"The `airflow.decorators.task` attribute is deprecated. Please use `'airflow.sdk.task'`.","category":"DeprecatedImportWarning","filename":"/opt/airflow/dags/dag.py","lineno":2,"logger":"py.warnings"}
{"timestamp":"2025-12-24T21:01:31.022217Z","level":"warning","event":"The `airflow.operators.empty.EmptyOperator` attribute is deprecated. Please use `'airflow.providers.standard.operators.empty.EmptyOperator'`.","category":"DeprecatedImportWarning","filename":"/opt/airflow/dags/dag.py","lineno":3,"logger":"py.warnings"}
{"timestamp":"2025-12-24T21:01:31.022237Z","level":"warning","event":"The `airflow.operators.python.get_current_context` attribute is deprecated. Please use `'airflow.sdk.get_current_context'`.","category":"DeprecatedImportWarning","filename":"/opt/airflow/dags/dag.py","lineno":5,"logger":"py.warnings"}
{"timestamp":"2025-12-24T21:01:31.022261Z","level":"warning","event":"The `airflow.models.param.Param` attribute is deprecated. Please use `'airflow.sdk.Param'`.","category":"DeprecatedImportWarning","filename":"/opt/airflow/dags/dag.py","lineno":10,"logger":"py.warnings"}
{"timestamp":"2025-12-24T21:01:31.022279Z","level":"warning","event":"The `airflow.operators.python.get_current_context` attribute is deprecated. Please use `'airflow.sdk.get_current_context'`.","category":"DeprecatedImportWarning","filename":"/opt/airflow/dags/dag.py","lineno":18,"logger":"py.warnings"}
{"timestamp":"2025-12-24T21:02:01.446173Z","level":"info","event":"Filling up the DagBag from /opt/airflow/dags/dag.py","logger":"airflow.models.dagbag.DagBag","filename":"dagbag.py","lineno":593}
{"timestamp":"2025-12-24T21:02:01.478534Z","level":"warning","event":"The `airflow.decorators.dag` attribute is deprecated. Please use `'airflow.sdk.dag'`.","category":"DeprecatedImportWarning","filename":"/opt/airflow/dags/dag.py","lineno":1,"logger":"py.warnings"}
{"timestamp":"2025-12-24T21:02:01.478602Z","level":"warning","event":"The `airflow.decorators.task` attribute is deprecated. Please use `'airflow.sdk.task'`.","category":"DeprecatedImportWarning","filename":"/opt/airflow/dags/dag.py","lineno":2,"logger":"py.warnings"}
{"timestamp":"2025-12-24T21:02:01.478625Z","level":"warning","event":"The `airflow.operators.empty.EmptyOperator` attribute is deprecated. Please use `'airflow.providers.standard.operators.empty.EmptyOperator'`.","category":"DeprecatedImportWarning","filename":"/opt/airflow/dags/dag.py","lineno":3,"logger":"py.warnings"}
{"timestamp":"2025-12-24T21:02:01.478645Z","level":"warning","event":"The `airflow.operators.python.get_current_context` attribute is deprecated. Please use `'airflow.sdk.get_current_context'`.","category":"DeprecatedImportWarning","filename":"/opt/airflow/dags/dag.py","lineno":5,"logger":"py.warnings"}
{"timestamp":"2025-12-24T21:02:01.478666Z","level":"warning","event":"The `airflow.models.param.Param` attribute is deprecated. Please use `'airflow.sdk.Param'`.","category":"DeprecatedImportWarning","filename":"/opt/airflow/dags/dag.py","lineno":10,"logger":"py.warnings"}
{"timestamp":"2025-12-24T21:02:01.478684Z","level":"warning","event":"The `airflow.operators.python.get_current_context` attribute is deprecated. Please use `'airflow.sdk.get_current_context'`.","category":"DeprecatedImportWarning","filename":"/opt/airflow/dags/dag.py","lineno":18,"logger":"py.warnings"}
{"timestamp":"2025-12-24T21:02:31.908681Z","level":"info","event":"Filling up the DagBag from /opt/airflow/dags/dag.py","logger":"airflow.models.dagbag.DagBag","filename":"dagbag.py","lineno":593}
{"timestamp":"2025-12-24T21:02:31.946755Z","level":"warning","event":"The `airflow.decorators.dag` attribute is deprecated. Please use `'airflow.sdk.dag'`.","category":"DeprecatedImportWarning","filename":"/opt/airflow/dags/dag.py","lineno":1,"logger":"py.warnings"}
{"timestamp":"2025-12-24T21:02:31.947025Z","level":"warning","event":"The `airflow.decorators.task` attribute is deprecated. Please use `'airflow.sdk.task'`.","category":"DeprecatedImportWarning","filename":"/opt/airflow/dags/dag.py","lineno":2,"logger":"py.warnings"}
{"timestamp":"2025-12-24T21:02:31.947100Z","level":"warning","event":"The `airflow.operators.empty.EmptyOperator` attribute is deprecated. Please use `'airflow.providers.standard.operators.empty.EmptyOperator'`.","category":"DeprecatedImportWarning","filename":"/opt/airflow/dags/dag.py","lineno":3,"logger":"py.warnings"}
{"timestamp":"2025-12-24T21:02:31.947131Z","level":"warning","event":"The `airflow.operators.python.get_current_context` attribute is deprecated. Please use `'airflow.sdk.get_current_context'`.","category":"DeprecatedImportWarning","filename":"/opt/airflow/dags/dag.py","lineno":5,"logger":"py.warnings"}
{"timestamp":"2025-12-24T21:02:31.947160Z","level":"warning","event":"The `airflow.models.param.Param` attribute is deprecated. Please use `'airflow.sdk.Param'`.","category":"DeprecatedImportWarning","filename":"/opt/airflow/dags/dag.py","lineno":10,"logger":"py.warnings"}
{"timestamp":"2025-12-24T21:02:31.947180Z","level":"warning","event":"The `airflow.operators.python.get_current_context` attribute is deprecated. Please use `'airflow.sdk.get_current_context'`.","category":"DeprecatedImportWarning","filename":"/opt/airflow/dags/dag.py","lineno":18,"logger":"py.warnings"}
{"timestamp":"2025-12-24T21:03:02.342716Z","level":"info","event":"Filling up the DagBag from /opt/airflow/dags/dag.py","logger":"airflow.models.dagbag.DagBag","filename":"dagbag.py","lineno":593}
{"timestamp":"2025-12-24T21:03:02.381356Z","level":"warning","event":"The `airflow.decorators.dag` attribute is deprecated. Please use `'airflow.sdk.dag'`.","category":"DeprecatedImportWarning","filename":"/opt/airflow/dags/dag.py","lineno":1,"logger":"py.warnings"}
{"timestamp":"2025-12-24T21:03:02.381429Z","level":"warning","event":"The `airflow.decorators.task` attribute is deprecated. Please use `'airflow.sdk.task'`.","category":"DeprecatedImportWarning","filename":"/opt/airflow/dags/dag.py","lineno":2,"logger":"py.warnings"}
{"timestamp":"2025-12-24T21:03:02.381451Z","level":"warning","event":"The `airflow.operators.empty.EmptyOperator` attribute is deprecated. Please use `'airflow.providers.standard.operators.empty.EmptyOperator'`.","category":"DeprecatedImportWarning","filename":"/opt/airflow/dags/dag.py","lineno":3,"logger":"py.warnings"}
{"timestamp":"2025-12-24T21:03:02.381470Z","level":"warning","event":"The `airflow.operators.python.get_current_context` attribute is deprecated. Please use `'airflow.sdk.get_current_context'`.","category":"DeprecatedImportWarning","filename":"/opt/airflow/dags/dag.py","lineno":5,"logger":"py.warnings"}
{"timestamp":"2025-12-24T21:03:02.381511Z","level":"warning","event":"The `airflow.models.param.Param` attribute is deprecated. Please use `'airflow.sdk.Param'`.","category":"DeprecatedImportWarning","filename":"/opt/airflow/dags/dag.py","lineno":10,"logger":"py.warnings"}
{"timestamp":"2025-12-24T21:03:02.381543Z","level":"warning","event":"The `airflow.operators.python.get_current_context` attribute is deprecated. Please use `'airflow.sdk.get_current_context'`.","category":"DeprecatedImportWarning","filename":"/opt/airflow/dags/dag.py","lineno":18,"logger":"py.warnings"}
{"timestamp":"2025-12-24T21:03:32.784271Z","level":"info","event":"Filling up the DagBag from /opt/airflow/dags/dag.py","logger":"airflow.models.dagbag.DagBag","filename":"dagbag.py","lineno":593}
{"timestamp":"2025-12-24T21:03:32.817150Z","level":"warning","event":"The `airflow.decorators.dag` attribute is deprecated. Please use `'airflow.sdk.dag'`.","category":"DeprecatedImportWarning","filename":"/opt/airflow/dags/dag.py","lineno":1,"logger":"py.warnings"}
{"timestamp":"2025-12-24T21:03:32.817205Z","level":"warning","event":"The `airflow.decorators.task` attribute is deprecated. Please use `'airflow.sdk.task'`.","category":"DeprecatedImportWarning","filename":"/opt/airflow/dags/dag.py","lineno":2,"logger":"py.warnings"}
{"timestamp":"2025-12-24T21:03:32.817231Z","level":"warning","event":"The `airflow.operators.empty.EmptyOperator` attribute is deprecated. Please use `'airflow.providers.standard.operators.empty.EmptyOperator'`.","category":"DeprecatedImportWarning","filename":"/opt/airflow/dags/dag.py","lineno":3,"logger":"py.warnings"}
{"timestamp":"2025-12-24T21:03:32.817253Z","level":"warning","event":"The `airflow.operators.python.get_current_context` attribute is deprecated. Please use `'airflow.sdk.get_current_context'`.","category":"DeprecatedImportWarning","filename":"/opt/airflow/dags/dag.py","lineno":5,"logger":"py.warnings"}
{"timestamp":"2025-12-24T21:03:32.817277Z","level":"warning","event":"The `airflow.models.param.Param` attribute is deprecated. Please use `'airflow.sdk.Param'`.","category":"DeprecatedImportWarning","filename":"/opt/airflow/dags/dag.py","lineno":10,"logger":"py.warnings"}
{"timestamp":"2025-12-24T21:03:32.817297Z","level":"warning","event":"The `airflow.operators.python.get_current_context` attribute is deprecated. Please use `'airflow.sdk.get_current_context'`.","category":"DeprecatedImportWarning","filename":"/opt/airflow/dags/dag.py","lineno":18,"logger":"py.warnings"}
{"timestamp":"2025-12-24T21:19:26.789649Z","level":"info","event":"Filling up the DagBag from /opt/airflow/dags/dag.py","logger":"airflow.models.dagbag.DagBag","filename":"dagbag.py","lineno":593}
{"timestamp":"2025-12-24T21:19:26.906760Z","level":"warning","event":"The `airflow.decorators.dag` attribute is deprecated. Please use `'airflow.sdk.dag'`.","category":"DeprecatedImportWarning","filename":"/opt/airflow/dags/dag.py","lineno":1,"logger":"py.warnings"}
{"timestamp":"2025-12-24T21:19:26.906887Z","level":"warning","event":"The `airflow.decorators.task` attribute is deprecated. Please use `'airflow.sdk.task'`.","category":"DeprecatedImportWarning","filename":"/opt/airflow/dags/dag.py","lineno":2,"logger":"py.warnings"}
{"timestamp":"2025-12-24T21:19:26.906949Z","level":"warning","event":"The `airflow.operators.empty.EmptyOperator` attribute is deprecated. Please use `'airflow.providers.standard.operators.empty.EmptyOperator'`.","category":"DeprecatedImportWarning","filename":"/opt/airflow/dags/dag.py","lineno":3,"logger":"py.warnings"}
{"timestamp":"2025-12-24T21:19:26.907004Z","level":"warning","event":"The `airflow.operators.python.get_current_context` attribute is deprecated. Please use `'airflow.sdk.get_current_context'`.","category":"DeprecatedImportWarning","filename":"/opt/airflow/dags/dag.py","lineno":5,"logger":"py.warnings"}
{"timestamp":"2025-12-24T21:19:26.907059Z","level":"warning","event":"The `airflow.models.param.Param` attribute is deprecated. Please use `'airflow.sdk.Param'`.","category":"DeprecatedImportWarning","filename":"/opt/airflow/dags/dag.py","lineno":10,"logger":"py.warnings"}
{"timestamp":"2025-12-24T21:19:26.907110Z","level":"warning","event":"The `airflow.operators.python.get_current_context` attribute is deprecated. Please use `'airflow.sdk.get_current_context'`.","category":"DeprecatedImportWarning","filename":"/opt/airflow/dags/dag.py","lineno":18,"logger":"py.warnings"}
{"timestamp":"2025-12-24T21:37:44.145350Z","level":"info","event":"Filling up the DagBag from /opt/airflow/dags/dag.py","logger":"airflow.models.dagbag.DagBag","filename":"dagbag.py","lineno":593}
{"timestamp":"2025-12-24T21:37:44.198678Z","level":"warning","event":"The `airflow.decorators.dag` attribute is deprecated. Please use `'airflow.sdk.dag'`.","category":"DeprecatedImportWarning","filename":"/opt/airflow/dags/dag.py","lineno":1,"logger":"py.warnings"}
{"timestamp":"2025-12-24T21:37:44.198748Z","level":"warning","event":"The `airflow.decorators.task` attribute is deprecated. Please use `'airflow.sdk.task'`.","category":"DeprecatedImportWarning","filename":"/opt/airflow/dags/dag.py","lineno":2,"logger":"py.warnings"}
{"timestamp":"2025-12-24T21:37:44.198770Z","level":"warning","event":"The `airflow.operators.empty.EmptyOperator` attribute is deprecated. Please use `'airflow.providers.standard.operators.empty.EmptyOperator'`.","category":"DeprecatedImportWarning","filename":"/opt/airflow/dags/dag.py","lineno":3,"logger":"py.warnings"}
{"timestamp":"2025-12-24T21:37:44.198788Z","level":"warning","event":"The `airflow.operators.python.get_current_context` attribute is deprecated. Please use `'airflow.sdk.get_current_context'`.","category":"DeprecatedImportWarning","filename":"/opt/airflow/dags/dag.py","lineno":5,"logger":"py.warnings"}
{"timestamp":"2025-12-24T21:37:44.198815Z","level":"warning","event":"The `airflow.models.param.Param` attribute is deprecated. Please use `'airflow.sdk.Param'`.","category":"DeprecatedImportWarning","filename":"/opt/airflow/dags/dag.py","lineno":10,"logger":"py.warnings"}
{"timestamp":"2025-12-24T21:37:44.198833Z","level":"warning","event":"The `airflow.operators.python.get_current_context` attribute is deprecated. Please use `'airflow.sdk.get_current_context'`.","category":"DeprecatedImportWarning","filename":"/opt/airflow/dags/dag.py","lineno":18,"logger":"py.warnings"}
{"timestamp":"2025-12-24T21:54:06.499659Z","level":"info","event":"Filling up the DagBag from /opt/airflow/dags/dag.py","logger":"airflow.models.dagbag.DagBag","filename":"dagbag.py","lineno":593}
{"timestamp":"2025-12-24T21:54:06.564307Z","level":"warning","event":"The `airflow.decorators.dag` attribute is deprecated. Please use `'airflow.sdk.dag'`.","category":"DeprecatedImportWarning","filename":"/opt/airflow/dags/dag.py","lineno":1,"logger":"py.warnings"}
{"timestamp":"2025-12-24T21:54:06.564394Z","level":"warning","event":"The `airflow.decorators.task` attribute is deprecated. Please use `'airflow.sdk.task'`.","category":"DeprecatedImportWarning","filename":"/opt/airflow/dags/dag.py","lineno":2,"logger":"py.warnings"}
{"timestamp":"2025-12-24T21:54:06.564436Z","level":"warning","event":"The `airflow.operators.empty.EmptyOperator` attribute is deprecated. Please use `'airflow.providers.standard.operators.empty.EmptyOperator'`.","category":"DeprecatedImportWarning","filename":"/opt/airflow/dags/dag.py","lineno":3,"logger":"py.warnings"}
{"timestamp":"2025-12-24T21:54:06.564459Z","level":"warning","event":"The `airflow.operators.python.get_current_context` attribute is deprecated. Please use `'airflow.sdk.get_current_context'`.","category":"DeprecatedImportWarning","filename":"/opt/airflow/dags/dag.py","lineno":5,"logger":"py.warnings"}
{"timestamp":"2025-12-24T21:54:06.564497Z","level":"warning","event":"The `airflow.models.param.Param` attribute is deprecated. Please use `'airflow.sdk.Param'`.","category":"DeprecatedImportWarning","filename":"/opt/airflow/dags/dag.py","lineno":10,"logger":"py.warnings"}
{"timestamp":"2025-12-24T21:54:06.564518Z","level":"warning","event":"The `airflow.operators.python.get_current_context` attribute is deprecated. Please use `'airflow.sdk.get_current_context'`.","category":"DeprecatedImportWarning","filename":"/opt/airflow/dags/dag.py","lineno":18,"logger":"py.warnings"}
{"timestamp":"2025-12-24T22:12:33.876021Z","level":"info","event":"Filling up the DagBag from /opt/airflow/dags/dag.py","logger":"airflow.models.dagbag.DagBag","filename":"dagbag.py","lineno":593}
{"timestamp":"2025-12-24T22:12:33.930639Z","level":"warning","event":"The `airflow.decorators.dag` attribute is deprecated. Please use `'airflow.sdk.dag'`.","category":"DeprecatedImportWarning","filename":"/opt/airflow/dags/dag.py","lineno":1,"logger":"py.warnings"}
{"timestamp":"2025-12-24T22:12:33.930868Z","level":"warning","event":"The `airflow.decorators.task` attribute is deprecated. Please use `'airflow.sdk.task'`.","category":"DeprecatedImportWarning","filename":"/opt/airflow/dags/dag.py","lineno":2,"logger":"py.warnings"}
{"timestamp":"2025-12-24T22:12:33.930920Z","level":"warning","event":"The `airflow.operators.empty.EmptyOperator` attribute is deprecated. Please use `'airflow.providers.standard.operators.empty.EmptyOperator'`.","category":"DeprecatedImportWarning","filename":"/opt/airflow/dags/dag.py","lineno":3,"logger":"py.warnings"}
{"timestamp":"2025-12-24T22:12:33.930940Z","level":"warning","event":"The `airflow.operators.python.get_current_context` attribute is deprecated. Please use `'airflow.sdk.get_current_context'`.","category":"DeprecatedImportWarning","filename":"/opt/airflow/dags/dag.py","lineno":5,"logger":"py.warnings"}
{"timestamp":"2025-12-24T22:12:33.930966Z","level":"warning","event":"The `airflow.models.param.Param` attribute is deprecated. Please use `'airflow.sdk.Param'`.","category":"DeprecatedImportWarning","filename":"/opt/airflow/dags/dag.py","lineno":10,"logger":"py.warnings"}
{"timestamp":"2025-12-24T22:12:33.930983Z","level":"warning","event":"The `airflow.operators.python.get_current_context` attribute is deprecated. Please use `'airflow.sdk.get_current_context'`.","category":"DeprecatedImportWarning","filename":"/opt/airflow/dags/dag.py","lineno":18,"logger":"py.warnings"}
{"timestamp":"2025-12-24T22:13:04.500712Z","level":"info","event":"Filling up the DagBag from /opt/airflow/dags/dag.py","logger":"airflow.models.dagbag.DagBag","filename":"dagbag.py","lineno":593}
{"timestamp":"2025-12-24T22:13:04.556559Z","level":"warning","event":"The `airflow.decorators.dag` attribute is deprecated. Please use `'airflow.sdk.dag'`.","category":"DeprecatedImportWarning","filename":"/opt/airflow/dags/dag.py","lineno":1,"logger":"py.warnings"}
{"timestamp":"2025-12-24T22:13:04.557233Z","level":"warning","event":"The `airflow.decorators.task` attribute is deprecated. Please use `'airflow.sdk.task'`.","category":"DeprecatedImportWarning","filename":"/opt/airflow/dags/dag.py","lineno":2,"logger":"py.warnings"}
{"timestamp":"2025-12-24T22:13:04.557296Z","level":"warning","event":"The `airflow.operators.empty.EmptyOperator` attribute is deprecated. Please use `'airflow.providers.standard.operators.empty.EmptyOperator'`.","category":"DeprecatedImportWarning","filename":"/opt/airflow/dags/dag.py","lineno":3,"logger":"py.warnings"}
{"timestamp":"2025-12-24T22:13:04.557334Z","level":"warning","event":"The `airflow.operators.python.get_current_context` attribute is deprecated. Please use `'airflow.sdk.get_current_context'`.","category":"DeprecatedImportWarning","filename":"/opt/airflow/dags/dag.py","lineno":5,"logger":"py.warnings"}
{"timestamp":"2025-12-24T22:13:04.557363Z","level":"warning","event":"The `airflow.models.param.Param` attribute is deprecated. Please use `'airflow.sdk.Param'`.","category":"DeprecatedImportWarning","filename":"/opt/airflow/dags/dag.py","lineno":10,"logger":"py.warnings"}
{"timestamp":"2025-12-24T22:13:04.557382Z","level":"warning","event":"The `airflow.operators.python.get_current_context` attribute is deprecated. Please use `'airflow.sdk.get_current_context'`.","category":"DeprecatedImportWarning","filename":"/opt/airflow/dags/dag.py","lineno":18,"logger":"py.warnings"}
{"timestamp":"2025-12-24T22:45:39.257386Z","level":"info","event":"Filling up the DagBag from /opt/airflow/dags/dag.py","logger":"airflow.models.dagbag.DagBag","filename":"dagbag.py","lineno":593}
{"timestamp":"2025-12-24T22:45:39.307822Z","level":"warning","event":"The `airflow.decorators.dag` attribute is deprecated. Please use `'airflow.sdk.dag'`.","category":"DeprecatedImportWarning","filename":"/opt/airflow/dags/dag.py","lineno":1,"logger":"py.warnings"}
{"timestamp":"2025-12-24T22:45:39.308050Z","level":"warning","event":"The `airflow.decorators.task` attribute is deprecated. Please use `'airflow.sdk.task'`.","category":"DeprecatedImportWarning","filename":"/opt/airflow/dags/dag.py","lineno":2,"logger":"py.warnings"}
{"timestamp":"2025-12-24T22:45:39.308078Z","level":"warning","event":"The `airflow.operators.empty.EmptyOperator` attribute is deprecated. Please use `'airflow.providers.standard.operators.empty.EmptyOperator'`.","category":"DeprecatedImportWarning","filename":"/opt/airflow/dags/dag.py","lineno":3,"logger":"py.warnings"}
{"timestamp":"2025-12-24T22:45:39.308100Z","level":"warning","event":"The `airflow.operators.python.get_current_context` attribute is deprecated. Please use `'airflow.sdk.get_current_context'`.","category":"DeprecatedImportWarning","filename":"/opt/airflow/dags/dag.py","lineno":5,"logger":"py.warnings"}
{"timestamp":"2025-12-24T22:45:39.308132Z","level":"warning","event":"The `airflow.models.param.Param` attribute is deprecated. Please use `'airflow.sdk.Param'`.","category":"DeprecatedImportWarning","filename":"/opt/airflow/dags/dag.py","lineno":10,"logger":"py.warnings"}
{"timestamp":"2025-12-24T22:45:39.308151Z","level":"warning","event":"The `airflow.operators.python.get_current_context` attribute is deprecated. Please use `'airflow.sdk.get_current_context'`.","category":"DeprecatedImportWarning","filename":"/opt/airflow/dags/dag.py","lineno":18,"logger":"py.warnings"}
{"timestamp":"2025-12-24T23:01:42.657838Z","level":"info","event":"Filling up the DagBag from /opt/airflow/dags/dag.py","logger":"airflow.models.dagbag.DagBag","filename":"dagbag.py","lineno":593}
{"timestamp":"2025-12-24T23:01:42.714984Z","level":"warning","event":"The `airflow.decorators.dag` attribute is deprecated. Please use `'airflow.sdk.dag'`.","category":"DeprecatedImportWarning","filename":"/opt/airflow/dags/dag.py","lineno":1,"logger":"py.warnings"}
{"timestamp":"2025-12-24T23:01:42.715071Z","level":"warning","event":"The `airflow.decorators.task` attribute is deprecated. Please use `'airflow.sdk.task'`.","category":"DeprecatedImportWarning","filename":"/opt/airflow/dags/dag.py","lineno":2,"logger":"py.warnings"}
{"timestamp":"2025-12-24T23:01:42.715098Z","level":"warning","event":"The `airflow.operators.empty.EmptyOperator` attribute is deprecated. Please use `'airflow.providers.standard.operators.empty.EmptyOperator'`.","category":"DeprecatedImportWarning","filename":"/opt/airflow/dags/dag.py","lineno":3,"logger":"py.warnings"}
{"timestamp":"2025-12-24T23:01:42.715119Z","level":"warning","event":"The `airflow.operators.python.get_current_context` attribute is deprecated. Please use `'airflow.sdk.get_current_context'`.","category":"DeprecatedImportWarning","filename":"/opt/airflow/dags/dag.py","lineno":5,"logger":"py.warnings"}
{"timestamp":"2025-12-24T23:01:42.715149Z","level":"warning","event":"The `airflow.models.param.Param` attribute is deprecated. Please use `'airflow.sdk.Param'`.","category":"DeprecatedImportWarning","filename":"/opt/airflow/dags/dag.py","lineno":10,"logger":"py.warnings"}
{"timestamp":"2025-12-24T23:01:42.715168Z","level":"warning","event":"The `airflow.operators.python.get_current_context` attribute is deprecated. Please use `'airflow.sdk.get_current_context'`.","category":"DeprecatedImportWarning","filename":"/opt/airflow/dags/dag.py","lineno":18,"logger":"py.warnings"}
{"timestamp":"2025-12-24T23:20:39.608085Z","level":"info","event":"Filling up the DagBag from /opt/airflow/dags/dag.py","logger":"airflow.models.dagbag.DagBag","filename":"dagbag.py","lineno":593}
{"timestamp":"2025-12-24T23:20:39.653756Z","level":"warning","event":"The `airflow.decorators.dag` attribute is deprecated. Please use `'airflow.sdk.dag'`.","category":"DeprecatedImportWarning","filename":"/opt/airflow/dags/dag.py","lineno":1,"logger":"py.warnings"}
{"timestamp":"2025-12-24T23:20:39.653828Z","level":"warning","event":"The `airflow.decorators.task` attribute is deprecated. Please use `'airflow.sdk.task'`.","category":"DeprecatedImportWarning","filename":"/opt/airflow/dags/dag.py","lineno":2,"logger":"py.warnings"}
{"timestamp":"2025-12-24T23:20:39.653853Z","level":"warning","event":"The `airflow.operators.empty.EmptyOperator` attribute is deprecated. Please use `'airflow.providers.standard.operators.empty.EmptyOperator'`.","category":"DeprecatedImportWarning","filename":"/opt/airflow/dags/dag.py","lineno":3,"logger":"py.warnings"}
{"timestamp":"2025-12-24T23:20:39.653879Z","level":"warning","event":"The `airflow.operators.python.get_current_context` attribute is deprecated. Please use `'airflow.sdk.get_current_context'`.","category":"DeprecatedImportWarning","filename":"/opt/airflow/dags/dag.py","lineno":5,"logger":"py.warnings"}
{"timestamp":"2025-12-24T23:20:39.653904Z","level":"warning","event":"The `airflow.models.param.Param` attribute is deprecated. Please use `'airflow.sdk.Param'`.","category":"DeprecatedImportWarning","filename":"/opt/airflow/dags/dag.py","lineno":10,"logger":"py.warnings"}
{"timestamp":"2025-12-24T23:20:39.653921Z","level":"warning","event":"The `airflow.operators.python.get_current_context` attribute is deprecated. Please use `'airflow.sdk.get_current_context'`.","category":"DeprecatedImportWarning","filename":"/opt/airflow/dags/dag.py","lineno":18,"logger":"py.warnings"}
{"timestamp":"2025-12-24T23:37:27.909597Z","level":"info","event":"Filling up the DagBag from /opt/airflow/dags/dag.py","logger":"airflow.models.dagbag.DagBag","filename":"dagbag.py","lineno":593}
{"timestamp":"2025-12-24T23:37:27.960082Z","level":"warning","event":"The `airflow.decorators.dag` attribute is deprecated. Please use `'airflow.sdk.dag'`.","category":"DeprecatedImportWarning","filename":"/opt/airflow/dags/dag.py","lineno":1,"logger":"py.warnings"}
{"timestamp":"2025-12-24T23:37:27.960159Z","level":"warning","event":"The `airflow.decorators.task` attribute is deprecated. Please use `'airflow.sdk.task'`.","category":"DeprecatedImportWarning","filename":"/opt/airflow/dags/dag.py","lineno":2,"logger":"py.warnings"}
{"timestamp":"2025-12-24T23:37:27.960184Z","level":"warning","event":"The `airflow.operators.empty.EmptyOperator` attribute is deprecated. Please use `'airflow.providers.standard.operators.empty.EmptyOperator'`.","category":"DeprecatedImportWarning","filename":"/opt/airflow/dags/dag.py","lineno":3,"logger":"py.warnings"}
{"timestamp":"2025-12-24T23:37:27.960204Z","level":"warning","event":"The `airflow.operators.python.get_current_context` attribute is deprecated. Please use `'airflow.sdk.get_current_context'`.","category":"DeprecatedImportWarning","filename":"/opt/airflow/dags/dag.py","lineno":5,"logger":"py.warnings"}
{"timestamp":"2025-12-24T23:37:27.960239Z","level":"warning","event":"The `airflow.models.param.Param` attribute is deprecated. Please use `'airflow.sdk.Param'`.","category":"DeprecatedImportWarning","filename":"/opt/airflow/dags/dag.py","lineno":10,"logger":"py.warnings"}
{"timestamp":"2025-12-24T23:37:27.960258Z","level":"warning","event":"The `airflow.operators.python.get_current_context` attribute is deprecated. Please use `'airflow.sdk.get_current_context'`.","category":"DeprecatedImportWarning","filename":"/opt/airflow/dags/dag.py","lineno":18,"logger":"py.warnings"}
{"timestamp":"2025-12-24T23:53:32.159839Z","level":"info","event":"Filling up the DagBag from /opt/airflow/dags/dag.py","logger":"airflow.models.dagbag.DagBag","filename":"dagbag.py","lineno":593}
{"timestamp":"2025-12-24T23:53:32.210948Z","level":"warning","event":"The `airflow.decorators.dag` attribute is deprecated. Please use `'airflow.sdk.dag'`.","category":"DeprecatedImportWarning","filename":"/opt/airflow/dags/dag.py","lineno":1,"logger":"py.warnings"}
{"timestamp":"2025-12-24T23:53:32.211023Z","level":"warning","event":"The `airflow.decorators.task` attribute is deprecated. Please use `'airflow.sdk.task'`.","category":"DeprecatedImportWarning","filename":"/opt/airflow/dags/dag.py","lineno":2,"logger":"py.warnings"}
{"timestamp":"2025-12-24T23:53:32.211054Z","level":"warning","event":"The `airflow.operators.empty.EmptyOperator` attribute is deprecated. Please use `'airflow.providers.standard.operators.empty.EmptyOperator'`.","category":"DeprecatedImportWarning","filename":"/opt/airflow/dags/dag.py","lineno":3,"logger":"py.warnings"}
{"timestamp":"2025-12-24T23:53:32.211073Z","level":"warning","event":"The `airflow.operators.python.get_current_context` attribute is deprecated. Please use `'airflow.sdk.get_current_context'`.","category":"DeprecatedImportWarning","filename":"/opt/airflow/dags/dag.py","lineno":5,"logger":"py.warnings"}
{"timestamp":"2025-12-24T23:53:32.211107Z","level":"warning","event":"The `airflow.models.param.Param` attribute is deprecated. Please use `'airflow.sdk.Param'`.","category":"DeprecatedImportWarning","filename":"/opt/airflow/dags/dag.py","lineno":10,"logger":"py.warnings"}
{"timestamp":"2025-12-24T23:53:32.211137Z","level":"warning","event":"The `airflow.operators.python.get_current_context` attribute is deprecated. Please use `'airflow.sdk.get_current_context'`.","category":"DeprecatedImportWarning","filename":"/opt/airflow/dags/dag.py","lineno":18,"logger":"py.warnings"}
{"timestamp":"2025-12-24T23:54:02.683170Z","level":"info","event":"Filling up the DagBag from /opt/airflow/dags/dag.py","logger":"airflow.models.dagbag.DagBag","filename":"dagbag.py","lineno":593}
{"timestamp":"2025-12-24T23:54:02.725476Z","level":"warning","event":"The `airflow.decorators.dag` attribute is deprecated. Please use `'airflow.sdk.dag'`.","category":"DeprecatedImportWarning","filename":"/opt/airflow/dags/dag.py","lineno":1,"logger":"py.warnings"}
{"timestamp":"2025-12-24T23:54:02.725535Z","level":"warning","event":"The `airflow.decorators.task` attribute is deprecated. Please use `'airflow.sdk.task'`.","category":"DeprecatedImportWarning","filename":"/opt/airflow/dags/dag.py","lineno":2,"logger":"py.warnings"}
{"timestamp":"2025-12-24T23:54:02.725555Z","level":"warning","event":"The `airflow.operators.empty.EmptyOperator` attribute is deprecated. Please use `'airflow.providers.standard.operators.empty.EmptyOperator'`.","category":"DeprecatedImportWarning","filename":"/opt/airflow/dags/dag.py","lineno":3,"logger":"py.warnings"}
{"timestamp":"2025-12-24T23:54:02.725574Z","level":"warning","event":"The `airflow.operators.python.get_current_context` attribute is deprecated. Please use `'airflow.sdk.get_current_context'`.","category":"DeprecatedImportWarning","filename":"/opt/airflow/dags/dag.py","lineno":5,"logger":"py.warnings"}
{"timestamp":"2025-12-24T23:54:02.725596Z","level":"warning","event":"The `airflow.models.param.Param` attribute is deprecated. Please use `'airflow.sdk.Param'`.","category":"DeprecatedImportWarning","filename":"/opt/airflow/dags/dag.py","lineno":10,"logger":"py.warnings"}
{"timestamp":"2025-12-24T23:54:02.725613Z","level":"warning","event":"The `airflow.operators.python.get_current_context` attribute is deprecated. Please use `'airflow.sdk.get_current_context'`.","category":"DeprecatedImportWarning","filename":"/opt/airflow/dags/dag.py","lineno":18,"logger":"py.warnings"}
{"timestamp":"2025-12-24T23:54:33.137045Z","level":"info","event":"Filling up the DagBag from /opt/airflow/dags/dag.py","logger":"airflow.models.dagbag.DagBag","filename":"dagbag.py","lineno":593}
{"timestamp":"2025-12-24T23:54:33.172514Z","level":"warning","event":"The `airflow.decorators.dag` attribute is deprecated. Please use `'airflow.sdk.dag'`.","category":"DeprecatedImportWarning","filename":"/opt/airflow/dags/dag.py","lineno":1,"logger":"py.warnings"}
{"timestamp":"2025-12-24T23:54:33.172585Z","level":"warning","event":"The `airflow.decorators.task` attribute is deprecated. Please use `'airflow.sdk.task'`.","category":"DeprecatedImportWarning","filename":"/opt/airflow/dags/dag.py","lineno":2,"logger":"py.warnings"}
{"timestamp":"2025-12-24T23:54:33.172611Z","level":"warning","event":"The `airflow.operators.empty.EmptyOperator` attribute is deprecated. Please use `'airflow.providers.standard.operators.empty.EmptyOperator'`.","category":"DeprecatedImportWarning","filename":"/opt/airflow/dags/dag.py","lineno":3,"logger":"py.warnings"}
{"timestamp":"2025-12-24T23:54:33.172632Z","level":"warning","event":"The `airflow.operators.python.get_current_context` attribute is deprecated. Please use `'airflow.sdk.get_current_context'`.","category":"DeprecatedImportWarning","filename":"/opt/airflow/dags/dag.py","lineno":5,"logger":"py.warnings"}
{"timestamp":"2025-12-24T23:54:33.172660Z","level":"warning","event":"The `airflow.models.param.Param` attribute is deprecated. Please use `'airflow.sdk.Param'`.","category":"DeprecatedImportWarning","filename":"/opt/airflow/dags/dag.py","lineno":10,"logger":"py.warnings"}
{"timestamp":"2025-12-24T23:54:33.172690Z","level":"warning","event":"The `airflow.operators.python.get_current_context` attribute is deprecated. Please use `'airflow.sdk.get_current_context'`.","category":"DeprecatedImportWarning","filename":"/opt/airflow/dags/dag.py","lineno":18,"logger":"py.warnings"}
{"timestamp":"2025-12-24T23:55:03.570285Z","level":"info","event":"Filling up the DagBag from /opt/airflow/dags/dag.py","logger":"airflow.models.dagbag.DagBag","filename":"dagbag.py","lineno":593}
{"timestamp":"2025-12-24T23:55:03.601268Z","level":"warning","event":"The `airflow.decorators.dag` attribute is deprecated. Please use `'airflow.sdk.dag'`.","category":"DeprecatedImportWarning","filename":"/opt/airflow/dags/dag.py","lineno":1,"logger":"py.warnings"}
{"timestamp":"2025-12-24T23:55:03.601323Z","level":"warning","event":"The `airflow.decorators.task` attribute is deprecated. Please use `'airflow.sdk.task'`.","category":"DeprecatedImportWarning","filename":"/opt/airflow/dags/dag.py","lineno":2,"logger":"py.warnings"}
{"timestamp":"2025-12-24T23:55:03.601349Z","level":"warning","event":"The `airflow.operators.empty.EmptyOperator` attribute is deprecated. Please use `'airflow.providers.standard.operators.empty.EmptyOperator'`.","category":"DeprecatedImportWarning","filename":"/opt/airflow/dags/dag.py","lineno":3,"logger":"py.warnings"}
{"timestamp":"2025-12-24T23:55:03.601371Z","level":"warning","event":"The `airflow.operators.python.get_current_context` attribute is deprecated. Please use `'airflow.sdk.get_current_context'`.","category":"DeprecatedImportWarning","filename":"/opt/airflow/dags/dag.py","lineno":5,"logger":"py.warnings"}
{"timestamp":"2025-12-24T23:55:03.601395Z","level":"warning","event":"The `airflow.models.param.Param` attribute is deprecated. Please use `'airflow.sdk.Param'`.","category":"DeprecatedImportWarning","filename":"/opt/airflow/dags/dag.py","lineno":10,"logger":"py.warnings"}
{"timestamp":"2025-12-24T23:55:03.601416Z","level":"warning","event":"The `airflow.operators.python.get_current_context` attribute is deprecated. Please use `'airflow.sdk.get_current_context'`.","category":"DeprecatedImportWarning","filename":"/opt/airflow/dags/dag.py","lineno":18,"logger":"py.warnings"}
{"timestamp":"2025-12-24T23:55:33.977243Z","level":"info","event":"Filling up the DagBag from /opt/airflow/dags/dag.py","logger":"airflow.models.dagbag.DagBag","filename":"dagbag.py","lineno":593}
{"timestamp":"2025-12-24T23:55:34.027963Z","level":"warning","event":"The `airflow.decorators.dag` attribute is deprecated. Please use `'airflow.sdk.dag'`.","category":"DeprecatedImportWarning","filename":"/opt/airflow/dags/dag.py","lineno":1,"logger":"py.warnings"}
{"timestamp":"2025-12-24T23:55:34.028037Z","level":"warning","event":"The `airflow.decorators.task` attribute is deprecated. Please use `'airflow.sdk.task'`.","category":"DeprecatedImportWarning","filename":"/opt/airflow/dags/dag.py","lineno":2,"logger":"py.warnings"}
{"timestamp":"2025-12-24T23:55:34.028061Z","level":"warning","event":"The `airflow.operators.empty.EmptyOperator` attribute is deprecated. Please use `'airflow.providers.standard.operators.empty.EmptyOperator'`.","category":"DeprecatedImportWarning","filename":"/opt/airflow/dags/dag.py","lineno":3,"logger":"py.warnings"}
{"timestamp":"2025-12-24T23:55:34.028080Z","level":"warning","event":"The `airflow.operators.python.get_current_context` attribute is deprecated. Please use `'airflow.sdk.get_current_context'`.","category":"DeprecatedImportWarning","filename":"/opt/airflow/dags/dag.py","lineno":5,"logger":"py.warnings"}
{"timestamp":"2025-12-24T23:55:34.028099Z","level":"warning","event":"The `airflow.models.param.Param` attribute is deprecated. Please use `'airflow.sdk.Param'`.","category":"DeprecatedImportWarning","filename":"/opt/airflow/dags/dag.py","lineno":10,"logger":"py.warnings"}
{"timestamp":"2025-12-24T23:55:34.028116Z","level":"warning","event":"The `airflow.operators.python.get_current_context` attribute is deprecated. Please use `'airflow.sdk.get_current_context'`.","category":"DeprecatedImportWarning","filename":"/opt/airflow/dags/dag.py","lineno":18,"logger":"py.warnings"}
{"timestamp":"2025-12-24T23:56:04.420906Z","level":"info","event":"Filling up the DagBag from /opt/airflow/dags/dag.py","logger":"airflow.models.dagbag.DagBag","filename":"dagbag.py","lineno":593}
{"timestamp":"2025-12-24T23:56:04.458620Z","level":"warning","event":"The `airflow.decorators.dag` attribute is deprecated. Please use `'airflow.sdk.dag'`.","category":"DeprecatedImportWarning","filename":"/opt/airflow/dags/dag.py","lineno":1,"logger":"py.warnings"}
{"timestamp":"2025-12-24T23:56:04.458679Z","level":"warning","event":"The `airflow.decorators.task` attribute is deprecated. Please use `'airflow.sdk.task'`.","category":"DeprecatedImportWarning","filename":"/opt/airflow/dags/dag.py","lineno":2,"logger":"py.warnings"}
{"timestamp":"2025-12-24T23:56:04.458720Z","level":"warning","event":"The `airflow.operators.empty.EmptyOperator` attribute is deprecated. Please use `'airflow.providers.standard.operators.empty.EmptyOperator'`.","category":"DeprecatedImportWarning","filename":"/opt/airflow/dags/dag.py","lineno":3,"logger":"py.warnings"}
{"timestamp":"2025-12-24T23:56:04.458744Z","level":"warning","event":"The `airflow.operators.python.get_current_context` attribute is deprecated. Please use `'airflow.sdk.get_current_context'`.","category":"DeprecatedImportWarning","filename":"/opt/airflow/dags/dag.py","lineno":5,"logger":"py.warnings"}
{"timestamp":"2025-12-24T23:56:04.458776Z","level":"warning","event":"The `airflow.models.param.Param` attribute is deprecated. Please use `'airflow.sdk.Param'`.","category":"DeprecatedImportWarning","filename":"/opt/airflow/dags/dag.py","lineno":10,"logger":"py.warnings"}
{"timestamp":"2025-12-24T23:56:04.458796Z","level":"warning","event":"The `airflow.operators.python.get_current_context` attribute is deprecated. Please use `'airflow.sdk.get_current_context'`.","category":"DeprecatedImportWarning","filename":"/opt/airflow/dags/dag.py","lineno":18,"logger":"py.warnings"}
{"timestamp":"2025-12-24T23:56:34.832533Z","level":"info","event":"Filling up the DagBag from /opt/airflow/dags/dag.py","logger":"airflow.models.dagbag.DagBag","filename":"dagbag.py","lineno":593}
{"timestamp":"2025-12-24T23:56:34.862451Z","level":"warning","event":"The `airflow.decorators.dag` attribute is deprecated. Please use `'airflow.sdk.dag'`.","category":"DeprecatedImportWarning","filename":"/opt/airflow/dags/dag.py","lineno":1,"logger":"py.warnings"}
{"timestamp":"2025-12-24T23:56:34.862509Z","level":"warning","event":"The `airflow.decorators.task` attribute is deprecated. Please use `'airflow.sdk.task'`.","category":"DeprecatedImportWarning","filename":"/opt/airflow/dags/dag.py","lineno":2,"logger":"py.warnings"}
{"timestamp":"2025-12-24T23:56:34.862535Z","level":"warning","event":"The `airflow.operators.empty.EmptyOperator` attribute is deprecated. Please use `'airflow.providers.standard.operators.empty.EmptyOperator'`.","category":"DeprecatedImportWarning","filename":"/opt/airflow/dags/dag.py","lineno":3,"logger":"py.warnings"}
{"timestamp":"2025-12-24T23:56:34.862558Z","level":"warning","event":"The `airflow.operators.python.get_current_context` attribute is deprecated. Please use `'airflow.sdk.get_current_context'`.","category":"DeprecatedImportWarning","filename":"/opt/airflow/dags/dag.py","lineno":5,"logger":"py.warnings"}
{"timestamp":"2025-12-24T23:56:34.862583Z","level":"warning","event":"The `airflow.models.param.Param` attribute is deprecated. Please use `'airflow.sdk.Param'`.","category":"DeprecatedImportWarning","filename":"/opt/airflow/dags/dag.py","lineno":10,"logger":"py.warnings"}
{"timestamp":"2025-12-24T23:56:34.862604Z","level":"warning","event":"The `airflow.operators.python.get_current_context` attribute is deprecated. Please use `'airflow.sdk.get_current_context'`.","category":"DeprecatedImportWarning","filename":"/opt/airflow/dags/dag.py","lineno":18,"logger":"py.warnings"}
{"timestamp":"2025-12-24T23:57:05.186481Z","level":"info","event":"Filling up the DagBag from /opt/airflow/dags/dag.py","logger":"airflow.models.dagbag.DagBag","filename":"dagbag.py","lineno":593}
{"timestamp":"2025-12-24T23:57:05.220868Z","level":"warning","event":"The `airflow.decorators.dag` attribute is deprecated. Please use `'airflow.sdk.dag'`.","category":"DeprecatedImportWarning","filename":"/opt/airflow/dags/dag.py","lineno":1,"logger":"py.warnings"}
{"timestamp":"2025-12-24T23:57:05.221048Z","level":"warning","event":"The `airflow.decorators.task` attribute is deprecated. Please use `'airflow.sdk.task'`.","category":"DeprecatedImportWarning","filename":"/opt/airflow/dags/dag.py","lineno":2,"logger":"py.warnings"}
{"timestamp":"2025-12-24T23:57:05.221093Z","level":"warning","event":"The `airflow.operators.empty.EmptyOperator` attribute is deprecated. Please use `'airflow.providers.standard.operators.empty.EmptyOperator'`.","category":"DeprecatedImportWarning","filename":"/opt/airflow/dags/dag.py","lineno":3,"logger":"py.warnings"}
{"timestamp":"2025-12-24T23:57:05.221115Z","level":"warning","event":"The `airflow.operators.python.get_current_context` attribute is deprecated. Please use `'airflow.sdk.get_current_context'`.","category":"DeprecatedImportWarning","filename":"/opt/airflow/dags/dag.py","lineno":5,"logger":"py.warnings"}
{"timestamp":"2025-12-24T23:57:05.221152Z","level":"warning","event":"The `airflow.models.param.Param` attribute is deprecated. Please use `'airflow.sdk.Param'`.","category":"DeprecatedImportWarning","filename":"/opt/airflow/dags/dag.py","lineno":10,"logger":"py.warnings"}
{"timestamp":"2025-12-24T23:57:05.221174Z","level":"warning","event":"The `airflow.operators.python.get_current_context` attribute is deprecated. Please use `'airflow.sdk.get_current_context'`.","category":"DeprecatedImportWarning","filename":"/opt/airflow/dags/dag.py","lineno":18,"logger":"py.warnings"}
{"timestamp":"2025-12-24T23:57:35.638932Z","level":"info","event":"Filling up the DagBag from /opt/airflow/dags/dag.py","logger":"airflow.models.dagbag.DagBag","filename":"dagbag.py","lineno":593}
{"timestamp":"2025-12-24T23:57:35.668072Z","level":"warning","event":"The `airflow.decorators.dag` attribute is deprecated. Please use `'airflow.sdk.dag'`.","category":"DeprecatedImportWarning","filename":"/opt/airflow/dags/dag.py","lineno":1,"logger":"py.warnings"}
{"timestamp":"2025-12-24T23:57:35.668149Z","level":"warning","event":"The `airflow.decorators.task` attribute is deprecated. Please use `'airflow.sdk.task'`.","category":"DeprecatedImportWarning","filename":"/opt/airflow/dags/dag.py","lineno":2,"logger":"py.warnings"}
{"timestamp":"2025-12-24T23:57:35.668186Z","level":"warning","event":"The `airflow.operators.empty.EmptyOperator` attribute is deprecated. Please use `'airflow.providers.standard.operators.empty.EmptyOperator'`.","category":"DeprecatedImportWarning","filename":"/opt/airflow/dags/dag.py","lineno":3,"logger":"py.warnings"}
{"timestamp":"2025-12-24T23:57:35.668210Z","level":"warning","event":"The `airflow.operators.python.get_current_context` attribute is deprecated. Please use `'airflow.sdk.get_current_context'`.","category":"DeprecatedImportWarning","filename":"/opt/airflow/dags/dag.py","lineno":5,"logger":"py.warnings"}
{"timestamp":"2025-12-24T23:57:35.668236Z","level":"warning","event":"The `airflow.models.param.Param` attribute is deprecated. Please use `'airflow.sdk.Param'`.","category":"DeprecatedImportWarning","filename":"/opt/airflow/dags/dag.py","lineno":10,"logger":"py.warnings"}
{"timestamp":"2025-12-24T23:57:35.668257Z","level":"warning","event":"The `airflow.operators.python.get_current_context` attribute is deprecated. Please use `'airflow.sdk.get_current_context'`.","category":"DeprecatedImportWarning","filename":"/opt/airflow/dags/dag.py","lineno":18,"logger":"py.warnings"}
{"timestamp":"2025-12-24T23:58:06.032474Z","level":"info","event":"Filling up the DagBag from /opt/airflow/dags/dag.py","logger":"airflow.models.dagbag.DagBag","filename":"dagbag.py","lineno":593}
{"timestamp":"2025-12-24T23:58:06.062656Z","level":"warning","event":"The `airflow.decorators.dag` attribute is deprecated. Please use `'airflow.sdk.dag'`.","category":"DeprecatedImportWarning","filename":"/opt/airflow/dags/dag.py","lineno":1,"logger":"py.warnings"}
{"timestamp":"2025-12-24T23:58:06.063273Z","level":"warning","event":"The `airflow.decorators.task` attribute is deprecated. Please use `'airflow.sdk.task'`.","category":"DeprecatedImportWarning","filename":"/opt/airflow/dags/dag.py","lineno":2,"logger":"py.warnings"}
{"timestamp":"2025-12-24T23:58:06.063336Z","level":"warning","event":"The `airflow.operators.empty.EmptyOperator` attribute is deprecated. Please use `'airflow.providers.standard.operators.empty.EmptyOperator'`.","category":"DeprecatedImportWarning","filename":"/opt/airflow/dags/dag.py","lineno":3,"logger":"py.warnings"}
{"timestamp":"2025-12-24T23:58:06.063538Z","level":"warning","event":"The `airflow.operators.python.get_current_context` attribute is deprecated. Please use `'airflow.sdk.get_current_context'`.","category":"DeprecatedImportWarning","filename":"/opt/airflow/dags/dag.py","lineno":5,"logger":"py.warnings"}
{"timestamp":"2025-12-24T23:58:06.063570Z","level":"warning","event":"The `airflow.models.param.Param` attribute is deprecated. Please use `'airflow.sdk.Param'`.","category":"DeprecatedImportWarning","filename":"/opt/airflow/dags/dag.py","lineno":10,"logger":"py.warnings"}
{"timestamp":"2025-12-24T23:58:06.063591Z","level":"warning","event":"The `airflow.operators.python.get_current_context` attribute is deprecated. Please use `'airflow.sdk.get_current_context'`.","category":"DeprecatedImportWarning","filename":"/opt/airflow/dags/dag.py","lineno":18,"logger":"py.warnings"}
{"timestamp":"2025-12-24T23:58:36.437163Z","level":"info","event":"Filling up the DagBag from /opt/airflow/dags/dag.py","logger":"airflow.models.dagbag.DagBag","filename":"dagbag.py","lineno":593}
{"timestamp":"2025-12-24T23:58:36.481884Z","level":"warning","event":"The `airflow.decorators.dag` attribute is deprecated. Please use `'airflow.sdk.dag'`.","category":"DeprecatedImportWarning","filename":"/opt/airflow/dags/dag.py","lineno":1,"logger":"py.warnings"}
{"timestamp":"2025-12-24T23:58:36.481951Z","level":"warning","event":"The `airflow.decorators.task` attribute is deprecated. Please use `'airflow.sdk.task'`.","category":"DeprecatedImportWarning","filename":"/opt/airflow/dags/dag.py","lineno":2,"logger":"py.warnings"}
{"timestamp":"2025-12-24T23:58:36.481974Z","level":"warning","event":"The `airflow.operators.empty.EmptyOperator` attribute is deprecated. Please use `'airflow.providers.standard.operators.empty.EmptyOperator'`.","category":"DeprecatedImportWarning","filename":"/opt/airflow/dags/dag.py","lineno":3,"logger":"py.warnings"}
{"timestamp":"2025-12-24T23:58:36.481995Z","level":"warning","event":"The `airflow.operators.python.get_current_context` attribute is deprecated. Please use `'airflow.sdk.get_current_context'`.","category":"DeprecatedImportWarning","filename":"/opt/airflow/dags/dag.py","lineno":5,"logger":"py.warnings"}
{"timestamp":"2025-12-24T23:58:36.482021Z","level":"warning","event":"The `airflow.models.param.Param` attribute is deprecated. Please use `'airflow.sdk.Param'`.","category":"DeprecatedImportWarning","filename":"/opt/airflow/dags/dag.py","lineno":10,"logger":"py.warnings"}
{"timestamp":"2025-12-24T23:58:36.482040Z","level":"warning","event":"The `airflow.operators.python.get_current_context` attribute is deprecated. Please use `'airflow.sdk.get_current_context'`.","category":"DeprecatedImportWarning","filename":"/opt/airflow/dags/dag.py","lineno":18,"logger":"py.warnings"}
{"timestamp":"2025-12-24T23:59:06.838470Z","level":"info","event":"Filling up the DagBag from /opt/airflow/dags/dag.py","logger":"airflow.models.dagbag.DagBag","filename":"dagbag.py","lineno":593}
{"timestamp":"2025-12-24T23:59:06.863878Z","level":"warning","event":"The `airflow.decorators.dag` attribute is deprecated. Please use `'airflow.sdk.dag'`.","category":"DeprecatedImportWarning","filename":"/opt/airflow/dags/dag.py","lineno":1,"logger":"py.warnings"}
{"timestamp":"2025-12-24T23:59:06.863941Z","level":"warning","event":"The `airflow.decorators.task` attribute is deprecated. Please use `'airflow.sdk.task'`.","category":"DeprecatedImportWarning","filename":"/opt/airflow/dags/dag.py","lineno":2,"logger":"py.warnings"}
{"timestamp":"2025-12-24T23:59:06.863969Z","level":"warning","event":"The `airflow.operators.empty.EmptyOperator` attribute is deprecated. Please use `'airflow.providers.standard.operators.empty.EmptyOperator'`.","category":"DeprecatedImportWarning","filename":"/opt/airflow/dags/dag.py","lineno":3,"logger":"py.warnings"}
{"timestamp":"2025-12-24T23:59:06.863993Z","level":"warning","event":"The `airflow.operators.python.get_current_context` attribute is deprecated. Please use `'airflow.sdk.get_current_context'`.","category":"DeprecatedImportWarning","filename":"/opt/airflow/dags/dag.py","lineno":5,"logger":"py.warnings"}
{"timestamp":"2025-12-24T23:59:06.864017Z","level":"warning","event":"The `airflow.models.param.Param` attribute is deprecated. Please use `'airflow.sdk.Param'`.","category":"DeprecatedImportWarning","filename":"/opt/airflow/dags/dag.py","lineno":10,"logger":"py.warnings"}
{"timestamp":"2025-12-24T23:59:06.864038Z","level":"warning","event":"The `airflow.operators.python.get_current_context` attribute is deprecated. Please use `'airflow.sdk.get_current_context'`.","category":"DeprecatedImportWarning","filename":"/opt/airflow/dags/dag.py","lineno":18,"logger":"py.warnings"}
{"timestamp":"2025-12-24T23:59:37.275938Z","level":"info","event":"Filling up the DagBag from /opt/airflow/dags/dag.py","logger":"airflow.models.dagbag.DagBag","filename":"dagbag.py","lineno":593}
{"timestamp":"2025-12-24T23:59:37.310981Z","level":"warning","event":"The `airflow.decorators.dag` attribute is deprecated. Please use `'airflow.sdk.dag'`.","category":"DeprecatedImportWarning","filename":"/opt/airflow/dags/dag.py","lineno":1,"logger":"py.warnings"}
{"timestamp":"2025-12-24T23:59:37.311042Z","level":"warning","event":"The `airflow.decorators.task` attribute is deprecated. Please use `'airflow.sdk.task'`.","category":"DeprecatedImportWarning","filename":"/opt/airflow/dags/dag.py","lineno":2,"logger":"py.warnings"}
{"timestamp":"2025-12-24T23:59:37.311065Z","level":"warning","event":"The `airflow.operators.empty.EmptyOperator` attribute is deprecated. Please use `'airflow.providers.standard.operators.empty.EmptyOperator'`.","category":"DeprecatedImportWarning","filename":"/opt/airflow/dags/dag.py","lineno":3,"logger":"py.warnings"}
{"timestamp":"2025-12-24T23:59:37.311086Z","level":"warning","event":"The `airflow.operators.python.get_current_context` attribute is deprecated. Please use `'airflow.sdk.get_current_context'`.","category":"DeprecatedImportWarning","filename":"/opt/airflow/dags/dag.py","lineno":5,"logger":"py.warnings"}
{"timestamp":"2025-12-24T23:59:37.311119Z","level":"warning","event":"The `airflow.models.param.Param` attribute is deprecated. Please use `'airflow.sdk.Param'`.","category":"DeprecatedImportWarning","filename":"/opt/airflow/dags/dag.py","lineno":10,"logger":"py.warnings"}
{"timestamp":"2025-12-24T23:59:37.311139Z","level":"warning","event":"The `airflow.operators.python.get_current_context` attribute is deprecated. Please use `'airflow.sdk.get_current_context'`.","category":"DeprecatedImportWarning","filename":"/opt/airflow/dags/dag.py","lineno":18,"logger":"py.warnings"}
