{"timestamp":"2025-12-09T00:06:49.937858Z","level":"info","event":"Filling up the DagBag from /opt/airflow/dags/dag.py","logger":"airflow.models.dagbag.DagBag","filename":"dagbag.py","lineno":593}
{"timestamp":"2025-12-09T00:06:49.952296Z","level":"warning","event":"The `airflow.decorators.dag` attribute is deprecated. Please use `'airflow.sdk.dag'`.","category":"DeprecatedImportWarning","filename":"/opt/airflow/dags/dag.py","lineno":1,"logger":"py.warnings"}
{"timestamp":"2025-12-09T00:06:49.952496Z","level":"warning","event":"The `airflow.operators.empty.EmptyOperator` attribute is deprecated. Please use `'airflow.providers.standard.operators.empty.EmptyOperator'`.","category":"DeprecatedImportWarning","filename":"/opt/airflow/dags/dag.py","lineno":2,"logger":"py.warnings"}
{"timestamp":"2025-12-09T00:48:41.100239Z","level":"info","event":"Filling up the DagBag from /opt/airflow/dags/dag.py","logger":"airflow.models.dagbag.DagBag","filename":"dagbag.py","lineno":593}
{"timestamp":"2025-12-09T00:48:41.112134Z","level":"warning","event":"The `airflow.decorators.dag` attribute is deprecated. Please use `'airflow.sdk.dag'`.","category":"DeprecatedImportWarning","filename":"/opt/airflow/dags/dag.py","lineno":1,"logger":"py.warnings"}
{"timestamp":"2025-12-09T00:48:41.112315Z","level":"warning","event":"The `airflow.operators.empty.EmptyOperator` attribute is deprecated. Please use `'airflow.providers.standard.operators.empty.EmptyOperator'`.","category":"DeprecatedImportWarning","filename":"/opt/airflow/dags/dag.py","lineno":2,"logger":"py.warnings"}
{"timestamp":"2025-12-09T01:18:16.405434Z","level":"info","event":"Filling up the DagBag from /opt/airflow/dags/dag.py","logger":"airflow.models.dagbag.DagBag","filename":"dagbag.py","lineno":593}
{"timestamp":"2025-12-09T01:18:16.418993Z","level":"warning","event":"The `airflow.decorators.dag` attribute is deprecated. Please use `'airflow.sdk.dag'`.","category":"DeprecatedImportWarning","filename":"/opt/airflow/dags/dag.py","lineno":1,"logger":"py.warnings"}
{"timestamp":"2025-12-09T01:18:16.419041Z","level":"warning","event":"The `airflow.operators.empty.EmptyOperator` attribute is deprecated. Please use `'airflow.providers.standard.operators.empty.EmptyOperator'`.","category":"DeprecatedImportWarning","filename":"/opt/airflow/dags/dag.py","lineno":2,"logger":"py.warnings"}
{"timestamp":"2025-12-09T01:40:51.571516Z","level":"info","event":"Filling up the DagBag from /opt/airflow/dags/dag.py","logger":"airflow.models.dagbag.DagBag","filename":"dagbag.py","lineno":593}
{"timestamp":"2025-12-09T01:40:51.578106Z","level":"warning","event":"The `airflow.decorators.dag` attribute is deprecated. Please use `'airflow.sdk.dag'`.","category":"DeprecatedImportWarning","filename":"/opt/airflow/dags/dag.py","lineno":1,"logger":"py.warnings"}
{"timestamp":"2025-12-09T01:40:51.578179Z","level":"warning","event":"The `airflow.operators.empty.EmptyOperator` attribute is deprecated. Please use `'airflow.providers.standard.operators.empty.EmptyOperator'`.","category":"DeprecatedImportWarning","filename":"/opt/airflow/dags/dag.py","lineno":2,"logger":"py.warnings"}
{"timestamp":"2025-12-09T02:03:08.271306Z","level":"info","event":"Filling up the DagBag from /opt/airflow/dags/dag.py","logger":"airflow.models.dagbag.DagBag","filename":"dagbag.py","lineno":593}
{"timestamp":"2025-12-09T02:03:08.280054Z","level":"warning","event":"The `airflow.decorators.dag` attribute is deprecated. Please use `'airflow.sdk.dag'`.","category":"DeprecatedImportWarning","filename":"/opt/airflow/dags/dag.py","lineno":1,"logger":"py.warnings"}
{"timestamp":"2025-12-09T02:03:08.280400Z","level":"warning","event":"The `airflow.operators.empty.EmptyOperator` attribute is deprecated. Please use `'airflow.providers.standard.operators.empty.EmptyOperator'`.","category":"DeprecatedImportWarning","filename":"/opt/airflow/dags/dag.py","lineno":2,"logger":"py.warnings"}
{"timestamp":"2025-12-09T02:56:34.439932Z","level":"info","event":"Filling up the DagBag from /opt/airflow/dags/dag.py","logger":"airflow.models.dagbag.DagBag","filename":"dagbag.py","lineno":593}
{"timestamp":"2025-12-09T02:56:34.446521Z","level":"warning","event":"The `airflow.decorators.dag` attribute is deprecated. Please use `'airflow.sdk.dag'`.","category":"DeprecatedImportWarning","filename":"/opt/airflow/dags/dag.py","lineno":1,"logger":"py.warnings"}
{"timestamp":"2025-12-09T02:56:34.446568Z","level":"warning","event":"The `airflow.operators.empty.EmptyOperator` attribute is deprecated. Please use `'airflow.providers.standard.operators.empty.EmptyOperator'`.","category":"DeprecatedImportWarning","filename":"/opt/airflow/dags/dag.py","lineno":2,"logger":"py.warnings"}
{"timestamp":"2025-12-09T04:21:31.979647Z","level":"info","event":"Filling up the DagBag from /opt/airflow/dags/dag.py","logger":"airflow.models.dagbag.DagBag","filename":"dagbag.py","lineno":593}
{"timestamp":"2025-12-09T04:21:31.988679Z","level":"warning","event":"The `airflow.decorators.dag` attribute is deprecated. Please use `'airflow.sdk.dag'`.","category":"DeprecatedImportWarning","filename":"/opt/airflow/dags/dag.py","lineno":1,"logger":"py.warnings"}
{"timestamp":"2025-12-09T04:21:31.989003Z","level":"warning","event":"The `airflow.operators.empty.EmptyOperator` attribute is deprecated. Please use `'airflow.providers.standard.operators.empty.EmptyOperator'`.","category":"DeprecatedImportWarning","filename":"/opt/airflow/dags/dag.py","lineno":2,"logger":"py.warnings"}
{"timestamp":"2025-12-09T05:37:43.874447Z","level":"info","event":"Filling up the DagBag from /opt/airflow/dags/dag.py","logger":"airflow.models.dagbag.DagBag","filename":"dagbag.py","lineno":593}
{"timestamp":"2025-12-09T05:37:43.878952Z","level":"warning","event":"The `airflow.decorators.dag` attribute is deprecated. Please use `'airflow.sdk.dag'`.","category":"DeprecatedImportWarning","filename":"/opt/airflow/dags/dag.py","lineno":1,"logger":"py.warnings"}
{"timestamp":"2025-12-09T05:37:43.879088Z","level":"warning","event":"The `airflow.operators.empty.EmptyOperator` attribute is deprecated. Please use `'airflow.providers.standard.operators.empty.EmptyOperator'`.","category":"DeprecatedImportWarning","filename":"/opt/airflow/dags/dag.py","lineno":2,"logger":"py.warnings"}
{"timestamp":"2025-12-09T06:47:20.756165Z","level":"info","event":"Filling up the DagBag from /opt/airflow/dags/dag.py","logger":"airflow.models.dagbag.DagBag","filename":"dagbag.py","lineno":593}
{"timestamp":"2025-12-09T06:47:20.763629Z","level":"warning","event":"The `airflow.decorators.dag` attribute is deprecated. Please use `'airflow.sdk.dag'`.","category":"DeprecatedImportWarning","filename":"/opt/airflow/dags/dag.py","lineno":1,"logger":"py.warnings"}
{"timestamp":"2025-12-09T06:47:20.763944Z","level":"warning","event":"The `airflow.operators.empty.EmptyOperator` attribute is deprecated. Please use `'airflow.providers.standard.operators.empty.EmptyOperator'`.","category":"DeprecatedImportWarning","filename":"/opt/airflow/dags/dag.py","lineno":2,"logger":"py.warnings"}
{"timestamp":"2025-12-09T08:28:47.835515Z","level":"info","event":"Filling up the DagBag from /opt/airflow/dags/dag.py","logger":"airflow.models.dagbag.DagBag","filename":"dagbag.py","lineno":593}
{"timestamp":"2025-12-09T08:28:47.847283Z","level":"warning","event":"The `airflow.decorators.dag` attribute is deprecated. Please use `'airflow.sdk.dag'`.","category":"DeprecatedImportWarning","filename":"/opt/airflow/dags/dag.py","lineno":1,"logger":"py.warnings"}
{"timestamp":"2025-12-09T08:28:47.847477Z","level":"warning","event":"The `airflow.operators.empty.EmptyOperator` attribute is deprecated. Please use `'airflow.providers.standard.operators.empty.EmptyOperator'`.","category":"DeprecatedImportWarning","filename":"/opt/airflow/dags/dag.py","lineno":2,"logger":"py.warnings"}
{"timestamp":"2025-12-09T09:20:59.330327Z","level":"info","event":"Filling up the DagBag from /opt/airflow/dags/dag.py","logger":"airflow.models.dagbag.DagBag","filename":"dagbag.py","lineno":593}
{"timestamp":"2025-12-09T09:20:59.339799Z","level":"warning","event":"The `airflow.decorators.dag` attribute is deprecated. Please use `'airflow.sdk.dag'`.","category":"DeprecatedImportWarning","filename":"/opt/airflow/dags/dag.py","lineno":1,"logger":"py.warnings"}
{"timestamp":"2025-12-09T09:20:59.339883Z","level":"warning","event":"The `airflow.operators.empty.EmptyOperator` attribute is deprecated. Please use `'airflow.providers.standard.operators.empty.EmptyOperator'`.","category":"DeprecatedImportWarning","filename":"/opt/airflow/dags/dag.py","lineno":2,"logger":"py.warnings"}
{"timestamp":"2025-12-09T09:37:19.139964Z","level":"info","event":"Filling up the DagBag from /opt/airflow/dags/dag.py","logger":"airflow.models.dagbag.DagBag","filename":"dagbag.py","lineno":593}
{"timestamp":"2025-12-09T09:37:19.148113Z","level":"warning","event":"The `airflow.decorators.dag` attribute is deprecated. Please use `'airflow.sdk.dag'`.","category":"DeprecatedImportWarning","filename":"/opt/airflow/dags/dag.py","lineno":1,"logger":"py.warnings"}
{"timestamp":"2025-12-09T09:37:19.148162Z","level":"warning","event":"The `airflow.operators.empty.EmptyOperator` attribute is deprecated. Please use `'airflow.providers.standard.operators.empty.EmptyOperator'`.","category":"DeprecatedImportWarning","filename":"/opt/airflow/dags/dag.py","lineno":2,"logger":"py.warnings"}
{"timestamp":"2025-12-09T10:14:45.954008Z","level":"info","event":"Filling up the DagBag from /opt/airflow/dags/dag.py","logger":"airflow.models.dagbag.DagBag","filename":"dagbag.py","lineno":593}
{"timestamp":"2025-12-09T10:14:45.960150Z","level":"warning","event":"The `airflow.decorators.dag` attribute is deprecated. Please use `'airflow.sdk.dag'`.","category":"DeprecatedImportWarning","filename":"/opt/airflow/dags/dag.py","lineno":1,"logger":"py.warnings"}
{"timestamp":"2025-12-09T10:14:45.960218Z","level":"warning","event":"The `airflow.operators.empty.EmptyOperator` attribute is deprecated. Please use `'airflow.providers.standard.operators.empty.EmptyOperator'`.","category":"DeprecatedImportWarning","filename":"/opt/airflow/dags/dag.py","lineno":2,"logger":"py.warnings"}
{"timestamp":"2025-12-09T10:20:50.222149Z","level":"info","event":"Filling up the DagBag from /opt/airflow/dags/dag.py","logger":"airflow.models.dagbag.DagBag","filename":"dagbag.py","lineno":593}
{"timestamp":"2025-12-09T10:20:50.228359Z","level":"warning","event":"The `airflow.decorators.dag` attribute is deprecated. Please use `'airflow.sdk.dag'`.","category":"DeprecatedImportWarning","filename":"/opt/airflow/dags/dag.py","lineno":1,"logger":"py.warnings"}
{"timestamp":"2025-12-09T10:20:50.228416Z","level":"warning","event":"The `airflow.operators.empty.EmptyOperator` attribute is deprecated. Please use `'airflow.providers.standard.operators.empty.EmptyOperator'`.","category":"DeprecatedImportWarning","filename":"/opt/airflow/dags/dag.py","lineno":2,"logger":"py.warnings"}
{"timestamp":"2025-12-09T10:50:15.932370Z","level":"info","event":"Filling up the DagBag from /opt/airflow/dags/dag.py","logger":"airflow.models.dagbag.DagBag","filename":"dagbag.py","lineno":593}
{"timestamp":"2025-12-09T10:50:15.948476Z","level":"warning","event":"The `airflow.decorators.dag` attribute is deprecated. Please use `'airflow.sdk.dag'`.","category":"DeprecatedImportWarning","filename":"/opt/airflow/dags/dag.py","lineno":1,"logger":"py.warnings"}
{"timestamp":"2025-12-09T10:50:15.948539Z","level":"warning","event":"The `airflow.operators.empty.EmptyOperator` attribute is deprecated. Please use `'airflow.providers.standard.operators.empty.EmptyOperator'`.","category":"DeprecatedImportWarning","filename":"/opt/airflow/dags/dag.py","lineno":2,"logger":"py.warnings"}
{"timestamp":"2025-12-09T11:06:27.974025Z","level":"info","event":"Filling up the DagBag from /opt/airflow/dags/dag.py","logger":"airflow.models.dagbag.DagBag","filename":"dagbag.py","lineno":593}
{"timestamp":"2025-12-09T11:06:27.982250Z","level":"warning","event":"The `airflow.decorators.dag` attribute is deprecated. Please use `'airflow.sdk.dag'`.","category":"DeprecatedImportWarning","filename":"/opt/airflow/dags/dag.py","lineno":1,"logger":"py.warnings"}
{"timestamp":"2025-12-09T11:06:27.982310Z","level":"warning","event":"The `airflow.operators.empty.EmptyOperator` attribute is deprecated. Please use `'airflow.providers.standard.operators.empty.EmptyOperator'`.","category":"DeprecatedImportWarning","filename":"/opt/airflow/dags/dag.py","lineno":2,"logger":"py.warnings"}
{"timestamp":"2025-12-09T11:06:58.339449Z","level":"info","event":"Filling up the DagBag from /opt/airflow/dags/dag.py","logger":"airflow.models.dagbag.DagBag","filename":"dagbag.py","lineno":593}
{"timestamp":"2025-12-09T11:06:58.344407Z","level":"warning","event":"The `airflow.decorators.dag` attribute is deprecated. Please use `'airflow.sdk.dag'`.","category":"DeprecatedImportWarning","filename":"/opt/airflow/dags/dag.py","lineno":1,"logger":"py.warnings"}
{"timestamp":"2025-12-09T11:06:58.344471Z","level":"warning","event":"The `airflow.operators.empty.EmptyOperator` attribute is deprecated. Please use `'airflow.providers.standard.operators.empty.EmptyOperator'`.","category":"DeprecatedImportWarning","filename":"/opt/airflow/dags/dag.py","lineno":2,"logger":"py.warnings"}
{"timestamp":"2025-12-09T11:07:28.697414Z","level":"info","event":"Filling up the DagBag from /opt/airflow/dags/dag.py","logger":"airflow.models.dagbag.DagBag","filename":"dagbag.py","lineno":593}
{"timestamp":"2025-12-09T11:07:28.703868Z","level":"warning","event":"The `airflow.decorators.dag` attribute is deprecated. Please use `'airflow.sdk.dag'`.","category":"DeprecatedImportWarning","filename":"/opt/airflow/dags/dag.py","lineno":1,"logger":"py.warnings"}
{"timestamp":"2025-12-09T11:07:28.703932Z","level":"warning","event":"The `airflow.operators.empty.EmptyOperator` attribute is deprecated. Please use `'airflow.providers.standard.operators.empty.EmptyOperator'`.","category":"DeprecatedImportWarning","filename":"/opt/airflow/dags/dag.py","lineno":2,"logger":"py.warnings"}
{"timestamp":"2025-12-09T11:07:59.106949Z","level":"info","event":"Filling up the DagBag from /opt/airflow/dags/dag.py","logger":"airflow.models.dagbag.DagBag","filename":"dagbag.py","lineno":593}
{"timestamp":"2025-12-09T11:07:59.115629Z","level":"warning","event":"The `airflow.decorators.dag` attribute is deprecated. Please use `'airflow.sdk.dag'`.","category":"DeprecatedImportWarning","filename":"/opt/airflow/dags/dag.py","lineno":1,"logger":"py.warnings"}
{"timestamp":"2025-12-09T11:07:59.115688Z","level":"warning","event":"The `airflow.operators.empty.EmptyOperator` attribute is deprecated. Please use `'airflow.providers.standard.operators.empty.EmptyOperator'`.","category":"DeprecatedImportWarning","filename":"/opt/airflow/dags/dag.py","lineno":2,"logger":"py.warnings"}
{"timestamp":"2025-12-09T11:08:29.419986Z","level":"info","event":"Filling up the DagBag from /opt/airflow/dags/dag.py","logger":"airflow.models.dagbag.DagBag","filename":"dagbag.py","lineno":593}
{"timestamp":"2025-12-09T11:08:29.427238Z","level":"warning","event":"The `airflow.decorators.dag` attribute is deprecated. Please use `'airflow.sdk.dag'`.","category":"DeprecatedImportWarning","filename":"/opt/airflow/dags/dag.py","lineno":1,"logger":"py.warnings"}
{"timestamp":"2025-12-09T11:08:29.427306Z","level":"warning","event":"The `airflow.operators.empty.EmptyOperator` attribute is deprecated. Please use `'airflow.providers.standard.operators.empty.EmptyOperator'`.","category":"DeprecatedImportWarning","filename":"/opt/airflow/dags/dag.py","lineno":2,"logger":"py.warnings"}
{"timestamp":"2025-12-09T11:08:59.777917Z","level":"info","event":"Filling up the DagBag from /opt/airflow/dags/dag.py","logger":"airflow.models.dagbag.DagBag","filename":"dagbag.py","lineno":593}
{"timestamp":"2025-12-09T11:08:59.785697Z","level":"warning","event":"The `airflow.decorators.dag` attribute is deprecated. Please use `'airflow.sdk.dag'`.","category":"DeprecatedImportWarning","filename":"/opt/airflow/dags/dag.py","lineno":1,"logger":"py.warnings"}
{"timestamp":"2025-12-09T11:08:59.785763Z","level":"warning","event":"The `airflow.operators.empty.EmptyOperator` attribute is deprecated. Please use `'airflow.providers.standard.operators.empty.EmptyOperator'`.","category":"DeprecatedImportWarning","filename":"/opt/airflow/dags/dag.py","lineno":2,"logger":"py.warnings"}
{"timestamp":"2025-12-09T11:09:30.154445Z","level":"info","event":"Filling up the DagBag from /opt/airflow/dags/dag.py","logger":"airflow.models.dagbag.DagBag","filename":"dagbag.py","lineno":593}
{"timestamp":"2025-12-09T11:09:30.162268Z","level":"warning","event":"The `airflow.decorators.dag` attribute is deprecated. Please use `'airflow.sdk.dag'`.","category":"DeprecatedImportWarning","filename":"/opt/airflow/dags/dag.py","lineno":1,"logger":"py.warnings"}
{"timestamp":"2025-12-09T11:09:30.162349Z","level":"warning","event":"The `airflow.operators.empty.EmptyOperator` attribute is deprecated. Please use `'airflow.providers.standard.operators.empty.EmptyOperator'`.","category":"DeprecatedImportWarning","filename":"/opt/airflow/dags/dag.py","lineno":2,"logger":"py.warnings"}
{"timestamp":"2025-12-09T11:10:00.540496Z","level":"info","event":"Filling up the DagBag from /opt/airflow/dags/dag.py","logger":"airflow.models.dagbag.DagBag","filename":"dagbag.py","lineno":593}
{"timestamp":"2025-12-09T11:10:00.550193Z","level":"warning","event":"The `airflow.decorators.dag` attribute is deprecated. Please use `'airflow.sdk.dag'`.","category":"DeprecatedImportWarning","filename":"/opt/airflow/dags/dag.py","lineno":1,"logger":"py.warnings"}
{"timestamp":"2025-12-09T11:10:00.550255Z","level":"warning","event":"The `airflow.operators.empty.EmptyOperator` attribute is deprecated. Please use `'airflow.providers.standard.operators.empty.EmptyOperator'`.","category":"DeprecatedImportWarning","filename":"/opt/airflow/dags/dag.py","lineno":2,"logger":"py.warnings"}
{"timestamp":"2025-12-09T11:10:30.930931Z","level":"info","event":"Filling up the DagBag from /opt/airflow/dags/dag.py","logger":"airflow.models.dagbag.DagBag","filename":"dagbag.py","lineno":593}
{"timestamp":"2025-12-09T11:10:30.935892Z","level":"warning","event":"The `airflow.decorators.dag` attribute is deprecated. Please use `'airflow.sdk.dag'`.","category":"DeprecatedImportWarning","filename":"/opt/airflow/dags/dag.py","lineno":1,"logger":"py.warnings"}
{"timestamp":"2025-12-09T11:10:30.935961Z","level":"warning","event":"The `airflow.operators.empty.EmptyOperator` attribute is deprecated. Please use `'airflow.providers.standard.operators.empty.EmptyOperator'`.","category":"DeprecatedImportWarning","filename":"/opt/airflow/dags/dag.py","lineno":2,"logger":"py.warnings"}
{"timestamp":"2025-12-09T11:11:01.237745Z","level":"info","event":"Filling up the DagBag from /opt/airflow/dags/dag.py","logger":"airflow.models.dagbag.DagBag","filename":"dagbag.py","lineno":593}
{"timestamp":"2025-12-09T11:11:01.247067Z","level":"warning","event":"The `airflow.decorators.dag` attribute is deprecated. Please use `'airflow.sdk.dag'`.","category":"DeprecatedImportWarning","filename":"/opt/airflow/dags/dag.py","lineno":1,"logger":"py.warnings"}
{"timestamp":"2025-12-09T11:11:01.247117Z","level":"warning","event":"The `airflow.operators.empty.EmptyOperator` attribute is deprecated. Please use `'airflow.providers.standard.operators.empty.EmptyOperator'`.","category":"DeprecatedImportWarning","filename":"/opt/airflow/dags/dag.py","lineno":2,"logger":"py.warnings"}
{"timestamp":"2025-12-09T11:11:21.519880Z","level":"info","event":"Filling up the DagBag from /opt/airflow/dags/dag.py","logger":"airflow.models.dagbag.DagBag","filename":"dagbag.py","lineno":593}
{"timestamp":"2025-12-09T11:11:21.524399Z","level":"error","event":"Failed to import: /opt/airflow/dags/dag.py","logger":"airflow.models.dagbag.DagBag","filename":"dagbag.py","lineno":415,"error_detail":[{"exc_type":"NameError","exc_value":"name 'task' is not defined","exc_notes":[],"syntax_error":null,"is_cause":false,"frames":[{"filename":"/home/airflow/.local/lib/python3.12/site-packages/airflow/models/dagbag.py","lineno":405,"name":"parse"},{"filename":"<frozen importlib._bootstrap_external>","lineno":999,"name":"exec_module"},{"filename":"<frozen importlib._bootstrap>","lineno":488,"name":"_call_with_frames_removed"},{"filename":"/opt/airflow/dags/dag.py","lineno":6,"name":"<module>"}],"is_group":false,"exceptions":[]}]}
{"timestamp":"2025-12-09T11:11:21.526451Z","level":"warning","event":"The `airflow.decorators.dag` attribute is deprecated. Please use `'airflow.sdk.dag'`.","category":"DeprecatedImportWarning","filename":"/opt/airflow/dags/dag.py","lineno":1,"logger":"py.warnings"}
{"timestamp":"2025-12-09T11:11:21.526501Z","level":"warning","event":"The `airflow.operators.empty.EmptyOperator` attribute is deprecated. Please use `'airflow.providers.standard.operators.empty.EmptyOperator'`.","category":"DeprecatedImportWarning","filename":"/opt/airflow/dags/dag.py","lineno":2,"logger":"py.warnings"}
{"timestamp":"2025-12-09T11:11:51.928701Z","level":"info","event":"Filling up the DagBag from /opt/airflow/dags/dag.py","logger":"airflow.models.dagbag.DagBag","filename":"dagbag.py","lineno":593}
{"timestamp":"2025-12-09T11:11:51.933585Z","level":"error","event":"Failed to import: /opt/airflow/dags/dag.py","logger":"airflow.models.dagbag.DagBag","filename":"dagbag.py","lineno":415,"error_detail":[{"exc_type":"NameError","exc_value":"name 'task' is not defined","exc_notes":[],"syntax_error":null,"is_cause":false,"frames":[{"filename":"/home/airflow/.local/lib/python3.12/site-packages/airflow/models/dagbag.py","lineno":405,"name":"parse"},{"filename":"<frozen importlib._bootstrap_external>","lineno":999,"name":"exec_module"},{"filename":"<frozen importlib._bootstrap>","lineno":488,"name":"_call_with_frames_removed"},{"filename":"/opt/airflow/dags/dag.py","lineno":6,"name":"<module>"}],"is_group":false,"exceptions":[]}]}
{"timestamp":"2025-12-09T11:11:51.935369Z","level":"warning","event":"The `airflow.decorators.dag` attribute is deprecated. Please use `'airflow.sdk.dag'`.","category":"DeprecatedImportWarning","filename":"/opt/airflow/dags/dag.py","lineno":1,"logger":"py.warnings"}
{"timestamp":"2025-12-09T11:11:51.935414Z","level":"warning","event":"The `airflow.operators.empty.EmptyOperator` attribute is deprecated. Please use `'airflow.providers.standard.operators.empty.EmptyOperator'`.","category":"DeprecatedImportWarning","filename":"/opt/airflow/dags/dag.py","lineno":2,"logger":"py.warnings"}
{"timestamp":"2025-12-09T11:12:02.212188Z","level":"info","event":"Filling up the DagBag from /opt/airflow/dags/dag.py","logger":"airflow.models.dagbag.DagBag","filename":"dagbag.py","lineno":593}
{"timestamp":"2025-12-09T11:12:02.262978Z","level":"warning","event":"The `airflow.decorators.dag` attribute is deprecated. Please use `'airflow.sdk.dag'`.","category":"DeprecatedImportWarning","filename":"/opt/airflow/dags/dag.py","lineno":1,"logger":"py.warnings"}
{"timestamp":"2025-12-09T11:12:02.263055Z","level":"warning","event":"The `airflow.decorators.task` attribute is deprecated. Please use `'airflow.sdk.task'`.","category":"DeprecatedImportWarning","filename":"/opt/airflow/dags/dag.py","lineno":1,"logger":"py.warnings"}
{"timestamp":"2025-12-09T11:12:02.263102Z","level":"warning","event":"The `airflow.operators.empty.EmptyOperator` attribute is deprecated. Please use `'airflow.providers.standard.operators.empty.EmptyOperator'`.","category":"DeprecatedImportWarning","filename":"/opt/airflow/dags/dag.py","lineno":2,"logger":"py.warnings"}
{"timestamp":"2025-12-09T11:12:32.658545Z","level":"info","event":"Filling up the DagBag from /opt/airflow/dags/dag.py","logger":"airflow.models.dagbag.DagBag","filename":"dagbag.py","lineno":593}
{"timestamp":"2025-12-09T11:12:32.670427Z","level":"warning","event":"The `airflow.decorators.dag` attribute is deprecated. Please use `'airflow.sdk.dag'`.","category":"DeprecatedImportWarning","filename":"/opt/airflow/dags/dag.py","lineno":1,"logger":"py.warnings"}
{"timestamp":"2025-12-09T11:12:32.670490Z","level":"warning","event":"The `airflow.decorators.task` attribute is deprecated. Please use `'airflow.sdk.task'`.","category":"DeprecatedImportWarning","filename":"/opt/airflow/dags/dag.py","lineno":1,"logger":"py.warnings"}
{"timestamp":"2025-12-09T11:12:32.670527Z","level":"warning","event":"The `airflow.operators.empty.EmptyOperator` attribute is deprecated. Please use `'airflow.providers.standard.operators.empty.EmptyOperator'`.","category":"DeprecatedImportWarning","filename":"/opt/airflow/dags/dag.py","lineno":2,"logger":"py.warnings"}
{"timestamp":"2025-12-09T11:13:03.007126Z","level":"info","event":"Filling up the DagBag from /opt/airflow/dags/dag.py","logger":"airflow.models.dagbag.DagBag","filename":"dagbag.py","lineno":593}
{"timestamp":"2025-12-09T11:13:03.019614Z","level":"warning","event":"The `airflow.decorators.dag` attribute is deprecated. Please use `'airflow.sdk.dag'`.","category":"DeprecatedImportWarning","filename":"/opt/airflow/dags/dag.py","lineno":1,"logger":"py.warnings"}
{"timestamp":"2025-12-09T11:13:03.019667Z","level":"warning","event":"The `airflow.decorators.task` attribute is deprecated. Please use `'airflow.sdk.task'`.","category":"DeprecatedImportWarning","filename":"/opt/airflow/dags/dag.py","lineno":1,"logger":"py.warnings"}
{"timestamp":"2025-12-09T11:13:03.019690Z","level":"warning","event":"The `airflow.operators.empty.EmptyOperator` attribute is deprecated. Please use `'airflow.providers.standard.operators.empty.EmptyOperator'`.","category":"DeprecatedImportWarning","filename":"/opt/airflow/dags/dag.py","lineno":2,"logger":"py.warnings"}
{"timestamp":"2025-12-09T11:13:33.353826Z","level":"info","event":"Filling up the DagBag from /opt/airflow/dags/dag.py","logger":"airflow.models.dagbag.DagBag","filename":"dagbag.py","lineno":593}
{"timestamp":"2025-12-09T11:13:33.362935Z","level":"warning","event":"The `airflow.decorators.dag` attribute is deprecated. Please use `'airflow.sdk.dag'`.","category":"DeprecatedImportWarning","filename":"/opt/airflow/dags/dag.py","lineno":1,"logger":"py.warnings"}
{"timestamp":"2025-12-09T11:13:33.362996Z","level":"warning","event":"The `airflow.decorators.task` attribute is deprecated. Please use `'airflow.sdk.task'`.","category":"DeprecatedImportWarning","filename":"/opt/airflow/dags/dag.py","lineno":1,"logger":"py.warnings"}
{"timestamp":"2025-12-09T11:13:33.363028Z","level":"warning","event":"The `airflow.operators.empty.EmptyOperator` attribute is deprecated. Please use `'airflow.providers.standard.operators.empty.EmptyOperator'`.","category":"DeprecatedImportWarning","filename":"/opt/airflow/dags/dag.py","lineno":2,"logger":"py.warnings"}
{"timestamp":"2025-12-09T11:14:03.700553Z","level":"info","event":"Filling up the DagBag from /opt/airflow/dags/dag.py","logger":"airflow.models.dagbag.DagBag","filename":"dagbag.py","lineno":593}
{"timestamp":"2025-12-09T11:14:03.710142Z","level":"warning","event":"The `airflow.decorators.dag` attribute is deprecated. Please use `'airflow.sdk.dag'`.","category":"DeprecatedImportWarning","filename":"/opt/airflow/dags/dag.py","lineno":1,"logger":"py.warnings"}
{"timestamp":"2025-12-09T11:14:03.710221Z","level":"warning","event":"The `airflow.decorators.task` attribute is deprecated. Please use `'airflow.sdk.task'`.","category":"DeprecatedImportWarning","filename":"/opt/airflow/dags/dag.py","lineno":1,"logger":"py.warnings"}
{"timestamp":"2025-12-09T11:14:03.710253Z","level":"warning","event":"The `airflow.operators.empty.EmptyOperator` attribute is deprecated. Please use `'airflow.providers.standard.operators.empty.EmptyOperator'`.","category":"DeprecatedImportWarning","filename":"/opt/airflow/dags/dag.py","lineno":2,"logger":"py.warnings"}
{"timestamp":"2025-12-09T11:14:34.099141Z","level":"info","event":"Filling up the DagBag from /opt/airflow/dags/dag.py","logger":"airflow.models.dagbag.DagBag","filename":"dagbag.py","lineno":593}
{"timestamp":"2025-12-09T11:14:34.112091Z","level":"warning","event":"The `airflow.decorators.dag` attribute is deprecated. Please use `'airflow.sdk.dag'`.","category":"DeprecatedImportWarning","filename":"/opt/airflow/dags/dag.py","lineno":1,"logger":"py.warnings"}
{"timestamp":"2025-12-09T11:14:34.112154Z","level":"warning","event":"The `airflow.decorators.task` attribute is deprecated. Please use `'airflow.sdk.task'`.","category":"DeprecatedImportWarning","filename":"/opt/airflow/dags/dag.py","lineno":1,"logger":"py.warnings"}
{"timestamp":"2025-12-09T11:14:34.112183Z","level":"warning","event":"The `airflow.operators.empty.EmptyOperator` attribute is deprecated. Please use `'airflow.providers.standard.operators.empty.EmptyOperator'`.","category":"DeprecatedImportWarning","filename":"/opt/airflow/dags/dag.py","lineno":2,"logger":"py.warnings"}
{"timestamp":"2025-12-09T11:15:04.482947Z","level":"info","event":"Filling up the DagBag from /opt/airflow/dags/dag.py","logger":"airflow.models.dagbag.DagBag","filename":"dagbag.py","lineno":593}
{"timestamp":"2025-12-09T11:15:04.494863Z","level":"warning","event":"The `airflow.decorators.dag` attribute is deprecated. Please use `'airflow.sdk.dag'`.","category":"DeprecatedImportWarning","filename":"/opt/airflow/dags/dag.py","lineno":1,"logger":"py.warnings"}
{"timestamp":"2025-12-09T11:15:04.494928Z","level":"warning","event":"The `airflow.decorators.task` attribute is deprecated. Please use `'airflow.sdk.task'`.","category":"DeprecatedImportWarning","filename":"/opt/airflow/dags/dag.py","lineno":1,"logger":"py.warnings"}
{"timestamp":"2025-12-09T11:15:04.494959Z","level":"warning","event":"The `airflow.operators.empty.EmptyOperator` attribute is deprecated. Please use `'airflow.providers.standard.operators.empty.EmptyOperator'`.","category":"DeprecatedImportWarning","filename":"/opt/airflow/dags/dag.py","lineno":2,"logger":"py.warnings"}
{"timestamp":"2025-12-09T11:15:34.828393Z","level":"info","event":"Filling up the DagBag from /opt/airflow/dags/dag.py","logger":"airflow.models.dagbag.DagBag","filename":"dagbag.py","lineno":593}
{"timestamp":"2025-12-09T11:15:34.840033Z","level":"warning","event":"The `airflow.decorators.dag` attribute is deprecated. Please use `'airflow.sdk.dag'`.","category":"DeprecatedImportWarning","filename":"/opt/airflow/dags/dag.py","lineno":1,"logger":"py.warnings"}
{"timestamp":"2025-12-09T11:15:34.840124Z","level":"warning","event":"The `airflow.decorators.task` attribute is deprecated. Please use `'airflow.sdk.task'`.","category":"DeprecatedImportWarning","filename":"/opt/airflow/dags/dag.py","lineno":1,"logger":"py.warnings"}
{"timestamp":"2025-12-09T11:15:34.840192Z","level":"warning","event":"The `airflow.operators.empty.EmptyOperator` attribute is deprecated. Please use `'airflow.providers.standard.operators.empty.EmptyOperator'`.","category":"DeprecatedImportWarning","filename":"/opt/airflow/dags/dag.py","lineno":2,"logger":"py.warnings"}
{"timestamp":"2025-12-09T11:16:05.180504Z","level":"info","event":"Filling up the DagBag from /opt/airflow/dags/dag.py","logger":"airflow.models.dagbag.DagBag","filename":"dagbag.py","lineno":593}
{"timestamp":"2025-12-09T11:16:05.190953Z","level":"warning","event":"The `airflow.decorators.dag` attribute is deprecated. Please use `'airflow.sdk.dag'`.","category":"DeprecatedImportWarning","filename":"/opt/airflow/dags/dag.py","lineno":1,"logger":"py.warnings"}
{"timestamp":"2025-12-09T11:16:05.191011Z","level":"warning","event":"The `airflow.decorators.task` attribute is deprecated. Please use `'airflow.sdk.task'`.","category":"DeprecatedImportWarning","filename":"/opt/airflow/dags/dag.py","lineno":1,"logger":"py.warnings"}
{"timestamp":"2025-12-09T11:16:05.191037Z","level":"warning","event":"The `airflow.operators.empty.EmptyOperator` attribute is deprecated. Please use `'airflow.providers.standard.operators.empty.EmptyOperator'`.","category":"DeprecatedImportWarning","filename":"/opt/airflow/dags/dag.py","lineno":2,"logger":"py.warnings"}
{"timestamp":"2025-12-09T11:16:35.593655Z","level":"info","event":"Filling up the DagBag from /opt/airflow/dags/dag.py","logger":"airflow.models.dagbag.DagBag","filename":"dagbag.py","lineno":593}
{"timestamp":"2025-12-09T11:16:35.602729Z","level":"warning","event":"The `airflow.decorators.dag` attribute is deprecated. Please use `'airflow.sdk.dag'`.","category":"DeprecatedImportWarning","filename":"/opt/airflow/dags/dag.py","lineno":1,"logger":"py.warnings"}
{"timestamp":"2025-12-09T11:16:35.602785Z","level":"warning","event":"The `airflow.decorators.task` attribute is deprecated. Please use `'airflow.sdk.task'`.","category":"DeprecatedImportWarning","filename":"/opt/airflow/dags/dag.py","lineno":1,"logger":"py.warnings"}
{"timestamp":"2025-12-09T11:16:35.602808Z","level":"warning","event":"The `airflow.operators.empty.EmptyOperator` attribute is deprecated. Please use `'airflow.providers.standard.operators.empty.EmptyOperator'`.","category":"DeprecatedImportWarning","filename":"/opt/airflow/dags/dag.py","lineno":2,"logger":"py.warnings"}
{"timestamp":"2025-12-09T11:16:51.867190Z","level":"info","event":"Filling up the DagBag from /opt/airflow/dags/dag.py","logger":"airflow.models.dagbag.DagBag","filename":"dagbag.py","lineno":593}
{"timestamp":"2025-12-09T11:16:51.890175Z","level":"warning","event":"The `airflow.decorators.dag` attribute is deprecated. Please use `'airflow.sdk.dag'`.","category":"DeprecatedImportWarning","filename":"/opt/airflow/dags/dag.py","lineno":1,"logger":"py.warnings"}
{"timestamp":"2025-12-09T11:16:51.890240Z","level":"warning","event":"The `airflow.decorators.task` attribute is deprecated. Please use `'airflow.sdk.task'`.","category":"DeprecatedImportWarning","filename":"/opt/airflow/dags/dag.py","lineno":1,"logger":"py.warnings"}
{"timestamp":"2025-12-09T11:16:51.890276Z","level":"warning","event":"The `airflow.operators.empty.EmptyOperator` attribute is deprecated. Please use `'airflow.providers.standard.operators.empty.EmptyOperator'`.","category":"DeprecatedImportWarning","filename":"/opt/airflow/dags/dag.py","lineno":2,"logger":"py.warnings"}
{"timestamp":"2025-12-09T11:17:22.264207Z","level":"info","event":"Filling up the DagBag from /opt/airflow/dags/dag.py","logger":"airflow.models.dagbag.DagBag","filename":"dagbag.py","lineno":593}
{"timestamp":"2025-12-09T11:17:22.280212Z","level":"warning","event":"The `airflow.decorators.dag` attribute is deprecated. Please use `'airflow.sdk.dag'`.","category":"DeprecatedImportWarning","filename":"/opt/airflow/dags/dag.py","lineno":1,"logger":"py.warnings"}
{"timestamp":"2025-12-09T11:17:22.280284Z","level":"warning","event":"The `airflow.decorators.task` attribute is deprecated. Please use `'airflow.sdk.task'`.","category":"DeprecatedImportWarning","filename":"/opt/airflow/dags/dag.py","lineno":1,"logger":"py.warnings"}
{"timestamp":"2025-12-09T11:17:22.280312Z","level":"warning","event":"The `airflow.operators.empty.EmptyOperator` attribute is deprecated. Please use `'airflow.providers.standard.operators.empty.EmptyOperator'`.","category":"DeprecatedImportWarning","filename":"/opt/airflow/dags/dag.py","lineno":2,"logger":"py.warnings"}
{"timestamp":"2025-12-09T11:17:52.658238Z","level":"info","event":"Filling up the DagBag from /opt/airflow/dags/dag.py","logger":"airflow.models.dagbag.DagBag","filename":"dagbag.py","lineno":593}
{"timestamp":"2025-12-09T11:17:52.673991Z","level":"warning","event":"The `airflow.decorators.dag` attribute is deprecated. Please use `'airflow.sdk.dag'`.","category":"DeprecatedImportWarning","filename":"/opt/airflow/dags/dag.py","lineno":1,"logger":"py.warnings"}
{"timestamp":"2025-12-09T11:17:52.674098Z","level":"warning","event":"The `airflow.decorators.task` attribute is deprecated. Please use `'airflow.sdk.task'`.","category":"DeprecatedImportWarning","filename":"/opt/airflow/dags/dag.py","lineno":1,"logger":"py.warnings"}
{"timestamp":"2025-12-09T11:17:52.674148Z","level":"warning","event":"The `airflow.operators.empty.EmptyOperator` attribute is deprecated. Please use `'airflow.providers.standard.operators.empty.EmptyOperator'`.","category":"DeprecatedImportWarning","filename":"/opt/airflow/dags/dag.py","lineno":2,"logger":"py.warnings"}
{"timestamp":"2025-12-09T11:18:23.084462Z","level":"info","event":"Filling up the DagBag from /opt/airflow/dags/dag.py","logger":"airflow.models.dagbag.DagBag","filename":"dagbag.py","lineno":593}
{"timestamp":"2025-12-09T11:18:23.098094Z","level":"warning","event":"The `airflow.decorators.dag` attribute is deprecated. Please use `'airflow.sdk.dag'`.","category":"DeprecatedImportWarning","filename":"/opt/airflow/dags/dag.py","lineno":1,"logger":"py.warnings"}
{"timestamp":"2025-12-09T11:18:23.098160Z","level":"warning","event":"The `airflow.decorators.task` attribute is deprecated. Please use `'airflow.sdk.task'`.","category":"DeprecatedImportWarning","filename":"/opt/airflow/dags/dag.py","lineno":1,"logger":"py.warnings"}
{"timestamp":"2025-12-09T11:18:23.098189Z","level":"warning","event":"The `airflow.operators.empty.EmptyOperator` attribute is deprecated. Please use `'airflow.providers.standard.operators.empty.EmptyOperator'`.","category":"DeprecatedImportWarning","filename":"/opt/airflow/dags/dag.py","lineno":2,"logger":"py.warnings"}
{"timestamp":"2025-12-09T11:18:53.431135Z","level":"info","event":"Filling up the DagBag from /opt/airflow/dags/dag.py","logger":"airflow.models.dagbag.DagBag","filename":"dagbag.py","lineno":593}
{"timestamp":"2025-12-09T11:18:53.442403Z","level":"warning","event":"The `airflow.decorators.dag` attribute is deprecated. Please use `'airflow.sdk.dag'`.","category":"DeprecatedImportWarning","filename":"/opt/airflow/dags/dag.py","lineno":1,"logger":"py.warnings"}
{"timestamp":"2025-12-09T11:18:53.442469Z","level":"warning","event":"The `airflow.decorators.task` attribute is deprecated. Please use `'airflow.sdk.task'`.","category":"DeprecatedImportWarning","filename":"/opt/airflow/dags/dag.py","lineno":1,"logger":"py.warnings"}
{"timestamp":"2025-12-09T11:18:53.442497Z","level":"warning","event":"The `airflow.operators.empty.EmptyOperator` attribute is deprecated. Please use `'airflow.providers.standard.operators.empty.EmptyOperator'`.","category":"DeprecatedImportWarning","filename":"/opt/airflow/dags/dag.py","lineno":2,"logger":"py.warnings"}
{"timestamp":"2025-12-09T11:19:23.734916Z","level":"info","event":"Filling up the DagBag from /opt/airflow/dags/dag.py","logger":"airflow.models.dagbag.DagBag","filename":"dagbag.py","lineno":593}
{"timestamp":"2025-12-09T11:19:23.744732Z","level":"warning","event":"The `airflow.decorators.dag` attribute is deprecated. Please use `'airflow.sdk.dag'`.","category":"DeprecatedImportWarning","filename":"/opt/airflow/dags/dag.py","lineno":1,"logger":"py.warnings"}
{"timestamp":"2025-12-09T11:19:23.744860Z","level":"warning","event":"The `airflow.decorators.task` attribute is deprecated. Please use `'airflow.sdk.task'`.","category":"DeprecatedImportWarning","filename":"/opt/airflow/dags/dag.py","lineno":1,"logger":"py.warnings"}
{"timestamp":"2025-12-09T11:19:23.745107Z","level":"warning","event":"The `airflow.operators.empty.EmptyOperator` attribute is deprecated. Please use `'airflow.providers.standard.operators.empty.EmptyOperator'`.","category":"DeprecatedImportWarning","filename":"/opt/airflow/dags/dag.py","lineno":2,"logger":"py.warnings"}
{"timestamp":"2025-12-09T11:19:54.120998Z","level":"info","event":"Filling up the DagBag from /opt/airflow/dags/dag.py","logger":"airflow.models.dagbag.DagBag","filename":"dagbag.py","lineno":593}
{"timestamp":"2025-12-09T11:19:54.135726Z","level":"warning","event":"The `airflow.decorators.dag` attribute is deprecated. Please use `'airflow.sdk.dag'`.","category":"DeprecatedImportWarning","filename":"/opt/airflow/dags/dag.py","lineno":1,"logger":"py.warnings"}
{"timestamp":"2025-12-09T11:19:54.135786Z","level":"warning","event":"The `airflow.decorators.task` attribute is deprecated. Please use `'airflow.sdk.task'`.","category":"DeprecatedImportWarning","filename":"/opt/airflow/dags/dag.py","lineno":1,"logger":"py.warnings"}
{"timestamp":"2025-12-09T11:19:54.135814Z","level":"warning","event":"The `airflow.operators.empty.EmptyOperator` attribute is deprecated. Please use `'airflow.providers.standard.operators.empty.EmptyOperator'`.","category":"DeprecatedImportWarning","filename":"/opt/airflow/dags/dag.py","lineno":2,"logger":"py.warnings"}
{"timestamp":"2025-12-09T11:20:24.494001Z","level":"info","event":"Filling up the DagBag from /opt/airflow/dags/dag.py","logger":"airflow.models.dagbag.DagBag","filename":"dagbag.py","lineno":593}
{"timestamp":"2025-12-09T11:20:24.502970Z","level":"warning","event":"The `airflow.decorators.dag` attribute is deprecated. Please use `'airflow.sdk.dag'`.","category":"DeprecatedImportWarning","filename":"/opt/airflow/dags/dag.py","lineno":1,"logger":"py.warnings"}
{"timestamp":"2025-12-09T11:20:24.503024Z","level":"warning","event":"The `airflow.decorators.task` attribute is deprecated. Please use `'airflow.sdk.task'`.","category":"DeprecatedImportWarning","filename":"/opt/airflow/dags/dag.py","lineno":1,"logger":"py.warnings"}
{"timestamp":"2025-12-09T11:20:24.503054Z","level":"warning","event":"The `airflow.operators.empty.EmptyOperator` attribute is deprecated. Please use `'airflow.providers.standard.operators.empty.EmptyOperator'`.","category":"DeprecatedImportWarning","filename":"/opt/airflow/dags/dag.py","lineno":2,"logger":"py.warnings"}
{"timestamp":"2025-12-09T11:20:54.874703Z","level":"info","event":"Filling up the DagBag from /opt/airflow/dags/dag.py","logger":"airflow.models.dagbag.DagBag","filename":"dagbag.py","lineno":593}
{"timestamp":"2025-12-09T11:20:54.886477Z","level":"warning","event":"The `airflow.decorators.dag` attribute is deprecated. Please use `'airflow.sdk.dag'`.","category":"DeprecatedImportWarning","filename":"/opt/airflow/dags/dag.py","lineno":1,"logger":"py.warnings"}
{"timestamp":"2025-12-09T11:20:54.886549Z","level":"warning","event":"The `airflow.decorators.task` attribute is deprecated. Please use `'airflow.sdk.task'`.","category":"DeprecatedImportWarning","filename":"/opt/airflow/dags/dag.py","lineno":1,"logger":"py.warnings"}
{"timestamp":"2025-12-09T11:20:54.886581Z","level":"warning","event":"The `airflow.operators.empty.EmptyOperator` attribute is deprecated. Please use `'airflow.providers.standard.operators.empty.EmptyOperator'`.","category":"DeprecatedImportWarning","filename":"/opt/airflow/dags/dag.py","lineno":2,"logger":"py.warnings"}
{"timestamp":"2025-12-09T11:21:25.255983Z","level":"info","event":"Filling up the DagBag from /opt/airflow/dags/dag.py","logger":"airflow.models.dagbag.DagBag","filename":"dagbag.py","lineno":593}
{"timestamp":"2025-12-09T11:21:25.265294Z","level":"warning","event":"The `airflow.decorators.dag` attribute is deprecated. Please use `'airflow.sdk.dag'`.","category":"DeprecatedImportWarning","filename":"/opt/airflow/dags/dag.py","lineno":1,"logger":"py.warnings"}
{"timestamp":"2025-12-09T11:21:25.265356Z","level":"warning","event":"The `airflow.decorators.task` attribute is deprecated. Please use `'airflow.sdk.task'`.","category":"DeprecatedImportWarning","filename":"/opt/airflow/dags/dag.py","lineno":1,"logger":"py.warnings"}
{"timestamp":"2025-12-09T11:21:25.265387Z","level":"warning","event":"The `airflow.operators.empty.EmptyOperator` attribute is deprecated. Please use `'airflow.providers.standard.operators.empty.EmptyOperator'`.","category":"DeprecatedImportWarning","filename":"/opt/airflow/dags/dag.py","lineno":2,"logger":"py.warnings"}
{"timestamp":"2025-12-09T11:21:55.598302Z","level":"info","event":"Filling up the DagBag from /opt/airflow/dags/dag.py","logger":"airflow.models.dagbag.DagBag","filename":"dagbag.py","lineno":593}
{"timestamp":"2025-12-09T11:21:55.617445Z","level":"warning","event":"The `airflow.decorators.dag` attribute is deprecated. Please use `'airflow.sdk.dag'`.","category":"DeprecatedImportWarning","filename":"/opt/airflow/dags/dag.py","lineno":1,"logger":"py.warnings"}
{"timestamp":"2025-12-09T11:21:55.617539Z","level":"warning","event":"The `airflow.decorators.task` attribute is deprecated. Please use `'airflow.sdk.task'`.","category":"DeprecatedImportWarning","filename":"/opt/airflow/dags/dag.py","lineno":1,"logger":"py.warnings"}
{"timestamp":"2025-12-09T11:21:55.617573Z","level":"warning","event":"The `airflow.operators.empty.EmptyOperator` attribute is deprecated. Please use `'airflow.providers.standard.operators.empty.EmptyOperator'`.","category":"DeprecatedImportWarning","filename":"/opt/airflow/dags/dag.py","lineno":2,"logger":"py.warnings"}
{"timestamp":"2025-12-09T11:22:26.004007Z","level":"info","event":"Filling up the DagBag from /opt/airflow/dags/dag.py","logger":"airflow.models.dagbag.DagBag","filename":"dagbag.py","lineno":593}
{"timestamp":"2025-12-09T11:22:26.012564Z","level":"warning","event":"The `airflow.decorators.dag` attribute is deprecated. Please use `'airflow.sdk.dag'`.","category":"DeprecatedImportWarning","filename":"/opt/airflow/dags/dag.py","lineno":1,"logger":"py.warnings"}
{"timestamp":"2025-12-09T11:22:26.012618Z","level":"warning","event":"The `airflow.decorators.task` attribute is deprecated. Please use `'airflow.sdk.task'`.","category":"DeprecatedImportWarning","filename":"/opt/airflow/dags/dag.py","lineno":1,"logger":"py.warnings"}
{"timestamp":"2025-12-09T11:22:26.012644Z","level":"warning","event":"The `airflow.operators.empty.EmptyOperator` attribute is deprecated. Please use `'airflow.providers.standard.operators.empty.EmptyOperator'`.","category":"DeprecatedImportWarning","filename":"/opt/airflow/dags/dag.py","lineno":2,"logger":"py.warnings"}
{"timestamp":"2025-12-09T11:22:56.376458Z","level":"info","event":"Filling up the DagBag from /opt/airflow/dags/dag.py","logger":"airflow.models.dagbag.DagBag","filename":"dagbag.py","lineno":593}
{"timestamp":"2025-12-09T11:22:56.386641Z","level":"warning","event":"The `airflow.decorators.dag` attribute is deprecated. Please use `'airflow.sdk.dag'`.","category":"DeprecatedImportWarning","filename":"/opt/airflow/dags/dag.py","lineno":1,"logger":"py.warnings"}
{"timestamp":"2025-12-09T11:22:56.386703Z","level":"warning","event":"The `airflow.decorators.task` attribute is deprecated. Please use `'airflow.sdk.task'`.","category":"DeprecatedImportWarning","filename":"/opt/airflow/dags/dag.py","lineno":1,"logger":"py.warnings"}
{"timestamp":"2025-12-09T11:22:56.386729Z","level":"warning","event":"The `airflow.operators.empty.EmptyOperator` attribute is deprecated. Please use `'airflow.providers.standard.operators.empty.EmptyOperator'`.","category":"DeprecatedImportWarning","filename":"/opt/airflow/dags/dag.py","lineno":2,"logger":"py.warnings"}
{"timestamp":"2025-12-09T11:23:26.748291Z","level":"info","event":"Filling up the DagBag from /opt/airflow/dags/dag.py","logger":"airflow.models.dagbag.DagBag","filename":"dagbag.py","lineno":593}
{"timestamp":"2025-12-09T11:23:26.756315Z","level":"warning","event":"The `airflow.decorators.dag` attribute is deprecated. Please use `'airflow.sdk.dag'`.","category":"DeprecatedImportWarning","filename":"/opt/airflow/dags/dag.py","lineno":1,"logger":"py.warnings"}
{"timestamp":"2025-12-09T11:23:26.756370Z","level":"warning","event":"The `airflow.decorators.task` attribute is deprecated. Please use `'airflow.sdk.task'`.","category":"DeprecatedImportWarning","filename":"/opt/airflow/dags/dag.py","lineno":1,"logger":"py.warnings"}
{"timestamp":"2025-12-09T11:23:26.756395Z","level":"warning","event":"The `airflow.operators.empty.EmptyOperator` attribute is deprecated. Please use `'airflow.providers.standard.operators.empty.EmptyOperator'`.","category":"DeprecatedImportWarning","filename":"/opt/airflow/dags/dag.py","lineno":2,"logger":"py.warnings"}
{"timestamp":"2025-12-09T11:23:57.124429Z","level":"info","event":"Filling up the DagBag from /opt/airflow/dags/dag.py","logger":"airflow.models.dagbag.DagBag","filename":"dagbag.py","lineno":593}
{"timestamp":"2025-12-09T11:23:57.140270Z","level":"warning","event":"The `airflow.decorators.dag` attribute is deprecated. Please use `'airflow.sdk.dag'`.","category":"DeprecatedImportWarning","filename":"/opt/airflow/dags/dag.py","lineno":1,"logger":"py.warnings"}
{"timestamp":"2025-12-09T11:23:57.140345Z","level":"warning","event":"The `airflow.decorators.task` attribute is deprecated. Please use `'airflow.sdk.task'`.","category":"DeprecatedImportWarning","filename":"/opt/airflow/dags/dag.py","lineno":1,"logger":"py.warnings"}
{"timestamp":"2025-12-09T11:23:57.140375Z","level":"warning","event":"The `airflow.operators.empty.EmptyOperator` attribute is deprecated. Please use `'airflow.providers.standard.operators.empty.EmptyOperator'`.","category":"DeprecatedImportWarning","filename":"/opt/airflow/dags/dag.py","lineno":2,"logger":"py.warnings"}
{"timestamp":"2025-12-09T11:24:27.516291Z","level":"info","event":"Filling up the DagBag from /opt/airflow/dags/dag.py","logger":"airflow.models.dagbag.DagBag","filename":"dagbag.py","lineno":593}
{"timestamp":"2025-12-09T11:24:27.529423Z","level":"warning","event":"The `airflow.decorators.dag` attribute is deprecated. Please use `'airflow.sdk.dag'`.","category":"DeprecatedImportWarning","filename":"/opt/airflow/dags/dag.py","lineno":1,"logger":"py.warnings"}
{"timestamp":"2025-12-09T11:24:27.529485Z","level":"warning","event":"The `airflow.decorators.task` attribute is deprecated. Please use `'airflow.sdk.task'`.","category":"DeprecatedImportWarning","filename":"/opt/airflow/dags/dag.py","lineno":1,"logger":"py.warnings"}
{"timestamp":"2025-12-09T11:24:27.529512Z","level":"warning","event":"The `airflow.operators.empty.EmptyOperator` attribute is deprecated. Please use `'airflow.providers.standard.operators.empty.EmptyOperator'`.","category":"DeprecatedImportWarning","filename":"/opt/airflow/dags/dag.py","lineno":2,"logger":"py.warnings"}
{"timestamp":"2025-12-09T11:24:57.874205Z","level":"info","event":"Filling up the DagBag from /opt/airflow/dags/dag.py","logger":"airflow.models.dagbag.DagBag","filename":"dagbag.py","lineno":593}
{"timestamp":"2025-12-09T11:24:57.884903Z","level":"warning","event":"The `airflow.decorators.dag` attribute is deprecated. Please use `'airflow.sdk.dag'`.","category":"DeprecatedImportWarning","filename":"/opt/airflow/dags/dag.py","lineno":1,"logger":"py.warnings"}
{"timestamp":"2025-12-09T11:24:57.884975Z","level":"warning","event":"The `airflow.decorators.task` attribute is deprecated. Please use `'airflow.sdk.task'`.","category":"DeprecatedImportWarning","filename":"/opt/airflow/dags/dag.py","lineno":1,"logger":"py.warnings"}
{"timestamp":"2025-12-09T11:24:57.885009Z","level":"warning","event":"The `airflow.operators.empty.EmptyOperator` attribute is deprecated. Please use `'airflow.providers.standard.operators.empty.EmptyOperator'`.","category":"DeprecatedImportWarning","filename":"/opt/airflow/dags/dag.py","lineno":2,"logger":"py.warnings"}
{"timestamp":"2025-12-09T11:25:28.214231Z","level":"info","event":"Filling up the DagBag from /opt/airflow/dags/dag.py","logger":"airflow.models.dagbag.DagBag","filename":"dagbag.py","lineno":593}
{"timestamp":"2025-12-09T11:25:28.226450Z","level":"warning","event":"The `airflow.decorators.dag` attribute is deprecated. Please use `'airflow.sdk.dag'`.","category":"DeprecatedImportWarning","filename":"/opt/airflow/dags/dag.py","lineno":1,"logger":"py.warnings"}
{"timestamp":"2025-12-09T11:25:28.226511Z","level":"warning","event":"The `airflow.decorators.task` attribute is deprecated. Please use `'airflow.sdk.task'`.","category":"DeprecatedImportWarning","filename":"/opt/airflow/dags/dag.py","lineno":1,"logger":"py.warnings"}
{"timestamp":"2025-12-09T11:25:28.226540Z","level":"warning","event":"The `airflow.operators.empty.EmptyOperator` attribute is deprecated. Please use `'airflow.providers.standard.operators.empty.EmptyOperator'`.","category":"DeprecatedImportWarning","filename":"/opt/airflow/dags/dag.py","lineno":2,"logger":"py.warnings"}
{"timestamp":"2025-12-09T11:25:46.467769Z","level":"info","event":"Filling up the DagBag from /opt/airflow/dags/dag.py","logger":"airflow.models.dagbag.DagBag","filename":"dagbag.py","lineno":593}
{"timestamp":"2025-12-09T11:25:46.471811Z","level":"error","event":"Failed to import: /opt/airflow/dags/dag.py","logger":"airflow.models.dagbag.DagBag","filename":"dagbag.py","lineno":415,"error_detail":[{"exc_type":"SyntaxError","exc_value":"invalid syntax (dag.py, line 18)","exc_notes":[],"syntax_error":{"offset":16,"filename":"/opt/airflow/dags/dag.py","line":"    get_data >>\n","lineno":18,"msg":"invalid syntax"},"is_cause":false,"frames":[{"filename":"/home/airflow/.local/lib/python3.12/site-packages/airflow/models/dagbag.py","lineno":405,"name":"parse"},{"filename":"<frozen importlib._bootstrap_external>","lineno":995,"name":"exec_module"},{"filename":"<frozen importlib._bootstrap_external>","lineno":1133,"name":"get_code"},{"filename":"<frozen importlib._bootstrap_external>","lineno":1063,"name":"source_to_code"},{"filename":"<frozen importlib._bootstrap>","lineno":488,"name":"_call_with_frames_removed"}],"is_group":false,"exceptions":[]}]}
{"timestamp":"2025-12-09T11:26:15.821461Z","level":"info","event":"Filling up the DagBag from /opt/airflow/dags/dag.py","logger":"airflow.models.dagbag.DagBag","filename":"dagbag.py","lineno":593}
{"timestamp":"2025-12-09T11:26:15.836911Z","level":"warning","event":"The `airflow.decorators.dag` attribute is deprecated. Please use `'airflow.sdk.dag'`.","category":"DeprecatedImportWarning","filename":"/opt/airflow/dags/dag.py","lineno":1,"logger":"py.warnings"}
{"timestamp":"2025-12-09T11:26:15.836986Z","level":"warning","event":"The `airflow.decorators.task` attribute is deprecated. Please use `'airflow.sdk.task'`.","category":"DeprecatedImportWarning","filename":"/opt/airflow/dags/dag.py","lineno":1,"logger":"py.warnings"}
{"timestamp":"2025-12-09T11:26:15.837015Z","level":"warning","event":"The `airflow.operators.empty.EmptyOperator` attribute is deprecated. Please use `'airflow.providers.standard.operators.empty.EmptyOperator'`.","category":"DeprecatedImportWarning","filename":"/opt/airflow/dags/dag.py","lineno":2,"logger":"py.warnings"}
{"timestamp":"2025-12-09T11:26:46.226303Z","level":"info","event":"Filling up the DagBag from /opt/airflow/dags/dag.py","logger":"airflow.models.dagbag.DagBag","filename":"dagbag.py","lineno":593}
{"timestamp":"2025-12-09T11:26:46.237840Z","level":"warning","event":"The `airflow.decorators.dag` attribute is deprecated. Please use `'airflow.sdk.dag'`.","category":"DeprecatedImportWarning","filename":"/opt/airflow/dags/dag.py","lineno":1,"logger":"py.warnings"}
{"timestamp":"2025-12-09T11:26:46.237891Z","level":"warning","event":"The `airflow.decorators.task` attribute is deprecated. Please use `'airflow.sdk.task'`.","category":"DeprecatedImportWarning","filename":"/opt/airflow/dags/dag.py","lineno":1,"logger":"py.warnings"}
{"timestamp":"2025-12-09T11:26:46.237916Z","level":"warning","event":"The `airflow.operators.empty.EmptyOperator` attribute is deprecated. Please use `'airflow.providers.standard.operators.empty.EmptyOperator'`.","category":"DeprecatedImportWarning","filename":"/opt/airflow/dags/dag.py","lineno":2,"logger":"py.warnings"}
{"timestamp":"2025-12-09T11:27:16.605418Z","level":"info","event":"Filling up the DagBag from /opt/airflow/dags/dag.py","logger":"airflow.models.dagbag.DagBag","filename":"dagbag.py","lineno":593}
{"timestamp":"2025-12-09T11:27:16.617637Z","level":"warning","event":"The `airflow.decorators.dag` attribute is deprecated. Please use `'airflow.sdk.dag'`.","category":"DeprecatedImportWarning","filename":"/opt/airflow/dags/dag.py","lineno":1,"logger":"py.warnings"}
{"timestamp":"2025-12-09T11:27:16.617732Z","level":"warning","event":"The `airflow.decorators.task` attribute is deprecated. Please use `'airflow.sdk.task'`.","category":"DeprecatedImportWarning","filename":"/opt/airflow/dags/dag.py","lineno":1,"logger":"py.warnings"}
{"timestamp":"2025-12-09T11:27:16.617774Z","level":"warning","event":"The `airflow.operators.empty.EmptyOperator` attribute is deprecated. Please use `'airflow.providers.standard.operators.empty.EmptyOperator'`.","category":"DeprecatedImportWarning","filename":"/opt/airflow/dags/dag.py","lineno":2,"logger":"py.warnings"}
{"timestamp":"2025-12-09T11:27:28.825211Z","level":"info","event":"Filling up the DagBag from /opt/airflow/dags/dag.py","logger":"airflow.models.dagbag.DagBag","filename":"dagbag.py","lineno":593}
{"timestamp":"2025-12-09T11:27:28.843899Z","level":"warning","event":"The `airflow.decorators.dag` attribute is deprecated. Please use `'airflow.sdk.dag'`.","category":"DeprecatedImportWarning","filename":"/opt/airflow/dags/dag.py","lineno":1,"logger":"py.warnings"}
{"timestamp":"2025-12-09T11:27:28.843956Z","level":"warning","event":"The `airflow.decorators.task` attribute is deprecated. Please use `'airflow.sdk.task'`.","category":"DeprecatedImportWarning","filename":"/opt/airflow/dags/dag.py","lineno":1,"logger":"py.warnings"}
{"timestamp":"2025-12-09T11:27:28.843981Z","level":"warning","event":"The `airflow.operators.empty.EmptyOperator` attribute is deprecated. Please use `'airflow.providers.standard.operators.empty.EmptyOperator'`.","category":"DeprecatedImportWarning","filename":"/opt/airflow/dags/dag.py","lineno":2,"logger":"py.warnings"}
{"timestamp":"2025-12-09T11:27:59.232926Z","level":"info","event":"Filling up the DagBag from /opt/airflow/dags/dag.py","logger":"airflow.models.dagbag.DagBag","filename":"dagbag.py","lineno":593}
{"timestamp":"2025-12-09T11:27:59.250361Z","level":"warning","event":"The `airflow.decorators.dag` attribute is deprecated. Please use `'airflow.sdk.dag'`.","category":"DeprecatedImportWarning","filename":"/opt/airflow/dags/dag.py","lineno":1,"logger":"py.warnings"}
{"timestamp":"2025-12-09T11:27:59.250590Z","level":"warning","event":"The `airflow.decorators.task` attribute is deprecated. Please use `'airflow.sdk.task'`.","category":"DeprecatedImportWarning","filename":"/opt/airflow/dags/dag.py","lineno":1,"logger":"py.warnings"}
{"timestamp":"2025-12-09T11:27:59.250978Z","level":"warning","event":"The `airflow.operators.empty.EmptyOperator` attribute is deprecated. Please use `'airflow.providers.standard.operators.empty.EmptyOperator'`.","category":"DeprecatedImportWarning","filename":"/opt/airflow/dags/dag.py","lineno":2,"logger":"py.warnings"}
{"timestamp":"2025-12-09T11:28:29.562594Z","level":"info","event":"Filling up the DagBag from /opt/airflow/dags/dag.py","logger":"airflow.models.dagbag.DagBag","filename":"dagbag.py","lineno":593}
{"timestamp":"2025-12-09T11:28:29.574263Z","level":"warning","event":"The `airflow.decorators.dag` attribute is deprecated. Please use `'airflow.sdk.dag'`.","category":"DeprecatedImportWarning","filename":"/opt/airflow/dags/dag.py","lineno":1,"logger":"py.warnings"}
{"timestamp":"2025-12-09T11:28:29.574325Z","level":"warning","event":"The `airflow.decorators.task` attribute is deprecated. Please use `'airflow.sdk.task'`.","category":"DeprecatedImportWarning","filename":"/opt/airflow/dags/dag.py","lineno":1,"logger":"py.warnings"}
{"timestamp":"2025-12-09T11:28:29.574354Z","level":"warning","event":"The `airflow.operators.empty.EmptyOperator` attribute is deprecated. Please use `'airflow.providers.standard.operators.empty.EmptyOperator'`.","category":"DeprecatedImportWarning","filename":"/opt/airflow/dags/dag.py","lineno":2,"logger":"py.warnings"}
{"timestamp":"2025-12-09T11:28:59.950139Z","level":"info","event":"Filling up the DagBag from /opt/airflow/dags/dag.py","logger":"airflow.models.dagbag.DagBag","filename":"dagbag.py","lineno":593}
{"timestamp":"2025-12-09T11:28:59.964176Z","level":"warning","event":"The `airflow.decorators.dag` attribute is deprecated. Please use `'airflow.sdk.dag'`.","category":"DeprecatedImportWarning","filename":"/opt/airflow/dags/dag.py","lineno":1,"logger":"py.warnings"}
{"timestamp":"2025-12-09T11:28:59.964233Z","level":"warning","event":"The `airflow.decorators.task` attribute is deprecated. Please use `'airflow.sdk.task'`.","category":"DeprecatedImportWarning","filename":"/opt/airflow/dags/dag.py","lineno":1,"logger":"py.warnings"}
{"timestamp":"2025-12-09T11:28:59.964258Z","level":"warning","event":"The `airflow.operators.empty.EmptyOperator` attribute is deprecated. Please use `'airflow.providers.standard.operators.empty.EmptyOperator'`.","category":"DeprecatedImportWarning","filename":"/opt/airflow/dags/dag.py","lineno":2,"logger":"py.warnings"}
{"timestamp":"2025-12-09T11:29:30.305579Z","level":"info","event":"Filling up the DagBag from /opt/airflow/dags/dag.py","logger":"airflow.models.dagbag.DagBag","filename":"dagbag.py","lineno":593}
{"timestamp":"2025-12-09T11:29:30.318086Z","level":"warning","event":"The `airflow.decorators.dag` attribute is deprecated. Please use `'airflow.sdk.dag'`.","category":"DeprecatedImportWarning","filename":"/opt/airflow/dags/dag.py","lineno":1,"logger":"py.warnings"}
{"timestamp":"2025-12-09T11:29:30.318164Z","level":"warning","event":"The `airflow.decorators.task` attribute is deprecated. Please use `'airflow.sdk.task'`.","category":"DeprecatedImportWarning","filename":"/opt/airflow/dags/dag.py","lineno":1,"logger":"py.warnings"}
{"timestamp":"2025-12-09T11:29:30.318197Z","level":"warning","event":"The `airflow.operators.empty.EmptyOperator` attribute is deprecated. Please use `'airflow.providers.standard.operators.empty.EmptyOperator'`.","category":"DeprecatedImportWarning","filename":"/opt/airflow/dags/dag.py","lineno":2,"logger":"py.warnings"}
{"timestamp":"2025-12-09T11:30:00.722641Z","level":"info","event":"Filling up the DagBag from /opt/airflow/dags/dag.py","logger":"airflow.models.dagbag.DagBag","filename":"dagbag.py","lineno":593}
{"timestamp":"2025-12-09T11:30:00.736759Z","level":"warning","event":"The `airflow.decorators.dag` attribute is deprecated. Please use `'airflow.sdk.dag'`.","category":"DeprecatedImportWarning","filename":"/opt/airflow/dags/dag.py","lineno":1,"logger":"py.warnings"}
{"timestamp":"2025-12-09T11:30:00.736834Z","level":"warning","event":"The `airflow.decorators.task` attribute is deprecated. Please use `'airflow.sdk.task'`.","category":"DeprecatedImportWarning","filename":"/opt/airflow/dags/dag.py","lineno":1,"logger":"py.warnings"}
{"timestamp":"2025-12-09T11:30:00.736864Z","level":"warning","event":"The `airflow.operators.empty.EmptyOperator` attribute is deprecated. Please use `'airflow.providers.standard.operators.empty.EmptyOperator'`.","category":"DeprecatedImportWarning","filename":"/opt/airflow/dags/dag.py","lineno":2,"logger":"py.warnings"}
{"timestamp":"2025-12-09T11:30:31.099608Z","level":"info","event":"Filling up the DagBag from /opt/airflow/dags/dag.py","logger":"airflow.models.dagbag.DagBag","filename":"dagbag.py","lineno":593}
{"timestamp":"2025-12-09T11:30:31.110200Z","level":"warning","event":"The `airflow.decorators.dag` attribute is deprecated. Please use `'airflow.sdk.dag'`.","category":"DeprecatedImportWarning","filename":"/opt/airflow/dags/dag.py","lineno":1,"logger":"py.warnings"}
{"timestamp":"2025-12-09T11:30:31.110266Z","level":"warning","event":"The `airflow.decorators.task` attribute is deprecated. Please use `'airflow.sdk.task'`.","category":"DeprecatedImportWarning","filename":"/opt/airflow/dags/dag.py","lineno":1,"logger":"py.warnings"}
{"timestamp":"2025-12-09T11:30:31.110299Z","level":"warning","event":"The `airflow.operators.empty.EmptyOperator` attribute is deprecated. Please use `'airflow.providers.standard.operators.empty.EmptyOperator'`.","category":"DeprecatedImportWarning","filename":"/opt/airflow/dags/dag.py","lineno":2,"logger":"py.warnings"}
{"timestamp":"2025-12-09T11:31:01.482060Z","level":"info","event":"Filling up the DagBag from /opt/airflow/dags/dag.py","logger":"airflow.models.dagbag.DagBag","filename":"dagbag.py","lineno":593}
{"timestamp":"2025-12-09T11:31:01.496568Z","level":"warning","event":"The `airflow.decorators.dag` attribute is deprecated. Please use `'airflow.sdk.dag'`.","category":"DeprecatedImportWarning","filename":"/opt/airflow/dags/dag.py","lineno":1,"logger":"py.warnings"}
{"timestamp":"2025-12-09T11:31:01.496632Z","level":"warning","event":"The `airflow.decorators.task` attribute is deprecated. Please use `'airflow.sdk.task'`.","category":"DeprecatedImportWarning","filename":"/opt/airflow/dags/dag.py","lineno":1,"logger":"py.warnings"}
{"timestamp":"2025-12-09T11:31:01.496662Z","level":"warning","event":"The `airflow.operators.empty.EmptyOperator` attribute is deprecated. Please use `'airflow.providers.standard.operators.empty.EmptyOperator'`.","category":"DeprecatedImportWarning","filename":"/opt/airflow/dags/dag.py","lineno":2,"logger":"py.warnings"}
{"timestamp":"2025-12-09T11:31:31.875242Z","level":"info","event":"Filling up the DagBag from /opt/airflow/dags/dag.py","logger":"airflow.models.dagbag.DagBag","filename":"dagbag.py","lineno":593}
{"timestamp":"2025-12-09T11:31:31.888486Z","level":"warning","event":"The `airflow.decorators.dag` attribute is deprecated. Please use `'airflow.sdk.dag'`.","category":"DeprecatedImportWarning","filename":"/opt/airflow/dags/dag.py","lineno":1,"logger":"py.warnings"}
{"timestamp":"2025-12-09T11:31:31.888564Z","level":"warning","event":"The `airflow.decorators.task` attribute is deprecated. Please use `'airflow.sdk.task'`.","category":"DeprecatedImportWarning","filename":"/opt/airflow/dags/dag.py","lineno":1,"logger":"py.warnings"}
{"timestamp":"2025-12-09T11:31:31.888598Z","level":"warning","event":"The `airflow.operators.empty.EmptyOperator` attribute is deprecated. Please use `'airflow.providers.standard.operators.empty.EmptyOperator'`.","category":"DeprecatedImportWarning","filename":"/opt/airflow/dags/dag.py","lineno":2,"logger":"py.warnings"}
{"timestamp":"2025-12-09T11:32:02.236758Z","level":"info","event":"Filling up the DagBag from /opt/airflow/dags/dag.py","logger":"airflow.models.dagbag.DagBag","filename":"dagbag.py","lineno":593}
{"timestamp":"2025-12-09T11:32:02.247958Z","level":"warning","event":"The `airflow.decorators.dag` attribute is deprecated. Please use `'airflow.sdk.dag'`.","category":"DeprecatedImportWarning","filename":"/opt/airflow/dags/dag.py","lineno":1,"logger":"py.warnings"}
{"timestamp":"2025-12-09T11:32:02.248009Z","level":"warning","event":"The `airflow.decorators.task` attribute is deprecated. Please use `'airflow.sdk.task'`.","category":"DeprecatedImportWarning","filename":"/opt/airflow/dags/dag.py","lineno":1,"logger":"py.warnings"}
{"timestamp":"2025-12-09T11:32:02.248034Z","level":"warning","event":"The `airflow.operators.empty.EmptyOperator` attribute is deprecated. Please use `'airflow.providers.standard.operators.empty.EmptyOperator'`.","category":"DeprecatedImportWarning","filename":"/opt/airflow/dags/dag.py","lineno":2,"logger":"py.warnings"}
{"timestamp":"2025-12-09T11:32:32.602174Z","level":"info","event":"Filling up the DagBag from /opt/airflow/dags/dag.py","logger":"airflow.models.dagbag.DagBag","filename":"dagbag.py","lineno":593}
{"timestamp":"2025-12-09T11:32:32.618485Z","level":"warning","event":"The `airflow.decorators.dag` attribute is deprecated. Please use `'airflow.sdk.dag'`.","category":"DeprecatedImportWarning","filename":"/opt/airflow/dags/dag.py","lineno":1,"logger":"py.warnings"}
{"timestamp":"2025-12-09T11:32:32.618546Z","level":"warning","event":"The `airflow.decorators.task` attribute is deprecated. Please use `'airflow.sdk.task'`.","category":"DeprecatedImportWarning","filename":"/opt/airflow/dags/dag.py","lineno":1,"logger":"py.warnings"}
{"timestamp":"2025-12-09T11:32:32.618576Z","level":"warning","event":"The `airflow.operators.empty.EmptyOperator` attribute is deprecated. Please use `'airflow.providers.standard.operators.empty.EmptyOperator'`.","category":"DeprecatedImportWarning","filename":"/opt/airflow/dags/dag.py","lineno":2,"logger":"py.warnings"}
{"timestamp":"2025-12-09T11:33:02.943983Z","level":"info","event":"Filling up the DagBag from /opt/airflow/dags/dag.py","logger":"airflow.models.dagbag.DagBag","filename":"dagbag.py","lineno":593}
{"timestamp":"2025-12-09T11:33:02.954070Z","level":"warning","event":"The `airflow.decorators.dag` attribute is deprecated. Please use `'airflow.sdk.dag'`.","category":"DeprecatedImportWarning","filename":"/opt/airflow/dags/dag.py","lineno":1,"logger":"py.warnings"}
{"timestamp":"2025-12-09T11:33:02.954129Z","level":"warning","event":"The `airflow.decorators.task` attribute is deprecated. Please use `'airflow.sdk.task'`.","category":"DeprecatedImportWarning","filename":"/opt/airflow/dags/dag.py","lineno":1,"logger":"py.warnings"}
{"timestamp":"2025-12-09T11:33:02.954159Z","level":"warning","event":"The `airflow.operators.empty.EmptyOperator` attribute is deprecated. Please use `'airflow.providers.standard.operators.empty.EmptyOperator'`.","category":"DeprecatedImportWarning","filename":"/opt/airflow/dags/dag.py","lineno":2,"logger":"py.warnings"}
{"timestamp":"2025-12-09T11:33:33.292472Z","level":"info","event":"Filling up the DagBag from /opt/airflow/dags/dag.py","logger":"airflow.models.dagbag.DagBag","filename":"dagbag.py","lineno":593}
{"timestamp":"2025-12-09T11:33:33.299432Z","level":"warning","event":"The `airflow.decorators.dag` attribute is deprecated. Please use `'airflow.sdk.dag'`.","category":"DeprecatedImportWarning","filename":"/opt/airflow/dags/dag.py","lineno":1,"logger":"py.warnings"}
{"timestamp":"2025-12-09T11:33:33.299493Z","level":"warning","event":"The `airflow.decorators.task` attribute is deprecated. Please use `'airflow.sdk.task'`.","category":"DeprecatedImportWarning","filename":"/opt/airflow/dags/dag.py","lineno":1,"logger":"py.warnings"}
{"timestamp":"2025-12-09T11:33:33.299523Z","level":"warning","event":"The `airflow.operators.empty.EmptyOperator` attribute is deprecated. Please use `'airflow.providers.standard.operators.empty.EmptyOperator'`.","category":"DeprecatedImportWarning","filename":"/opt/airflow/dags/dag.py","lineno":2,"logger":"py.warnings"}
{"timestamp":"2025-12-09T11:34:03.655429Z","level":"info","event":"Filling up the DagBag from /opt/airflow/dags/dag.py","logger":"airflow.models.dagbag.DagBag","filename":"dagbag.py","lineno":593}
{"timestamp":"2025-12-09T11:34:03.670726Z","level":"warning","event":"The `airflow.decorators.dag` attribute is deprecated. Please use `'airflow.sdk.dag'`.","category":"DeprecatedImportWarning","filename":"/opt/airflow/dags/dag.py","lineno":1,"logger":"py.warnings"}
{"timestamp":"2025-12-09T11:34:03.670783Z","level":"warning","event":"The `airflow.decorators.task` attribute is deprecated. Please use `'airflow.sdk.task'`.","category":"DeprecatedImportWarning","filename":"/opt/airflow/dags/dag.py","lineno":1,"logger":"py.warnings"}
{"timestamp":"2025-12-09T11:34:03.670807Z","level":"warning","event":"The `airflow.operators.empty.EmptyOperator` attribute is deprecated. Please use `'airflow.providers.standard.operators.empty.EmptyOperator'`.","category":"DeprecatedImportWarning","filename":"/opt/airflow/dags/dag.py","lineno":2,"logger":"py.warnings"}
{"timestamp":"2025-12-09T11:34:34.019746Z","level":"info","event":"Filling up the DagBag from /opt/airflow/dags/dag.py","logger":"airflow.models.dagbag.DagBag","filename":"dagbag.py","lineno":593}
{"timestamp":"2025-12-09T11:34:34.034101Z","level":"warning","event":"The `airflow.decorators.dag` attribute is deprecated. Please use `'airflow.sdk.dag'`.","category":"DeprecatedImportWarning","filename":"/opt/airflow/dags/dag.py","lineno":1,"logger":"py.warnings"}
{"timestamp":"2025-12-09T11:34:34.034177Z","level":"warning","event":"The `airflow.decorators.task` attribute is deprecated. Please use `'airflow.sdk.task'`.","category":"DeprecatedImportWarning","filename":"/opt/airflow/dags/dag.py","lineno":1,"logger":"py.warnings"}
{"timestamp":"2025-12-09T11:34:34.034209Z","level":"warning","event":"The `airflow.operators.empty.EmptyOperator` attribute is deprecated. Please use `'airflow.providers.standard.operators.empty.EmptyOperator'`.","category":"DeprecatedImportWarning","filename":"/opt/airflow/dags/dag.py","lineno":2,"logger":"py.warnings"}
{"timestamp":"2025-12-09T11:35:04.418122Z","level":"info","event":"Filling up the DagBag from /opt/airflow/dags/dag.py","logger":"airflow.models.dagbag.DagBag","filename":"dagbag.py","lineno":593}
{"timestamp":"2025-12-09T11:35:04.434822Z","level":"warning","event":"The `airflow.decorators.dag` attribute is deprecated. Please use `'airflow.sdk.dag'`.","category":"DeprecatedImportWarning","filename":"/opt/airflow/dags/dag.py","lineno":1,"logger":"py.warnings"}
{"timestamp":"2025-12-09T11:35:04.434891Z","level":"warning","event":"The `airflow.decorators.task` attribute is deprecated. Please use `'airflow.sdk.task'`.","category":"DeprecatedImportWarning","filename":"/opt/airflow/dags/dag.py","lineno":1,"logger":"py.warnings"}
{"timestamp":"2025-12-09T11:35:04.434918Z","level":"warning","event":"The `airflow.operators.empty.EmptyOperator` attribute is deprecated. Please use `'airflow.providers.standard.operators.empty.EmptyOperator'`.","category":"DeprecatedImportWarning","filename":"/opt/airflow/dags/dag.py","lineno":2,"logger":"py.warnings"}
{"timestamp":"2025-12-09T11:35:34.740124Z","level":"info","event":"Filling up the DagBag from /opt/airflow/dags/dag.py","logger":"airflow.models.dagbag.DagBag","filename":"dagbag.py","lineno":593}
{"timestamp":"2025-12-09T11:35:34.748734Z","level":"warning","event":"The `airflow.decorators.dag` attribute is deprecated. Please use `'airflow.sdk.dag'`.","category":"DeprecatedImportWarning","filename":"/opt/airflow/dags/dag.py","lineno":1,"logger":"py.warnings"}
{"timestamp":"2025-12-09T11:35:34.748790Z","level":"warning","event":"The `airflow.decorators.task` attribute is deprecated. Please use `'airflow.sdk.task'`.","category":"DeprecatedImportWarning","filename":"/opt/airflow/dags/dag.py","lineno":1,"logger":"py.warnings"}
{"timestamp":"2025-12-09T11:35:34.748818Z","level":"warning","event":"The `airflow.operators.empty.EmptyOperator` attribute is deprecated. Please use `'airflow.providers.standard.operators.empty.EmptyOperator'`.","category":"DeprecatedImportWarning","filename":"/opt/airflow/dags/dag.py","lineno":2,"logger":"py.warnings"}
{"timestamp":"2025-12-09T11:36:05.098794Z","level":"info","event":"Filling up the DagBag from /opt/airflow/dags/dag.py","logger":"airflow.models.dagbag.DagBag","filename":"dagbag.py","lineno":593}
{"timestamp":"2025-12-09T11:36:05.111047Z","level":"warning","event":"The `airflow.decorators.dag` attribute is deprecated. Please use `'airflow.sdk.dag'`.","category":"DeprecatedImportWarning","filename":"/opt/airflow/dags/dag.py","lineno":1,"logger":"py.warnings"}
{"timestamp":"2025-12-09T11:36:05.111119Z","level":"warning","event":"The `airflow.decorators.task` attribute is deprecated. Please use `'airflow.sdk.task'`.","category":"DeprecatedImportWarning","filename":"/opt/airflow/dags/dag.py","lineno":1,"logger":"py.warnings"}
{"timestamp":"2025-12-09T11:36:05.111153Z","level":"warning","event":"The `airflow.operators.empty.EmptyOperator` attribute is deprecated. Please use `'airflow.providers.standard.operators.empty.EmptyOperator'`.","category":"DeprecatedImportWarning","filename":"/opt/airflow/dags/dag.py","lineno":2,"logger":"py.warnings"}
{"timestamp":"2025-12-09T11:36:35.466649Z","level":"info","event":"Filling up the DagBag from /opt/airflow/dags/dag.py","logger":"airflow.models.dagbag.DagBag","filename":"dagbag.py","lineno":593}
{"timestamp":"2025-12-09T11:36:35.479839Z","level":"warning","event":"The `airflow.decorators.dag` attribute is deprecated. Please use `'airflow.sdk.dag'`.","category":"DeprecatedImportWarning","filename":"/opt/airflow/dags/dag.py","lineno":1,"logger":"py.warnings"}
{"timestamp":"2025-12-09T11:36:35.479906Z","level":"warning","event":"The `airflow.decorators.task` attribute is deprecated. Please use `'airflow.sdk.task'`.","category":"DeprecatedImportWarning","filename":"/opt/airflow/dags/dag.py","lineno":1,"logger":"py.warnings"}
{"timestamp":"2025-12-09T11:36:35.479936Z","level":"warning","event":"The `airflow.operators.empty.EmptyOperator` attribute is deprecated. Please use `'airflow.providers.standard.operators.empty.EmptyOperator'`.","category":"DeprecatedImportWarning","filename":"/opt/airflow/dags/dag.py","lineno":2,"logger":"py.warnings"}
{"timestamp":"2025-12-09T11:37:05.865470Z","level":"info","event":"Filling up the DagBag from /opt/airflow/dags/dag.py","logger":"airflow.models.dagbag.DagBag","filename":"dagbag.py","lineno":593}
{"timestamp":"2025-12-09T11:37:05.882129Z","level":"warning","event":"The `airflow.decorators.dag` attribute is deprecated. Please use `'airflow.sdk.dag'`.","category":"DeprecatedImportWarning","filename":"/opt/airflow/dags/dag.py","lineno":1,"logger":"py.warnings"}
{"timestamp":"2025-12-09T11:37:05.882526Z","level":"warning","event":"The `airflow.decorators.task` attribute is deprecated. Please use `'airflow.sdk.task'`.","category":"DeprecatedImportWarning","filename":"/opt/airflow/dags/dag.py","lineno":1,"logger":"py.warnings"}
{"timestamp":"2025-12-09T11:37:05.882708Z","level":"warning","event":"The `airflow.operators.empty.EmptyOperator` attribute is deprecated. Please use `'airflow.providers.standard.operators.empty.EmptyOperator'`.","category":"DeprecatedImportWarning","filename":"/opt/airflow/dags/dag.py","lineno":2,"logger":"py.warnings"}
{"timestamp":"2025-12-09T11:37:36.242820Z","level":"info","event":"Filling up the DagBag from /opt/airflow/dags/dag.py","logger":"airflow.models.dagbag.DagBag","filename":"dagbag.py","lineno":593}
{"timestamp":"2025-12-09T11:37:36.256584Z","level":"warning","event":"The `airflow.decorators.dag` attribute is deprecated. Please use `'airflow.sdk.dag'`.","category":"DeprecatedImportWarning","filename":"/opt/airflow/dags/dag.py","lineno":1,"logger":"py.warnings"}
{"timestamp":"2025-12-09T11:37:36.256639Z","level":"warning","event":"The `airflow.decorators.task` attribute is deprecated. Please use `'airflow.sdk.task'`.","category":"DeprecatedImportWarning","filename":"/opt/airflow/dags/dag.py","lineno":1,"logger":"py.warnings"}
{"timestamp":"2025-12-09T11:37:36.256669Z","level":"warning","event":"The `airflow.operators.empty.EmptyOperator` attribute is deprecated. Please use `'airflow.providers.standard.operators.empty.EmptyOperator'`.","category":"DeprecatedImportWarning","filename":"/opt/airflow/dags/dag.py","lineno":2,"logger":"py.warnings"}
{"timestamp":"2025-12-09T11:38:06.563139Z","level":"info","event":"Filling up the DagBag from /opt/airflow/dags/dag.py","logger":"airflow.models.dagbag.DagBag","filename":"dagbag.py","lineno":593}
{"timestamp":"2025-12-09T11:38:06.574990Z","level":"warning","event":"The `airflow.decorators.dag` attribute is deprecated. Please use `'airflow.sdk.dag'`.","category":"DeprecatedImportWarning","filename":"/opt/airflow/dags/dag.py","lineno":1,"logger":"py.warnings"}
{"timestamp":"2025-12-09T11:38:06.575150Z","level":"warning","event":"The `airflow.decorators.task` attribute is deprecated. Please use `'airflow.sdk.task'`.","category":"DeprecatedImportWarning","filename":"/opt/airflow/dags/dag.py","lineno":1,"logger":"py.warnings"}
{"timestamp":"2025-12-09T11:38:06.575185Z","level":"warning","event":"The `airflow.operators.empty.EmptyOperator` attribute is deprecated. Please use `'airflow.providers.standard.operators.empty.EmptyOperator'`.","category":"DeprecatedImportWarning","filename":"/opt/airflow/dags/dag.py","lineno":2,"logger":"py.warnings"}
{"timestamp":"2025-12-09T11:38:36.928739Z","level":"info","event":"Filling up the DagBag from /opt/airflow/dags/dag.py","logger":"airflow.models.dagbag.DagBag","filename":"dagbag.py","lineno":593}
{"timestamp":"2025-12-09T11:38:36.939358Z","level":"warning","event":"The `airflow.decorators.dag` attribute is deprecated. Please use `'airflow.sdk.dag'`.","category":"DeprecatedImportWarning","filename":"/opt/airflow/dags/dag.py","lineno":1,"logger":"py.warnings"}
{"timestamp":"2025-12-09T11:38:36.939549Z","level":"warning","event":"The `airflow.decorators.task` attribute is deprecated. Please use `'airflow.sdk.task'`.","category":"DeprecatedImportWarning","filename":"/opt/airflow/dags/dag.py","lineno":1,"logger":"py.warnings"}
{"timestamp":"2025-12-09T11:38:36.939589Z","level":"warning","event":"The `airflow.operators.empty.EmptyOperator` attribute is deprecated. Please use `'airflow.providers.standard.operators.empty.EmptyOperator'`.","category":"DeprecatedImportWarning","filename":"/opt/airflow/dags/dag.py","lineno":2,"logger":"py.warnings"}
{"timestamp":"2025-12-09T11:39:07.294823Z","level":"info","event":"Filling up the DagBag from /opt/airflow/dags/dag.py","logger":"airflow.models.dagbag.DagBag","filename":"dagbag.py","lineno":593}
{"timestamp":"2025-12-09T11:39:07.311512Z","level":"warning","event":"The `airflow.decorators.dag` attribute is deprecated. Please use `'airflow.sdk.dag'`.","category":"DeprecatedImportWarning","filename":"/opt/airflow/dags/dag.py","lineno":1,"logger":"py.warnings"}
{"timestamp":"2025-12-09T11:39:07.311668Z","level":"warning","event":"The `airflow.decorators.task` attribute is deprecated. Please use `'airflow.sdk.task'`.","category":"DeprecatedImportWarning","filename":"/opt/airflow/dags/dag.py","lineno":1,"logger":"py.warnings"}
{"timestamp":"2025-12-09T11:39:07.311711Z","level":"warning","event":"The `airflow.operators.empty.EmptyOperator` attribute is deprecated. Please use `'airflow.providers.standard.operators.empty.EmptyOperator'`.","category":"DeprecatedImportWarning","filename":"/opt/airflow/dags/dag.py","lineno":2,"logger":"py.warnings"}
{"timestamp":"2025-12-09T11:39:37.674393Z","level":"info","event":"Filling up the DagBag from /opt/airflow/dags/dag.py","logger":"airflow.models.dagbag.DagBag","filename":"dagbag.py","lineno":593}
{"timestamp":"2025-12-09T11:39:37.687506Z","level":"warning","event":"The `airflow.decorators.dag` attribute is deprecated. Please use `'airflow.sdk.dag'`.","category":"DeprecatedImportWarning","filename":"/opt/airflow/dags/dag.py","lineno":1,"logger":"py.warnings"}
{"timestamp":"2025-12-09T11:39:37.687569Z","level":"warning","event":"The `airflow.decorators.task` attribute is deprecated. Please use `'airflow.sdk.task'`.","category":"DeprecatedImportWarning","filename":"/opt/airflow/dags/dag.py","lineno":1,"logger":"py.warnings"}
{"timestamp":"2025-12-09T11:39:37.687602Z","level":"warning","event":"The `airflow.operators.empty.EmptyOperator` attribute is deprecated. Please use `'airflow.providers.standard.operators.empty.EmptyOperator'`.","category":"DeprecatedImportWarning","filename":"/opt/airflow/dags/dag.py","lineno":2,"logger":"py.warnings"}
{"timestamp":"2025-12-09T11:40:08.059958Z","level":"info","event":"Filling up the DagBag from /opt/airflow/dags/dag.py","logger":"airflow.models.dagbag.DagBag","filename":"dagbag.py","lineno":593}
{"timestamp":"2025-12-09T11:40:08.075400Z","level":"warning","event":"The `airflow.decorators.dag` attribute is deprecated. Please use `'airflow.sdk.dag'`.","category":"DeprecatedImportWarning","filename":"/opt/airflow/dags/dag.py","lineno":1,"logger":"py.warnings"}
{"timestamp":"2025-12-09T11:40:08.075464Z","level":"warning","event":"The `airflow.decorators.task` attribute is deprecated. Please use `'airflow.sdk.task'`.","category":"DeprecatedImportWarning","filename":"/opt/airflow/dags/dag.py","lineno":1,"logger":"py.warnings"}
{"timestamp":"2025-12-09T11:40:08.075490Z","level":"warning","event":"The `airflow.operators.empty.EmptyOperator` attribute is deprecated. Please use `'airflow.providers.standard.operators.empty.EmptyOperator'`.","category":"DeprecatedImportWarning","filename":"/opt/airflow/dags/dag.py","lineno":2,"logger":"py.warnings"}
{"timestamp":"2025-12-09T11:40:38.424215Z","level":"info","event":"Filling up the DagBag from /opt/airflow/dags/dag.py","logger":"airflow.models.dagbag.DagBag","filename":"dagbag.py","lineno":593}
{"timestamp":"2025-12-09T11:40:38.439794Z","level":"warning","event":"The `airflow.decorators.dag` attribute is deprecated. Please use `'airflow.sdk.dag'`.","category":"DeprecatedImportWarning","filename":"/opt/airflow/dags/dag.py","lineno":1,"logger":"py.warnings"}
{"timestamp":"2025-12-09T11:40:38.439856Z","level":"warning","event":"The `airflow.decorators.task` attribute is deprecated. Please use `'airflow.sdk.task'`.","category":"DeprecatedImportWarning","filename":"/opt/airflow/dags/dag.py","lineno":1,"logger":"py.warnings"}
{"timestamp":"2025-12-09T11:40:38.439883Z","level":"warning","event":"The `airflow.operators.empty.EmptyOperator` attribute is deprecated. Please use `'airflow.providers.standard.operators.empty.EmptyOperator'`.","category":"DeprecatedImportWarning","filename":"/opt/airflow/dags/dag.py","lineno":2,"logger":"py.warnings"}
{"timestamp":"2025-12-09T11:41:08.839183Z","level":"info","event":"Filling up the DagBag from /opt/airflow/dags/dag.py","logger":"airflow.models.dagbag.DagBag","filename":"dagbag.py","lineno":593}
{"timestamp":"2025-12-09T11:41:08.861569Z","level":"warning","event":"The `airflow.decorators.dag` attribute is deprecated. Please use `'airflow.sdk.dag'`.","category":"DeprecatedImportWarning","filename":"/opt/airflow/dags/dag.py","lineno":1,"logger":"py.warnings"}
{"timestamp":"2025-12-09T11:41:08.861723Z","level":"warning","event":"The `airflow.decorators.task` attribute is deprecated. Please use `'airflow.sdk.task'`.","category":"DeprecatedImportWarning","filename":"/opt/airflow/dags/dag.py","lineno":1,"logger":"py.warnings"}
{"timestamp":"2025-12-09T11:41:08.862088Z","level":"warning","event":"The `airflow.operators.empty.EmptyOperator` attribute is deprecated. Please use `'airflow.providers.standard.operators.empty.EmptyOperator'`.","category":"DeprecatedImportWarning","filename":"/opt/airflow/dags/dag.py","lineno":2,"logger":"py.warnings"}
{"timestamp":"2025-12-09T11:41:39.246842Z","level":"info","event":"Filling up the DagBag from /opt/airflow/dags/dag.py","logger":"airflow.models.dagbag.DagBag","filename":"dagbag.py","lineno":593}
{"timestamp":"2025-12-09T11:41:39.260231Z","level":"warning","event":"The `airflow.decorators.dag` attribute is deprecated. Please use `'airflow.sdk.dag'`.","category":"DeprecatedImportWarning","filename":"/opt/airflow/dags/dag.py","lineno":1,"logger":"py.warnings"}
{"timestamp":"2025-12-09T11:41:39.260299Z","level":"warning","event":"The `airflow.decorators.task` attribute is deprecated. Please use `'airflow.sdk.task'`.","category":"DeprecatedImportWarning","filename":"/opt/airflow/dags/dag.py","lineno":1,"logger":"py.warnings"}
{"timestamp":"2025-12-09T11:41:39.260332Z","level":"warning","event":"The `airflow.operators.empty.EmptyOperator` attribute is deprecated. Please use `'airflow.providers.standard.operators.empty.EmptyOperator'`.","category":"DeprecatedImportWarning","filename":"/opt/airflow/dags/dag.py","lineno":2,"logger":"py.warnings"}
{"timestamp":"2025-12-09T11:42:09.649542Z","level":"info","event":"Filling up the DagBag from /opt/airflow/dags/dag.py","logger":"airflow.models.dagbag.DagBag","filename":"dagbag.py","lineno":593}
{"timestamp":"2025-12-09T11:42:09.669313Z","level":"warning","event":"The `airflow.decorators.dag` attribute is deprecated. Please use `'airflow.sdk.dag'`.","category":"DeprecatedImportWarning","filename":"/opt/airflow/dags/dag.py","lineno":1,"logger":"py.warnings"}
{"timestamp":"2025-12-09T11:42:09.669374Z","level":"warning","event":"The `airflow.decorators.task` attribute is deprecated. Please use `'airflow.sdk.task'`.","category":"DeprecatedImportWarning","filename":"/opt/airflow/dags/dag.py","lineno":1,"logger":"py.warnings"}
{"timestamp":"2025-12-09T11:42:09.669397Z","level":"warning","event":"The `airflow.operators.empty.EmptyOperator` attribute is deprecated. Please use `'airflow.providers.standard.operators.empty.EmptyOperator'`.","category":"DeprecatedImportWarning","filename":"/opt/airflow/dags/dag.py","lineno":2,"logger":"py.warnings"}
{"timestamp":"2025-12-09T11:42:40.042930Z","level":"info","event":"Filling up the DagBag from /opt/airflow/dags/dag.py","logger":"airflow.models.dagbag.DagBag","filename":"dagbag.py","lineno":593}
{"timestamp":"2025-12-09T11:42:40.056165Z","level":"warning","event":"The `airflow.decorators.dag` attribute is deprecated. Please use `'airflow.sdk.dag'`.","category":"DeprecatedImportWarning","filename":"/opt/airflow/dags/dag.py","lineno":1,"logger":"py.warnings"}
{"timestamp":"2025-12-09T11:42:40.056264Z","level":"warning","event":"The `airflow.decorators.task` attribute is deprecated. Please use `'airflow.sdk.task'`.","category":"DeprecatedImportWarning","filename":"/opt/airflow/dags/dag.py","lineno":1,"logger":"py.warnings"}
{"timestamp":"2025-12-09T11:42:40.056299Z","level":"warning","event":"The `airflow.operators.empty.EmptyOperator` attribute is deprecated. Please use `'airflow.providers.standard.operators.empty.EmptyOperator'`.","category":"DeprecatedImportWarning","filename":"/opt/airflow/dags/dag.py","lineno":2,"logger":"py.warnings"}
{"timestamp":"2025-12-09T11:43:10.462324Z","level":"info","event":"Filling up the DagBag from /opt/airflow/dags/dag.py","logger":"airflow.models.dagbag.DagBag","filename":"dagbag.py","lineno":593}
{"timestamp":"2025-12-09T11:43:10.474835Z","level":"warning","event":"The `airflow.decorators.dag` attribute is deprecated. Please use `'airflow.sdk.dag'`.","category":"DeprecatedImportWarning","filename":"/opt/airflow/dags/dag.py","lineno":1,"logger":"py.warnings"}
{"timestamp":"2025-12-09T11:43:10.474894Z","level":"warning","event":"The `airflow.decorators.task` attribute is deprecated. Please use `'airflow.sdk.task'`.","category":"DeprecatedImportWarning","filename":"/opt/airflow/dags/dag.py","lineno":1,"logger":"py.warnings"}
{"timestamp":"2025-12-09T11:43:10.474920Z","level":"warning","event":"The `airflow.operators.empty.EmptyOperator` attribute is deprecated. Please use `'airflow.providers.standard.operators.empty.EmptyOperator'`.","category":"DeprecatedImportWarning","filename":"/opt/airflow/dags/dag.py","lineno":2,"logger":"py.warnings"}
{"timestamp":"2025-12-09T11:43:40.816795Z","level":"info","event":"Filling up the DagBag from /opt/airflow/dags/dag.py","logger":"airflow.models.dagbag.DagBag","filename":"dagbag.py","lineno":593}
{"timestamp":"2025-12-09T11:43:40.830081Z","level":"warning","event":"The `airflow.decorators.dag` attribute is deprecated. Please use `'airflow.sdk.dag'`.","category":"DeprecatedImportWarning","filename":"/opt/airflow/dags/dag.py","lineno":1,"logger":"py.warnings"}
{"timestamp":"2025-12-09T11:43:40.830138Z","level":"warning","event":"The `airflow.decorators.task` attribute is deprecated. Please use `'airflow.sdk.task'`.","category":"DeprecatedImportWarning","filename":"/opt/airflow/dags/dag.py","lineno":1,"logger":"py.warnings"}
{"timestamp":"2025-12-09T11:43:40.830169Z","level":"warning","event":"The `airflow.operators.empty.EmptyOperator` attribute is deprecated. Please use `'airflow.providers.standard.operators.empty.EmptyOperator'`.","category":"DeprecatedImportWarning","filename":"/opt/airflow/dags/dag.py","lineno":2,"logger":"py.warnings"}
{"timestamp":"2025-12-09T11:44:11.228675Z","level":"info","event":"Filling up the DagBag from /opt/airflow/dags/dag.py","logger":"airflow.models.dagbag.DagBag","filename":"dagbag.py","lineno":593}
{"timestamp":"2025-12-09T11:44:11.248776Z","level":"warning","event":"The `airflow.decorators.dag` attribute is deprecated. Please use `'airflow.sdk.dag'`.","category":"DeprecatedImportWarning","filename":"/opt/airflow/dags/dag.py","lineno":1,"logger":"py.warnings"}
{"timestamp":"2025-12-09T11:44:11.248845Z","level":"warning","event":"The `airflow.decorators.task` attribute is deprecated. Please use `'airflow.sdk.task'`.","category":"DeprecatedImportWarning","filename":"/opt/airflow/dags/dag.py","lineno":1,"logger":"py.warnings"}
{"timestamp":"2025-12-09T11:44:11.248871Z","level":"warning","event":"The `airflow.operators.empty.EmptyOperator` attribute is deprecated. Please use `'airflow.providers.standard.operators.empty.EmptyOperator'`.","category":"DeprecatedImportWarning","filename":"/opt/airflow/dags/dag.py","lineno":2,"logger":"py.warnings"}
{"timestamp":"2025-12-09T11:44:41.610198Z","level":"info","event":"Filling up the DagBag from /opt/airflow/dags/dag.py","logger":"airflow.models.dagbag.DagBag","filename":"dagbag.py","lineno":593}
{"timestamp":"2025-12-09T11:44:41.624971Z","level":"warning","event":"The `airflow.decorators.dag` attribute is deprecated. Please use `'airflow.sdk.dag'`.","category":"DeprecatedImportWarning","filename":"/opt/airflow/dags/dag.py","lineno":1,"logger":"py.warnings"}
{"timestamp":"2025-12-09T11:44:41.625032Z","level":"warning","event":"The `airflow.decorators.task` attribute is deprecated. Please use `'airflow.sdk.task'`.","category":"DeprecatedImportWarning","filename":"/opt/airflow/dags/dag.py","lineno":1,"logger":"py.warnings"}
{"timestamp":"2025-12-09T11:44:41.625059Z","level":"warning","event":"The `airflow.operators.empty.EmptyOperator` attribute is deprecated. Please use `'airflow.providers.standard.operators.empty.EmptyOperator'`.","category":"DeprecatedImportWarning","filename":"/opt/airflow/dags/dag.py","lineno":2,"logger":"py.warnings"}
{"timestamp":"2025-12-09T11:45:12.023257Z","level":"info","event":"Filling up the DagBag from /opt/airflow/dags/dag.py","logger":"airflow.models.dagbag.DagBag","filename":"dagbag.py","lineno":593}
{"timestamp":"2025-12-09T11:45:12.037242Z","level":"warning","event":"The `airflow.decorators.dag` attribute is deprecated. Please use `'airflow.sdk.dag'`.","category":"DeprecatedImportWarning","filename":"/opt/airflow/dags/dag.py","lineno":1,"logger":"py.warnings"}
{"timestamp":"2025-12-09T11:45:12.037448Z","level":"warning","event":"The `airflow.decorators.task` attribute is deprecated. Please use `'airflow.sdk.task'`.","category":"DeprecatedImportWarning","filename":"/opt/airflow/dags/dag.py","lineno":1,"logger":"py.warnings"}
{"timestamp":"2025-12-09T11:45:12.037485Z","level":"warning","event":"The `airflow.operators.empty.EmptyOperator` attribute is deprecated. Please use `'airflow.providers.standard.operators.empty.EmptyOperator'`.","category":"DeprecatedImportWarning","filename":"/opt/airflow/dags/dag.py","lineno":2,"logger":"py.warnings"}
{"timestamp":"2025-12-09T11:45:42.408650Z","level":"info","event":"Filling up the DagBag from /opt/airflow/dags/dag.py","logger":"airflow.models.dagbag.DagBag","filename":"dagbag.py","lineno":593}
{"timestamp":"2025-12-09T11:45:42.421833Z","level":"warning","event":"The `airflow.decorators.dag` attribute is deprecated. Please use `'airflow.sdk.dag'`.","category":"DeprecatedImportWarning","filename":"/opt/airflow/dags/dag.py","lineno":1,"logger":"py.warnings"}
{"timestamp":"2025-12-09T11:45:42.421886Z","level":"warning","event":"The `airflow.decorators.task` attribute is deprecated. Please use `'airflow.sdk.task'`.","category":"DeprecatedImportWarning","filename":"/opt/airflow/dags/dag.py","lineno":1,"logger":"py.warnings"}
{"timestamp":"2025-12-09T11:45:42.421913Z","level":"warning","event":"The `airflow.operators.empty.EmptyOperator` attribute is deprecated. Please use `'airflow.providers.standard.operators.empty.EmptyOperator'`.","category":"DeprecatedImportWarning","filename":"/opt/airflow/dags/dag.py","lineno":2,"logger":"py.warnings"}
{"timestamp":"2025-12-09T11:46:12.784619Z","level":"info","event":"Filling up the DagBag from /opt/airflow/dags/dag.py","logger":"airflow.models.dagbag.DagBag","filename":"dagbag.py","lineno":593}
{"timestamp":"2025-12-09T11:46:12.797092Z","level":"warning","event":"The `airflow.decorators.dag` attribute is deprecated. Please use `'airflow.sdk.dag'`.","category":"DeprecatedImportWarning","filename":"/opt/airflow/dags/dag.py","lineno":1,"logger":"py.warnings"}
{"timestamp":"2025-12-09T11:46:12.797150Z","level":"warning","event":"The `airflow.decorators.task` attribute is deprecated. Please use `'airflow.sdk.task'`.","category":"DeprecatedImportWarning","filename":"/opt/airflow/dags/dag.py","lineno":1,"logger":"py.warnings"}
{"timestamp":"2025-12-09T11:46:12.797178Z","level":"warning","event":"The `airflow.operators.empty.EmptyOperator` attribute is deprecated. Please use `'airflow.providers.standard.operators.empty.EmptyOperator'`.","category":"DeprecatedImportWarning","filename":"/opt/airflow/dags/dag.py","lineno":2,"logger":"py.warnings"}
{"timestamp":"2025-12-09T11:46:43.128637Z","level":"info","event":"Filling up the DagBag from /opt/airflow/dags/dag.py","logger":"airflow.models.dagbag.DagBag","filename":"dagbag.py","lineno":593}
{"timestamp":"2025-12-09T11:46:43.149978Z","level":"warning","event":"The `airflow.decorators.dag` attribute is deprecated. Please use `'airflow.sdk.dag'`.","category":"DeprecatedImportWarning","filename":"/opt/airflow/dags/dag.py","lineno":1,"logger":"py.warnings"}
{"timestamp":"2025-12-09T11:46:43.150497Z","level":"warning","event":"The `airflow.decorators.task` attribute is deprecated. Please use `'airflow.sdk.task'`.","category":"DeprecatedImportWarning","filename":"/opt/airflow/dags/dag.py","lineno":1,"logger":"py.warnings"}
{"timestamp":"2025-12-09T11:46:43.150845Z","level":"warning","event":"The `airflow.operators.empty.EmptyOperator` attribute is deprecated. Please use `'airflow.providers.standard.operators.empty.EmptyOperator'`.","category":"DeprecatedImportWarning","filename":"/opt/airflow/dags/dag.py","lineno":2,"logger":"py.warnings"}
{"timestamp":"2025-12-09T11:47:13.555637Z","level":"info","event":"Filling up the DagBag from /opt/airflow/dags/dag.py","logger":"airflow.models.dagbag.DagBag","filename":"dagbag.py","lineno":593}
{"timestamp":"2025-12-09T11:47:13.578569Z","level":"warning","event":"The `airflow.decorators.dag` attribute is deprecated. Please use `'airflow.sdk.dag'`.","category":"DeprecatedImportWarning","filename":"/opt/airflow/dags/dag.py","lineno":1,"logger":"py.warnings"}
{"timestamp":"2025-12-09T11:47:13.578665Z","level":"warning","event":"The `airflow.decorators.task` attribute is deprecated. Please use `'airflow.sdk.task'`.","category":"DeprecatedImportWarning","filename":"/opt/airflow/dags/dag.py","lineno":1,"logger":"py.warnings"}
{"timestamp":"2025-12-09T11:47:13.578703Z","level":"warning","event":"The `airflow.operators.empty.EmptyOperator` attribute is deprecated. Please use `'airflow.providers.standard.operators.empty.EmptyOperator'`.","category":"DeprecatedImportWarning","filename":"/opt/airflow/dags/dag.py","lineno":2,"logger":"py.warnings"}
{"timestamp":"2025-12-09T11:47:43.957037Z","level":"info","event":"Filling up the DagBag from /opt/airflow/dags/dag.py","logger":"airflow.models.dagbag.DagBag","filename":"dagbag.py","lineno":593}
{"timestamp":"2025-12-09T11:47:43.970708Z","level":"warning","event":"The `airflow.decorators.dag` attribute is deprecated. Please use `'airflow.sdk.dag'`.","category":"DeprecatedImportWarning","filename":"/opt/airflow/dags/dag.py","lineno":1,"logger":"py.warnings"}
{"timestamp":"2025-12-09T11:47:43.970781Z","level":"warning","event":"The `airflow.decorators.task` attribute is deprecated. Please use `'airflow.sdk.task'`.","category":"DeprecatedImportWarning","filename":"/opt/airflow/dags/dag.py","lineno":1,"logger":"py.warnings"}
{"timestamp":"2025-12-09T11:47:43.970810Z","level":"warning","event":"The `airflow.operators.empty.EmptyOperator` attribute is deprecated. Please use `'airflow.providers.standard.operators.empty.EmptyOperator'`.","category":"DeprecatedImportWarning","filename":"/opt/airflow/dags/dag.py","lineno":2,"logger":"py.warnings"}
{"timestamp":"2025-12-09T11:48:14.308278Z","level":"info","event":"Filling up the DagBag from /opt/airflow/dags/dag.py","logger":"airflow.models.dagbag.DagBag","filename":"dagbag.py","lineno":593}
{"timestamp":"2025-12-09T11:48:14.320355Z","level":"warning","event":"The `airflow.decorators.dag` attribute is deprecated. Please use `'airflow.sdk.dag'`.","category":"DeprecatedImportWarning","filename":"/opt/airflow/dags/dag.py","lineno":1,"logger":"py.warnings"}
{"timestamp":"2025-12-09T11:48:14.320408Z","level":"warning","event":"The `airflow.decorators.task` attribute is deprecated. Please use `'airflow.sdk.task'`.","category":"DeprecatedImportWarning","filename":"/opt/airflow/dags/dag.py","lineno":1,"logger":"py.warnings"}
{"timestamp":"2025-12-09T11:48:14.320436Z","level":"warning","event":"The `airflow.operators.empty.EmptyOperator` attribute is deprecated. Please use `'airflow.providers.standard.operators.empty.EmptyOperator'`.","category":"DeprecatedImportWarning","filename":"/opt/airflow/dags/dag.py","lineno":2,"logger":"py.warnings"}
{"timestamp":"2025-12-09T11:48:44.700072Z","level":"info","event":"Filling up the DagBag from /opt/airflow/dags/dag.py","logger":"airflow.models.dagbag.DagBag","filename":"dagbag.py","lineno":593}
{"timestamp":"2025-12-09T11:48:44.721225Z","level":"warning","event":"The `airflow.decorators.dag` attribute is deprecated. Please use `'airflow.sdk.dag'`.","category":"DeprecatedImportWarning","filename":"/opt/airflow/dags/dag.py","lineno":1,"logger":"py.warnings"}
{"timestamp":"2025-12-09T11:48:44.721308Z","level":"warning","event":"The `airflow.decorators.task` attribute is deprecated. Please use `'airflow.sdk.task'`.","category":"DeprecatedImportWarning","filename":"/opt/airflow/dags/dag.py","lineno":1,"logger":"py.warnings"}
{"timestamp":"2025-12-09T11:48:44.721353Z","level":"warning","event":"The `airflow.operators.empty.EmptyOperator` attribute is deprecated. Please use `'airflow.providers.standard.operators.empty.EmptyOperator'`.","category":"DeprecatedImportWarning","filename":"/opt/airflow/dags/dag.py","lineno":2,"logger":"py.warnings"}
{"timestamp":"2025-12-09T11:49:15.115766Z","level":"info","event":"Filling up the DagBag from /opt/airflow/dags/dag.py","logger":"airflow.models.dagbag.DagBag","filename":"dagbag.py","lineno":593}
{"timestamp":"2025-12-09T11:49:15.130179Z","level":"warning","event":"The `airflow.decorators.dag` attribute is deprecated. Please use `'airflow.sdk.dag'`.","category":"DeprecatedImportWarning","filename":"/opt/airflow/dags/dag.py","lineno":1,"logger":"py.warnings"}
{"timestamp":"2025-12-09T11:49:15.130261Z","level":"warning","event":"The `airflow.decorators.task` attribute is deprecated. Please use `'airflow.sdk.task'`.","category":"DeprecatedImportWarning","filename":"/opt/airflow/dags/dag.py","lineno":1,"logger":"py.warnings"}
{"timestamp":"2025-12-09T11:49:15.130294Z","level":"warning","event":"The `airflow.operators.empty.EmptyOperator` attribute is deprecated. Please use `'airflow.providers.standard.operators.empty.EmptyOperator'`.","category":"DeprecatedImportWarning","filename":"/opt/airflow/dags/dag.py","lineno":2,"logger":"py.warnings"}
{"timestamp":"2025-12-09T11:49:45.492283Z","level":"info","event":"Filling up the DagBag from /opt/airflow/dags/dag.py","logger":"airflow.models.dagbag.DagBag","filename":"dagbag.py","lineno":593}
{"timestamp":"2025-12-09T11:49:45.507960Z","level":"warning","event":"The `airflow.decorators.dag` attribute is deprecated. Please use `'airflow.sdk.dag'`.","category":"DeprecatedImportWarning","filename":"/opt/airflow/dags/dag.py","lineno":1,"logger":"py.warnings"}
{"timestamp":"2025-12-09T11:49:45.508062Z","level":"warning","event":"The `airflow.decorators.task` attribute is deprecated. Please use `'airflow.sdk.task'`.","category":"DeprecatedImportWarning","filename":"/opt/airflow/dags/dag.py","lineno":1,"logger":"py.warnings"}
{"timestamp":"2025-12-09T11:49:45.508117Z","level":"warning","event":"The `airflow.operators.empty.EmptyOperator` attribute is deprecated. Please use `'airflow.providers.standard.operators.empty.EmptyOperator'`.","category":"DeprecatedImportWarning","filename":"/opt/airflow/dags/dag.py","lineno":2,"logger":"py.warnings"}
{"timestamp":"2025-12-09T11:50:15.862368Z","level":"info","event":"Filling up the DagBag from /opt/airflow/dags/dag.py","logger":"airflow.models.dagbag.DagBag","filename":"dagbag.py","lineno":593}
{"timestamp":"2025-12-09T11:50:15.873035Z","level":"warning","event":"The `airflow.decorators.dag` attribute is deprecated. Please use `'airflow.sdk.dag'`.","category":"DeprecatedImportWarning","filename":"/opt/airflow/dags/dag.py","lineno":1,"logger":"py.warnings"}
{"timestamp":"2025-12-09T11:50:15.873107Z","level":"warning","event":"The `airflow.decorators.task` attribute is deprecated. Please use `'airflow.sdk.task'`.","category":"DeprecatedImportWarning","filename":"/opt/airflow/dags/dag.py","lineno":1,"logger":"py.warnings"}
{"timestamp":"2025-12-09T11:50:15.873135Z","level":"warning","event":"The `airflow.operators.empty.EmptyOperator` attribute is deprecated. Please use `'airflow.providers.standard.operators.empty.EmptyOperator'`.","category":"DeprecatedImportWarning","filename":"/opt/airflow/dags/dag.py","lineno":2,"logger":"py.warnings"}
{"timestamp":"2025-12-09T11:50:46.243606Z","level":"info","event":"Filling up the DagBag from /opt/airflow/dags/dag.py","logger":"airflow.models.dagbag.DagBag","filename":"dagbag.py","lineno":593}
{"timestamp":"2025-12-09T11:50:46.257839Z","level":"warning","event":"The `airflow.decorators.dag` attribute is deprecated. Please use `'airflow.sdk.dag'`.","category":"DeprecatedImportWarning","filename":"/opt/airflow/dags/dag.py","lineno":1,"logger":"py.warnings"}
{"timestamp":"2025-12-09T11:50:46.257899Z","level":"warning","event":"The `airflow.decorators.task` attribute is deprecated. Please use `'airflow.sdk.task'`.","category":"DeprecatedImportWarning","filename":"/opt/airflow/dags/dag.py","lineno":1,"logger":"py.warnings"}
{"timestamp":"2025-12-09T11:50:46.257929Z","level":"warning","event":"The `airflow.operators.empty.EmptyOperator` attribute is deprecated. Please use `'airflow.providers.standard.operators.empty.EmptyOperator'`.","category":"DeprecatedImportWarning","filename":"/opt/airflow/dags/dag.py","lineno":2,"logger":"py.warnings"}
{"timestamp":"2025-12-09T11:51:16.601922Z","level":"info","event":"Filling up the DagBag from /opt/airflow/dags/dag.py","logger":"airflow.models.dagbag.DagBag","filename":"dagbag.py","lineno":593}
{"timestamp":"2025-12-09T11:51:16.614659Z","level":"warning","event":"The `airflow.decorators.dag` attribute is deprecated. Please use `'airflow.sdk.dag'`.","category":"DeprecatedImportWarning","filename":"/opt/airflow/dags/dag.py","lineno":1,"logger":"py.warnings"}
{"timestamp":"2025-12-09T11:51:16.614719Z","level":"warning","event":"The `airflow.decorators.task` attribute is deprecated. Please use `'airflow.sdk.task'`.","category":"DeprecatedImportWarning","filename":"/opt/airflow/dags/dag.py","lineno":1,"logger":"py.warnings"}
{"timestamp":"2025-12-09T11:51:16.614745Z","level":"warning","event":"The `airflow.operators.empty.EmptyOperator` attribute is deprecated. Please use `'airflow.providers.standard.operators.empty.EmptyOperator'`.","category":"DeprecatedImportWarning","filename":"/opt/airflow/dags/dag.py","lineno":2,"logger":"py.warnings"}
{"timestamp":"2025-12-09T11:51:46.926158Z","level":"info","event":"Filling up the DagBag from /opt/airflow/dags/dag.py","logger":"airflow.models.dagbag.DagBag","filename":"dagbag.py","lineno":593}
{"timestamp":"2025-12-09T11:51:46.937990Z","level":"warning","event":"The `airflow.decorators.dag` attribute is deprecated. Please use `'airflow.sdk.dag'`.","category":"DeprecatedImportWarning","filename":"/opt/airflow/dags/dag.py","lineno":1,"logger":"py.warnings"}
{"timestamp":"2025-12-09T11:51:46.938058Z","level":"warning","event":"The `airflow.decorators.task` attribute is deprecated. Please use `'airflow.sdk.task'`.","category":"DeprecatedImportWarning","filename":"/opt/airflow/dags/dag.py","lineno":1,"logger":"py.warnings"}
{"timestamp":"2025-12-09T11:51:46.938090Z","level":"warning","event":"The `airflow.operators.empty.EmptyOperator` attribute is deprecated. Please use `'airflow.providers.standard.operators.empty.EmptyOperator'`.","category":"DeprecatedImportWarning","filename":"/opt/airflow/dags/dag.py","lineno":2,"logger":"py.warnings"}
{"timestamp":"2025-12-09T11:52:17.257852Z","level":"info","event":"Filling up the DagBag from /opt/airflow/dags/dag.py","logger":"airflow.models.dagbag.DagBag","filename":"dagbag.py","lineno":593}
{"timestamp":"2025-12-09T11:52:17.266990Z","level":"warning","event":"The `airflow.decorators.dag` attribute is deprecated. Please use `'airflow.sdk.dag'`.","category":"DeprecatedImportWarning","filename":"/opt/airflow/dags/dag.py","lineno":1,"logger":"py.warnings"}
{"timestamp":"2025-12-09T11:52:17.267071Z","level":"warning","event":"The `airflow.decorators.task` attribute is deprecated. Please use `'airflow.sdk.task'`.","category":"DeprecatedImportWarning","filename":"/opt/airflow/dags/dag.py","lineno":1,"logger":"py.warnings"}
{"timestamp":"2025-12-09T11:52:17.267109Z","level":"warning","event":"The `airflow.operators.empty.EmptyOperator` attribute is deprecated. Please use `'airflow.providers.standard.operators.empty.EmptyOperator'`.","category":"DeprecatedImportWarning","filename":"/opt/airflow/dags/dag.py","lineno":2,"logger":"py.warnings"}
{"timestamp":"2025-12-09T11:52:47.623151Z","level":"info","event":"Filling up the DagBag from /opt/airflow/dags/dag.py","logger":"airflow.models.dagbag.DagBag","filename":"dagbag.py","lineno":593}
{"timestamp":"2025-12-09T11:52:47.640070Z","level":"warning","event":"The `airflow.decorators.dag` attribute is deprecated. Please use `'airflow.sdk.dag'`.","category":"DeprecatedImportWarning","filename":"/opt/airflow/dags/dag.py","lineno":1,"logger":"py.warnings"}
{"timestamp":"2025-12-09T11:52:47.640141Z","level":"warning","event":"The `airflow.decorators.task` attribute is deprecated. Please use `'airflow.sdk.task'`.","category":"DeprecatedImportWarning","filename":"/opt/airflow/dags/dag.py","lineno":1,"logger":"py.warnings"}
{"timestamp":"2025-12-09T11:52:47.640172Z","level":"warning","event":"The `airflow.operators.empty.EmptyOperator` attribute is deprecated. Please use `'airflow.providers.standard.operators.empty.EmptyOperator'`.","category":"DeprecatedImportWarning","filename":"/opt/airflow/dags/dag.py","lineno":2,"logger":"py.warnings"}
{"timestamp":"2025-12-09T11:53:17.993391Z","level":"info","event":"Filling up the DagBag from /opt/airflow/dags/dag.py","logger":"airflow.models.dagbag.DagBag","filename":"dagbag.py","lineno":593}
{"timestamp":"2025-12-09T11:53:18.003332Z","level":"warning","event":"The `airflow.decorators.dag` attribute is deprecated. Please use `'airflow.sdk.dag'`.","category":"DeprecatedImportWarning","filename":"/opt/airflow/dags/dag.py","lineno":1,"logger":"py.warnings"}
{"timestamp":"2025-12-09T11:53:18.003402Z","level":"warning","event":"The `airflow.decorators.task` attribute is deprecated. Please use `'airflow.sdk.task'`.","category":"DeprecatedImportWarning","filename":"/opt/airflow/dags/dag.py","lineno":1,"logger":"py.warnings"}
{"timestamp":"2025-12-09T11:53:18.003439Z","level":"warning","event":"The `airflow.operators.empty.EmptyOperator` attribute is deprecated. Please use `'airflow.providers.standard.operators.empty.EmptyOperator'`.","category":"DeprecatedImportWarning","filename":"/opt/airflow/dags/dag.py","lineno":2,"logger":"py.warnings"}
{"timestamp":"2025-12-09T11:53:48.341060Z","level":"info","event":"Filling up the DagBag from /opt/airflow/dags/dag.py","logger":"airflow.models.dagbag.DagBag","filename":"dagbag.py","lineno":593}
{"timestamp":"2025-12-09T11:53:48.353386Z","level":"warning","event":"The `airflow.decorators.dag` attribute is deprecated. Please use `'airflow.sdk.dag'`.","category":"DeprecatedImportWarning","filename":"/opt/airflow/dags/dag.py","lineno":1,"logger":"py.warnings"}
{"timestamp":"2025-12-09T11:53:48.353465Z","level":"warning","event":"The `airflow.decorators.task` attribute is deprecated. Please use `'airflow.sdk.task'`.","category":"DeprecatedImportWarning","filename":"/opt/airflow/dags/dag.py","lineno":1,"logger":"py.warnings"}
{"timestamp":"2025-12-09T11:53:48.353500Z","level":"warning","event":"The `airflow.operators.empty.EmptyOperator` attribute is deprecated. Please use `'airflow.providers.standard.operators.empty.EmptyOperator'`.","category":"DeprecatedImportWarning","filename":"/opt/airflow/dags/dag.py","lineno":2,"logger":"py.warnings"}
{"timestamp":"2025-12-09T11:54:18.700545Z","level":"info","event":"Filling up the DagBag from /opt/airflow/dags/dag.py","logger":"airflow.models.dagbag.DagBag","filename":"dagbag.py","lineno":593}
{"timestamp":"2025-12-09T11:54:18.712413Z","level":"warning","event":"The `airflow.decorators.dag` attribute is deprecated. Please use `'airflow.sdk.dag'`.","category":"DeprecatedImportWarning","filename":"/opt/airflow/dags/dag.py","lineno":1,"logger":"py.warnings"}
{"timestamp":"2025-12-09T11:54:18.712488Z","level":"warning","event":"The `airflow.decorators.task` attribute is deprecated. Please use `'airflow.sdk.task'`.","category":"DeprecatedImportWarning","filename":"/opt/airflow/dags/dag.py","lineno":1,"logger":"py.warnings"}
{"timestamp":"2025-12-09T11:54:18.712521Z","level":"warning","event":"The `airflow.operators.empty.EmptyOperator` attribute is deprecated. Please use `'airflow.providers.standard.operators.empty.EmptyOperator'`.","category":"DeprecatedImportWarning","filename":"/opt/airflow/dags/dag.py","lineno":2,"logger":"py.warnings"}
{"timestamp":"2025-12-09T11:54:49.055978Z","level":"info","event":"Filling up the DagBag from /opt/airflow/dags/dag.py","logger":"airflow.models.dagbag.DagBag","filename":"dagbag.py","lineno":593}
{"timestamp":"2025-12-09T11:54:49.063564Z","level":"warning","event":"The `airflow.decorators.dag` attribute is deprecated. Please use `'airflow.sdk.dag'`.","category":"DeprecatedImportWarning","filename":"/opt/airflow/dags/dag.py","lineno":1,"logger":"py.warnings"}
{"timestamp":"2025-12-09T11:54:49.063618Z","level":"warning","event":"The `airflow.decorators.task` attribute is deprecated. Please use `'airflow.sdk.task'`.","category":"DeprecatedImportWarning","filename":"/opt/airflow/dags/dag.py","lineno":1,"logger":"py.warnings"}
{"timestamp":"2025-12-09T11:54:49.063643Z","level":"warning","event":"The `airflow.operators.empty.EmptyOperator` attribute is deprecated. Please use `'airflow.providers.standard.operators.empty.EmptyOperator'`.","category":"DeprecatedImportWarning","filename":"/opt/airflow/dags/dag.py","lineno":2,"logger":"py.warnings"}
{"timestamp":"2025-12-09T11:55:19.402837Z","level":"info","event":"Filling up the DagBag from /opt/airflow/dags/dag.py","logger":"airflow.models.dagbag.DagBag","filename":"dagbag.py","lineno":593}
{"timestamp":"2025-12-09T11:55:19.419277Z","level":"warning","event":"The `airflow.decorators.dag` attribute is deprecated. Please use `'airflow.sdk.dag'`.","category":"DeprecatedImportWarning","filename":"/opt/airflow/dags/dag.py","lineno":1,"logger":"py.warnings"}
{"timestamp":"2025-12-09T11:55:19.419488Z","level":"warning","event":"The `airflow.decorators.task` attribute is deprecated. Please use `'airflow.sdk.task'`.","category":"DeprecatedImportWarning","filename":"/opt/airflow/dags/dag.py","lineno":1,"logger":"py.warnings"}
{"timestamp":"2025-12-09T11:55:19.419535Z","level":"warning","event":"The `airflow.operators.empty.EmptyOperator` attribute is deprecated. Please use `'airflow.providers.standard.operators.empty.EmptyOperator'`.","category":"DeprecatedImportWarning","filename":"/opt/airflow/dags/dag.py","lineno":2,"logger":"py.warnings"}
{"timestamp":"2025-12-09T11:55:49.766026Z","level":"info","event":"Filling up the DagBag from /opt/airflow/dags/dag.py","logger":"airflow.models.dagbag.DagBag","filename":"dagbag.py","lineno":593}
{"timestamp":"2025-12-09T11:55:49.804042Z","level":"warning","event":"The `airflow.decorators.dag` attribute is deprecated. Please use `'airflow.sdk.dag'`.","category":"DeprecatedImportWarning","filename":"/opt/airflow/dags/dag.py","lineno":1,"logger":"py.warnings"}
{"timestamp":"2025-12-09T11:55:49.804151Z","level":"warning","event":"The `airflow.decorators.task` attribute is deprecated. Please use `'airflow.sdk.task'`.","category":"DeprecatedImportWarning","filename":"/opt/airflow/dags/dag.py","lineno":1,"logger":"py.warnings"}
{"timestamp":"2025-12-09T11:55:49.804193Z","level":"warning","event":"The `airflow.operators.empty.EmptyOperator` attribute is deprecated. Please use `'airflow.providers.standard.operators.empty.EmptyOperator'`.","category":"DeprecatedImportWarning","filename":"/opt/airflow/dags/dag.py","lineno":2,"logger":"py.warnings"}
{"timestamp":"2025-12-09T11:59:05.779826Z","level":"info","event":"Filling up the DagBag from /opt/airflow/dags/dag.py","logger":"airflow.models.dagbag.DagBag","filename":"dagbag.py","lineno":593}
{"timestamp":"2025-12-09T11:59:05.805510Z","level":"warning","event":"The `airflow.decorators.dag` attribute is deprecated. Please use `'airflow.sdk.dag'`.","category":"DeprecatedImportWarning","filename":"/opt/airflow/dags/dag.py","lineno":1,"logger":"py.warnings"}
{"timestamp":"2025-12-09T11:59:05.805625Z","level":"warning","event":"The `airflow.decorators.task` attribute is deprecated. Please use `'airflow.sdk.task'`.","category":"DeprecatedImportWarning","filename":"/opt/airflow/dags/dag.py","lineno":1,"logger":"py.warnings"}
{"timestamp":"2025-12-09T11:59:05.805679Z","level":"warning","event":"The `airflow.operators.empty.EmptyOperator` attribute is deprecated. Please use `'airflow.providers.standard.operators.empty.EmptyOperator'`.","category":"DeprecatedImportWarning","filename":"/opt/airflow/dags/dag.py","lineno":2,"logger":"py.warnings"}
{"timestamp":"2025-12-09T11:59:36.214092Z","level":"info","event":"Filling up the DagBag from /opt/airflow/dags/dag.py","logger":"airflow.models.dagbag.DagBag","filename":"dagbag.py","lineno":593}
{"timestamp":"2025-12-09T11:59:36.231685Z","level":"warning","event":"The `airflow.decorators.dag` attribute is deprecated. Please use `'airflow.sdk.dag'`.","category":"DeprecatedImportWarning","filename":"/opt/airflow/dags/dag.py","lineno":1,"logger":"py.warnings"}
{"timestamp":"2025-12-09T11:59:36.231760Z","level":"warning","event":"The `airflow.decorators.task` attribute is deprecated. Please use `'airflow.sdk.task'`.","category":"DeprecatedImportWarning","filename":"/opt/airflow/dags/dag.py","lineno":1,"logger":"py.warnings"}
{"timestamp":"2025-12-09T11:59:36.231790Z","level":"warning","event":"The `airflow.operators.empty.EmptyOperator` attribute is deprecated. Please use `'airflow.providers.standard.operators.empty.EmptyOperator'`.","category":"DeprecatedImportWarning","filename":"/opt/airflow/dags/dag.py","lineno":2,"logger":"py.warnings"}
{"timestamp":"2025-12-09T12:00:06.621286Z","level":"info","event":"Filling up the DagBag from /opt/airflow/dags/dag.py","logger":"airflow.models.dagbag.DagBag","filename":"dagbag.py","lineno":593}
{"timestamp":"2025-12-09T12:00:06.633858Z","level":"warning","event":"The `airflow.decorators.dag` attribute is deprecated. Please use `'airflow.sdk.dag'`.","category":"DeprecatedImportWarning","filename":"/opt/airflow/dags/dag.py","lineno":1,"logger":"py.warnings"}
{"timestamp":"2025-12-09T12:00:06.633927Z","level":"warning","event":"The `airflow.decorators.task` attribute is deprecated. Please use `'airflow.sdk.task'`.","category":"DeprecatedImportWarning","filename":"/opt/airflow/dags/dag.py","lineno":1,"logger":"py.warnings"}
{"timestamp":"2025-12-09T12:00:06.633952Z","level":"warning","event":"The `airflow.operators.empty.EmptyOperator` attribute is deprecated. Please use `'airflow.providers.standard.operators.empty.EmptyOperator'`.","category":"DeprecatedImportWarning","filename":"/opt/airflow/dags/dag.py","lineno":2,"logger":"py.warnings"}
{"timestamp":"2025-12-09T12:00:37.002345Z","level":"info","event":"Filling up the DagBag from /opt/airflow/dags/dag.py","logger":"airflow.models.dagbag.DagBag","filename":"dagbag.py","lineno":593}
{"timestamp":"2025-12-09T12:00:37.020129Z","level":"warning","event":"The `airflow.decorators.dag` attribute is deprecated. Please use `'airflow.sdk.dag'`.","category":"DeprecatedImportWarning","filename":"/opt/airflow/dags/dag.py","lineno":1,"logger":"py.warnings"}
{"timestamp":"2025-12-09T12:00:37.020218Z","level":"warning","event":"The `airflow.decorators.task` attribute is deprecated. Please use `'airflow.sdk.task'`.","category":"DeprecatedImportWarning","filename":"/opt/airflow/dags/dag.py","lineno":1,"logger":"py.warnings"}
{"timestamp":"2025-12-09T12:00:37.020270Z","level":"warning","event":"The `airflow.operators.empty.EmptyOperator` attribute is deprecated. Please use `'airflow.providers.standard.operators.empty.EmptyOperator'`.","category":"DeprecatedImportWarning","filename":"/opt/airflow/dags/dag.py","lineno":2,"logger":"py.warnings"}
{"timestamp":"2025-12-09T12:01:07.387638Z","level":"info","event":"Filling up the DagBag from /opt/airflow/dags/dag.py","logger":"airflow.models.dagbag.DagBag","filename":"dagbag.py","lineno":593}
{"timestamp":"2025-12-09T12:01:07.400340Z","level":"warning","event":"The `airflow.decorators.dag` attribute is deprecated. Please use `'airflow.sdk.dag'`.","category":"DeprecatedImportWarning","filename":"/opt/airflow/dags/dag.py","lineno":1,"logger":"py.warnings"}
{"timestamp":"2025-12-09T12:01:07.400404Z","level":"warning","event":"The `airflow.decorators.task` attribute is deprecated. Please use `'airflow.sdk.task'`.","category":"DeprecatedImportWarning","filename":"/opt/airflow/dags/dag.py","lineno":1,"logger":"py.warnings"}
{"timestamp":"2025-12-09T12:01:07.400435Z","level":"warning","event":"The `airflow.operators.empty.EmptyOperator` attribute is deprecated. Please use `'airflow.providers.standard.operators.empty.EmptyOperator'`.","category":"DeprecatedImportWarning","filename":"/opt/airflow/dags/dag.py","lineno":2,"logger":"py.warnings"}
{"timestamp":"2025-12-09T12:01:37.848918Z","level":"info","event":"Filling up the DagBag from /opt/airflow/dags/dag.py","logger":"airflow.models.dagbag.DagBag","filename":"dagbag.py","lineno":593}
{"timestamp":"2025-12-09T12:01:37.862577Z","level":"warning","event":"The `airflow.decorators.dag` attribute is deprecated. Please use `'airflow.sdk.dag'`.","category":"DeprecatedImportWarning","filename":"/opt/airflow/dags/dag.py","lineno":1,"logger":"py.warnings"}
{"timestamp":"2025-12-09T12:01:37.862640Z","level":"warning","event":"The `airflow.decorators.task` attribute is deprecated. Please use `'airflow.sdk.task'`.","category":"DeprecatedImportWarning","filename":"/opt/airflow/dags/dag.py","lineno":1,"logger":"py.warnings"}
{"timestamp":"2025-12-09T12:01:37.862681Z","level":"warning","event":"The `airflow.operators.empty.EmptyOperator` attribute is deprecated. Please use `'airflow.providers.standard.operators.empty.EmptyOperator'`.","category":"DeprecatedImportWarning","filename":"/opt/airflow/dags/dag.py","lineno":2,"logger":"py.warnings"}
{"timestamp":"2025-12-09T12:02:08.156372Z","level":"info","event":"Filling up the DagBag from /opt/airflow/dags/dag.py","logger":"airflow.models.dagbag.DagBag","filename":"dagbag.py","lineno":593}
{"timestamp":"2025-12-09T12:02:08.163290Z","level":"warning","event":"The `airflow.decorators.dag` attribute is deprecated. Please use `'airflow.sdk.dag'`.","category":"DeprecatedImportWarning","filename":"/opt/airflow/dags/dag.py","lineno":1,"logger":"py.warnings"}
{"timestamp":"2025-12-09T12:02:08.163351Z","level":"warning","event":"The `airflow.decorators.task` attribute is deprecated. Please use `'airflow.sdk.task'`.","category":"DeprecatedImportWarning","filename":"/opt/airflow/dags/dag.py","lineno":1,"logger":"py.warnings"}
{"timestamp":"2025-12-09T12:02:08.163375Z","level":"warning","event":"The `airflow.operators.empty.EmptyOperator` attribute is deprecated. Please use `'airflow.providers.standard.operators.empty.EmptyOperator'`.","category":"DeprecatedImportWarning","filename":"/opt/airflow/dags/dag.py","lineno":2,"logger":"py.warnings"}
{"timestamp":"2025-12-09T12:02:38.552330Z","level":"info","event":"Filling up the DagBag from /opt/airflow/dags/dag.py","logger":"airflow.models.dagbag.DagBag","filename":"dagbag.py","lineno":593}
{"timestamp":"2025-12-09T12:02:38.565254Z","level":"warning","event":"The `airflow.decorators.dag` attribute is deprecated. Please use `'airflow.sdk.dag'`.","category":"DeprecatedImportWarning","filename":"/opt/airflow/dags/dag.py","lineno":1,"logger":"py.warnings"}
{"timestamp":"2025-12-09T12:02:38.565322Z","level":"warning","event":"The `airflow.decorators.task` attribute is deprecated. Please use `'airflow.sdk.task'`.","category":"DeprecatedImportWarning","filename":"/opt/airflow/dags/dag.py","lineno":1,"logger":"py.warnings"}
{"timestamp":"2025-12-09T12:02:38.565357Z","level":"warning","event":"The `airflow.operators.empty.EmptyOperator` attribute is deprecated. Please use `'airflow.providers.standard.operators.empty.EmptyOperator'`.","category":"DeprecatedImportWarning","filename":"/opt/airflow/dags/dag.py","lineno":2,"logger":"py.warnings"}
{"timestamp":"2025-12-09T12:03:08.898092Z","level":"info","event":"Filling up the DagBag from /opt/airflow/dags/dag.py","logger":"airflow.models.dagbag.DagBag","filename":"dagbag.py","lineno":593}
{"timestamp":"2025-12-09T12:03:08.907248Z","level":"warning","event":"The `airflow.decorators.dag` attribute is deprecated. Please use `'airflow.sdk.dag'`.","category":"DeprecatedImportWarning","filename":"/opt/airflow/dags/dag.py","lineno":1,"logger":"py.warnings"}
{"timestamp":"2025-12-09T12:03:08.907306Z","level":"warning","event":"The `airflow.decorators.task` attribute is deprecated. Please use `'airflow.sdk.task'`.","category":"DeprecatedImportWarning","filename":"/opt/airflow/dags/dag.py","lineno":1,"logger":"py.warnings"}
{"timestamp":"2025-12-09T12:03:08.907337Z","level":"warning","event":"The `airflow.operators.empty.EmptyOperator` attribute is deprecated. Please use `'airflow.providers.standard.operators.empty.EmptyOperator'`.","category":"DeprecatedImportWarning","filename":"/opt/airflow/dags/dag.py","lineno":2,"logger":"py.warnings"}
{"timestamp":"2025-12-09T12:03:39.197627Z","level":"info","event":"Filling up the DagBag from /opt/airflow/dags/dag.py","logger":"airflow.models.dagbag.DagBag","filename":"dagbag.py","lineno":593}
{"timestamp":"2025-12-09T12:03:39.210742Z","level":"warning","event":"The `airflow.decorators.dag` attribute is deprecated. Please use `'airflow.sdk.dag'`.","category":"DeprecatedImportWarning","filename":"/opt/airflow/dags/dag.py","lineno":1,"logger":"py.warnings"}
{"timestamp":"2025-12-09T12:03:39.210796Z","level":"warning","event":"The `airflow.decorators.task` attribute is deprecated. Please use `'airflow.sdk.task'`.","category":"DeprecatedImportWarning","filename":"/opt/airflow/dags/dag.py","lineno":1,"logger":"py.warnings"}
{"timestamp":"2025-12-09T12:03:39.210821Z","level":"warning","event":"The `airflow.operators.empty.EmptyOperator` attribute is deprecated. Please use `'airflow.providers.standard.operators.empty.EmptyOperator'`.","category":"DeprecatedImportWarning","filename":"/opt/airflow/dags/dag.py","lineno":2,"logger":"py.warnings"}
{"timestamp":"2025-12-09T12:04:09.577660Z","level":"info","event":"Filling up the DagBag from /opt/airflow/dags/dag.py","logger":"airflow.models.dagbag.DagBag","filename":"dagbag.py","lineno":593}
{"timestamp":"2025-12-09T12:04:09.586879Z","level":"warning","event":"The `airflow.decorators.dag` attribute is deprecated. Please use `'airflow.sdk.dag'`.","category":"DeprecatedImportWarning","filename":"/opt/airflow/dags/dag.py","lineno":1,"logger":"py.warnings"}
{"timestamp":"2025-12-09T12:04:09.586963Z","level":"warning","event":"The `airflow.decorators.task` attribute is deprecated. Please use `'airflow.sdk.task'`.","category":"DeprecatedImportWarning","filename":"/opt/airflow/dags/dag.py","lineno":1,"logger":"py.warnings"}
{"timestamp":"2025-12-09T12:04:09.587012Z","level":"warning","event":"The `airflow.operators.empty.EmptyOperator` attribute is deprecated. Please use `'airflow.providers.standard.operators.empty.EmptyOperator'`.","category":"DeprecatedImportWarning","filename":"/opt/airflow/dags/dag.py","lineno":2,"logger":"py.warnings"}
{"timestamp":"2025-12-09T12:04:39.947344Z","level":"info","event":"Filling up the DagBag from /opt/airflow/dags/dag.py","logger":"airflow.models.dagbag.DagBag","filename":"dagbag.py","lineno":593}
{"timestamp":"2025-12-09T12:04:39.953820Z","level":"warning","event":"The `airflow.decorators.dag` attribute is deprecated. Please use `'airflow.sdk.dag'`.","category":"DeprecatedImportWarning","filename":"/opt/airflow/dags/dag.py","lineno":1,"logger":"py.warnings"}
{"timestamp":"2025-12-09T12:04:39.953880Z","level":"warning","event":"The `airflow.decorators.task` attribute is deprecated. Please use `'airflow.sdk.task'`.","category":"DeprecatedImportWarning","filename":"/opt/airflow/dags/dag.py","lineno":1,"logger":"py.warnings"}
{"timestamp":"2025-12-09T12:04:39.953906Z","level":"warning","event":"The `airflow.operators.empty.EmptyOperator` attribute is deprecated. Please use `'airflow.providers.standard.operators.empty.EmptyOperator'`.","category":"DeprecatedImportWarning","filename":"/opt/airflow/dags/dag.py","lineno":2,"logger":"py.warnings"}
{"timestamp":"2025-12-09T12:05:10.310038Z","level":"info","event":"Filling up the DagBag from /opt/airflow/dags/dag.py","logger":"airflow.models.dagbag.DagBag","filename":"dagbag.py","lineno":593}
{"timestamp":"2025-12-09T12:05:10.320301Z","level":"warning","event":"The `airflow.decorators.dag` attribute is deprecated. Please use `'airflow.sdk.dag'`.","category":"DeprecatedImportWarning","filename":"/opt/airflow/dags/dag.py","lineno":1,"logger":"py.warnings"}
{"timestamp":"2025-12-09T12:05:10.320365Z","level":"warning","event":"The `airflow.decorators.task` attribute is deprecated. Please use `'airflow.sdk.task'`.","category":"DeprecatedImportWarning","filename":"/opt/airflow/dags/dag.py","lineno":1,"logger":"py.warnings"}
{"timestamp":"2025-12-09T12:05:10.320398Z","level":"warning","event":"The `airflow.operators.empty.EmptyOperator` attribute is deprecated. Please use `'airflow.providers.standard.operators.empty.EmptyOperator'`.","category":"DeprecatedImportWarning","filename":"/opt/airflow/dags/dag.py","lineno":2,"logger":"py.warnings"}
{"timestamp":"2025-12-09T12:05:40.692200Z","level":"info","event":"Filling up the DagBag from /opt/airflow/dags/dag.py","logger":"airflow.models.dagbag.DagBag","filename":"dagbag.py","lineno":593}
{"timestamp":"2025-12-09T12:05:40.704061Z","level":"warning","event":"The `airflow.decorators.dag` attribute is deprecated. Please use `'airflow.sdk.dag'`.","category":"DeprecatedImportWarning","filename":"/opt/airflow/dags/dag.py","lineno":1,"logger":"py.warnings"}
{"timestamp":"2025-12-09T12:05:40.704127Z","level":"warning","event":"The `airflow.decorators.task` attribute is deprecated. Please use `'airflow.sdk.task'`.","category":"DeprecatedImportWarning","filename":"/opt/airflow/dags/dag.py","lineno":1,"logger":"py.warnings"}
{"timestamp":"2025-12-09T12:05:40.704156Z","level":"warning","event":"The `airflow.operators.empty.EmptyOperator` attribute is deprecated. Please use `'airflow.providers.standard.operators.empty.EmptyOperator'`.","category":"DeprecatedImportWarning","filename":"/opt/airflow/dags/dag.py","lineno":2,"logger":"py.warnings"}
{"timestamp":"2025-12-09T12:06:11.036398Z","level":"info","event":"Filling up the DagBag from /opt/airflow/dags/dag.py","logger":"airflow.models.dagbag.DagBag","filename":"dagbag.py","lineno":593}
{"timestamp":"2025-12-09T12:06:11.050281Z","level":"warning","event":"The `airflow.decorators.dag` attribute is deprecated. Please use `'airflow.sdk.dag'`.","category":"DeprecatedImportWarning","filename":"/opt/airflow/dags/dag.py","lineno":1,"logger":"py.warnings"}
{"timestamp":"2025-12-09T12:06:11.050346Z","level":"warning","event":"The `airflow.decorators.task` attribute is deprecated. Please use `'airflow.sdk.task'`.","category":"DeprecatedImportWarning","filename":"/opt/airflow/dags/dag.py","lineno":1,"logger":"py.warnings"}
{"timestamp":"2025-12-09T12:06:11.050374Z","level":"warning","event":"The `airflow.operators.empty.EmptyOperator` attribute is deprecated. Please use `'airflow.providers.standard.operators.empty.EmptyOperator'`.","category":"DeprecatedImportWarning","filename":"/opt/airflow/dags/dag.py","lineno":2,"logger":"py.warnings"}
{"timestamp":"2025-12-09T12:06:41.349793Z","level":"info","event":"Filling up the DagBag from /opt/airflow/dags/dag.py","logger":"airflow.models.dagbag.DagBag","filename":"dagbag.py","lineno":593}
{"timestamp":"2025-12-09T12:06:41.356911Z","level":"warning","event":"The `airflow.decorators.dag` attribute is deprecated. Please use `'airflow.sdk.dag'`.","category":"DeprecatedImportWarning","filename":"/opt/airflow/dags/dag.py","lineno":1,"logger":"py.warnings"}
{"timestamp":"2025-12-09T12:06:41.356964Z","level":"warning","event":"The `airflow.decorators.task` attribute is deprecated. Please use `'airflow.sdk.task'`.","category":"DeprecatedImportWarning","filename":"/opt/airflow/dags/dag.py","lineno":1,"logger":"py.warnings"}
{"timestamp":"2025-12-09T12:06:41.356988Z","level":"warning","event":"The `airflow.operators.empty.EmptyOperator` attribute is deprecated. Please use `'airflow.providers.standard.operators.empty.EmptyOperator'`.","category":"DeprecatedImportWarning","filename":"/opt/airflow/dags/dag.py","lineno":2,"logger":"py.warnings"}
{"timestamp":"2025-12-09T12:07:11.740788Z","level":"info","event":"Filling up the DagBag from /opt/airflow/dags/dag.py","logger":"airflow.models.dagbag.DagBag","filename":"dagbag.py","lineno":593}
{"timestamp":"2025-12-09T12:07:11.753981Z","level":"warning","event":"The `airflow.decorators.dag` attribute is deprecated. Please use `'airflow.sdk.dag'`.","category":"DeprecatedImportWarning","filename":"/opt/airflow/dags/dag.py","lineno":1,"logger":"py.warnings"}
{"timestamp":"2025-12-09T12:07:11.754059Z","level":"warning","event":"The `airflow.decorators.task` attribute is deprecated. Please use `'airflow.sdk.task'`.","category":"DeprecatedImportWarning","filename":"/opt/airflow/dags/dag.py","lineno":1,"logger":"py.warnings"}
{"timestamp":"2025-12-09T12:07:11.754093Z","level":"warning","event":"The `airflow.operators.empty.EmptyOperator` attribute is deprecated. Please use `'airflow.providers.standard.operators.empty.EmptyOperator'`.","category":"DeprecatedImportWarning","filename":"/opt/airflow/dags/dag.py","lineno":2,"logger":"py.warnings"}
{"timestamp":"2025-12-09T12:07:42.139156Z","level":"info","event":"Filling up the DagBag from /opt/airflow/dags/dag.py","logger":"airflow.models.dagbag.DagBag","filename":"dagbag.py","lineno":593}
{"timestamp":"2025-12-09T12:07:42.152883Z","level":"warning","event":"The `airflow.decorators.dag` attribute is deprecated. Please use `'airflow.sdk.dag'`.","category":"DeprecatedImportWarning","filename":"/opt/airflow/dags/dag.py","lineno":1,"logger":"py.warnings"}
{"timestamp":"2025-12-09T12:07:42.152948Z","level":"warning","event":"The `airflow.decorators.task` attribute is deprecated. Please use `'airflow.sdk.task'`.","category":"DeprecatedImportWarning","filename":"/opt/airflow/dags/dag.py","lineno":1,"logger":"py.warnings"}
{"timestamp":"2025-12-09T12:07:42.152980Z","level":"warning","event":"The `airflow.operators.empty.EmptyOperator` attribute is deprecated. Please use `'airflow.providers.standard.operators.empty.EmptyOperator'`.","category":"DeprecatedImportWarning","filename":"/opt/airflow/dags/dag.py","lineno":2,"logger":"py.warnings"}
{"timestamp":"2025-12-09T12:08:12.516569Z","level":"info","event":"Filling up the DagBag from /opt/airflow/dags/dag.py","logger":"airflow.models.dagbag.DagBag","filename":"dagbag.py","lineno":593}
{"timestamp":"2025-12-09T12:08:12.528791Z","level":"warning","event":"The `airflow.decorators.dag` attribute is deprecated. Please use `'airflow.sdk.dag'`.","category":"DeprecatedImportWarning","filename":"/opt/airflow/dags/dag.py","lineno":1,"logger":"py.warnings"}
{"timestamp":"2025-12-09T12:08:12.528864Z","level":"warning","event":"The `airflow.decorators.task` attribute is deprecated. Please use `'airflow.sdk.task'`.","category":"DeprecatedImportWarning","filename":"/opt/airflow/dags/dag.py","lineno":1,"logger":"py.warnings"}
{"timestamp":"2025-12-09T12:08:12.528896Z","level":"warning","event":"The `airflow.operators.empty.EmptyOperator` attribute is deprecated. Please use `'airflow.providers.standard.operators.empty.EmptyOperator'`.","category":"DeprecatedImportWarning","filename":"/opt/airflow/dags/dag.py","lineno":2,"logger":"py.warnings"}
{"timestamp":"2025-12-09T12:08:42.895579Z","level":"info","event":"Filling up the DagBag from /opt/airflow/dags/dag.py","logger":"airflow.models.dagbag.DagBag","filename":"dagbag.py","lineno":593}
{"timestamp":"2025-12-09T12:08:42.911348Z","level":"warning","event":"The `airflow.decorators.dag` attribute is deprecated. Please use `'airflow.sdk.dag'`.","category":"DeprecatedImportWarning","filename":"/opt/airflow/dags/dag.py","lineno":1,"logger":"py.warnings"}
{"timestamp":"2025-12-09T12:08:42.911424Z","level":"warning","event":"The `airflow.decorators.task` attribute is deprecated. Please use `'airflow.sdk.task'`.","category":"DeprecatedImportWarning","filename":"/opt/airflow/dags/dag.py","lineno":1,"logger":"py.warnings"}
{"timestamp":"2025-12-09T12:08:42.911451Z","level":"warning","event":"The `airflow.operators.empty.EmptyOperator` attribute is deprecated. Please use `'airflow.providers.standard.operators.empty.EmptyOperator'`.","category":"DeprecatedImportWarning","filename":"/opt/airflow/dags/dag.py","lineno":2,"logger":"py.warnings"}
{"timestamp":"2025-12-09T12:09:13.277195Z","level":"info","event":"Filling up the DagBag from /opt/airflow/dags/dag.py","logger":"airflow.models.dagbag.DagBag","filename":"dagbag.py","lineno":593}
{"timestamp":"2025-12-09T12:09:13.289615Z","level":"warning","event":"The `airflow.decorators.dag` attribute is deprecated. Please use `'airflow.sdk.dag'`.","category":"DeprecatedImportWarning","filename":"/opt/airflow/dags/dag.py","lineno":1,"logger":"py.warnings"}
{"timestamp":"2025-12-09T12:09:13.289668Z","level":"warning","event":"The `airflow.decorators.task` attribute is deprecated. Please use `'airflow.sdk.task'`.","category":"DeprecatedImportWarning","filename":"/opt/airflow/dags/dag.py","lineno":1,"logger":"py.warnings"}
{"timestamp":"2025-12-09T12:09:13.289696Z","level":"warning","event":"The `airflow.operators.empty.EmptyOperator` attribute is deprecated. Please use `'airflow.providers.standard.operators.empty.EmptyOperator'`.","category":"DeprecatedImportWarning","filename":"/opt/airflow/dags/dag.py","lineno":2,"logger":"py.warnings"}
{"timestamp":"2025-12-09T12:09:43.650043Z","level":"info","event":"Filling up the DagBag from /opt/airflow/dags/dag.py","logger":"airflow.models.dagbag.DagBag","filename":"dagbag.py","lineno":593}
{"timestamp":"2025-12-09T12:09:43.661835Z","level":"warning","event":"The `airflow.decorators.dag` attribute is deprecated. Please use `'airflow.sdk.dag'`.","category":"DeprecatedImportWarning","filename":"/opt/airflow/dags/dag.py","lineno":1,"logger":"py.warnings"}
{"timestamp":"2025-12-09T12:09:43.661905Z","level":"warning","event":"The `airflow.decorators.task` attribute is deprecated. Please use `'airflow.sdk.task'`.","category":"DeprecatedImportWarning","filename":"/opt/airflow/dags/dag.py","lineno":1,"logger":"py.warnings"}
{"timestamp":"2025-12-09T12:09:43.661938Z","level":"warning","event":"The `airflow.operators.empty.EmptyOperator` attribute is deprecated. Please use `'airflow.providers.standard.operators.empty.EmptyOperator'`.","category":"DeprecatedImportWarning","filename":"/opt/airflow/dags/dag.py","lineno":2,"logger":"py.warnings"}
{"timestamp":"2025-12-09T12:10:13.995532Z","level":"info","event":"Filling up the DagBag from /opt/airflow/dags/dag.py","logger":"airflow.models.dagbag.DagBag","filename":"dagbag.py","lineno":593}
{"timestamp":"2025-12-09T12:10:14.006806Z","level":"warning","event":"The `airflow.decorators.dag` attribute is deprecated. Please use `'airflow.sdk.dag'`.","category":"DeprecatedImportWarning","filename":"/opt/airflow/dags/dag.py","lineno":1,"logger":"py.warnings"}
{"timestamp":"2025-12-09T12:10:14.006871Z","level":"warning","event":"The `airflow.decorators.task` attribute is deprecated. Please use `'airflow.sdk.task'`.","category":"DeprecatedImportWarning","filename":"/opt/airflow/dags/dag.py","lineno":1,"logger":"py.warnings"}
{"timestamp":"2025-12-09T12:10:14.006912Z","level":"warning","event":"The `airflow.operators.empty.EmptyOperator` attribute is deprecated. Please use `'airflow.providers.standard.operators.empty.EmptyOperator'`.","category":"DeprecatedImportWarning","filename":"/opt/airflow/dags/dag.py","lineno":2,"logger":"py.warnings"}
{"timestamp":"2025-12-09T12:10:44.338600Z","level":"info","event":"Filling up the DagBag from /opt/airflow/dags/dag.py","logger":"airflow.models.dagbag.DagBag","filename":"dagbag.py","lineno":593}
{"timestamp":"2025-12-09T12:10:44.350241Z","level":"warning","event":"The `airflow.decorators.dag` attribute is deprecated. Please use `'airflow.sdk.dag'`.","category":"DeprecatedImportWarning","filename":"/opt/airflow/dags/dag.py","lineno":1,"logger":"py.warnings"}
{"timestamp":"2025-12-09T12:10:44.350329Z","level":"warning","event":"The `airflow.decorators.task` attribute is deprecated. Please use `'airflow.sdk.task'`.","category":"DeprecatedImportWarning","filename":"/opt/airflow/dags/dag.py","lineno":1,"logger":"py.warnings"}
{"timestamp":"2025-12-09T12:10:44.350362Z","level":"warning","event":"The `airflow.operators.empty.EmptyOperator` attribute is deprecated. Please use `'airflow.providers.standard.operators.empty.EmptyOperator'`.","category":"DeprecatedImportWarning","filename":"/opt/airflow/dags/dag.py","lineno":2,"logger":"py.warnings"}
{"timestamp":"2025-12-09T12:11:14.680705Z","level":"info","event":"Filling up the DagBag from /opt/airflow/dags/dag.py","logger":"airflow.models.dagbag.DagBag","filename":"dagbag.py","lineno":593}
{"timestamp":"2025-12-09T12:11:14.690860Z","level":"warning","event":"The `airflow.decorators.dag` attribute is deprecated. Please use `'airflow.sdk.dag'`.","category":"DeprecatedImportWarning","filename":"/opt/airflow/dags/dag.py","lineno":1,"logger":"py.warnings"}
{"timestamp":"2025-12-09T12:11:14.690912Z","level":"warning","event":"The `airflow.decorators.task` attribute is deprecated. Please use `'airflow.sdk.task'`.","category":"DeprecatedImportWarning","filename":"/opt/airflow/dags/dag.py","lineno":1,"logger":"py.warnings"}
{"timestamp":"2025-12-09T12:11:14.690943Z","level":"warning","event":"The `airflow.operators.empty.EmptyOperator` attribute is deprecated. Please use `'airflow.providers.standard.operators.empty.EmptyOperator'`.","category":"DeprecatedImportWarning","filename":"/opt/airflow/dags/dag.py","lineno":2,"logger":"py.warnings"}
{"timestamp":"2025-12-09T12:11:45.066672Z","level":"info","event":"Filling up the DagBag from /opt/airflow/dags/dag.py","logger":"airflow.models.dagbag.DagBag","filename":"dagbag.py","lineno":593}
{"timestamp":"2025-12-09T12:11:45.080047Z","level":"warning","event":"The `airflow.decorators.dag` attribute is deprecated. Please use `'airflow.sdk.dag'`.","category":"DeprecatedImportWarning","filename":"/opt/airflow/dags/dag.py","lineno":1,"logger":"py.warnings"}
{"timestamp":"2025-12-09T12:11:45.080122Z","level":"warning","event":"The `airflow.decorators.task` attribute is deprecated. Please use `'airflow.sdk.task'`.","category":"DeprecatedImportWarning","filename":"/opt/airflow/dags/dag.py","lineno":1,"logger":"py.warnings"}
{"timestamp":"2025-12-09T12:11:45.080153Z","level":"warning","event":"The `airflow.operators.empty.EmptyOperator` attribute is deprecated. Please use `'airflow.providers.standard.operators.empty.EmptyOperator'`.","category":"DeprecatedImportWarning","filename":"/opt/airflow/dags/dag.py","lineno":2,"logger":"py.warnings"}
{"timestamp":"2025-12-09T12:12:15.440871Z","level":"info","event":"Filling up the DagBag from /opt/airflow/dags/dag.py","logger":"airflow.models.dagbag.DagBag","filename":"dagbag.py","lineno":593}
{"timestamp":"2025-12-09T12:12:15.453440Z","level":"warning","event":"The `airflow.decorators.dag` attribute is deprecated. Please use `'airflow.sdk.dag'`.","category":"DeprecatedImportWarning","filename":"/opt/airflow/dags/dag.py","lineno":1,"logger":"py.warnings"}
{"timestamp":"2025-12-09T12:12:15.453530Z","level":"warning","event":"The `airflow.decorators.task` attribute is deprecated. Please use `'airflow.sdk.task'`.","category":"DeprecatedImportWarning","filename":"/opt/airflow/dags/dag.py","lineno":1,"logger":"py.warnings"}
{"timestamp":"2025-12-09T12:12:15.453563Z","level":"warning","event":"The `airflow.operators.empty.EmptyOperator` attribute is deprecated. Please use `'airflow.providers.standard.operators.empty.EmptyOperator'`.","category":"DeprecatedImportWarning","filename":"/opt/airflow/dags/dag.py","lineno":2,"logger":"py.warnings"}
{"timestamp":"2025-12-09T12:12:45.827618Z","level":"info","event":"Filling up the DagBag from /opt/airflow/dags/dag.py","logger":"airflow.models.dagbag.DagBag","filename":"dagbag.py","lineno":593}
{"timestamp":"2025-12-09T12:12:45.841035Z","level":"warning","event":"The `airflow.decorators.dag` attribute is deprecated. Please use `'airflow.sdk.dag'`.","category":"DeprecatedImportWarning","filename":"/opt/airflow/dags/dag.py","lineno":1,"logger":"py.warnings"}
{"timestamp":"2025-12-09T12:12:45.841089Z","level":"warning","event":"The `airflow.decorators.task` attribute is deprecated. Please use `'airflow.sdk.task'`.","category":"DeprecatedImportWarning","filename":"/opt/airflow/dags/dag.py","lineno":1,"logger":"py.warnings"}
{"timestamp":"2025-12-09T12:12:45.841116Z","level":"warning","event":"The `airflow.operators.empty.EmptyOperator` attribute is deprecated. Please use `'airflow.providers.standard.operators.empty.EmptyOperator'`.","category":"DeprecatedImportWarning","filename":"/opt/airflow/dags/dag.py","lineno":2,"logger":"py.warnings"}
{"timestamp":"2025-12-09T12:13:16.142778Z","level":"info","event":"Filling up the DagBag from /opt/airflow/dags/dag.py","logger":"airflow.models.dagbag.DagBag","filename":"dagbag.py","lineno":593}
{"timestamp":"2025-12-09T12:13:16.156059Z","level":"warning","event":"The `airflow.decorators.dag` attribute is deprecated. Please use `'airflow.sdk.dag'`.","category":"DeprecatedImportWarning","filename":"/opt/airflow/dags/dag.py","lineno":1,"logger":"py.warnings"}
{"timestamp":"2025-12-09T12:13:16.156123Z","level":"warning","event":"The `airflow.decorators.task` attribute is deprecated. Please use `'airflow.sdk.task'`.","category":"DeprecatedImportWarning","filename":"/opt/airflow/dags/dag.py","lineno":1,"logger":"py.warnings"}
{"timestamp":"2025-12-09T12:13:16.156153Z","level":"warning","event":"The `airflow.operators.empty.EmptyOperator` attribute is deprecated. Please use `'airflow.providers.standard.operators.empty.EmptyOperator'`.","category":"DeprecatedImportWarning","filename":"/opt/airflow/dags/dag.py","lineno":2,"logger":"py.warnings"}
{"timestamp":"2025-12-09T12:13:46.474357Z","level":"info","event":"Filling up the DagBag from /opt/airflow/dags/dag.py","logger":"airflow.models.dagbag.DagBag","filename":"dagbag.py","lineno":593}
{"timestamp":"2025-12-09T12:13:46.488088Z","level":"warning","event":"The `airflow.decorators.dag` attribute is deprecated. Please use `'airflow.sdk.dag'`.","category":"DeprecatedImportWarning","filename":"/opt/airflow/dags/dag.py","lineno":1,"logger":"py.warnings"}
{"timestamp":"2025-12-09T12:13:46.488211Z","level":"warning","event":"The `airflow.decorators.task` attribute is deprecated. Please use `'airflow.sdk.task'`.","category":"DeprecatedImportWarning","filename":"/opt/airflow/dags/dag.py","lineno":1,"logger":"py.warnings"}
{"timestamp":"2025-12-09T12:13:46.488263Z","level":"warning","event":"The `airflow.operators.empty.EmptyOperator` attribute is deprecated. Please use `'airflow.providers.standard.operators.empty.EmptyOperator'`.","category":"DeprecatedImportWarning","filename":"/opt/airflow/dags/dag.py","lineno":2,"logger":"py.warnings"}
{"timestamp":"2025-12-09T12:14:16.881557Z","level":"info","event":"Filling up the DagBag from /opt/airflow/dags/dag.py","logger":"airflow.models.dagbag.DagBag","filename":"dagbag.py","lineno":593}
{"timestamp":"2025-12-09T12:14:16.892817Z","level":"warning","event":"The `airflow.decorators.dag` attribute is deprecated. Please use `'airflow.sdk.dag'`.","category":"DeprecatedImportWarning","filename":"/opt/airflow/dags/dag.py","lineno":1,"logger":"py.warnings"}
{"timestamp":"2025-12-09T12:14:16.892874Z","level":"warning","event":"The `airflow.decorators.task` attribute is deprecated. Please use `'airflow.sdk.task'`.","category":"DeprecatedImportWarning","filename":"/opt/airflow/dags/dag.py","lineno":1,"logger":"py.warnings"}
{"timestamp":"2025-12-09T12:14:16.892901Z","level":"warning","event":"The `airflow.operators.empty.EmptyOperator` attribute is deprecated. Please use `'airflow.providers.standard.operators.empty.EmptyOperator'`.","category":"DeprecatedImportWarning","filename":"/opt/airflow/dags/dag.py","lineno":2,"logger":"py.warnings"}
{"timestamp":"2025-12-09T12:14:47.242626Z","level":"info","event":"Filling up the DagBag from /opt/airflow/dags/dag.py","logger":"airflow.models.dagbag.DagBag","filename":"dagbag.py","lineno":593}
{"timestamp":"2025-12-09T12:14:47.258834Z","level":"warning","event":"The `airflow.decorators.dag` attribute is deprecated. Please use `'airflow.sdk.dag'`.","category":"DeprecatedImportWarning","filename":"/opt/airflow/dags/dag.py","lineno":1,"logger":"py.warnings"}
{"timestamp":"2025-12-09T12:14:47.258905Z","level":"warning","event":"The `airflow.decorators.task` attribute is deprecated. Please use `'airflow.sdk.task'`.","category":"DeprecatedImportWarning","filename":"/opt/airflow/dags/dag.py","lineno":1,"logger":"py.warnings"}
{"timestamp":"2025-12-09T12:14:47.258933Z","level":"warning","event":"The `airflow.operators.empty.EmptyOperator` attribute is deprecated. Please use `'airflow.providers.standard.operators.empty.EmptyOperator'`.","category":"DeprecatedImportWarning","filename":"/opt/airflow/dags/dag.py","lineno":2,"logger":"py.warnings"}
{"timestamp":"2025-12-09T12:15:17.571245Z","level":"info","event":"Filling up the DagBag from /opt/airflow/dags/dag.py","logger":"airflow.models.dagbag.DagBag","filename":"dagbag.py","lineno":593}
{"timestamp":"2025-12-09T12:15:17.583249Z","level":"warning","event":"The `airflow.decorators.dag` attribute is deprecated. Please use `'airflow.sdk.dag'`.","category":"DeprecatedImportWarning","filename":"/opt/airflow/dags/dag.py","lineno":1,"logger":"py.warnings"}
{"timestamp":"2025-12-09T12:15:17.583321Z","level":"warning","event":"The `airflow.decorators.task` attribute is deprecated. Please use `'airflow.sdk.task'`.","category":"DeprecatedImportWarning","filename":"/opt/airflow/dags/dag.py","lineno":1,"logger":"py.warnings"}
{"timestamp":"2025-12-09T12:15:17.583353Z","level":"warning","event":"The `airflow.operators.empty.EmptyOperator` attribute is deprecated. Please use `'airflow.providers.standard.operators.empty.EmptyOperator'`.","category":"DeprecatedImportWarning","filename":"/opt/airflow/dags/dag.py","lineno":2,"logger":"py.warnings"}
{"timestamp":"2025-12-09T12:15:47.902774Z","level":"info","event":"Filling up the DagBag from /opt/airflow/dags/dag.py","logger":"airflow.models.dagbag.DagBag","filename":"dagbag.py","lineno":593}
{"timestamp":"2025-12-09T12:15:47.914202Z","level":"warning","event":"The `airflow.decorators.dag` attribute is deprecated. Please use `'airflow.sdk.dag'`.","category":"DeprecatedImportWarning","filename":"/opt/airflow/dags/dag.py","lineno":1,"logger":"py.warnings"}
{"timestamp":"2025-12-09T12:15:47.914275Z","level":"warning","event":"The `airflow.decorators.task` attribute is deprecated. Please use `'airflow.sdk.task'`.","category":"DeprecatedImportWarning","filename":"/opt/airflow/dags/dag.py","lineno":1,"logger":"py.warnings"}
{"timestamp":"2025-12-09T12:15:47.914308Z","level":"warning","event":"The `airflow.operators.empty.EmptyOperator` attribute is deprecated. Please use `'airflow.providers.standard.operators.empty.EmptyOperator'`.","category":"DeprecatedImportWarning","filename":"/opt/airflow/dags/dag.py","lineno":2,"logger":"py.warnings"}
{"timestamp":"2025-12-09T12:16:18.269980Z","level":"info","event":"Filling up the DagBag from /opt/airflow/dags/dag.py","logger":"airflow.models.dagbag.DagBag","filename":"dagbag.py","lineno":593}
{"timestamp":"2025-12-09T12:16:18.283270Z","level":"warning","event":"The `airflow.decorators.dag` attribute is deprecated. Please use `'airflow.sdk.dag'`.","category":"DeprecatedImportWarning","filename":"/opt/airflow/dags/dag.py","lineno":1,"logger":"py.warnings"}
{"timestamp":"2025-12-09T12:16:18.283346Z","level":"warning","event":"The `airflow.decorators.task` attribute is deprecated. Please use `'airflow.sdk.task'`.","category":"DeprecatedImportWarning","filename":"/opt/airflow/dags/dag.py","lineno":1,"logger":"py.warnings"}
{"timestamp":"2025-12-09T12:16:18.283395Z","level":"warning","event":"The `airflow.operators.empty.EmptyOperator` attribute is deprecated. Please use `'airflow.providers.standard.operators.empty.EmptyOperator'`.","category":"DeprecatedImportWarning","filename":"/opt/airflow/dags/dag.py","lineno":2,"logger":"py.warnings"}
{"timestamp":"2025-12-09T12:16:48.639801Z","level":"info","event":"Filling up the DagBag from /opt/airflow/dags/dag.py","logger":"airflow.models.dagbag.DagBag","filename":"dagbag.py","lineno":593}
{"timestamp":"2025-12-09T12:16:48.654499Z","level":"warning","event":"The `airflow.decorators.dag` attribute is deprecated. Please use `'airflow.sdk.dag'`.","category":"DeprecatedImportWarning","filename":"/opt/airflow/dags/dag.py","lineno":1,"logger":"py.warnings"}
{"timestamp":"2025-12-09T12:16:48.654600Z","level":"warning","event":"The `airflow.decorators.task` attribute is deprecated. Please use `'airflow.sdk.task'`.","category":"DeprecatedImportWarning","filename":"/opt/airflow/dags/dag.py","lineno":1,"logger":"py.warnings"}
{"timestamp":"2025-12-09T12:16:48.654652Z","level":"warning","event":"The `airflow.operators.empty.EmptyOperator` attribute is deprecated. Please use `'airflow.providers.standard.operators.empty.EmptyOperator'`.","category":"DeprecatedImportWarning","filename":"/opt/airflow/dags/dag.py","lineno":2,"logger":"py.warnings"}
{"timestamp":"2025-12-09T12:17:19.007721Z","level":"info","event":"Filling up the DagBag from /opt/airflow/dags/dag.py","logger":"airflow.models.dagbag.DagBag","filename":"dagbag.py","lineno":593}
{"timestamp":"2025-12-09T12:17:19.027178Z","level":"warning","event":"The `airflow.decorators.dag` attribute is deprecated. Please use `'airflow.sdk.dag'`.","category":"DeprecatedImportWarning","filename":"/opt/airflow/dags/dag.py","lineno":1,"logger":"py.warnings"}
{"timestamp":"2025-12-09T12:17:19.027255Z","level":"warning","event":"The `airflow.decorators.task` attribute is deprecated. Please use `'airflow.sdk.task'`.","category":"DeprecatedImportWarning","filename":"/opt/airflow/dags/dag.py","lineno":1,"logger":"py.warnings"}
{"timestamp":"2025-12-09T12:17:19.027287Z","level":"warning","event":"The `airflow.operators.empty.EmptyOperator` attribute is deprecated. Please use `'airflow.providers.standard.operators.empty.EmptyOperator'`.","category":"DeprecatedImportWarning","filename":"/opt/airflow/dags/dag.py","lineno":2,"logger":"py.warnings"}
{"timestamp":"2025-12-09T12:17:49.374702Z","level":"info","event":"Filling up the DagBag from /opt/airflow/dags/dag.py","logger":"airflow.models.dagbag.DagBag","filename":"dagbag.py","lineno":593}
{"timestamp":"2025-12-09T12:17:49.383169Z","level":"warning","event":"The `airflow.decorators.dag` attribute is deprecated. Please use `'airflow.sdk.dag'`.","category":"DeprecatedImportWarning","filename":"/opt/airflow/dags/dag.py","lineno":1,"logger":"py.warnings"}
{"timestamp":"2025-12-09T12:17:49.383224Z","level":"warning","event":"The `airflow.decorators.task` attribute is deprecated. Please use `'airflow.sdk.task'`.","category":"DeprecatedImportWarning","filename":"/opt/airflow/dags/dag.py","lineno":1,"logger":"py.warnings"}
{"timestamp":"2025-12-09T12:17:49.383248Z","level":"warning","event":"The `airflow.operators.empty.EmptyOperator` attribute is deprecated. Please use `'airflow.providers.standard.operators.empty.EmptyOperator'`.","category":"DeprecatedImportWarning","filename":"/opt/airflow/dags/dag.py","lineno":2,"logger":"py.warnings"}
{"timestamp":"2025-12-09T12:18:19.722103Z","level":"info","event":"Filling up the DagBag from /opt/airflow/dags/dag.py","logger":"airflow.models.dagbag.DagBag","filename":"dagbag.py","lineno":593}
{"timestamp":"2025-12-09T12:18:19.735493Z","level":"warning","event":"The `airflow.decorators.dag` attribute is deprecated. Please use `'airflow.sdk.dag'`.","category":"DeprecatedImportWarning","filename":"/opt/airflow/dags/dag.py","lineno":1,"logger":"py.warnings"}
{"timestamp":"2025-12-09T12:18:19.735551Z","level":"warning","event":"The `airflow.decorators.task` attribute is deprecated. Please use `'airflow.sdk.task'`.","category":"DeprecatedImportWarning","filename":"/opt/airflow/dags/dag.py","lineno":1,"logger":"py.warnings"}
{"timestamp":"2025-12-09T12:18:19.735589Z","level":"warning","event":"The `airflow.operators.empty.EmptyOperator` attribute is deprecated. Please use `'airflow.providers.standard.operators.empty.EmptyOperator'`.","category":"DeprecatedImportWarning","filename":"/opt/airflow/dags/dag.py","lineno":2,"logger":"py.warnings"}
{"timestamp":"2025-12-09T12:18:50.097546Z","level":"info","event":"Filling up the DagBag from /opt/airflow/dags/dag.py","logger":"airflow.models.dagbag.DagBag","filename":"dagbag.py","lineno":593}
{"timestamp":"2025-12-09T12:18:50.111393Z","level":"warning","event":"The `airflow.decorators.dag` attribute is deprecated. Please use `'airflow.sdk.dag'`.","category":"DeprecatedImportWarning","filename":"/opt/airflow/dags/dag.py","lineno":1,"logger":"py.warnings"}
{"timestamp":"2025-12-09T12:18:50.111469Z","level":"warning","event":"The `airflow.decorators.task` attribute is deprecated. Please use `'airflow.sdk.task'`.","category":"DeprecatedImportWarning","filename":"/opt/airflow/dags/dag.py","lineno":1,"logger":"py.warnings"}
{"timestamp":"2025-12-09T12:18:50.111501Z","level":"warning","event":"The `airflow.operators.empty.EmptyOperator` attribute is deprecated. Please use `'airflow.providers.standard.operators.empty.EmptyOperator'`.","category":"DeprecatedImportWarning","filename":"/opt/airflow/dags/dag.py","lineno":2,"logger":"py.warnings"}
{"timestamp":"2025-12-09T12:19:20.455846Z","level":"info","event":"Filling up the DagBag from /opt/airflow/dags/dag.py","logger":"airflow.models.dagbag.DagBag","filename":"dagbag.py","lineno":593}
{"timestamp":"2025-12-09T12:19:20.470627Z","level":"warning","event":"The `airflow.decorators.dag` attribute is deprecated. Please use `'airflow.sdk.dag'`.","category":"DeprecatedImportWarning","filename":"/opt/airflow/dags/dag.py","lineno":1,"logger":"py.warnings"}
{"timestamp":"2025-12-09T12:19:20.470692Z","level":"warning","event":"The `airflow.decorators.task` attribute is deprecated. Please use `'airflow.sdk.task'`.","category":"DeprecatedImportWarning","filename":"/opt/airflow/dags/dag.py","lineno":1,"logger":"py.warnings"}
{"timestamp":"2025-12-09T12:19:20.470725Z","level":"warning","event":"The `airflow.operators.empty.EmptyOperator` attribute is deprecated. Please use `'airflow.providers.standard.operators.empty.EmptyOperator'`.","category":"DeprecatedImportWarning","filename":"/opt/airflow/dags/dag.py","lineno":2,"logger":"py.warnings"}
{"timestamp":"2025-12-09T12:19:50.848692Z","level":"info","event":"Filling up the DagBag from /opt/airflow/dags/dag.py","logger":"airflow.models.dagbag.DagBag","filename":"dagbag.py","lineno":593}
{"timestamp":"2025-12-09T12:19:50.859207Z","level":"warning","event":"The `airflow.decorators.dag` attribute is deprecated. Please use `'airflow.sdk.dag'`.","category":"DeprecatedImportWarning","filename":"/opt/airflow/dags/dag.py","lineno":1,"logger":"py.warnings"}
{"timestamp":"2025-12-09T12:19:50.859269Z","level":"warning","event":"The `airflow.decorators.task` attribute is deprecated. Please use `'airflow.sdk.task'`.","category":"DeprecatedImportWarning","filename":"/opt/airflow/dags/dag.py","lineno":1,"logger":"py.warnings"}
{"timestamp":"2025-12-09T12:19:50.859301Z","level":"warning","event":"The `airflow.operators.empty.EmptyOperator` attribute is deprecated. Please use `'airflow.providers.standard.operators.empty.EmptyOperator'`.","category":"DeprecatedImportWarning","filename":"/opt/airflow/dags/dag.py","lineno":2,"logger":"py.warnings"}
{"timestamp":"2025-12-09T12:20:21.212088Z","level":"info","event":"Filling up the DagBag from /opt/airflow/dags/dag.py","logger":"airflow.models.dagbag.DagBag","filename":"dagbag.py","lineno":593}
{"timestamp":"2025-12-09T12:20:21.224949Z","level":"warning","event":"The `airflow.decorators.dag` attribute is deprecated. Please use `'airflow.sdk.dag'`.","category":"DeprecatedImportWarning","filename":"/opt/airflow/dags/dag.py","lineno":1,"logger":"py.warnings"}
{"timestamp":"2025-12-09T12:20:21.225009Z","level":"warning","event":"The `airflow.decorators.task` attribute is deprecated. Please use `'airflow.sdk.task'`.","category":"DeprecatedImportWarning","filename":"/opt/airflow/dags/dag.py","lineno":1,"logger":"py.warnings"}
{"timestamp":"2025-12-09T12:20:21.225052Z","level":"warning","event":"The `airflow.operators.empty.EmptyOperator` attribute is deprecated. Please use `'airflow.providers.standard.operators.empty.EmptyOperator'`.","category":"DeprecatedImportWarning","filename":"/opt/airflow/dags/dag.py","lineno":2,"logger":"py.warnings"}
{"timestamp":"2025-12-09T12:20:51.575489Z","level":"info","event":"Filling up the DagBag from /opt/airflow/dags/dag.py","logger":"airflow.models.dagbag.DagBag","filename":"dagbag.py","lineno":593}
{"timestamp":"2025-12-09T12:20:51.589983Z","level":"warning","event":"The `airflow.decorators.dag` attribute is deprecated. Please use `'airflow.sdk.dag'`.","category":"DeprecatedImportWarning","filename":"/opt/airflow/dags/dag.py","lineno":1,"logger":"py.warnings"}
{"timestamp":"2025-12-09T12:20:51.590065Z","level":"warning","event":"The `airflow.decorators.task` attribute is deprecated. Please use `'airflow.sdk.task'`.","category":"DeprecatedImportWarning","filename":"/opt/airflow/dags/dag.py","lineno":1,"logger":"py.warnings"}
{"timestamp":"2025-12-09T12:20:51.590095Z","level":"warning","event":"The `airflow.operators.empty.EmptyOperator` attribute is deprecated. Please use `'airflow.providers.standard.operators.empty.EmptyOperator'`.","category":"DeprecatedImportWarning","filename":"/opt/airflow/dags/dag.py","lineno":2,"logger":"py.warnings"}
{"timestamp":"2025-12-09T12:21:21.992769Z","level":"info","event":"Filling up the DagBag from /opt/airflow/dags/dag.py","logger":"airflow.models.dagbag.DagBag","filename":"dagbag.py","lineno":593}
{"timestamp":"2025-12-09T12:21:22.006242Z","level":"warning","event":"The `airflow.decorators.dag` attribute is deprecated. Please use `'airflow.sdk.dag'`.","category":"DeprecatedImportWarning","filename":"/opt/airflow/dags/dag.py","lineno":1,"logger":"py.warnings"}
{"timestamp":"2025-12-09T12:21:22.006314Z","level":"warning","event":"The `airflow.decorators.task` attribute is deprecated. Please use `'airflow.sdk.task'`.","category":"DeprecatedImportWarning","filename":"/opt/airflow/dags/dag.py","lineno":1,"logger":"py.warnings"}
{"timestamp":"2025-12-09T12:21:22.006356Z","level":"warning","event":"The `airflow.operators.empty.EmptyOperator` attribute is deprecated. Please use `'airflow.providers.standard.operators.empty.EmptyOperator'`.","category":"DeprecatedImportWarning","filename":"/opt/airflow/dags/dag.py","lineno":2,"logger":"py.warnings"}
{"timestamp":"2025-12-09T12:21:52.385781Z","level":"info","event":"Filling up the DagBag from /opt/airflow/dags/dag.py","logger":"airflow.models.dagbag.DagBag","filename":"dagbag.py","lineno":593}
{"timestamp":"2025-12-09T12:21:52.397107Z","level":"warning","event":"The `airflow.decorators.dag` attribute is deprecated. Please use `'airflow.sdk.dag'`.","category":"DeprecatedImportWarning","filename":"/opt/airflow/dags/dag.py","lineno":1,"logger":"py.warnings"}
{"timestamp":"2025-12-09T12:21:52.397169Z","level":"warning","event":"The `airflow.decorators.task` attribute is deprecated. Please use `'airflow.sdk.task'`.","category":"DeprecatedImportWarning","filename":"/opt/airflow/dags/dag.py","lineno":1,"logger":"py.warnings"}
{"timestamp":"2025-12-09T12:21:52.397198Z","level":"warning","event":"The `airflow.operators.empty.EmptyOperator` attribute is deprecated. Please use `'airflow.providers.standard.operators.empty.EmptyOperator'`.","category":"DeprecatedImportWarning","filename":"/opt/airflow/dags/dag.py","lineno":2,"logger":"py.warnings"}
{"timestamp":"2025-12-09T12:22:22.730427Z","level":"info","event":"Filling up the DagBag from /opt/airflow/dags/dag.py","logger":"airflow.models.dagbag.DagBag","filename":"dagbag.py","lineno":593}
{"timestamp":"2025-12-09T12:22:22.744800Z","level":"warning","event":"The `airflow.decorators.dag` attribute is deprecated. Please use `'airflow.sdk.dag'`.","category":"DeprecatedImportWarning","filename":"/opt/airflow/dags/dag.py","lineno":1,"logger":"py.warnings"}
{"timestamp":"2025-12-09T12:22:22.744856Z","level":"warning","event":"The `airflow.decorators.task` attribute is deprecated. Please use `'airflow.sdk.task'`.","category":"DeprecatedImportWarning","filename":"/opt/airflow/dags/dag.py","lineno":1,"logger":"py.warnings"}
{"timestamp":"2025-12-09T12:22:22.744883Z","level":"warning","event":"The `airflow.operators.empty.EmptyOperator` attribute is deprecated. Please use `'airflow.providers.standard.operators.empty.EmptyOperator'`.","category":"DeprecatedImportWarning","filename":"/opt/airflow/dags/dag.py","lineno":2,"logger":"py.warnings"}
{"timestamp":"2025-12-09T12:22:53.011176Z","level":"info","event":"Filling up the DagBag from /opt/airflow/dags/dag.py","logger":"airflow.models.dagbag.DagBag","filename":"dagbag.py","lineno":593}
{"timestamp":"2025-12-09T12:22:53.024587Z","level":"warning","event":"The `airflow.decorators.dag` attribute is deprecated. Please use `'airflow.sdk.dag'`.","category":"DeprecatedImportWarning","filename":"/opt/airflow/dags/dag.py","lineno":1,"logger":"py.warnings"}
{"timestamp":"2025-12-09T12:22:53.024677Z","level":"warning","event":"The `airflow.decorators.task` attribute is deprecated. Please use `'airflow.sdk.task'`.","category":"DeprecatedImportWarning","filename":"/opt/airflow/dags/dag.py","lineno":1,"logger":"py.warnings"}
{"timestamp":"2025-12-09T12:22:53.024704Z","level":"warning","event":"The `airflow.operators.empty.EmptyOperator` attribute is deprecated. Please use `'airflow.providers.standard.operators.empty.EmptyOperator'`.","category":"DeprecatedImportWarning","filename":"/opt/airflow/dags/dag.py","lineno":2,"logger":"py.warnings"}
{"timestamp":"2025-12-09T12:23:23.363324Z","level":"info","event":"Filling up the DagBag from /opt/airflow/dags/dag.py","logger":"airflow.models.dagbag.DagBag","filename":"dagbag.py","lineno":593}
{"timestamp":"2025-12-09T12:23:23.372836Z","level":"warning","event":"The `airflow.decorators.dag` attribute is deprecated. Please use `'airflow.sdk.dag'`.","category":"DeprecatedImportWarning","filename":"/opt/airflow/dags/dag.py","lineno":1,"logger":"py.warnings"}
{"timestamp":"2025-12-09T12:23:23.372993Z","level":"warning","event":"The `airflow.decorators.task` attribute is deprecated. Please use `'airflow.sdk.task'`.","category":"DeprecatedImportWarning","filename":"/opt/airflow/dags/dag.py","lineno":1,"logger":"py.warnings"}
{"timestamp":"2025-12-09T12:23:23.373031Z","level":"warning","event":"The `airflow.operators.empty.EmptyOperator` attribute is deprecated. Please use `'airflow.providers.standard.operators.empty.EmptyOperator'`.","category":"DeprecatedImportWarning","filename":"/opt/airflow/dags/dag.py","lineno":2,"logger":"py.warnings"}
{"timestamp":"2025-12-09T12:23:53.762091Z","level":"info","event":"Filling up the DagBag from /opt/airflow/dags/dag.py","logger":"airflow.models.dagbag.DagBag","filename":"dagbag.py","lineno":593}
{"timestamp":"2025-12-09T12:23:53.774586Z","level":"warning","event":"The `airflow.decorators.dag` attribute is deprecated. Please use `'airflow.sdk.dag'`.","category":"DeprecatedImportWarning","filename":"/opt/airflow/dags/dag.py","lineno":1,"logger":"py.warnings"}
{"timestamp":"2025-12-09T12:23:53.774651Z","level":"warning","event":"The `airflow.decorators.task` attribute is deprecated. Please use `'airflow.sdk.task'`.","category":"DeprecatedImportWarning","filename":"/opt/airflow/dags/dag.py","lineno":1,"logger":"py.warnings"}
{"timestamp":"2025-12-09T12:23:53.774679Z","level":"warning","event":"The `airflow.operators.empty.EmptyOperator` attribute is deprecated. Please use `'airflow.providers.standard.operators.empty.EmptyOperator'`.","category":"DeprecatedImportWarning","filename":"/opt/airflow/dags/dag.py","lineno":2,"logger":"py.warnings"}
{"timestamp":"2025-12-09T12:24:24.236888Z","level":"info","event":"Filling up the DagBag from /opt/airflow/dags/dag.py","logger":"airflow.models.dagbag.DagBag","filename":"dagbag.py","lineno":593}
{"timestamp":"2025-12-09T12:24:24.251310Z","level":"warning","event":"The `airflow.decorators.dag` attribute is deprecated. Please use `'airflow.sdk.dag'`.","category":"DeprecatedImportWarning","filename":"/opt/airflow/dags/dag.py","lineno":1,"logger":"py.warnings"}
{"timestamp":"2025-12-09T12:24:24.251371Z","level":"warning","event":"The `airflow.decorators.task` attribute is deprecated. Please use `'airflow.sdk.task'`.","category":"DeprecatedImportWarning","filename":"/opt/airflow/dags/dag.py","lineno":1,"logger":"py.warnings"}
{"timestamp":"2025-12-09T12:24:24.251402Z","level":"warning","event":"The `airflow.operators.empty.EmptyOperator` attribute is deprecated. Please use `'airflow.providers.standard.operators.empty.EmptyOperator'`.","category":"DeprecatedImportWarning","filename":"/opt/airflow/dags/dag.py","lineno":2,"logger":"py.warnings"}
{"timestamp":"2025-12-09T12:24:54.661532Z","level":"info","event":"Filling up the DagBag from /opt/airflow/dags/dag.py","logger":"airflow.models.dagbag.DagBag","filename":"dagbag.py","lineno":593}
{"timestamp":"2025-12-09T12:24:54.679336Z","level":"warning","event":"The `airflow.decorators.dag` attribute is deprecated. Please use `'airflow.sdk.dag'`.","category":"DeprecatedImportWarning","filename":"/opt/airflow/dags/dag.py","lineno":1,"logger":"py.warnings"}
{"timestamp":"2025-12-09T12:24:54.679399Z","level":"warning","event":"The `airflow.decorators.task` attribute is deprecated. Please use `'airflow.sdk.task'`.","category":"DeprecatedImportWarning","filename":"/opt/airflow/dags/dag.py","lineno":1,"logger":"py.warnings"}
{"timestamp":"2025-12-09T12:24:54.679425Z","level":"warning","event":"The `airflow.operators.empty.EmptyOperator` attribute is deprecated. Please use `'airflow.providers.standard.operators.empty.EmptyOperator'`.","category":"DeprecatedImportWarning","filename":"/opt/airflow/dags/dag.py","lineno":2,"logger":"py.warnings"}
{"timestamp":"2025-12-09T12:25:25.080685Z","level":"info","event":"Filling up the DagBag from /opt/airflow/dags/dag.py","logger":"airflow.models.dagbag.DagBag","filename":"dagbag.py","lineno":593}
{"timestamp":"2025-12-09T12:25:25.093888Z","level":"warning","event":"The `airflow.decorators.dag` attribute is deprecated. Please use `'airflow.sdk.dag'`.","category":"DeprecatedImportWarning","filename":"/opt/airflow/dags/dag.py","lineno":1,"logger":"py.warnings"}
{"timestamp":"2025-12-09T12:25:25.093946Z","level":"warning","event":"The `airflow.decorators.task` attribute is deprecated. Please use `'airflow.sdk.task'`.","category":"DeprecatedImportWarning","filename":"/opt/airflow/dags/dag.py","lineno":1,"logger":"py.warnings"}
{"timestamp":"2025-12-09T12:25:25.093973Z","level":"warning","event":"The `airflow.operators.empty.EmptyOperator` attribute is deprecated. Please use `'airflow.providers.standard.operators.empty.EmptyOperator'`.","category":"DeprecatedImportWarning","filename":"/opt/airflow/dags/dag.py","lineno":2,"logger":"py.warnings"}
{"timestamp":"2025-12-09T12:25:55.501744Z","level":"info","event":"Filling up the DagBag from /opt/airflow/dags/dag.py","logger":"airflow.models.dagbag.DagBag","filename":"dagbag.py","lineno":593}
{"timestamp":"2025-12-09T12:25:55.517264Z","level":"warning","event":"The `airflow.decorators.dag` attribute is deprecated. Please use `'airflow.sdk.dag'`.","category":"DeprecatedImportWarning","filename":"/opt/airflow/dags/dag.py","lineno":1,"logger":"py.warnings"}
{"timestamp":"2025-12-09T12:25:55.517331Z","level":"warning","event":"The `airflow.decorators.task` attribute is deprecated. Please use `'airflow.sdk.task'`.","category":"DeprecatedImportWarning","filename":"/opt/airflow/dags/dag.py","lineno":1,"logger":"py.warnings"}
{"timestamp":"2025-12-09T12:25:55.517357Z","level":"warning","event":"The `airflow.operators.empty.EmptyOperator` attribute is deprecated. Please use `'airflow.providers.standard.operators.empty.EmptyOperator'`.","category":"DeprecatedImportWarning","filename":"/opt/airflow/dags/dag.py","lineno":2,"logger":"py.warnings"}
{"timestamp":"2025-12-09T12:26:25.914284Z","level":"info","event":"Filling up the DagBag from /opt/airflow/dags/dag.py","logger":"airflow.models.dagbag.DagBag","filename":"dagbag.py","lineno":593}
{"timestamp":"2025-12-09T12:26:25.930039Z","level":"warning","event":"The `airflow.decorators.dag` attribute is deprecated. Please use `'airflow.sdk.dag'`.","category":"DeprecatedImportWarning","filename":"/opt/airflow/dags/dag.py","lineno":1,"logger":"py.warnings"}
{"timestamp":"2025-12-09T12:26:25.930115Z","level":"warning","event":"The `airflow.decorators.task` attribute is deprecated. Please use `'airflow.sdk.task'`.","category":"DeprecatedImportWarning","filename":"/opt/airflow/dags/dag.py","lineno":1,"logger":"py.warnings"}
{"timestamp":"2025-12-09T12:26:25.930140Z","level":"warning","event":"The `airflow.operators.empty.EmptyOperator` attribute is deprecated. Please use `'airflow.providers.standard.operators.empty.EmptyOperator'`.","category":"DeprecatedImportWarning","filename":"/opt/airflow/dags/dag.py","lineno":2,"logger":"py.warnings"}
{"timestamp":"2025-12-09T12:26:56.289408Z","level":"info","event":"Filling up the DagBag from /opt/airflow/dags/dag.py","logger":"airflow.models.dagbag.DagBag","filename":"dagbag.py","lineno":593}
{"timestamp":"2025-12-09T12:26:56.303123Z","level":"warning","event":"The `airflow.decorators.dag` attribute is deprecated. Please use `'airflow.sdk.dag'`.","category":"DeprecatedImportWarning","filename":"/opt/airflow/dags/dag.py","lineno":1,"logger":"py.warnings"}
{"timestamp":"2025-12-09T12:26:56.303179Z","level":"warning","event":"The `airflow.decorators.task` attribute is deprecated. Please use `'airflow.sdk.task'`.","category":"DeprecatedImportWarning","filename":"/opt/airflow/dags/dag.py","lineno":1,"logger":"py.warnings"}
{"timestamp":"2025-12-09T12:26:56.303205Z","level":"warning","event":"The `airflow.operators.empty.EmptyOperator` attribute is deprecated. Please use `'airflow.providers.standard.operators.empty.EmptyOperator'`.","category":"DeprecatedImportWarning","filename":"/opt/airflow/dags/dag.py","lineno":2,"logger":"py.warnings"}
{"timestamp":"2025-12-09T12:27:26.715855Z","level":"info","event":"Filling up the DagBag from /opt/airflow/dags/dag.py","logger":"airflow.models.dagbag.DagBag","filename":"dagbag.py","lineno":593}
{"timestamp":"2025-12-09T12:27:26.729359Z","level":"warning","event":"The `airflow.decorators.dag` attribute is deprecated. Please use `'airflow.sdk.dag'`.","category":"DeprecatedImportWarning","filename":"/opt/airflow/dags/dag.py","lineno":1,"logger":"py.warnings"}
{"timestamp":"2025-12-09T12:27:26.729414Z","level":"warning","event":"The `airflow.decorators.task` attribute is deprecated. Please use `'airflow.sdk.task'`.","category":"DeprecatedImportWarning","filename":"/opt/airflow/dags/dag.py","lineno":1,"logger":"py.warnings"}
{"timestamp":"2025-12-09T12:27:26.729441Z","level":"warning","event":"The `airflow.operators.empty.EmptyOperator` attribute is deprecated. Please use `'airflow.providers.standard.operators.empty.EmptyOperator'`.","category":"DeprecatedImportWarning","filename":"/opt/airflow/dags/dag.py","lineno":2,"logger":"py.warnings"}
{"timestamp":"2025-12-09T12:27:57.150978Z","level":"info","event":"Filling up the DagBag from /opt/airflow/dags/dag.py","logger":"airflow.models.dagbag.DagBag","filename":"dagbag.py","lineno":593}
{"timestamp":"2025-12-09T12:27:57.164715Z","level":"warning","event":"The `airflow.decorators.dag` attribute is deprecated. Please use `'airflow.sdk.dag'`.","category":"DeprecatedImportWarning","filename":"/opt/airflow/dags/dag.py","lineno":1,"logger":"py.warnings"}
{"timestamp":"2025-12-09T12:27:57.164777Z","level":"warning","event":"The `airflow.decorators.task` attribute is deprecated. Please use `'airflow.sdk.task'`.","category":"DeprecatedImportWarning","filename":"/opt/airflow/dags/dag.py","lineno":1,"logger":"py.warnings"}
{"timestamp":"2025-12-09T12:27:57.164807Z","level":"warning","event":"The `airflow.operators.empty.EmptyOperator` attribute is deprecated. Please use `'airflow.providers.standard.operators.empty.EmptyOperator'`.","category":"DeprecatedImportWarning","filename":"/opt/airflow/dags/dag.py","lineno":2,"logger":"py.warnings"}
{"timestamp":"2025-12-09T12:28:27.536775Z","level":"info","event":"Filling up the DagBag from /opt/airflow/dags/dag.py","logger":"airflow.models.dagbag.DagBag","filename":"dagbag.py","lineno":593}
{"timestamp":"2025-12-09T12:28:27.571197Z","level":"warning","event":"The `airflow.decorators.dag` attribute is deprecated. Please use `'airflow.sdk.dag'`.","category":"DeprecatedImportWarning","filename":"/opt/airflow/dags/dag.py","lineno":1,"logger":"py.warnings"}
{"timestamp":"2025-12-09T12:28:27.571283Z","level":"warning","event":"The `airflow.decorators.task` attribute is deprecated. Please use `'airflow.sdk.task'`.","category":"DeprecatedImportWarning","filename":"/opt/airflow/dags/dag.py","lineno":1,"logger":"py.warnings"}
{"timestamp":"2025-12-09T12:28:27.571321Z","level":"warning","event":"The `airflow.operators.empty.EmptyOperator` attribute is deprecated. Please use `'airflow.providers.standard.operators.empty.EmptyOperator'`.","category":"DeprecatedImportWarning","filename":"/opt/airflow/dags/dag.py","lineno":2,"logger":"py.warnings"}
{"timestamp":"2025-12-09T12:28:57.916978Z","level":"info","event":"Filling up the DagBag from /opt/airflow/dags/dag.py","logger":"airflow.models.dagbag.DagBag","filename":"dagbag.py","lineno":593}
{"timestamp":"2025-12-09T12:28:57.931752Z","level":"warning","event":"The `airflow.decorators.dag` attribute is deprecated. Please use `'airflow.sdk.dag'`.","category":"DeprecatedImportWarning","filename":"/opt/airflow/dags/dag.py","lineno":1,"logger":"py.warnings"}
{"timestamp":"2025-12-09T12:28:57.931807Z","level":"warning","event":"The `airflow.decorators.task` attribute is deprecated. Please use `'airflow.sdk.task'`.","category":"DeprecatedImportWarning","filename":"/opt/airflow/dags/dag.py","lineno":1,"logger":"py.warnings"}
{"timestamp":"2025-12-09T12:28:57.931832Z","level":"warning","event":"The `airflow.operators.empty.EmptyOperator` attribute is deprecated. Please use `'airflow.providers.standard.operators.empty.EmptyOperator'`.","category":"DeprecatedImportWarning","filename":"/opt/airflow/dags/dag.py","lineno":2,"logger":"py.warnings"}
{"timestamp":"2025-12-09T12:29:28.398734Z","level":"info","event":"Filling up the DagBag from /opt/airflow/dags/dag.py","logger":"airflow.models.dagbag.DagBag","filename":"dagbag.py","lineno":593}
{"timestamp":"2025-12-09T12:29:28.410940Z","level":"warning","event":"The `airflow.decorators.dag` attribute is deprecated. Please use `'airflow.sdk.dag'`.","category":"DeprecatedImportWarning","filename":"/opt/airflow/dags/dag.py","lineno":1,"logger":"py.warnings"}
{"timestamp":"2025-12-09T12:29:28.410997Z","level":"warning","event":"The `airflow.decorators.task` attribute is deprecated. Please use `'airflow.sdk.task'`.","category":"DeprecatedImportWarning","filename":"/opt/airflow/dags/dag.py","lineno":1,"logger":"py.warnings"}
{"timestamp":"2025-12-09T12:29:28.411023Z","level":"warning","event":"The `airflow.operators.empty.EmptyOperator` attribute is deprecated. Please use `'airflow.providers.standard.operators.empty.EmptyOperator'`.","category":"DeprecatedImportWarning","filename":"/opt/airflow/dags/dag.py","lineno":2,"logger":"py.warnings"}
{"timestamp":"2025-12-09T12:29:58.862660Z","level":"info","event":"Filling up the DagBag from /opt/airflow/dags/dag.py","logger":"airflow.models.dagbag.DagBag","filename":"dagbag.py","lineno":593}
{"timestamp":"2025-12-09T12:29:58.886518Z","level":"warning","event":"The `airflow.decorators.dag` attribute is deprecated. Please use `'airflow.sdk.dag'`.","category":"DeprecatedImportWarning","filename":"/opt/airflow/dags/dag.py","lineno":1,"logger":"py.warnings"}
{"timestamp":"2025-12-09T12:29:58.886580Z","level":"warning","event":"The `airflow.decorators.task` attribute is deprecated. Please use `'airflow.sdk.task'`.","category":"DeprecatedImportWarning","filename":"/opt/airflow/dags/dag.py","lineno":1,"logger":"py.warnings"}
{"timestamp":"2025-12-09T12:29:58.886613Z","level":"warning","event":"The `airflow.operators.empty.EmptyOperator` attribute is deprecated. Please use `'airflow.providers.standard.operators.empty.EmptyOperator'`.","category":"DeprecatedImportWarning","filename":"/opt/airflow/dags/dag.py","lineno":2,"logger":"py.warnings"}
{"timestamp":"2025-12-09T12:30:29.304800Z","level":"info","event":"Filling up the DagBag from /opt/airflow/dags/dag.py","logger":"airflow.models.dagbag.DagBag","filename":"dagbag.py","lineno":593}
{"timestamp":"2025-12-09T12:30:29.327329Z","level":"warning","event":"The `airflow.decorators.dag` attribute is deprecated. Please use `'airflow.sdk.dag'`.","category":"DeprecatedImportWarning","filename":"/opt/airflow/dags/dag.py","lineno":1,"logger":"py.warnings"}
{"timestamp":"2025-12-09T12:30:29.327426Z","level":"warning","event":"The `airflow.decorators.task` attribute is deprecated. Please use `'airflow.sdk.task'`.","category":"DeprecatedImportWarning","filename":"/opt/airflow/dags/dag.py","lineno":1,"logger":"py.warnings"}
{"timestamp":"2025-12-09T12:30:29.327470Z","level":"warning","event":"The `airflow.operators.empty.EmptyOperator` attribute is deprecated. Please use `'airflow.providers.standard.operators.empty.EmptyOperator'`.","category":"DeprecatedImportWarning","filename":"/opt/airflow/dags/dag.py","lineno":2,"logger":"py.warnings"}
{"timestamp":"2025-12-09T12:30:59.721932Z","level":"info","event":"Filling up the DagBag from /opt/airflow/dags/dag.py","logger":"airflow.models.dagbag.DagBag","filename":"dagbag.py","lineno":593}
{"timestamp":"2025-12-09T12:30:59.739099Z","level":"warning","event":"The `airflow.decorators.dag` attribute is deprecated. Please use `'airflow.sdk.dag'`.","category":"DeprecatedImportWarning","filename":"/opt/airflow/dags/dag.py","lineno":1,"logger":"py.warnings"}
{"timestamp":"2025-12-09T12:30:59.739159Z","level":"warning","event":"The `airflow.decorators.task` attribute is deprecated. Please use `'airflow.sdk.task'`.","category":"DeprecatedImportWarning","filename":"/opt/airflow/dags/dag.py","lineno":1,"logger":"py.warnings"}
{"timestamp":"2025-12-09T12:30:59.739182Z","level":"warning","event":"The `airflow.operators.empty.EmptyOperator` attribute is deprecated. Please use `'airflow.providers.standard.operators.empty.EmptyOperator'`.","category":"DeprecatedImportWarning","filename":"/opt/airflow/dags/dag.py","lineno":2,"logger":"py.warnings"}
{"timestamp":"2025-12-09T12:31:30.127138Z","level":"info","event":"Filling up the DagBag from /opt/airflow/dags/dag.py","logger":"airflow.models.dagbag.DagBag","filename":"dagbag.py","lineno":593}
{"timestamp":"2025-12-09T12:31:30.146533Z","level":"warning","event":"The `airflow.decorators.dag` attribute is deprecated. Please use `'airflow.sdk.dag'`.","category":"DeprecatedImportWarning","filename":"/opt/airflow/dags/dag.py","lineno":1,"logger":"py.warnings"}
{"timestamp":"2025-12-09T12:31:30.146601Z","level":"warning","event":"The `airflow.decorators.task` attribute is deprecated. Please use `'airflow.sdk.task'`.","category":"DeprecatedImportWarning","filename":"/opt/airflow/dags/dag.py","lineno":1,"logger":"py.warnings"}
{"timestamp":"2025-12-09T12:31:30.146642Z","level":"warning","event":"The `airflow.operators.empty.EmptyOperator` attribute is deprecated. Please use `'airflow.providers.standard.operators.empty.EmptyOperator'`.","category":"DeprecatedImportWarning","filename":"/opt/airflow/dags/dag.py","lineno":2,"logger":"py.warnings"}
{"timestamp":"2025-12-09T12:32:00.535941Z","level":"info","event":"Filling up the DagBag from /opt/airflow/dags/dag.py","logger":"airflow.models.dagbag.DagBag","filename":"dagbag.py","lineno":593}
{"timestamp":"2025-12-09T12:32:00.552701Z","level":"warning","event":"The `airflow.decorators.dag` attribute is deprecated. Please use `'airflow.sdk.dag'`.","category":"DeprecatedImportWarning","filename":"/opt/airflow/dags/dag.py","lineno":1,"logger":"py.warnings"}
{"timestamp":"2025-12-09T12:32:00.552781Z","level":"warning","event":"The `airflow.decorators.task` attribute is deprecated. Please use `'airflow.sdk.task'`.","category":"DeprecatedImportWarning","filename":"/opt/airflow/dags/dag.py","lineno":1,"logger":"py.warnings"}
{"timestamp":"2025-12-09T12:32:00.552807Z","level":"warning","event":"The `airflow.operators.empty.EmptyOperator` attribute is deprecated. Please use `'airflow.providers.standard.operators.empty.EmptyOperator'`.","category":"DeprecatedImportWarning","filename":"/opt/airflow/dags/dag.py","lineno":2,"logger":"py.warnings"}
{"timestamp":"2025-12-09T12:32:30.929840Z","level":"info","event":"Filling up the DagBag from /opt/airflow/dags/dag.py","logger":"airflow.models.dagbag.DagBag","filename":"dagbag.py","lineno":593}
{"timestamp":"2025-12-09T12:32:30.944303Z","level":"warning","event":"The `airflow.decorators.dag` attribute is deprecated. Please use `'airflow.sdk.dag'`.","category":"DeprecatedImportWarning","filename":"/opt/airflow/dags/dag.py","lineno":1,"logger":"py.warnings"}
{"timestamp":"2025-12-09T12:32:30.944365Z","level":"warning","event":"The `airflow.decorators.task` attribute is deprecated. Please use `'airflow.sdk.task'`.","category":"DeprecatedImportWarning","filename":"/opt/airflow/dags/dag.py","lineno":1,"logger":"py.warnings"}
{"timestamp":"2025-12-09T12:32:30.944391Z","level":"warning","event":"The `airflow.operators.empty.EmptyOperator` attribute is deprecated. Please use `'airflow.providers.standard.operators.empty.EmptyOperator'`.","category":"DeprecatedImportWarning","filename":"/opt/airflow/dags/dag.py","lineno":2,"logger":"py.warnings"}
{"timestamp":"2025-12-09T12:33:01.382527Z","level":"info","event":"Filling up the DagBag from /opt/airflow/dags/dag.py","logger":"airflow.models.dagbag.DagBag","filename":"dagbag.py","lineno":593}
{"timestamp":"2025-12-09T12:33:01.409540Z","level":"warning","event":"The `airflow.decorators.dag` attribute is deprecated. Please use `'airflow.sdk.dag'`.","category":"DeprecatedImportWarning","filename":"/opt/airflow/dags/dag.py","lineno":1,"logger":"py.warnings"}
{"timestamp":"2025-12-09T12:33:01.409655Z","level":"warning","event":"The `airflow.decorators.task` attribute is deprecated. Please use `'airflow.sdk.task'`.","category":"DeprecatedImportWarning","filename":"/opt/airflow/dags/dag.py","lineno":1,"logger":"py.warnings"}
{"timestamp":"2025-12-09T12:33:01.409719Z","level":"warning","event":"The `airflow.operators.empty.EmptyOperator` attribute is deprecated. Please use `'airflow.providers.standard.operators.empty.EmptyOperator'`.","category":"DeprecatedImportWarning","filename":"/opt/airflow/dags/dag.py","lineno":2,"logger":"py.warnings"}
{"timestamp":"2025-12-09T12:33:31.784244Z","level":"info","event":"Filling up the DagBag from /opt/airflow/dags/dag.py","logger":"airflow.models.dagbag.DagBag","filename":"dagbag.py","lineno":593}
{"timestamp":"2025-12-09T12:33:31.796507Z","level":"warning","event":"The `airflow.decorators.dag` attribute is deprecated. Please use `'airflow.sdk.dag'`.","category":"DeprecatedImportWarning","filename":"/opt/airflow/dags/dag.py","lineno":1,"logger":"py.warnings"}
{"timestamp":"2025-12-09T12:33:31.796623Z","level":"warning","event":"The `airflow.decorators.task` attribute is deprecated. Please use `'airflow.sdk.task'`.","category":"DeprecatedImportWarning","filename":"/opt/airflow/dags/dag.py","lineno":1,"logger":"py.warnings"}
{"timestamp":"2025-12-09T12:33:31.796779Z","level":"warning","event":"The `airflow.operators.empty.EmptyOperator` attribute is deprecated. Please use `'airflow.providers.standard.operators.empty.EmptyOperator'`.","category":"DeprecatedImportWarning","filename":"/opt/airflow/dags/dag.py","lineno":2,"logger":"py.warnings"}
{"timestamp":"2025-12-09T12:34:02.208020Z","level":"info","event":"Filling up the DagBag from /opt/airflow/dags/dag.py","logger":"airflow.models.dagbag.DagBag","filename":"dagbag.py","lineno":593}
{"timestamp":"2025-12-09T12:34:02.226000Z","level":"warning","event":"The `airflow.decorators.dag` attribute is deprecated. Please use `'airflow.sdk.dag'`.","category":"DeprecatedImportWarning","filename":"/opt/airflow/dags/dag.py","lineno":1,"logger":"py.warnings"}
{"timestamp":"2025-12-09T12:34:02.226208Z","level":"warning","event":"The `airflow.decorators.task` attribute is deprecated. Please use `'airflow.sdk.task'`.","category":"DeprecatedImportWarning","filename":"/opt/airflow/dags/dag.py","lineno":1,"logger":"py.warnings"}
{"timestamp":"2025-12-09T12:34:02.226556Z","level":"warning","event":"The `airflow.operators.empty.EmptyOperator` attribute is deprecated. Please use `'airflow.providers.standard.operators.empty.EmptyOperator'`.","category":"DeprecatedImportWarning","filename":"/opt/airflow/dags/dag.py","lineno":2,"logger":"py.warnings"}
{"timestamp":"2025-12-09T12:34:32.597875Z","level":"info","event":"Filling up the DagBag from /opt/airflow/dags/dag.py","logger":"airflow.models.dagbag.DagBag","filename":"dagbag.py","lineno":593}
{"timestamp":"2025-12-09T12:34:32.610913Z","level":"warning","event":"The `airflow.decorators.dag` attribute is deprecated. Please use `'airflow.sdk.dag'`.","category":"DeprecatedImportWarning","filename":"/opt/airflow/dags/dag.py","lineno":1,"logger":"py.warnings"}
{"timestamp":"2025-12-09T12:34:32.610986Z","level":"warning","event":"The `airflow.decorators.task` attribute is deprecated. Please use `'airflow.sdk.task'`.","category":"DeprecatedImportWarning","filename":"/opt/airflow/dags/dag.py","lineno":1,"logger":"py.warnings"}
{"timestamp":"2025-12-09T12:34:32.611013Z","level":"warning","event":"The `airflow.operators.empty.EmptyOperator` attribute is deprecated. Please use `'airflow.providers.standard.operators.empty.EmptyOperator'`.","category":"DeprecatedImportWarning","filename":"/opt/airflow/dags/dag.py","lineno":2,"logger":"py.warnings"}
{"timestamp":"2025-12-09T12:35:03.006318Z","level":"info","event":"Filling up the DagBag from /opt/airflow/dags/dag.py","logger":"airflow.models.dagbag.DagBag","filename":"dagbag.py","lineno":593}
{"timestamp":"2025-12-09T12:35:03.021981Z","level":"warning","event":"The `airflow.decorators.dag` attribute is deprecated. Please use `'airflow.sdk.dag'`.","category":"DeprecatedImportWarning","filename":"/opt/airflow/dags/dag.py","lineno":1,"logger":"py.warnings"}
{"timestamp":"2025-12-09T12:35:03.022043Z","level":"warning","event":"The `airflow.decorators.task` attribute is deprecated. Please use `'airflow.sdk.task'`.","category":"DeprecatedImportWarning","filename":"/opt/airflow/dags/dag.py","lineno":1,"logger":"py.warnings"}
{"timestamp":"2025-12-09T12:35:03.022070Z","level":"warning","event":"The `airflow.operators.empty.EmptyOperator` attribute is deprecated. Please use `'airflow.providers.standard.operators.empty.EmptyOperator'`.","category":"DeprecatedImportWarning","filename":"/opt/airflow/dags/dag.py","lineno":2,"logger":"py.warnings"}
{"timestamp":"2025-12-09T12:35:33.439523Z","level":"info","event":"Filling up the DagBag from /opt/airflow/dags/dag.py","logger":"airflow.models.dagbag.DagBag","filename":"dagbag.py","lineno":593}
{"timestamp":"2025-12-09T12:35:33.461150Z","level":"warning","event":"The `airflow.decorators.dag` attribute is deprecated. Please use `'airflow.sdk.dag'`.","category":"DeprecatedImportWarning","filename":"/opt/airflow/dags/dag.py","lineno":1,"logger":"py.warnings"}
{"timestamp":"2025-12-09T12:35:33.461237Z","level":"warning","event":"The `airflow.decorators.task` attribute is deprecated. Please use `'airflow.sdk.task'`.","category":"DeprecatedImportWarning","filename":"/opt/airflow/dags/dag.py","lineno":1,"logger":"py.warnings"}
{"timestamp":"2025-12-09T12:35:33.461268Z","level":"warning","event":"The `airflow.operators.empty.EmptyOperator` attribute is deprecated. Please use `'airflow.providers.standard.operators.empty.EmptyOperator'`.","category":"DeprecatedImportWarning","filename":"/opt/airflow/dags/dag.py","lineno":2,"logger":"py.warnings"}
{"timestamp":"2025-12-09T12:36:03.846483Z","level":"info","event":"Filling up the DagBag from /opt/airflow/dags/dag.py","logger":"airflow.models.dagbag.DagBag","filename":"dagbag.py","lineno":593}
{"timestamp":"2025-12-09T12:36:03.873804Z","level":"warning","event":"The `airflow.decorators.dag` attribute is deprecated. Please use `'airflow.sdk.dag'`.","category":"DeprecatedImportWarning","filename":"/opt/airflow/dags/dag.py","lineno":1,"logger":"py.warnings"}
{"timestamp":"2025-12-09T12:36:03.873885Z","level":"warning","event":"The `airflow.decorators.task` attribute is deprecated. Please use `'airflow.sdk.task'`.","category":"DeprecatedImportWarning","filename":"/opt/airflow/dags/dag.py","lineno":1,"logger":"py.warnings"}
{"timestamp":"2025-12-09T12:36:03.873919Z","level":"warning","event":"The `airflow.operators.empty.EmptyOperator` attribute is deprecated. Please use `'airflow.providers.standard.operators.empty.EmptyOperator'`.","category":"DeprecatedImportWarning","filename":"/opt/airflow/dags/dag.py","lineno":2,"logger":"py.warnings"}
{"timestamp":"2025-12-09T12:36:34.226785Z","level":"info","event":"Filling up the DagBag from /opt/airflow/dags/dag.py","logger":"airflow.models.dagbag.DagBag","filename":"dagbag.py","lineno":593}
{"timestamp":"2025-12-09T12:36:34.261551Z","level":"warning","event":"The `airflow.decorators.dag` attribute is deprecated. Please use `'airflow.sdk.dag'`.","category":"DeprecatedImportWarning","filename":"/opt/airflow/dags/dag.py","lineno":1,"logger":"py.warnings"}
{"timestamp":"2025-12-09T12:36:34.261645Z","level":"warning","event":"The `airflow.decorators.task` attribute is deprecated. Please use `'airflow.sdk.task'`.","category":"DeprecatedImportWarning","filename":"/opt/airflow/dags/dag.py","lineno":1,"logger":"py.warnings"}
{"timestamp":"2025-12-09T12:36:34.261698Z","level":"warning","event":"The `airflow.operators.empty.EmptyOperator` attribute is deprecated. Please use `'airflow.providers.standard.operators.empty.EmptyOperator'`.","category":"DeprecatedImportWarning","filename":"/opt/airflow/dags/dag.py","lineno":2,"logger":"py.warnings"}
{"timestamp":"2025-12-09T12:37:04.676294Z","level":"info","event":"Filling up the DagBag from /opt/airflow/dags/dag.py","logger":"airflow.models.dagbag.DagBag","filename":"dagbag.py","lineno":593}
{"timestamp":"2025-12-09T12:37:04.695431Z","level":"warning","event":"The `airflow.decorators.dag` attribute is deprecated. Please use `'airflow.sdk.dag'`.","category":"DeprecatedImportWarning","filename":"/opt/airflow/dags/dag.py","lineno":1,"logger":"py.warnings"}
{"timestamp":"2025-12-09T12:37:04.695508Z","level":"warning","event":"The `airflow.decorators.task` attribute is deprecated. Please use `'airflow.sdk.task'`.","category":"DeprecatedImportWarning","filename":"/opt/airflow/dags/dag.py","lineno":1,"logger":"py.warnings"}
{"timestamp":"2025-12-09T12:37:04.695538Z","level":"warning","event":"The `airflow.operators.empty.EmptyOperator` attribute is deprecated. Please use `'airflow.providers.standard.operators.empty.EmptyOperator'`.","category":"DeprecatedImportWarning","filename":"/opt/airflow/dags/dag.py","lineno":2,"logger":"py.warnings"}
{"timestamp":"2025-12-09T12:37:35.079928Z","level":"info","event":"Filling up the DagBag from /opt/airflow/dags/dag.py","logger":"airflow.models.dagbag.DagBag","filename":"dagbag.py","lineno":593}
{"timestamp":"2025-12-09T12:37:35.094129Z","level":"warning","event":"The `airflow.decorators.dag` attribute is deprecated. Please use `'airflow.sdk.dag'`.","category":"DeprecatedImportWarning","filename":"/opt/airflow/dags/dag.py","lineno":1,"logger":"py.warnings"}
{"timestamp":"2025-12-09T12:37:35.094191Z","level":"warning","event":"The `airflow.decorators.task` attribute is deprecated. Please use `'airflow.sdk.task'`.","category":"DeprecatedImportWarning","filename":"/opt/airflow/dags/dag.py","lineno":1,"logger":"py.warnings"}
{"timestamp":"2025-12-09T12:37:35.094218Z","level":"warning","event":"The `airflow.operators.empty.EmptyOperator` attribute is deprecated. Please use `'airflow.providers.standard.operators.empty.EmptyOperator'`.","category":"DeprecatedImportWarning","filename":"/opt/airflow/dags/dag.py","lineno":2,"logger":"py.warnings"}
{"timestamp":"2025-12-09T12:38:05.459295Z","level":"info","event":"Filling up the DagBag from /opt/airflow/dags/dag.py","logger":"airflow.models.dagbag.DagBag","filename":"dagbag.py","lineno":593}
{"timestamp":"2025-12-09T12:38:05.473063Z","level":"warning","event":"The `airflow.decorators.dag` attribute is deprecated. Please use `'airflow.sdk.dag'`.","category":"DeprecatedImportWarning","filename":"/opt/airflow/dags/dag.py","lineno":1,"logger":"py.warnings"}
{"timestamp":"2025-12-09T12:38:05.473128Z","level":"warning","event":"The `airflow.decorators.task` attribute is deprecated. Please use `'airflow.sdk.task'`.","category":"DeprecatedImportWarning","filename":"/opt/airflow/dags/dag.py","lineno":1,"logger":"py.warnings"}
{"timestamp":"2025-12-09T12:38:05.473156Z","level":"warning","event":"The `airflow.operators.empty.EmptyOperator` attribute is deprecated. Please use `'airflow.providers.standard.operators.empty.EmptyOperator'`.","category":"DeprecatedImportWarning","filename":"/opt/airflow/dags/dag.py","lineno":2,"logger":"py.warnings"}
{"timestamp":"2025-12-09T12:38:35.848306Z","level":"info","event":"Filling up the DagBag from /opt/airflow/dags/dag.py","logger":"airflow.models.dagbag.DagBag","filename":"dagbag.py","lineno":593}
{"timestamp":"2025-12-09T12:38:35.866720Z","level":"warning","event":"The `airflow.decorators.dag` attribute is deprecated. Please use `'airflow.sdk.dag'`.","category":"DeprecatedImportWarning","filename":"/opt/airflow/dags/dag.py","lineno":1,"logger":"py.warnings"}
{"timestamp":"2025-12-09T12:38:35.866789Z","level":"warning","event":"The `airflow.decorators.task` attribute is deprecated. Please use `'airflow.sdk.task'`.","category":"DeprecatedImportWarning","filename":"/opt/airflow/dags/dag.py","lineno":1,"logger":"py.warnings"}
{"timestamp":"2025-12-09T12:38:35.866819Z","level":"warning","event":"The `airflow.operators.empty.EmptyOperator` attribute is deprecated. Please use `'airflow.providers.standard.operators.empty.EmptyOperator'`.","category":"DeprecatedImportWarning","filename":"/opt/airflow/dags/dag.py","lineno":2,"logger":"py.warnings"}
{"timestamp":"2025-12-09T12:39:06.209790Z","level":"info","event":"Filling up the DagBag from /opt/airflow/dags/dag.py","logger":"airflow.models.dagbag.DagBag","filename":"dagbag.py","lineno":593}
{"timestamp":"2025-12-09T12:39:06.234033Z","level":"warning","event":"The `airflow.decorators.dag` attribute is deprecated. Please use `'airflow.sdk.dag'`.","category":"DeprecatedImportWarning","filename":"/opt/airflow/dags/dag.py","lineno":1,"logger":"py.warnings"}
{"timestamp":"2025-12-09T12:39:06.234240Z","level":"warning","event":"The `airflow.decorators.task` attribute is deprecated. Please use `'airflow.sdk.task'`.","category":"DeprecatedImportWarning","filename":"/opt/airflow/dags/dag.py","lineno":1,"logger":"py.warnings"}
{"timestamp":"2025-12-09T12:39:06.234270Z","level":"warning","event":"The `airflow.operators.empty.EmptyOperator` attribute is deprecated. Please use `'airflow.providers.standard.operators.empty.EmptyOperator'`.","category":"DeprecatedImportWarning","filename":"/opt/airflow/dags/dag.py","lineno":2,"logger":"py.warnings"}
{"timestamp":"2025-12-09T12:39:36.640792Z","level":"info","event":"Filling up the DagBag from /opt/airflow/dags/dag.py","logger":"airflow.models.dagbag.DagBag","filename":"dagbag.py","lineno":593}
{"timestamp":"2025-12-09T12:39:36.654264Z","level":"warning","event":"The `airflow.decorators.dag` attribute is deprecated. Please use `'airflow.sdk.dag'`.","category":"DeprecatedImportWarning","filename":"/opt/airflow/dags/dag.py","lineno":1,"logger":"py.warnings"}
{"timestamp":"2025-12-09T12:39:36.654322Z","level":"warning","event":"The `airflow.decorators.task` attribute is deprecated. Please use `'airflow.sdk.task'`.","category":"DeprecatedImportWarning","filename":"/opt/airflow/dags/dag.py","lineno":1,"logger":"py.warnings"}
{"timestamp":"2025-12-09T12:39:36.654344Z","level":"warning","event":"The `airflow.operators.empty.EmptyOperator` attribute is deprecated. Please use `'airflow.providers.standard.operators.empty.EmptyOperator'`.","category":"DeprecatedImportWarning","filename":"/opt/airflow/dags/dag.py","lineno":2,"logger":"py.warnings"}
{"timestamp":"2025-12-09T12:40:07.043893Z","level":"info","event":"Filling up the DagBag from /opt/airflow/dags/dag.py","logger":"airflow.models.dagbag.DagBag","filename":"dagbag.py","lineno":593}
{"timestamp":"2025-12-09T12:40:07.056223Z","level":"warning","event":"The `airflow.decorators.dag` attribute is deprecated. Please use `'airflow.sdk.dag'`.","category":"DeprecatedImportWarning","filename":"/opt/airflow/dags/dag.py","lineno":1,"logger":"py.warnings"}
{"timestamp":"2025-12-09T12:40:07.056407Z","level":"warning","event":"The `airflow.decorators.task` attribute is deprecated. Please use `'airflow.sdk.task'`.","category":"DeprecatedImportWarning","filename":"/opt/airflow/dags/dag.py","lineno":1,"logger":"py.warnings"}
{"timestamp":"2025-12-09T12:40:07.056688Z","level":"warning","event":"The `airflow.operators.empty.EmptyOperator` attribute is deprecated. Please use `'airflow.providers.standard.operators.empty.EmptyOperator'`.","category":"DeprecatedImportWarning","filename":"/opt/airflow/dags/dag.py","lineno":2,"logger":"py.warnings"}
{"timestamp":"2025-12-09T12:40:37.471151Z","level":"info","event":"Filling up the DagBag from /opt/airflow/dags/dag.py","logger":"airflow.models.dagbag.DagBag","filename":"dagbag.py","lineno":593}
{"timestamp":"2025-12-09T12:40:37.487594Z","level":"warning","event":"The `airflow.decorators.dag` attribute is deprecated. Please use `'airflow.sdk.dag'`.","category":"DeprecatedImportWarning","filename":"/opt/airflow/dags/dag.py","lineno":1,"logger":"py.warnings"}
{"timestamp":"2025-12-09T12:40:37.487674Z","level":"warning","event":"The `airflow.decorators.task` attribute is deprecated. Please use `'airflow.sdk.task'`.","category":"DeprecatedImportWarning","filename":"/opt/airflow/dags/dag.py","lineno":1,"logger":"py.warnings"}
{"timestamp":"2025-12-09T12:40:37.487699Z","level":"warning","event":"The `airflow.operators.empty.EmptyOperator` attribute is deprecated. Please use `'airflow.providers.standard.operators.empty.EmptyOperator'`.","category":"DeprecatedImportWarning","filename":"/opt/airflow/dags/dag.py","lineno":2,"logger":"py.warnings"}
{"timestamp":"2025-12-09T12:41:07.943673Z","level":"info","event":"Filling up the DagBag from /opt/airflow/dags/dag.py","logger":"airflow.models.dagbag.DagBag","filename":"dagbag.py","lineno":593}
{"timestamp":"2025-12-09T12:41:07.960610Z","level":"warning","event":"The `airflow.decorators.dag` attribute is deprecated. Please use `'airflow.sdk.dag'`.","category":"DeprecatedImportWarning","filename":"/opt/airflow/dags/dag.py","lineno":1,"logger":"py.warnings"}
{"timestamp":"2025-12-09T12:41:07.960670Z","level":"warning","event":"The `airflow.decorators.task` attribute is deprecated. Please use `'airflow.sdk.task'`.","category":"DeprecatedImportWarning","filename":"/opt/airflow/dags/dag.py","lineno":1,"logger":"py.warnings"}
{"timestamp":"2025-12-09T12:41:07.960693Z","level":"warning","event":"The `airflow.operators.empty.EmptyOperator` attribute is deprecated. Please use `'airflow.providers.standard.operators.empty.EmptyOperator'`.","category":"DeprecatedImportWarning","filename":"/opt/airflow/dags/dag.py","lineno":2,"logger":"py.warnings"}
{"timestamp":"2025-12-09T12:41:38.381512Z","level":"info","event":"Filling up the DagBag from /opt/airflow/dags/dag.py","logger":"airflow.models.dagbag.DagBag","filename":"dagbag.py","lineno":593}
{"timestamp":"2025-12-09T12:41:38.403491Z","level":"warning","event":"The `airflow.decorators.dag` attribute is deprecated. Please use `'airflow.sdk.dag'`.","category":"DeprecatedImportWarning","filename":"/opt/airflow/dags/dag.py","lineno":1,"logger":"py.warnings"}
{"timestamp":"2025-12-09T12:41:38.403783Z","level":"warning","event":"The `airflow.decorators.task` attribute is deprecated. Please use `'airflow.sdk.task'`.","category":"DeprecatedImportWarning","filename":"/opt/airflow/dags/dag.py","lineno":1,"logger":"py.warnings"}
{"timestamp":"2025-12-09T12:41:38.403813Z","level":"warning","event":"The `airflow.operators.empty.EmptyOperator` attribute is deprecated. Please use `'airflow.providers.standard.operators.empty.EmptyOperator'`.","category":"DeprecatedImportWarning","filename":"/opt/airflow/dags/dag.py","lineno":2,"logger":"py.warnings"}
{"timestamp":"2025-12-09T12:42:08.787647Z","level":"info","event":"Filling up the DagBag from /opt/airflow/dags/dag.py","logger":"airflow.models.dagbag.DagBag","filename":"dagbag.py","lineno":593}
{"timestamp":"2025-12-09T12:42:08.807693Z","level":"warning","event":"The `airflow.decorators.dag` attribute is deprecated. Please use `'airflow.sdk.dag'`.","category":"DeprecatedImportWarning","filename":"/opt/airflow/dags/dag.py","lineno":1,"logger":"py.warnings"}
{"timestamp":"2025-12-09T12:42:08.807768Z","level":"warning","event":"The `airflow.decorators.task` attribute is deprecated. Please use `'airflow.sdk.task'`.","category":"DeprecatedImportWarning","filename":"/opt/airflow/dags/dag.py","lineno":1,"logger":"py.warnings"}
{"timestamp":"2025-12-09T12:42:08.807804Z","level":"warning","event":"The `airflow.operators.empty.EmptyOperator` attribute is deprecated. Please use `'airflow.providers.standard.operators.empty.EmptyOperator'`.","category":"DeprecatedImportWarning","filename":"/opt/airflow/dags/dag.py","lineno":2,"logger":"py.warnings"}
{"timestamp":"2025-12-09T12:42:39.168053Z","level":"info","event":"Filling up the DagBag from /opt/airflow/dags/dag.py","logger":"airflow.models.dagbag.DagBag","filename":"dagbag.py","lineno":593}
{"timestamp":"2025-12-09T12:42:39.190641Z","level":"warning","event":"The `airflow.decorators.dag` attribute is deprecated. Please use `'airflow.sdk.dag'`.","category":"DeprecatedImportWarning","filename":"/opt/airflow/dags/dag.py","lineno":1,"logger":"py.warnings"}
{"timestamp":"2025-12-09T12:42:39.190696Z","level":"warning","event":"The `airflow.decorators.task` attribute is deprecated. Please use `'airflow.sdk.task'`.","category":"DeprecatedImportWarning","filename":"/opt/airflow/dags/dag.py","lineno":1,"logger":"py.warnings"}
{"timestamp":"2025-12-09T12:42:39.190721Z","level":"warning","event":"The `airflow.operators.empty.EmptyOperator` attribute is deprecated. Please use `'airflow.providers.standard.operators.empty.EmptyOperator'`.","category":"DeprecatedImportWarning","filename":"/opt/airflow/dags/dag.py","lineno":2,"logger":"py.warnings"}
{"timestamp":"2025-12-09T12:43:09.595168Z","level":"info","event":"Filling up the DagBag from /opt/airflow/dags/dag.py","logger":"airflow.models.dagbag.DagBag","filename":"dagbag.py","lineno":593}
{"timestamp":"2025-12-09T12:43:09.613735Z","level":"warning","event":"The `airflow.decorators.dag` attribute is deprecated. Please use `'airflow.sdk.dag'`.","category":"DeprecatedImportWarning","filename":"/opt/airflow/dags/dag.py","lineno":1,"logger":"py.warnings"}
{"timestamp":"2025-12-09T12:43:09.613802Z","level":"warning","event":"The `airflow.decorators.task` attribute is deprecated. Please use `'airflow.sdk.task'`.","category":"DeprecatedImportWarning","filename":"/opt/airflow/dags/dag.py","lineno":1,"logger":"py.warnings"}
{"timestamp":"2025-12-09T12:43:09.613829Z","level":"warning","event":"The `airflow.operators.empty.EmptyOperator` attribute is deprecated. Please use `'airflow.providers.standard.operators.empty.EmptyOperator'`.","category":"DeprecatedImportWarning","filename":"/opt/airflow/dags/dag.py","lineno":2,"logger":"py.warnings"}
{"timestamp":"2025-12-09T12:43:40.022748Z","level":"info","event":"Filling up the DagBag from /opt/airflow/dags/dag.py","logger":"airflow.models.dagbag.DagBag","filename":"dagbag.py","lineno":593}
{"timestamp":"2025-12-09T12:43:40.049403Z","level":"warning","event":"The `airflow.decorators.dag` attribute is deprecated. Please use `'airflow.sdk.dag'`.","category":"DeprecatedImportWarning","filename":"/opt/airflow/dags/dag.py","lineno":1,"logger":"py.warnings"}
{"timestamp":"2025-12-09T12:43:40.049460Z","level":"warning","event":"The `airflow.decorators.task` attribute is deprecated. Please use `'airflow.sdk.task'`.","category":"DeprecatedImportWarning","filename":"/opt/airflow/dags/dag.py","lineno":1,"logger":"py.warnings"}
{"timestamp":"2025-12-09T12:43:40.049483Z","level":"warning","event":"The `airflow.operators.empty.EmptyOperator` attribute is deprecated. Please use `'airflow.providers.standard.operators.empty.EmptyOperator'`.","category":"DeprecatedImportWarning","filename":"/opt/airflow/dags/dag.py","lineno":2,"logger":"py.warnings"}
{"timestamp":"2025-12-09T12:44:10.452744Z","level":"info","event":"Filling up the DagBag from /opt/airflow/dags/dag.py","logger":"airflow.models.dagbag.DagBag","filename":"dagbag.py","lineno":593}
{"timestamp":"2025-12-09T12:44:10.470584Z","level":"warning","event":"The `airflow.decorators.dag` attribute is deprecated. Please use `'airflow.sdk.dag'`.","category":"DeprecatedImportWarning","filename":"/opt/airflow/dags/dag.py","lineno":1,"logger":"py.warnings"}
{"timestamp":"2025-12-09T12:44:10.470747Z","level":"warning","event":"The `airflow.decorators.task` attribute is deprecated. Please use `'airflow.sdk.task'`.","category":"DeprecatedImportWarning","filename":"/opt/airflow/dags/dag.py","lineno":1,"logger":"py.warnings"}
{"timestamp":"2025-12-09T12:44:10.470776Z","level":"warning","event":"The `airflow.operators.empty.EmptyOperator` attribute is deprecated. Please use `'airflow.providers.standard.operators.empty.EmptyOperator'`.","category":"DeprecatedImportWarning","filename":"/opt/airflow/dags/dag.py","lineno":2,"logger":"py.warnings"}
{"timestamp":"2025-12-09T12:44:40.814624Z","level":"info","event":"Filling up the DagBag from /opt/airflow/dags/dag.py","logger":"airflow.models.dagbag.DagBag","filename":"dagbag.py","lineno":593}
{"timestamp":"2025-12-09T12:44:40.842649Z","level":"warning","event":"The `airflow.decorators.dag` attribute is deprecated. Please use `'airflow.sdk.dag'`.","category":"DeprecatedImportWarning","filename":"/opt/airflow/dags/dag.py","lineno":1,"logger":"py.warnings"}
{"timestamp":"2025-12-09T12:44:40.842928Z","level":"warning","event":"The `airflow.decorators.task` attribute is deprecated. Please use `'airflow.sdk.task'`.","category":"DeprecatedImportWarning","filename":"/opt/airflow/dags/dag.py","lineno":1,"logger":"py.warnings"}
{"timestamp":"2025-12-09T12:44:40.842970Z","level":"warning","event":"The `airflow.operators.empty.EmptyOperator` attribute is deprecated. Please use `'airflow.providers.standard.operators.empty.EmptyOperator'`.","category":"DeprecatedImportWarning","filename":"/opt/airflow/dags/dag.py","lineno":2,"logger":"py.warnings"}
{"timestamp":"2025-12-09T12:45:11.186373Z","level":"info","event":"Filling up the DagBag from /opt/airflow/dags/dag.py","logger":"airflow.models.dagbag.DagBag","filename":"dagbag.py","lineno":593}
{"timestamp":"2025-12-09T12:45:11.210017Z","level":"warning","event":"The `airflow.decorators.dag` attribute is deprecated. Please use `'airflow.sdk.dag'`.","category":"DeprecatedImportWarning","filename":"/opt/airflow/dags/dag.py","lineno":1,"logger":"py.warnings"}
{"timestamp":"2025-12-09T12:45:11.210247Z","level":"warning","event":"The `airflow.decorators.task` attribute is deprecated. Please use `'airflow.sdk.task'`.","category":"DeprecatedImportWarning","filename":"/opt/airflow/dags/dag.py","lineno":1,"logger":"py.warnings"}
{"timestamp":"2025-12-09T12:45:11.210585Z","level":"warning","event":"The `airflow.operators.empty.EmptyOperator` attribute is deprecated. Please use `'airflow.providers.standard.operators.empty.EmptyOperator'`.","category":"DeprecatedImportWarning","filename":"/opt/airflow/dags/dag.py","lineno":2,"logger":"py.warnings"}
{"timestamp":"2025-12-09T12:45:41.589134Z","level":"info","event":"Filling up the DagBag from /opt/airflow/dags/dag.py","logger":"airflow.models.dagbag.DagBag","filename":"dagbag.py","lineno":593}
{"timestamp":"2025-12-09T12:45:41.601660Z","level":"warning","event":"The `airflow.decorators.dag` attribute is deprecated. Please use `'airflow.sdk.dag'`.","category":"DeprecatedImportWarning","filename":"/opt/airflow/dags/dag.py","lineno":1,"logger":"py.warnings"}
{"timestamp":"2025-12-09T12:45:41.601721Z","level":"warning","event":"The `airflow.decorators.task` attribute is deprecated. Please use `'airflow.sdk.task'`.","category":"DeprecatedImportWarning","filename":"/opt/airflow/dags/dag.py","lineno":1,"logger":"py.warnings"}
{"timestamp":"2025-12-09T12:45:41.601755Z","level":"warning","event":"The `airflow.operators.empty.EmptyOperator` attribute is deprecated. Please use `'airflow.providers.standard.operators.empty.EmptyOperator'`.","category":"DeprecatedImportWarning","filename":"/opt/airflow/dags/dag.py","lineno":2,"logger":"py.warnings"}
{"timestamp":"2025-12-09T12:46:11.999043Z","level":"info","event":"Filling up the DagBag from /opt/airflow/dags/dag.py","logger":"airflow.models.dagbag.DagBag","filename":"dagbag.py","lineno":593}
{"timestamp":"2025-12-09T12:46:12.025608Z","level":"warning","event":"The `airflow.decorators.dag` attribute is deprecated. Please use `'airflow.sdk.dag'`.","category":"DeprecatedImportWarning","filename":"/opt/airflow/dags/dag.py","lineno":1,"logger":"py.warnings"}
{"timestamp":"2025-12-09T12:46:12.025669Z","level":"warning","event":"The `airflow.decorators.task` attribute is deprecated. Please use `'airflow.sdk.task'`.","category":"DeprecatedImportWarning","filename":"/opt/airflow/dags/dag.py","lineno":1,"logger":"py.warnings"}
{"timestamp":"2025-12-09T12:46:12.025695Z","level":"warning","event":"The `airflow.operators.empty.EmptyOperator` attribute is deprecated. Please use `'airflow.providers.standard.operators.empty.EmptyOperator'`.","category":"DeprecatedImportWarning","filename":"/opt/airflow/dags/dag.py","lineno":2,"logger":"py.warnings"}
{"timestamp":"2025-12-09T12:46:42.302592Z","level":"info","event":"Filling up the DagBag from /opt/airflow/dags/dag.py","logger":"airflow.models.dagbag.DagBag","filename":"dagbag.py","lineno":593}
{"timestamp":"2025-12-09T12:46:42.316934Z","level":"warning","event":"The `airflow.decorators.dag` attribute is deprecated. Please use `'airflow.sdk.dag'`.","category":"DeprecatedImportWarning","filename":"/opt/airflow/dags/dag.py","lineno":1,"logger":"py.warnings"}
{"timestamp":"2025-12-09T12:46:42.317013Z","level":"warning","event":"The `airflow.decorators.task` attribute is deprecated. Please use `'airflow.sdk.task'`.","category":"DeprecatedImportWarning","filename":"/opt/airflow/dags/dag.py","lineno":1,"logger":"py.warnings"}
{"timestamp":"2025-12-09T12:46:42.317045Z","level":"warning","event":"The `airflow.operators.empty.EmptyOperator` attribute is deprecated. Please use `'airflow.providers.standard.operators.empty.EmptyOperator'`.","category":"DeprecatedImportWarning","filename":"/opt/airflow/dags/dag.py","lineno":2,"logger":"py.warnings"}
{"timestamp":"2025-12-09T12:47:12.755439Z","level":"info","event":"Filling up the DagBag from /opt/airflow/dags/dag.py","logger":"airflow.models.dagbag.DagBag","filename":"dagbag.py","lineno":593}
{"timestamp":"2025-12-09T12:47:12.775255Z","level":"warning","event":"The `airflow.decorators.dag` attribute is deprecated. Please use `'airflow.sdk.dag'`.","category":"DeprecatedImportWarning","filename":"/opt/airflow/dags/dag.py","lineno":1,"logger":"py.warnings"}
{"timestamp":"2025-12-09T12:47:12.775344Z","level":"warning","event":"The `airflow.decorators.task` attribute is deprecated. Please use `'airflow.sdk.task'`.","category":"DeprecatedImportWarning","filename":"/opt/airflow/dags/dag.py","lineno":1,"logger":"py.warnings"}
{"timestamp":"2025-12-09T12:47:12.775368Z","level":"warning","event":"The `airflow.operators.empty.EmptyOperator` attribute is deprecated. Please use `'airflow.providers.standard.operators.empty.EmptyOperator'`.","category":"DeprecatedImportWarning","filename":"/opt/airflow/dags/dag.py","lineno":2,"logger":"py.warnings"}
{"timestamp":"2025-12-09T12:47:43.167212Z","level":"info","event":"Filling up the DagBag from /opt/airflow/dags/dag.py","logger":"airflow.models.dagbag.DagBag","filename":"dagbag.py","lineno":593}
{"timestamp":"2025-12-09T12:47:43.182364Z","level":"warning","event":"The `airflow.decorators.dag` attribute is deprecated. Please use `'airflow.sdk.dag'`.","category":"DeprecatedImportWarning","filename":"/opt/airflow/dags/dag.py","lineno":1,"logger":"py.warnings"}
{"timestamp":"2025-12-09T12:47:43.182420Z","level":"warning","event":"The `airflow.decorators.task` attribute is deprecated. Please use `'airflow.sdk.task'`.","category":"DeprecatedImportWarning","filename":"/opt/airflow/dags/dag.py","lineno":1,"logger":"py.warnings"}
{"timestamp":"2025-12-09T12:47:43.182448Z","level":"warning","event":"The `airflow.operators.empty.EmptyOperator` attribute is deprecated. Please use `'airflow.providers.standard.operators.empty.EmptyOperator'`.","category":"DeprecatedImportWarning","filename":"/opt/airflow/dags/dag.py","lineno":2,"logger":"py.warnings"}
{"timestamp":"2025-12-09T12:48:13.560659Z","level":"info","event":"Filling up the DagBag from /opt/airflow/dags/dag.py","logger":"airflow.models.dagbag.DagBag","filename":"dagbag.py","lineno":593}
{"timestamp":"2025-12-09T12:48:13.573050Z","level":"warning","event":"The `airflow.decorators.dag` attribute is deprecated. Please use `'airflow.sdk.dag'`.","category":"DeprecatedImportWarning","filename":"/opt/airflow/dags/dag.py","lineno":1,"logger":"py.warnings"}
{"timestamp":"2025-12-09T12:48:13.573118Z","level":"warning","event":"The `airflow.decorators.task` attribute is deprecated. Please use `'airflow.sdk.task'`.","category":"DeprecatedImportWarning","filename":"/opt/airflow/dags/dag.py","lineno":1,"logger":"py.warnings"}
{"timestamp":"2025-12-09T12:48:13.573144Z","level":"warning","event":"The `airflow.operators.empty.EmptyOperator` attribute is deprecated. Please use `'airflow.providers.standard.operators.empty.EmptyOperator'`.","category":"DeprecatedImportWarning","filename":"/opt/airflow/dags/dag.py","lineno":2,"logger":"py.warnings"}
{"timestamp":"2025-12-09T12:48:43.972612Z","level":"info","event":"Filling up the DagBag from /opt/airflow/dags/dag.py","logger":"airflow.models.dagbag.DagBag","filename":"dagbag.py","lineno":593}
{"timestamp":"2025-12-09T12:48:43.989147Z","level":"warning","event":"The `airflow.decorators.dag` attribute is deprecated. Please use `'airflow.sdk.dag'`.","category":"DeprecatedImportWarning","filename":"/opt/airflow/dags/dag.py","lineno":1,"logger":"py.warnings"}
{"timestamp":"2025-12-09T12:48:43.989217Z","level":"warning","event":"The `airflow.decorators.task` attribute is deprecated. Please use `'airflow.sdk.task'`.","category":"DeprecatedImportWarning","filename":"/opt/airflow/dags/dag.py","lineno":1,"logger":"py.warnings"}
{"timestamp":"2025-12-09T12:48:43.989240Z","level":"warning","event":"The `airflow.operators.empty.EmptyOperator` attribute is deprecated. Please use `'airflow.providers.standard.operators.empty.EmptyOperator'`.","category":"DeprecatedImportWarning","filename":"/opt/airflow/dags/dag.py","lineno":2,"logger":"py.warnings"}
{"timestamp":"2025-12-09T12:49:14.384831Z","level":"info","event":"Filling up the DagBag from /opt/airflow/dags/dag.py","logger":"airflow.models.dagbag.DagBag","filename":"dagbag.py","lineno":593}
{"timestamp":"2025-12-09T12:49:14.400149Z","level":"warning","event":"The `airflow.decorators.dag` attribute is deprecated. Please use `'airflow.sdk.dag'`.","category":"DeprecatedImportWarning","filename":"/opt/airflow/dags/dag.py","lineno":1,"logger":"py.warnings"}
{"timestamp":"2025-12-09T12:49:14.400221Z","level":"warning","event":"The `airflow.decorators.task` attribute is deprecated. Please use `'airflow.sdk.task'`.","category":"DeprecatedImportWarning","filename":"/opt/airflow/dags/dag.py","lineno":1,"logger":"py.warnings"}
{"timestamp":"2025-12-09T12:49:14.400256Z","level":"warning","event":"The `airflow.operators.empty.EmptyOperator` attribute is deprecated. Please use `'airflow.providers.standard.operators.empty.EmptyOperator'`.","category":"DeprecatedImportWarning","filename":"/opt/airflow/dags/dag.py","lineno":2,"logger":"py.warnings"}
{"timestamp":"2025-12-09T12:49:44.844591Z","level":"info","event":"Filling up the DagBag from /opt/airflow/dags/dag.py","logger":"airflow.models.dagbag.DagBag","filename":"dagbag.py","lineno":593}
{"timestamp":"2025-12-09T12:49:44.861147Z","level":"warning","event":"The `airflow.decorators.dag` attribute is deprecated. Please use `'airflow.sdk.dag'`.","category":"DeprecatedImportWarning","filename":"/opt/airflow/dags/dag.py","lineno":1,"logger":"py.warnings"}
{"timestamp":"2025-12-09T12:49:44.861233Z","level":"warning","event":"The `airflow.decorators.task` attribute is deprecated. Please use `'airflow.sdk.task'`.","category":"DeprecatedImportWarning","filename":"/opt/airflow/dags/dag.py","lineno":1,"logger":"py.warnings"}
{"timestamp":"2025-12-09T12:49:44.861267Z","level":"warning","event":"The `airflow.operators.empty.EmptyOperator` attribute is deprecated. Please use `'airflow.providers.standard.operators.empty.EmptyOperator'`.","category":"DeprecatedImportWarning","filename":"/opt/airflow/dags/dag.py","lineno":2,"logger":"py.warnings"}
{"timestamp":"2025-12-09T12:50:15.266581Z","level":"info","event":"Filling up the DagBag from /opt/airflow/dags/dag.py","logger":"airflow.models.dagbag.DagBag","filename":"dagbag.py","lineno":593}
{"timestamp":"2025-12-09T12:50:15.281083Z","level":"warning","event":"The `airflow.decorators.dag` attribute is deprecated. Please use `'airflow.sdk.dag'`.","category":"DeprecatedImportWarning","filename":"/opt/airflow/dags/dag.py","lineno":1,"logger":"py.warnings"}
{"timestamp":"2025-12-09T12:50:15.281147Z","level":"warning","event":"The `airflow.decorators.task` attribute is deprecated. Please use `'airflow.sdk.task'`.","category":"DeprecatedImportWarning","filename":"/opt/airflow/dags/dag.py","lineno":1,"logger":"py.warnings"}
{"timestamp":"2025-12-09T12:50:15.281185Z","level":"warning","event":"The `airflow.operators.empty.EmptyOperator` attribute is deprecated. Please use `'airflow.providers.standard.operators.empty.EmptyOperator'`.","category":"DeprecatedImportWarning","filename":"/opt/airflow/dags/dag.py","lineno":2,"logger":"py.warnings"}
{"timestamp":"2025-12-09T12:50:45.648608Z","level":"info","event":"Filling up the DagBag from /opt/airflow/dags/dag.py","logger":"airflow.models.dagbag.DagBag","filename":"dagbag.py","lineno":593}
{"timestamp":"2025-12-09T12:50:45.663024Z","level":"warning","event":"The `airflow.decorators.dag` attribute is deprecated. Please use `'airflow.sdk.dag'`.","category":"DeprecatedImportWarning","filename":"/opt/airflow/dags/dag.py","lineno":1,"logger":"py.warnings"}
{"timestamp":"2025-12-09T12:50:45.663087Z","level":"warning","event":"The `airflow.decorators.task` attribute is deprecated. Please use `'airflow.sdk.task'`.","category":"DeprecatedImportWarning","filename":"/opt/airflow/dags/dag.py","lineno":1,"logger":"py.warnings"}
{"timestamp":"2025-12-09T12:50:45.663115Z","level":"warning","event":"The `airflow.operators.empty.EmptyOperator` attribute is deprecated. Please use `'airflow.providers.standard.operators.empty.EmptyOperator'`.","category":"DeprecatedImportWarning","filename":"/opt/airflow/dags/dag.py","lineno":2,"logger":"py.warnings"}
{"timestamp":"2025-12-09T12:51:16.017544Z","level":"info","event":"Filling up the DagBag from /opt/airflow/dags/dag.py","logger":"airflow.models.dagbag.DagBag","filename":"dagbag.py","lineno":593}
{"timestamp":"2025-12-09T12:51:16.038758Z","level":"warning","event":"The `airflow.decorators.dag` attribute is deprecated. Please use `'airflow.sdk.dag'`.","category":"DeprecatedImportWarning","filename":"/opt/airflow/dags/dag.py","lineno":1,"logger":"py.warnings"}
{"timestamp":"2025-12-09T12:51:16.038846Z","level":"warning","event":"The `airflow.decorators.task` attribute is deprecated. Please use `'airflow.sdk.task'`.","category":"DeprecatedImportWarning","filename":"/opt/airflow/dags/dag.py","lineno":1,"logger":"py.warnings"}
{"timestamp":"2025-12-09T12:51:16.038886Z","level":"warning","event":"The `airflow.operators.empty.EmptyOperator` attribute is deprecated. Please use `'airflow.providers.standard.operators.empty.EmptyOperator'`.","category":"DeprecatedImportWarning","filename":"/opt/airflow/dags/dag.py","lineno":2,"logger":"py.warnings"}
{"timestamp":"2025-12-09T12:51:46.426896Z","level":"info","event":"Filling up the DagBag from /opt/airflow/dags/dag.py","logger":"airflow.models.dagbag.DagBag","filename":"dagbag.py","lineno":593}
{"timestamp":"2025-12-09T12:51:46.440988Z","level":"warning","event":"The `airflow.decorators.dag` attribute is deprecated. Please use `'airflow.sdk.dag'`.","category":"DeprecatedImportWarning","filename":"/opt/airflow/dags/dag.py","lineno":1,"logger":"py.warnings"}
{"timestamp":"2025-12-09T12:51:46.441050Z","level":"warning","event":"The `airflow.decorators.task` attribute is deprecated. Please use `'airflow.sdk.task'`.","category":"DeprecatedImportWarning","filename":"/opt/airflow/dags/dag.py","lineno":1,"logger":"py.warnings"}
{"timestamp":"2025-12-09T12:51:46.441085Z","level":"warning","event":"The `airflow.operators.empty.EmptyOperator` attribute is deprecated. Please use `'airflow.providers.standard.operators.empty.EmptyOperator'`.","category":"DeprecatedImportWarning","filename":"/opt/airflow/dags/dag.py","lineno":2,"logger":"py.warnings"}
{"timestamp":"2025-12-09T12:52:16.842255Z","level":"info","event":"Filling up the DagBag from /opt/airflow/dags/dag.py","logger":"airflow.models.dagbag.DagBag","filename":"dagbag.py","lineno":593}
{"timestamp":"2025-12-09T12:52:16.856515Z","level":"warning","event":"The `airflow.decorators.dag` attribute is deprecated. Please use `'airflow.sdk.dag'`.","category":"DeprecatedImportWarning","filename":"/opt/airflow/dags/dag.py","lineno":1,"logger":"py.warnings"}
{"timestamp":"2025-12-09T12:52:16.856579Z","level":"warning","event":"The `airflow.decorators.task` attribute is deprecated. Please use `'airflow.sdk.task'`.","category":"DeprecatedImportWarning","filename":"/opt/airflow/dags/dag.py","lineno":1,"logger":"py.warnings"}
{"timestamp":"2025-12-09T12:52:16.856604Z","level":"warning","event":"The `airflow.operators.empty.EmptyOperator` attribute is deprecated. Please use `'airflow.providers.standard.operators.empty.EmptyOperator'`.","category":"DeprecatedImportWarning","filename":"/opt/airflow/dags/dag.py","lineno":2,"logger":"py.warnings"}
{"timestamp":"2025-12-09T12:52:47.168297Z","level":"info","event":"Filling up the DagBag from /opt/airflow/dags/dag.py","logger":"airflow.models.dagbag.DagBag","filename":"dagbag.py","lineno":593}
{"timestamp":"2025-12-09T12:52:47.192179Z","level":"warning","event":"The `airflow.decorators.dag` attribute is deprecated. Please use `'airflow.sdk.dag'`.","category":"DeprecatedImportWarning","filename":"/opt/airflow/dags/dag.py","lineno":1,"logger":"py.warnings"}
{"timestamp":"2025-12-09T12:52:47.192235Z","level":"warning","event":"The `airflow.decorators.task` attribute is deprecated. Please use `'airflow.sdk.task'`.","category":"DeprecatedImportWarning","filename":"/opt/airflow/dags/dag.py","lineno":1,"logger":"py.warnings"}
{"timestamp":"2025-12-09T12:52:47.192255Z","level":"warning","event":"The `airflow.operators.empty.EmptyOperator` attribute is deprecated. Please use `'airflow.providers.standard.operators.empty.EmptyOperator'`.","category":"DeprecatedImportWarning","filename":"/opt/airflow/dags/dag.py","lineno":2,"logger":"py.warnings"}
{"timestamp":"2025-12-09T12:53:17.587415Z","level":"info","event":"Filling up the DagBag from /opt/airflow/dags/dag.py","logger":"airflow.models.dagbag.DagBag","filename":"dagbag.py","lineno":593}
{"timestamp":"2025-12-09T12:53:17.603792Z","level":"warning","event":"The `airflow.decorators.dag` attribute is deprecated. Please use `'airflow.sdk.dag'`.","category":"DeprecatedImportWarning","filename":"/opt/airflow/dags/dag.py","lineno":1,"logger":"py.warnings"}
{"timestamp":"2025-12-09T12:53:17.603862Z","level":"warning","event":"The `airflow.decorators.task` attribute is deprecated. Please use `'airflow.sdk.task'`.","category":"DeprecatedImportWarning","filename":"/opt/airflow/dags/dag.py","lineno":1,"logger":"py.warnings"}
{"timestamp":"2025-12-09T12:53:17.603888Z","level":"warning","event":"The `airflow.operators.empty.EmptyOperator` attribute is deprecated. Please use `'airflow.providers.standard.operators.empty.EmptyOperator'`.","category":"DeprecatedImportWarning","filename":"/opt/airflow/dags/dag.py","lineno":2,"logger":"py.warnings"}
{"timestamp":"2025-12-09T12:53:47.986345Z","level":"info","event":"Filling up the DagBag from /opt/airflow/dags/dag.py","logger":"airflow.models.dagbag.DagBag","filename":"dagbag.py","lineno":593}
{"timestamp":"2025-12-09T12:53:48.006934Z","level":"warning","event":"The `airflow.decorators.dag` attribute is deprecated. Please use `'airflow.sdk.dag'`.","category":"DeprecatedImportWarning","filename":"/opt/airflow/dags/dag.py","lineno":1,"logger":"py.warnings"}
{"timestamp":"2025-12-09T12:53:48.007012Z","level":"warning","event":"The `airflow.decorators.task` attribute is deprecated. Please use `'airflow.sdk.task'`.","category":"DeprecatedImportWarning","filename":"/opt/airflow/dags/dag.py","lineno":1,"logger":"py.warnings"}
{"timestamp":"2025-12-09T12:53:48.007051Z","level":"warning","event":"The `airflow.operators.empty.EmptyOperator` attribute is deprecated. Please use `'airflow.providers.standard.operators.empty.EmptyOperator'`.","category":"DeprecatedImportWarning","filename":"/opt/airflow/dags/dag.py","lineno":2,"logger":"py.warnings"}
{"timestamp":"2025-12-09T12:54:18.369278Z","level":"info","event":"Filling up the DagBag from /opt/airflow/dags/dag.py","logger":"airflow.models.dagbag.DagBag","filename":"dagbag.py","lineno":593}
{"timestamp":"2025-12-09T12:54:18.395861Z","level":"warning","event":"The `airflow.decorators.dag` attribute is deprecated. Please use `'airflow.sdk.dag'`.","category":"DeprecatedImportWarning","filename":"/opt/airflow/dags/dag.py","lineno":1,"logger":"py.warnings"}
{"timestamp":"2025-12-09T12:54:18.395929Z","level":"warning","event":"The `airflow.decorators.task` attribute is deprecated. Please use `'airflow.sdk.task'`.","category":"DeprecatedImportWarning","filename":"/opt/airflow/dags/dag.py","lineno":1,"logger":"py.warnings"}
{"timestamp":"2025-12-09T12:54:18.395962Z","level":"warning","event":"The `airflow.operators.empty.EmptyOperator` attribute is deprecated. Please use `'airflow.providers.standard.operators.empty.EmptyOperator'`.","category":"DeprecatedImportWarning","filename":"/opt/airflow/dags/dag.py","lineno":2,"logger":"py.warnings"}
{"timestamp":"2025-12-09T12:54:48.724370Z","level":"info","event":"Filling up the DagBag from /opt/airflow/dags/dag.py","logger":"airflow.models.dagbag.DagBag","filename":"dagbag.py","lineno":593}
{"timestamp":"2025-12-09T12:54:48.738571Z","level":"warning","event":"The `airflow.decorators.dag` attribute is deprecated. Please use `'airflow.sdk.dag'`.","category":"DeprecatedImportWarning","filename":"/opt/airflow/dags/dag.py","lineno":1,"logger":"py.warnings"}
{"timestamp":"2025-12-09T12:54:48.738649Z","level":"warning","event":"The `airflow.decorators.task` attribute is deprecated. Please use `'airflow.sdk.task'`.","category":"DeprecatedImportWarning","filename":"/opt/airflow/dags/dag.py","lineno":1,"logger":"py.warnings"}
{"timestamp":"2025-12-09T12:54:48.738681Z","level":"warning","event":"The `airflow.operators.empty.EmptyOperator` attribute is deprecated. Please use `'airflow.providers.standard.operators.empty.EmptyOperator'`.","category":"DeprecatedImportWarning","filename":"/opt/airflow/dags/dag.py","lineno":2,"logger":"py.warnings"}
{"timestamp":"2025-12-09T12:55:19.136229Z","level":"info","event":"Filling up the DagBag from /opt/airflow/dags/dag.py","logger":"airflow.models.dagbag.DagBag","filename":"dagbag.py","lineno":593}
{"timestamp":"2025-12-09T12:55:19.156591Z","level":"warning","event":"The `airflow.decorators.dag` attribute is deprecated. Please use `'airflow.sdk.dag'`.","category":"DeprecatedImportWarning","filename":"/opt/airflow/dags/dag.py","lineno":1,"logger":"py.warnings"}
{"timestamp":"2025-12-09T12:55:19.156652Z","level":"warning","event":"The `airflow.decorators.task` attribute is deprecated. Please use `'airflow.sdk.task'`.","category":"DeprecatedImportWarning","filename":"/opt/airflow/dags/dag.py","lineno":1,"logger":"py.warnings"}
{"timestamp":"2025-12-09T12:55:19.156679Z","level":"warning","event":"The `airflow.operators.empty.EmptyOperator` attribute is deprecated. Please use `'airflow.providers.standard.operators.empty.EmptyOperator'`.","category":"DeprecatedImportWarning","filename":"/opt/airflow/dags/dag.py","lineno":2,"logger":"py.warnings"}
{"timestamp":"2025-12-09T12:55:49.492787Z","level":"info","event":"Filling up the DagBag from /opt/airflow/dags/dag.py","logger":"airflow.models.dagbag.DagBag","filename":"dagbag.py","lineno":593}
{"timestamp":"2025-12-09T12:55:49.516991Z","level":"warning","event":"The `airflow.decorators.dag` attribute is deprecated. Please use `'airflow.sdk.dag'`.","category":"DeprecatedImportWarning","filename":"/opt/airflow/dags/dag.py","lineno":1,"logger":"py.warnings"}
{"timestamp":"2025-12-09T12:55:49.517051Z","level":"warning","event":"The `airflow.decorators.task` attribute is deprecated. Please use `'airflow.sdk.task'`.","category":"DeprecatedImportWarning","filename":"/opt/airflow/dags/dag.py","lineno":1,"logger":"py.warnings"}
{"timestamp":"2025-12-09T12:55:49.517077Z","level":"warning","event":"The `airflow.operators.empty.EmptyOperator` attribute is deprecated. Please use `'airflow.providers.standard.operators.empty.EmptyOperator'`.","category":"DeprecatedImportWarning","filename":"/opt/airflow/dags/dag.py","lineno":2,"logger":"py.warnings"}
{"timestamp":"2025-12-09T12:56:19.927943Z","level":"info","event":"Filling up the DagBag from /opt/airflow/dags/dag.py","logger":"airflow.models.dagbag.DagBag","filename":"dagbag.py","lineno":593}
{"timestamp":"2025-12-09T12:56:19.951061Z","level":"warning","event":"The `airflow.decorators.dag` attribute is deprecated. Please use `'airflow.sdk.dag'`.","category":"DeprecatedImportWarning","filename":"/opt/airflow/dags/dag.py","lineno":1,"logger":"py.warnings"}
{"timestamp":"2025-12-09T12:56:19.951310Z","level":"warning","event":"The `airflow.decorators.task` attribute is deprecated. Please use `'airflow.sdk.task'`.","category":"DeprecatedImportWarning","filename":"/opt/airflow/dags/dag.py","lineno":1,"logger":"py.warnings"}
{"timestamp":"2025-12-09T12:56:19.951357Z","level":"warning","event":"The `airflow.operators.empty.EmptyOperator` attribute is deprecated. Please use `'airflow.providers.standard.operators.empty.EmptyOperator'`.","category":"DeprecatedImportWarning","filename":"/opt/airflow/dags/dag.py","lineno":2,"logger":"py.warnings"}
{"timestamp":"2025-12-09T12:56:50.305301Z","level":"info","event":"Filling up the DagBag from /opt/airflow/dags/dag.py","logger":"airflow.models.dagbag.DagBag","filename":"dagbag.py","lineno":593}
{"timestamp":"2025-12-09T12:56:50.321574Z","level":"warning","event":"The `airflow.decorators.dag` attribute is deprecated. Please use `'airflow.sdk.dag'`.","category":"DeprecatedImportWarning","filename":"/opt/airflow/dags/dag.py","lineno":1,"logger":"py.warnings"}
{"timestamp":"2025-12-09T12:56:50.321645Z","level":"warning","event":"The `airflow.decorators.task` attribute is deprecated. Please use `'airflow.sdk.task'`.","category":"DeprecatedImportWarning","filename":"/opt/airflow/dags/dag.py","lineno":1,"logger":"py.warnings"}
{"timestamp":"2025-12-09T12:56:50.321680Z","level":"warning","event":"The `airflow.operators.empty.EmptyOperator` attribute is deprecated. Please use `'airflow.providers.standard.operators.empty.EmptyOperator'`.","category":"DeprecatedImportWarning","filename":"/opt/airflow/dags/dag.py","lineno":2,"logger":"py.warnings"}
{"timestamp":"2025-12-09T12:57:20.739259Z","level":"info","event":"Filling up the DagBag from /opt/airflow/dags/dag.py","logger":"airflow.models.dagbag.DagBag","filename":"dagbag.py","lineno":593}
{"timestamp":"2025-12-09T12:57:20.756849Z","level":"warning","event":"The `airflow.decorators.dag` attribute is deprecated. Please use `'airflow.sdk.dag'`.","category":"DeprecatedImportWarning","filename":"/opt/airflow/dags/dag.py","lineno":1,"logger":"py.warnings"}
{"timestamp":"2025-12-09T12:57:20.757089Z","level":"warning","event":"The `airflow.decorators.task` attribute is deprecated. Please use `'airflow.sdk.task'`.","category":"DeprecatedImportWarning","filename":"/opt/airflow/dags/dag.py","lineno":1,"logger":"py.warnings"}
{"timestamp":"2025-12-09T12:57:20.757135Z","level":"warning","event":"The `airflow.operators.empty.EmptyOperator` attribute is deprecated. Please use `'airflow.providers.standard.operators.empty.EmptyOperator'`.","category":"DeprecatedImportWarning","filename":"/opt/airflow/dags/dag.py","lineno":2,"logger":"py.warnings"}
{"timestamp":"2025-12-09T12:57:51.145309Z","level":"info","event":"Filling up the DagBag from /opt/airflow/dags/dag.py","logger":"airflow.models.dagbag.DagBag","filename":"dagbag.py","lineno":593}
{"timestamp":"2025-12-09T12:57:51.157381Z","level":"warning","event":"The `airflow.decorators.dag` attribute is deprecated. Please use `'airflow.sdk.dag'`.","category":"DeprecatedImportWarning","filename":"/opt/airflow/dags/dag.py","lineno":1,"logger":"py.warnings"}
{"timestamp":"2025-12-09T12:57:51.157444Z","level":"warning","event":"The `airflow.decorators.task` attribute is deprecated. Please use `'airflow.sdk.task'`.","category":"DeprecatedImportWarning","filename":"/opt/airflow/dags/dag.py","lineno":1,"logger":"py.warnings"}
{"timestamp":"2025-12-09T12:57:51.157471Z","level":"warning","event":"The `airflow.operators.empty.EmptyOperator` attribute is deprecated. Please use `'airflow.providers.standard.operators.empty.EmptyOperator'`.","category":"DeprecatedImportWarning","filename":"/opt/airflow/dags/dag.py","lineno":2,"logger":"py.warnings"}
{"timestamp":"2025-12-09T12:58:21.563596Z","level":"info","event":"Filling up the DagBag from /opt/airflow/dags/dag.py","logger":"airflow.models.dagbag.DagBag","filename":"dagbag.py","lineno":593}
{"timestamp":"2025-12-09T12:58:21.582786Z","level":"warning","event":"The `airflow.decorators.dag` attribute is deprecated. Please use `'airflow.sdk.dag'`.","category":"DeprecatedImportWarning","filename":"/opt/airflow/dags/dag.py","lineno":1,"logger":"py.warnings"}
{"timestamp":"2025-12-09T12:58:21.582856Z","level":"warning","event":"The `airflow.decorators.task` attribute is deprecated. Please use `'airflow.sdk.task'`.","category":"DeprecatedImportWarning","filename":"/opt/airflow/dags/dag.py","lineno":1,"logger":"py.warnings"}
{"timestamp":"2025-12-09T12:58:21.582882Z","level":"warning","event":"The `airflow.operators.empty.EmptyOperator` attribute is deprecated. Please use `'airflow.providers.standard.operators.empty.EmptyOperator'`.","category":"DeprecatedImportWarning","filename":"/opt/airflow/dags/dag.py","lineno":2,"logger":"py.warnings"}
{"timestamp":"2025-12-09T12:58:51.973038Z","level":"info","event":"Filling up the DagBag from /opt/airflow/dags/dag.py","logger":"airflow.models.dagbag.DagBag","filename":"dagbag.py","lineno":593}
{"timestamp":"2025-12-09T12:58:51.993595Z","level":"warning","event":"The `airflow.decorators.dag` attribute is deprecated. Please use `'airflow.sdk.dag'`.","category":"DeprecatedImportWarning","filename":"/opt/airflow/dags/dag.py","lineno":1,"logger":"py.warnings"}
{"timestamp":"2025-12-09T12:58:51.993661Z","level":"warning","event":"The `airflow.decorators.task` attribute is deprecated. Please use `'airflow.sdk.task'`.","category":"DeprecatedImportWarning","filename":"/opt/airflow/dags/dag.py","lineno":1,"logger":"py.warnings"}
{"timestamp":"2025-12-09T12:58:51.993685Z","level":"warning","event":"The `airflow.operators.empty.EmptyOperator` attribute is deprecated. Please use `'airflow.providers.standard.operators.empty.EmptyOperator'`.","category":"DeprecatedImportWarning","filename":"/opt/airflow/dags/dag.py","lineno":2,"logger":"py.warnings"}
{"timestamp":"2025-12-09T12:59:22.380980Z","level":"info","event":"Filling up the DagBag from /opt/airflow/dags/dag.py","logger":"airflow.models.dagbag.DagBag","filename":"dagbag.py","lineno":593}
{"timestamp":"2025-12-09T12:59:22.393469Z","level":"warning","event":"The `airflow.decorators.dag` attribute is deprecated. Please use `'airflow.sdk.dag'`.","category":"DeprecatedImportWarning","filename":"/opt/airflow/dags/dag.py","lineno":1,"logger":"py.warnings"}
{"timestamp":"2025-12-09T12:59:22.393530Z","level":"warning","event":"The `airflow.decorators.task` attribute is deprecated. Please use `'airflow.sdk.task'`.","category":"DeprecatedImportWarning","filename":"/opt/airflow/dags/dag.py","lineno":1,"logger":"py.warnings"}
{"timestamp":"2025-12-09T12:59:22.393557Z","level":"warning","event":"The `airflow.operators.empty.EmptyOperator` attribute is deprecated. Please use `'airflow.providers.standard.operators.empty.EmptyOperator'`.","category":"DeprecatedImportWarning","filename":"/opt/airflow/dags/dag.py","lineno":2,"logger":"py.warnings"}
{"timestamp":"2025-12-09T12:59:52.847851Z","level":"info","event":"Filling up the DagBag from /opt/airflow/dags/dag.py","logger":"airflow.models.dagbag.DagBag","filename":"dagbag.py","lineno":593}
{"timestamp":"2025-12-09T12:59:52.863181Z","level":"warning","event":"The `airflow.decorators.dag` attribute is deprecated. Please use `'airflow.sdk.dag'`.","category":"DeprecatedImportWarning","filename":"/opt/airflow/dags/dag.py","lineno":1,"logger":"py.warnings"}
{"timestamp":"2025-12-09T12:59:52.863246Z","level":"warning","event":"The `airflow.decorators.task` attribute is deprecated. Please use `'airflow.sdk.task'`.","category":"DeprecatedImportWarning","filename":"/opt/airflow/dags/dag.py","lineno":1,"logger":"py.warnings"}
{"timestamp":"2025-12-09T12:59:52.863269Z","level":"warning","event":"The `airflow.operators.empty.EmptyOperator` attribute is deprecated. Please use `'airflow.providers.standard.operators.empty.EmptyOperator'`.","category":"DeprecatedImportWarning","filename":"/opt/airflow/dags/dag.py","lineno":2,"logger":"py.warnings"}
{"timestamp":"2025-12-09T13:00:23.193035Z","level":"info","event":"Filling up the DagBag from /opt/airflow/dags/dag.py","logger":"airflow.models.dagbag.DagBag","filename":"dagbag.py","lineno":593}
{"timestamp":"2025-12-09T13:00:23.204049Z","level":"warning","event":"The `airflow.decorators.dag` attribute is deprecated. Please use `'airflow.sdk.dag'`.","category":"DeprecatedImportWarning","filename":"/opt/airflow/dags/dag.py","lineno":1,"logger":"py.warnings"}
{"timestamp":"2025-12-09T13:00:23.204109Z","level":"warning","event":"The `airflow.decorators.task` attribute is deprecated. Please use `'airflow.sdk.task'`.","category":"DeprecatedImportWarning","filename":"/opt/airflow/dags/dag.py","lineno":1,"logger":"py.warnings"}
{"timestamp":"2025-12-09T13:00:23.204133Z","level":"warning","event":"The `airflow.operators.empty.EmptyOperator` attribute is deprecated. Please use `'airflow.providers.standard.operators.empty.EmptyOperator'`.","category":"DeprecatedImportWarning","filename":"/opt/airflow/dags/dag.py","lineno":2,"logger":"py.warnings"}
{"timestamp":"2025-12-09T13:00:53.578540Z","level":"info","event":"Filling up the DagBag from /opt/airflow/dags/dag.py","logger":"airflow.models.dagbag.DagBag","filename":"dagbag.py","lineno":593}
{"timestamp":"2025-12-09T13:00:53.592612Z","level":"warning","event":"The `airflow.decorators.dag` attribute is deprecated. Please use `'airflow.sdk.dag'`.","category":"DeprecatedImportWarning","filename":"/opt/airflow/dags/dag.py","lineno":1,"logger":"py.warnings"}
{"timestamp":"2025-12-09T13:00:53.592692Z","level":"warning","event":"The `airflow.decorators.task` attribute is deprecated. Please use `'airflow.sdk.task'`.","category":"DeprecatedImportWarning","filename":"/opt/airflow/dags/dag.py","lineno":1,"logger":"py.warnings"}
{"timestamp":"2025-12-09T13:00:53.592718Z","level":"warning","event":"The `airflow.operators.empty.EmptyOperator` attribute is deprecated. Please use `'airflow.providers.standard.operators.empty.EmptyOperator'`.","category":"DeprecatedImportWarning","filename":"/opt/airflow/dags/dag.py","lineno":2,"logger":"py.warnings"}
{"timestamp":"2025-12-09T13:01:23.941708Z","level":"info","event":"Filling up the DagBag from /opt/airflow/dags/dag.py","logger":"airflow.models.dagbag.DagBag","filename":"dagbag.py","lineno":593}
{"timestamp":"2025-12-09T13:01:23.954556Z","level":"warning","event":"The `airflow.decorators.dag` attribute is deprecated. Please use `'airflow.sdk.dag'`.","category":"DeprecatedImportWarning","filename":"/opt/airflow/dags/dag.py","lineno":1,"logger":"py.warnings"}
{"timestamp":"2025-12-09T13:01:23.954639Z","level":"warning","event":"The `airflow.decorators.task` attribute is deprecated. Please use `'airflow.sdk.task'`.","category":"DeprecatedImportWarning","filename":"/opt/airflow/dags/dag.py","lineno":1,"logger":"py.warnings"}
{"timestamp":"2025-12-09T13:01:23.954672Z","level":"warning","event":"The `airflow.operators.empty.EmptyOperator` attribute is deprecated. Please use `'airflow.providers.standard.operators.empty.EmptyOperator'`.","category":"DeprecatedImportWarning","filename":"/opt/airflow/dags/dag.py","lineno":2,"logger":"py.warnings"}
{"timestamp":"2025-12-09T13:01:54.329229Z","level":"info","event":"Filling up the DagBag from /opt/airflow/dags/dag.py","logger":"airflow.models.dagbag.DagBag","filename":"dagbag.py","lineno":593}
{"timestamp":"2025-12-09T13:01:54.347725Z","level":"warning","event":"The `airflow.decorators.dag` attribute is deprecated. Please use `'airflow.sdk.dag'`.","category":"DeprecatedImportWarning","filename":"/opt/airflow/dags/dag.py","lineno":1,"logger":"py.warnings"}
{"timestamp":"2025-12-09T13:01:54.347786Z","level":"warning","event":"The `airflow.decorators.task` attribute is deprecated. Please use `'airflow.sdk.task'`.","category":"DeprecatedImportWarning","filename":"/opt/airflow/dags/dag.py","lineno":1,"logger":"py.warnings"}
{"timestamp":"2025-12-09T13:01:54.347821Z","level":"warning","event":"The `airflow.operators.empty.EmptyOperator` attribute is deprecated. Please use `'airflow.providers.standard.operators.empty.EmptyOperator'`.","category":"DeprecatedImportWarning","filename":"/opt/airflow/dags/dag.py","lineno":2,"logger":"py.warnings"}
{"timestamp":"2025-12-09T13:02:24.710093Z","level":"info","event":"Filling up the DagBag from /opt/airflow/dags/dag.py","logger":"airflow.models.dagbag.DagBag","filename":"dagbag.py","lineno":593}
{"timestamp":"2025-12-09T13:02:24.722959Z","level":"warning","event":"The `airflow.decorators.dag` attribute is deprecated. Please use `'airflow.sdk.dag'`.","category":"DeprecatedImportWarning","filename":"/opt/airflow/dags/dag.py","lineno":1,"logger":"py.warnings"}
{"timestamp":"2025-12-09T13:02:24.723034Z","level":"warning","event":"The `airflow.decorators.task` attribute is deprecated. Please use `'airflow.sdk.task'`.","category":"DeprecatedImportWarning","filename":"/opt/airflow/dags/dag.py","lineno":1,"logger":"py.warnings"}
{"timestamp":"2025-12-09T13:02:24.723065Z","level":"warning","event":"The `airflow.operators.empty.EmptyOperator` attribute is deprecated. Please use `'airflow.providers.standard.operators.empty.EmptyOperator'`.","category":"DeprecatedImportWarning","filename":"/opt/airflow/dags/dag.py","lineno":2,"logger":"py.warnings"}
{"timestamp":"2025-12-09T13:02:55.065099Z","level":"info","event":"Filling up the DagBag from /opt/airflow/dags/dag.py","logger":"airflow.models.dagbag.DagBag","filename":"dagbag.py","lineno":593}
{"timestamp":"2025-12-09T13:02:55.087441Z","level":"warning","event":"The `airflow.decorators.dag` attribute is deprecated. Please use `'airflow.sdk.dag'`.","category":"DeprecatedImportWarning","filename":"/opt/airflow/dags/dag.py","lineno":1,"logger":"py.warnings"}
{"timestamp":"2025-12-09T13:02:55.087531Z","level":"warning","event":"The `airflow.decorators.task` attribute is deprecated. Please use `'airflow.sdk.task'`.","category":"DeprecatedImportWarning","filename":"/opt/airflow/dags/dag.py","lineno":1,"logger":"py.warnings"}
{"timestamp":"2025-12-09T13:02:55.087574Z","level":"warning","event":"The `airflow.operators.empty.EmptyOperator` attribute is deprecated. Please use `'airflow.providers.standard.operators.empty.EmptyOperator'`.","category":"DeprecatedImportWarning","filename":"/opt/airflow/dags/dag.py","lineno":2,"logger":"py.warnings"}
{"timestamp":"2025-12-09T13:03:25.477668Z","level":"info","event":"Filling up the DagBag from /opt/airflow/dags/dag.py","logger":"airflow.models.dagbag.DagBag","filename":"dagbag.py","lineno":593}
{"timestamp":"2025-12-09T13:03:25.491038Z","level":"warning","event":"The `airflow.decorators.dag` attribute is deprecated. Please use `'airflow.sdk.dag'`.","category":"DeprecatedImportWarning","filename":"/opt/airflow/dags/dag.py","lineno":1,"logger":"py.warnings"}
{"timestamp":"2025-12-09T13:03:25.491117Z","level":"warning","event":"The `airflow.decorators.task` attribute is deprecated. Please use `'airflow.sdk.task'`.","category":"DeprecatedImportWarning","filename":"/opt/airflow/dags/dag.py","lineno":1,"logger":"py.warnings"}
{"timestamp":"2025-12-09T13:03:25.491147Z","level":"warning","event":"The `airflow.operators.empty.EmptyOperator` attribute is deprecated. Please use `'airflow.providers.standard.operators.empty.EmptyOperator'`.","category":"DeprecatedImportWarning","filename":"/opt/airflow/dags/dag.py","lineno":2,"logger":"py.warnings"}
{"timestamp":"2025-12-09T13:03:55.850631Z","level":"info","event":"Filling up the DagBag from /opt/airflow/dags/dag.py","logger":"airflow.models.dagbag.DagBag","filename":"dagbag.py","lineno":593}
{"timestamp":"2025-12-09T13:03:55.866129Z","level":"warning","event":"The `airflow.decorators.dag` attribute is deprecated. Please use `'airflow.sdk.dag'`.","category":"DeprecatedImportWarning","filename":"/opt/airflow/dags/dag.py","lineno":1,"logger":"py.warnings"}
{"timestamp":"2025-12-09T13:03:55.866216Z","level":"warning","event":"The `airflow.decorators.task` attribute is deprecated. Please use `'airflow.sdk.task'`.","category":"DeprecatedImportWarning","filename":"/opt/airflow/dags/dag.py","lineno":1,"logger":"py.warnings"}
{"timestamp":"2025-12-09T13:03:55.866244Z","level":"warning","event":"The `airflow.operators.empty.EmptyOperator` attribute is deprecated. Please use `'airflow.providers.standard.operators.empty.EmptyOperator'`.","category":"DeprecatedImportWarning","filename":"/opt/airflow/dags/dag.py","lineno":2,"logger":"py.warnings"}
{"timestamp":"2025-12-09T13:04:26.297056Z","level":"info","event":"Filling up the DagBag from /opt/airflow/dags/dag.py","logger":"airflow.models.dagbag.DagBag","filename":"dagbag.py","lineno":593}
{"timestamp":"2025-12-09T13:04:26.325271Z","level":"warning","event":"The `airflow.decorators.dag` attribute is deprecated. Please use `'airflow.sdk.dag'`.","category":"DeprecatedImportWarning","filename":"/opt/airflow/dags/dag.py","lineno":1,"logger":"py.warnings"}
{"timestamp":"2025-12-09T13:04:26.325370Z","level":"warning","event":"The `airflow.decorators.task` attribute is deprecated. Please use `'airflow.sdk.task'`.","category":"DeprecatedImportWarning","filename":"/opt/airflow/dags/dag.py","lineno":1,"logger":"py.warnings"}
{"timestamp":"2025-12-09T13:04:26.325433Z","level":"warning","event":"The `airflow.operators.empty.EmptyOperator` attribute is deprecated. Please use `'airflow.providers.standard.operators.empty.EmptyOperator'`.","category":"DeprecatedImportWarning","filename":"/opt/airflow/dags/dag.py","lineno":2,"logger":"py.warnings"}
{"timestamp":"2025-12-09T13:04:56.766592Z","level":"info","event":"Filling up the DagBag from /opt/airflow/dags/dag.py","logger":"airflow.models.dagbag.DagBag","filename":"dagbag.py","lineno":593}
{"timestamp":"2025-12-09T13:04:56.782204Z","level":"warning","event":"The `airflow.decorators.dag` attribute is deprecated. Please use `'airflow.sdk.dag'`.","category":"DeprecatedImportWarning","filename":"/opt/airflow/dags/dag.py","lineno":1,"logger":"py.warnings"}
{"timestamp":"2025-12-09T13:04:56.782252Z","level":"warning","event":"The `airflow.decorators.task` attribute is deprecated. Please use `'airflow.sdk.task'`.","category":"DeprecatedImportWarning","filename":"/opt/airflow/dags/dag.py","lineno":1,"logger":"py.warnings"}
{"timestamp":"2025-12-09T13:04:56.782276Z","level":"warning","event":"The `airflow.operators.empty.EmptyOperator` attribute is deprecated. Please use `'airflow.providers.standard.operators.empty.EmptyOperator'`.","category":"DeprecatedImportWarning","filename":"/opt/airflow/dags/dag.py","lineno":2,"logger":"py.warnings"}
{"timestamp":"2025-12-09T13:05:27.189529Z","level":"info","event":"Filling up the DagBag from /opt/airflow/dags/dag.py","logger":"airflow.models.dagbag.DagBag","filename":"dagbag.py","lineno":593}
{"timestamp":"2025-12-09T13:05:27.212038Z","level":"warning","event":"The `airflow.decorators.dag` attribute is deprecated. Please use `'airflow.sdk.dag'`.","category":"DeprecatedImportWarning","filename":"/opt/airflow/dags/dag.py","lineno":1,"logger":"py.warnings"}
{"timestamp":"2025-12-09T13:05:27.212228Z","level":"warning","event":"The `airflow.decorators.task` attribute is deprecated. Please use `'airflow.sdk.task'`.","category":"DeprecatedImportWarning","filename":"/opt/airflow/dags/dag.py","lineno":1,"logger":"py.warnings"}
{"timestamp":"2025-12-09T13:05:27.212544Z","level":"warning","event":"The `airflow.operators.empty.EmptyOperator` attribute is deprecated. Please use `'airflow.providers.standard.operators.empty.EmptyOperator'`.","category":"DeprecatedImportWarning","filename":"/opt/airflow/dags/dag.py","lineno":2,"logger":"py.warnings"}
{"timestamp":"2025-12-09T13:05:57.610189Z","level":"info","event":"Filling up the DagBag from /opt/airflow/dags/dag.py","logger":"airflow.models.dagbag.DagBag","filename":"dagbag.py","lineno":593}
{"timestamp":"2025-12-09T13:05:57.626486Z","level":"warning","event":"The `airflow.decorators.dag` attribute is deprecated. Please use `'airflow.sdk.dag'`.","category":"DeprecatedImportWarning","filename":"/opt/airflow/dags/dag.py","lineno":1,"logger":"py.warnings"}
{"timestamp":"2025-12-09T13:05:57.626547Z","level":"warning","event":"The `airflow.decorators.task` attribute is deprecated. Please use `'airflow.sdk.task'`.","category":"DeprecatedImportWarning","filename":"/opt/airflow/dags/dag.py","lineno":1,"logger":"py.warnings"}
{"timestamp":"2025-12-09T13:05:57.626583Z","level":"warning","event":"The `airflow.operators.empty.EmptyOperator` attribute is deprecated. Please use `'airflow.providers.standard.operators.empty.EmptyOperator'`.","category":"DeprecatedImportWarning","filename":"/opt/airflow/dags/dag.py","lineno":2,"logger":"py.warnings"}
{"timestamp":"2025-12-09T13:06:28.018638Z","level":"info","event":"Filling up the DagBag from /opt/airflow/dags/dag.py","logger":"airflow.models.dagbag.DagBag","filename":"dagbag.py","lineno":593}
{"timestamp":"2025-12-09T13:06:28.035656Z","level":"warning","event":"The `airflow.decorators.dag` attribute is deprecated. Please use `'airflow.sdk.dag'`.","category":"DeprecatedImportWarning","filename":"/opt/airflow/dags/dag.py","lineno":1,"logger":"py.warnings"}
{"timestamp":"2025-12-09T13:06:28.035865Z","level":"warning","event":"The `airflow.decorators.task` attribute is deprecated. Please use `'airflow.sdk.task'`.","category":"DeprecatedImportWarning","filename":"/opt/airflow/dags/dag.py","lineno":1,"logger":"py.warnings"}
{"timestamp":"2025-12-09T13:06:28.035917Z","level":"warning","event":"The `airflow.operators.empty.EmptyOperator` attribute is deprecated. Please use `'airflow.providers.standard.operators.empty.EmptyOperator'`.","category":"DeprecatedImportWarning","filename":"/opt/airflow/dags/dag.py","lineno":2,"logger":"py.warnings"}
{"timestamp":"2025-12-09T13:06:58.405657Z","level":"info","event":"Filling up the DagBag from /opt/airflow/dags/dag.py","logger":"airflow.models.dagbag.DagBag","filename":"dagbag.py","lineno":593}
{"timestamp":"2025-12-09T13:06:58.439926Z","level":"warning","event":"The `airflow.decorators.dag` attribute is deprecated. Please use `'airflow.sdk.dag'`.","category":"DeprecatedImportWarning","filename":"/opt/airflow/dags/dag.py","lineno":1,"logger":"py.warnings"}
{"timestamp":"2025-12-09T13:06:58.440345Z","level":"warning","event":"The `airflow.decorators.task` attribute is deprecated. Please use `'airflow.sdk.task'`.","category":"DeprecatedImportWarning","filename":"/opt/airflow/dags/dag.py","lineno":1,"logger":"py.warnings"}
{"timestamp":"2025-12-09T13:06:58.440376Z","level":"warning","event":"The `airflow.operators.empty.EmptyOperator` attribute is deprecated. Please use `'airflow.providers.standard.operators.empty.EmptyOperator'`.","category":"DeprecatedImportWarning","filename":"/opt/airflow/dags/dag.py","lineno":2,"logger":"py.warnings"}
{"timestamp":"2025-12-09T13:07:28.849526Z","level":"info","event":"Filling up the DagBag from /opt/airflow/dags/dag.py","logger":"airflow.models.dagbag.DagBag","filename":"dagbag.py","lineno":593}
{"timestamp":"2025-12-09T13:07:28.866683Z","level":"warning","event":"The `airflow.decorators.dag` attribute is deprecated. Please use `'airflow.sdk.dag'`.","category":"DeprecatedImportWarning","filename":"/opt/airflow/dags/dag.py","lineno":1,"logger":"py.warnings"}
{"timestamp":"2025-12-09T13:07:28.866732Z","level":"warning","event":"The `airflow.decorators.task` attribute is deprecated. Please use `'airflow.sdk.task'`.","category":"DeprecatedImportWarning","filename":"/opt/airflow/dags/dag.py","lineno":1,"logger":"py.warnings"}
{"timestamp":"2025-12-09T13:07:28.866758Z","level":"warning","event":"The `airflow.operators.empty.EmptyOperator` attribute is deprecated. Please use `'airflow.providers.standard.operators.empty.EmptyOperator'`.","category":"DeprecatedImportWarning","filename":"/opt/airflow/dags/dag.py","lineno":2,"logger":"py.warnings"}
{"timestamp":"2025-12-09T13:07:59.251474Z","level":"info","event":"Filling up the DagBag from /opt/airflow/dags/dag.py","logger":"airflow.models.dagbag.DagBag","filename":"dagbag.py","lineno":593}
{"timestamp":"2025-12-09T13:07:59.269540Z","level":"warning","event":"The `airflow.decorators.dag` attribute is deprecated. Please use `'airflow.sdk.dag'`.","category":"DeprecatedImportWarning","filename":"/opt/airflow/dags/dag.py","lineno":1,"logger":"py.warnings"}
{"timestamp":"2025-12-09T13:07:59.269606Z","level":"warning","event":"The `airflow.decorators.task` attribute is deprecated. Please use `'airflow.sdk.task'`.","category":"DeprecatedImportWarning","filename":"/opt/airflow/dags/dag.py","lineno":1,"logger":"py.warnings"}
{"timestamp":"2025-12-09T13:07:59.269632Z","level":"warning","event":"The `airflow.operators.empty.EmptyOperator` attribute is deprecated. Please use `'airflow.providers.standard.operators.empty.EmptyOperator'`.","category":"DeprecatedImportWarning","filename":"/opt/airflow/dags/dag.py","lineno":2,"logger":"py.warnings"}
{"timestamp":"2025-12-09T13:08:29.599280Z","level":"info","event":"Filling up the DagBag from /opt/airflow/dags/dag.py","logger":"airflow.models.dagbag.DagBag","filename":"dagbag.py","lineno":593}
{"timestamp":"2025-12-09T13:08:29.606783Z","level":"warning","event":"The `airflow.decorators.dag` attribute is deprecated. Please use `'airflow.sdk.dag'`.","category":"DeprecatedImportWarning","filename":"/opt/airflow/dags/dag.py","lineno":1,"logger":"py.warnings"}
{"timestamp":"2025-12-09T13:08:29.606836Z","level":"warning","event":"The `airflow.decorators.task` attribute is deprecated. Please use `'airflow.sdk.task'`.","category":"DeprecatedImportWarning","filename":"/opt/airflow/dags/dag.py","lineno":1,"logger":"py.warnings"}
{"timestamp":"2025-12-09T13:08:29.606858Z","level":"warning","event":"The `airflow.operators.empty.EmptyOperator` attribute is deprecated. Please use `'airflow.providers.standard.operators.empty.EmptyOperator'`.","category":"DeprecatedImportWarning","filename":"/opt/airflow/dags/dag.py","lineno":2,"logger":"py.warnings"}
{"timestamp":"2025-12-09T13:08:59.975277Z","level":"info","event":"Filling up the DagBag from /opt/airflow/dags/dag.py","logger":"airflow.models.dagbag.DagBag","filename":"dagbag.py","lineno":593}
{"timestamp":"2025-12-09T13:08:59.990987Z","level":"warning","event":"The `airflow.decorators.dag` attribute is deprecated. Please use `'airflow.sdk.dag'`.","category":"DeprecatedImportWarning","filename":"/opt/airflow/dags/dag.py","lineno":1,"logger":"py.warnings"}
{"timestamp":"2025-12-09T13:08:59.991058Z","level":"warning","event":"The `airflow.decorators.task` attribute is deprecated. Please use `'airflow.sdk.task'`.","category":"DeprecatedImportWarning","filename":"/opt/airflow/dags/dag.py","lineno":1,"logger":"py.warnings"}
{"timestamp":"2025-12-09T13:08:59.991082Z","level":"warning","event":"The `airflow.operators.empty.EmptyOperator` attribute is deprecated. Please use `'airflow.providers.standard.operators.empty.EmptyOperator'`.","category":"DeprecatedImportWarning","filename":"/opt/airflow/dags/dag.py","lineno":2,"logger":"py.warnings"}
{"timestamp":"2025-12-09T13:09:30.315280Z","level":"info","event":"Filling up the DagBag from /opt/airflow/dags/dag.py","logger":"airflow.models.dagbag.DagBag","filename":"dagbag.py","lineno":593}
{"timestamp":"2025-12-09T13:09:30.331924Z","level":"warning","event":"The `airflow.decorators.dag` attribute is deprecated. Please use `'airflow.sdk.dag'`.","category":"DeprecatedImportWarning","filename":"/opt/airflow/dags/dag.py","lineno":1,"logger":"py.warnings"}
{"timestamp":"2025-12-09T13:09:30.332189Z","level":"warning","event":"The `airflow.decorators.task` attribute is deprecated. Please use `'airflow.sdk.task'`.","category":"DeprecatedImportWarning","filename":"/opt/airflow/dags/dag.py","lineno":1,"logger":"py.warnings"}
{"timestamp":"2025-12-09T13:09:30.332227Z","level":"warning","event":"The `airflow.operators.empty.EmptyOperator` attribute is deprecated. Please use `'airflow.providers.standard.operators.empty.EmptyOperator'`.","category":"DeprecatedImportWarning","filename":"/opt/airflow/dags/dag.py","lineno":2,"logger":"py.warnings"}
{"timestamp":"2025-12-09T13:10:00.860745Z","level":"info","event":"Filling up the DagBag from /opt/airflow/dags/dag.py","logger":"airflow.models.dagbag.DagBag","filename":"dagbag.py","lineno":593}
{"timestamp":"2025-12-09T13:10:00.874924Z","level":"warning","event":"The `airflow.decorators.dag` attribute is deprecated. Please use `'airflow.sdk.dag'`.","category":"DeprecatedImportWarning","filename":"/opt/airflow/dags/dag.py","lineno":1,"logger":"py.warnings"}
{"timestamp":"2025-12-09T13:10:00.875154Z","level":"warning","event":"The `airflow.decorators.task` attribute is deprecated. Please use `'airflow.sdk.task'`.","category":"DeprecatedImportWarning","filename":"/opt/airflow/dags/dag.py","lineno":1,"logger":"py.warnings"}
{"timestamp":"2025-12-09T13:10:00.875182Z","level":"warning","event":"The `airflow.operators.empty.EmptyOperator` attribute is deprecated. Please use `'airflow.providers.standard.operators.empty.EmptyOperator'`.","category":"DeprecatedImportWarning","filename":"/opt/airflow/dags/dag.py","lineno":2,"logger":"py.warnings"}
{"timestamp":"2025-12-09T13:10:31.302881Z","level":"info","event":"Filling up the DagBag from /opt/airflow/dags/dag.py","logger":"airflow.models.dagbag.DagBag","filename":"dagbag.py","lineno":593}
{"timestamp":"2025-12-09T13:10:31.355808Z","level":"warning","event":"The `airflow.decorators.dag` attribute is deprecated. Please use `'airflow.sdk.dag'`.","category":"DeprecatedImportWarning","filename":"/opt/airflow/dags/dag.py","lineno":1,"logger":"py.warnings"}
{"timestamp":"2025-12-09T13:10:31.355982Z","level":"warning","event":"The `airflow.decorators.task` attribute is deprecated. Please use `'airflow.sdk.task'`.","category":"DeprecatedImportWarning","filename":"/opt/airflow/dags/dag.py","lineno":1,"logger":"py.warnings"}
{"timestamp":"2025-12-09T13:10:31.356057Z","level":"warning","event":"The `airflow.operators.empty.EmptyOperator` attribute is deprecated. Please use `'airflow.providers.standard.operators.empty.EmptyOperator'`.","category":"DeprecatedImportWarning","filename":"/opt/airflow/dags/dag.py","lineno":2,"logger":"py.warnings"}
{"timestamp":"2025-12-09T13:15:38.143912Z","level":"info","event":"Filling up the DagBag from /opt/airflow/dags/dag.py","logger":"airflow.models.dagbag.DagBag","filename":"dagbag.py","lineno":593}
{"timestamp":"2025-12-09T13:15:38.156988Z","level":"warning","event":"The `airflow.decorators.dag` attribute is deprecated. Please use `'airflow.sdk.dag'`.","category":"DeprecatedImportWarning","filename":"/opt/airflow/dags/dag.py","lineno":1,"logger":"py.warnings"}
{"timestamp":"2025-12-09T13:15:38.157065Z","level":"warning","event":"The `airflow.decorators.task` attribute is deprecated. Please use `'airflow.sdk.task'`.","category":"DeprecatedImportWarning","filename":"/opt/airflow/dags/dag.py","lineno":1,"logger":"py.warnings"}
{"timestamp":"2025-12-09T13:15:38.157095Z","level":"warning","event":"The `airflow.operators.empty.EmptyOperator` attribute is deprecated. Please use `'airflow.providers.standard.operators.empty.EmptyOperator'`.","category":"DeprecatedImportWarning","filename":"/opt/airflow/dags/dag.py","lineno":2,"logger":"py.warnings"}
{"timestamp":"2025-12-09T14:10:29.615409Z","level":"info","event":"Filling up the DagBag from /opt/airflow/dags/dag.py","logger":"airflow.models.dagbag.DagBag","filename":"dagbag.py","lineno":593}
{"timestamp":"2025-12-09T14:10:29.640696Z","level":"warning","event":"The `airflow.decorators.dag` attribute is deprecated. Please use `'airflow.sdk.dag'`.","category":"DeprecatedImportWarning","filename":"/opt/airflow/dags/dag.py","lineno":1,"logger":"py.warnings"}
{"timestamp":"2025-12-09T14:10:29.640773Z","level":"warning","event":"The `airflow.decorators.task` attribute is deprecated. Please use `'airflow.sdk.task'`.","category":"DeprecatedImportWarning","filename":"/opt/airflow/dags/dag.py","lineno":1,"logger":"py.warnings"}
{"timestamp":"2025-12-09T14:10:29.640801Z","level":"warning","event":"The `airflow.operators.empty.EmptyOperator` attribute is deprecated. Please use `'airflow.providers.standard.operators.empty.EmptyOperator'`.","category":"DeprecatedImportWarning","filename":"/opt/airflow/dags/dag.py","lineno":2,"logger":"py.warnings"}
{"timestamp":"2025-12-09T15:11:13.336201Z","level":"info","event":"Filling up the DagBag from /opt/airflow/dags/dag.py","logger":"airflow.models.dagbag.DagBag","filename":"dagbag.py","lineno":593}
{"timestamp":"2025-12-09T15:11:13.365771Z","level":"warning","event":"The `airflow.decorators.dag` attribute is deprecated. Please use `'airflow.sdk.dag'`.","category":"DeprecatedImportWarning","filename":"/opt/airflow/dags/dag.py","lineno":1,"logger":"py.warnings"}
{"timestamp":"2025-12-09T15:11:13.366525Z","level":"warning","event":"The `airflow.decorators.task` attribute is deprecated. Please use `'airflow.sdk.task'`.","category":"DeprecatedImportWarning","filename":"/opt/airflow/dags/dag.py","lineno":1,"logger":"py.warnings"}
{"timestamp":"2025-12-09T15:11:13.366588Z","level":"warning","event":"The `airflow.operators.empty.EmptyOperator` attribute is deprecated. Please use `'airflow.providers.standard.operators.empty.EmptyOperator'`.","category":"DeprecatedImportWarning","filename":"/opt/airflow/dags/dag.py","lineno":2,"logger":"py.warnings"}
{"timestamp":"2025-12-09T15:13:37.442253Z","level":"info","event":"Filling up the DagBag from /opt/airflow/dags/dag.py","logger":"airflow.models.dagbag.DagBag","filename":"dagbag.py","lineno":593}
{"timestamp":"2025-12-09T15:13:38.041991Z","level":"warning","event":"The `airflow.decorators.dag` attribute is deprecated. Please use `'airflow.sdk.dag'`.","category":"DeprecatedImportWarning","filename":"/opt/airflow/dags/dag.py","lineno":1,"logger":"py.warnings"}
{"timestamp":"2025-12-09T15:13:38.042160Z","level":"warning","event":"The `airflow.decorators.task` attribute is deprecated. Please use `'airflow.sdk.task'`.","category":"DeprecatedImportWarning","filename":"/opt/airflow/dags/dag.py","lineno":1,"logger":"py.warnings"}
{"timestamp":"2025-12-09T15:13:38.042210Z","level":"warning","event":"The `airflow.operators.empty.EmptyOperator` attribute is deprecated. Please use `'airflow.providers.standard.operators.empty.EmptyOperator'`.","category":"DeprecatedImportWarning","filename":"/opt/airflow/dags/dag.py","lineno":2,"logger":"py.warnings"}
{"timestamp":"2025-12-09T15:48:41.554887Z","level":"info","event":"Filling up the DagBag from /opt/airflow/dags/dag.py","logger":"airflow.models.dagbag.DagBag","filename":"dagbag.py","lineno":593}
{"timestamp":"2025-12-09T15:48:41.582024Z","level":"warning","event":"The `airflow.decorators.dag` attribute is deprecated. Please use `'airflow.sdk.dag'`.","category":"DeprecatedImportWarning","filename":"/opt/airflow/dags/dag.py","lineno":1,"logger":"py.warnings"}
{"timestamp":"2025-12-09T15:48:41.582241Z","level":"warning","event":"The `airflow.decorators.task` attribute is deprecated. Please use `'airflow.sdk.task'`.","category":"DeprecatedImportWarning","filename":"/opt/airflow/dags/dag.py","lineno":1,"logger":"py.warnings"}
{"timestamp":"2025-12-09T15:48:41.582292Z","level":"warning","event":"The `airflow.operators.empty.EmptyOperator` attribute is deprecated. Please use `'airflow.providers.standard.operators.empty.EmptyOperator'`.","category":"DeprecatedImportWarning","filename":"/opt/airflow/dags/dag.py","lineno":2,"logger":"py.warnings"}
{"timestamp":"2025-12-09T16:03:23.146677Z","level":"info","event":"Filling up the DagBag from /opt/airflow/dags/dag.py","logger":"airflow.models.dagbag.DagBag","filename":"dagbag.py","lineno":593}
{"timestamp":"2025-12-09T16:03:23.155434Z","level":"warning","event":"The `airflow.decorators.dag` attribute is deprecated. Please use `'airflow.sdk.dag'`.","category":"DeprecatedImportWarning","filename":"/opt/airflow/dags/dag.py","lineno":1,"logger":"py.warnings"}
{"timestamp":"2025-12-09T16:03:23.155595Z","level":"warning","event":"The `airflow.decorators.task` attribute is deprecated. Please use `'airflow.sdk.task'`.","category":"DeprecatedImportWarning","filename":"/opt/airflow/dags/dag.py","lineno":1,"logger":"py.warnings"}
{"timestamp":"2025-12-09T16:03:23.155629Z","level":"warning","event":"The `airflow.operators.empty.EmptyOperator` attribute is deprecated. Please use `'airflow.providers.standard.operators.empty.EmptyOperator'`.","category":"DeprecatedImportWarning","filename":"/opt/airflow/dags/dag.py","lineno":2,"logger":"py.warnings"}
{"timestamp":"2025-12-09T16:36:34.430675Z","level":"info","event":"Filling up the DagBag from /opt/airflow/dags/dag.py","logger":"airflow.models.dagbag.DagBag","filename":"dagbag.py","lineno":593}
{"timestamp":"2025-12-09T16:36:34.449517Z","level":"warning","event":"The `airflow.decorators.dag` attribute is deprecated. Please use `'airflow.sdk.dag'`.","category":"DeprecatedImportWarning","filename":"/opt/airflow/dags/dag.py","lineno":1,"logger":"py.warnings"}
{"timestamp":"2025-12-09T16:36:34.449667Z","level":"warning","event":"The `airflow.decorators.task` attribute is deprecated. Please use `'airflow.sdk.task'`.","category":"DeprecatedImportWarning","filename":"/opt/airflow/dags/dag.py","lineno":1,"logger":"py.warnings"}
{"timestamp":"2025-12-09T16:36:34.449709Z","level":"warning","event":"The `airflow.operators.empty.EmptyOperator` attribute is deprecated. Please use `'airflow.providers.standard.operators.empty.EmptyOperator'`.","category":"DeprecatedImportWarning","filename":"/opt/airflow/dags/dag.py","lineno":2,"logger":"py.warnings"}
{"timestamp":"2025-12-09T17:33:40.161599Z","level":"info","event":"Filling up the DagBag from /opt/airflow/dags/dag.py","logger":"airflow.models.dagbag.DagBag","filename":"dagbag.py","lineno":593}
{"timestamp":"2025-12-09T17:33:40.176260Z","level":"warning","event":"The `airflow.decorators.dag` attribute is deprecated. Please use `'airflow.sdk.dag'`.","category":"DeprecatedImportWarning","filename":"/opt/airflow/dags/dag.py","lineno":1,"logger":"py.warnings"}
{"timestamp":"2025-12-09T17:33:40.176706Z","level":"warning","event":"The `airflow.decorators.task` attribute is deprecated. Please use `'airflow.sdk.task'`.","category":"DeprecatedImportWarning","filename":"/opt/airflow/dags/dag.py","lineno":1,"logger":"py.warnings"}
{"timestamp":"2025-12-09T17:33:40.176751Z","level":"warning","event":"The `airflow.operators.empty.EmptyOperator` attribute is deprecated. Please use `'airflow.providers.standard.operators.empty.EmptyOperator'`.","category":"DeprecatedImportWarning","filename":"/opt/airflow/dags/dag.py","lineno":2,"logger":"py.warnings"}
{"timestamp":"2025-12-09T18:21:02.728820Z","level":"info","event":"Filling up the DagBag from /opt/airflow/dags/dag.py","logger":"airflow.models.dagbag.DagBag","filename":"dagbag.py","lineno":593}
{"timestamp":"2025-12-09T18:21:02.744685Z","level":"warning","event":"The `airflow.decorators.dag` attribute is deprecated. Please use `'airflow.sdk.dag'`.","category":"DeprecatedImportWarning","filename":"/opt/airflow/dags/dag.py","lineno":1,"logger":"py.warnings"}
{"timestamp":"2025-12-09T18:21:02.744846Z","level":"warning","event":"The `airflow.decorators.task` attribute is deprecated. Please use `'airflow.sdk.task'`.","category":"DeprecatedImportWarning","filename":"/opt/airflow/dags/dag.py","lineno":1,"logger":"py.warnings"}
{"timestamp":"2025-12-09T18:21:02.745118Z","level":"warning","event":"The `airflow.operators.empty.EmptyOperator` attribute is deprecated. Please use `'airflow.providers.standard.operators.empty.EmptyOperator'`.","category":"DeprecatedImportWarning","filename":"/opt/airflow/dags/dag.py","lineno":2,"logger":"py.warnings"}
{"timestamp":"2025-12-09T19:37:54.629441Z","level":"info","event":"Filling up the DagBag from /opt/airflow/dags/dag.py","logger":"airflow.models.dagbag.DagBag","filename":"dagbag.py","lineno":593}
{"timestamp":"2025-12-09T19:37:54.642014Z","level":"warning","event":"The `airflow.decorators.dag` attribute is deprecated. Please use `'airflow.sdk.dag'`.","category":"DeprecatedImportWarning","filename":"/opt/airflow/dags/dag.py","lineno":1,"logger":"py.warnings"}
{"timestamp":"2025-12-09T19:37:54.642067Z","level":"warning","event":"The `airflow.decorators.task` attribute is deprecated. Please use `'airflow.sdk.task'`.","category":"DeprecatedImportWarning","filename":"/opt/airflow/dags/dag.py","lineno":1,"logger":"py.warnings"}
{"timestamp":"2025-12-09T19:37:54.642098Z","level":"warning","event":"The `airflow.operators.empty.EmptyOperator` attribute is deprecated. Please use `'airflow.providers.standard.operators.empty.EmptyOperator'`.","category":"DeprecatedImportWarning","filename":"/opt/airflow/dags/dag.py","lineno":2,"logger":"py.warnings"}
{"timestamp":"2025-12-09T19:48:50.754339Z","level":"info","event":"Filling up the DagBag from /opt/airflow/dags/dag.py","logger":"airflow.models.dagbag.DagBag","filename":"dagbag.py","lineno":593}
{"timestamp":"2025-12-09T19:48:50.767545Z","level":"warning","event":"The `airflow.decorators.dag` attribute is deprecated. Please use `'airflow.sdk.dag'`.","category":"DeprecatedImportWarning","filename":"/opt/airflow/dags/dag.py","lineno":1,"logger":"py.warnings"}
{"timestamp":"2025-12-09T19:48:50.767729Z","level":"warning","event":"The `airflow.decorators.task` attribute is deprecated. Please use `'airflow.sdk.task'`.","category":"DeprecatedImportWarning","filename":"/opt/airflow/dags/dag.py","lineno":1,"logger":"py.warnings"}
{"timestamp":"2025-12-09T19:48:50.768030Z","level":"warning","event":"The `airflow.operators.empty.EmptyOperator` attribute is deprecated. Please use `'airflow.providers.standard.operators.empty.EmptyOperator'`.","category":"DeprecatedImportWarning","filename":"/opt/airflow/dags/dag.py","lineno":2,"logger":"py.warnings"}
{"timestamp":"2025-12-09T20:24:17.726586Z","level":"info","event":"Filling up the DagBag from /opt/airflow/dags/dag.py","logger":"airflow.models.dagbag.DagBag","filename":"dagbag.py","lineno":593}
{"timestamp":"2025-12-09T20:24:17.744194Z","level":"warning","event":"The `airflow.decorators.dag` attribute is deprecated. Please use `'airflow.sdk.dag'`.","category":"DeprecatedImportWarning","filename":"/opt/airflow/dags/dag.py","lineno":1,"logger":"py.warnings"}
{"timestamp":"2025-12-09T20:24:17.744906Z","level":"warning","event":"The `airflow.decorators.task` attribute is deprecated. Please use `'airflow.sdk.task'`.","category":"DeprecatedImportWarning","filename":"/opt/airflow/dags/dag.py","lineno":1,"logger":"py.warnings"}
{"timestamp":"2025-12-09T20:24:17.744953Z","level":"warning","event":"The `airflow.operators.empty.EmptyOperator` attribute is deprecated. Please use `'airflow.providers.standard.operators.empty.EmptyOperator'`.","category":"DeprecatedImportWarning","filename":"/opt/airflow/dags/dag.py","lineno":2,"logger":"py.warnings"}
{"timestamp":"2025-12-09T20:48:29.500409Z","level":"info","event":"Filling up the DagBag from /opt/airflow/dags/dag.py","logger":"airflow.models.dagbag.DagBag","filename":"dagbag.py","lineno":593}
{"timestamp":"2025-12-09T20:48:29.516680Z","level":"warning","event":"The `airflow.decorators.dag` attribute is deprecated. Please use `'airflow.sdk.dag'`.","category":"DeprecatedImportWarning","filename":"/opt/airflow/dags/dag.py","lineno":1,"logger":"py.warnings"}
{"timestamp":"2025-12-09T20:48:29.516826Z","level":"warning","event":"The `airflow.decorators.task` attribute is deprecated. Please use `'airflow.sdk.task'`.","category":"DeprecatedImportWarning","filename":"/opt/airflow/dags/dag.py","lineno":1,"logger":"py.warnings"}
{"timestamp":"2025-12-09T20:48:29.516869Z","level":"warning","event":"The `airflow.operators.empty.EmptyOperator` attribute is deprecated. Please use `'airflow.providers.standard.operators.empty.EmptyOperator'`.","category":"DeprecatedImportWarning","filename":"/opt/airflow/dags/dag.py","lineno":2,"logger":"py.warnings"}
{"timestamp":"2025-12-09T21:29:30.445057Z","level":"info","event":"Filling up the DagBag from /opt/airflow/dags/dag.py","logger":"airflow.models.dagbag.DagBag","filename":"dagbag.py","lineno":593}
{"timestamp":"2025-12-09T21:29:30.455763Z","level":"warning","event":"The `airflow.decorators.dag` attribute is deprecated. Please use `'airflow.sdk.dag'`.","category":"DeprecatedImportWarning","filename":"/opt/airflow/dags/dag.py","lineno":1,"logger":"py.warnings"}
{"timestamp":"2025-12-09T21:29:30.456051Z","level":"warning","event":"The `airflow.decorators.task` attribute is deprecated. Please use `'airflow.sdk.task'`.","category":"DeprecatedImportWarning","filename":"/opt/airflow/dags/dag.py","lineno":1,"logger":"py.warnings"}
{"timestamp":"2025-12-09T21:29:30.456107Z","level":"warning","event":"The `airflow.operators.empty.EmptyOperator` attribute is deprecated. Please use `'airflow.providers.standard.operators.empty.EmptyOperator'`.","category":"DeprecatedImportWarning","filename":"/opt/airflow/dags/dag.py","lineno":2,"logger":"py.warnings"}
{"timestamp":"2025-12-09T22:09:25.582531Z","level":"info","event":"Filling up the DagBag from /opt/airflow/dags/dag.py","logger":"airflow.models.dagbag.DagBag","filename":"dagbag.py","lineno":593}
{"timestamp":"2025-12-09T22:09:25.596421Z","level":"warning","event":"The `airflow.decorators.dag` attribute is deprecated. Please use `'airflow.sdk.dag'`.","category":"DeprecatedImportWarning","filename":"/opt/airflow/dags/dag.py","lineno":1,"logger":"py.warnings"}
{"timestamp":"2025-12-09T22:09:25.596721Z","level":"warning","event":"The `airflow.decorators.task` attribute is deprecated. Please use `'airflow.sdk.task'`.","category":"DeprecatedImportWarning","filename":"/opt/airflow/dags/dag.py","lineno":1,"logger":"py.warnings"}
{"timestamp":"2025-12-09T22:09:25.596866Z","level":"warning","event":"The `airflow.operators.empty.EmptyOperator` attribute is deprecated. Please use `'airflow.providers.standard.operators.empty.EmptyOperator'`.","category":"DeprecatedImportWarning","filename":"/opt/airflow/dags/dag.py","lineno":2,"logger":"py.warnings"}
{"timestamp":"2025-12-09T23:27:51.149768Z","level":"info","event":"Filling up the DagBag from /opt/airflow/dags/dag.py","logger":"airflow.models.dagbag.DagBag","filename":"dagbag.py","lineno":593}
{"timestamp":"2025-12-09T23:27:51.165730Z","level":"warning","event":"The `airflow.decorators.dag` attribute is deprecated. Please use `'airflow.sdk.dag'`.","category":"DeprecatedImportWarning","filename":"/opt/airflow/dags/dag.py","lineno":1,"logger":"py.warnings"}
{"timestamp":"2025-12-09T23:27:51.166366Z","level":"warning","event":"The `airflow.decorators.task` attribute is deprecated. Please use `'airflow.sdk.task'`.","category":"DeprecatedImportWarning","filename":"/opt/airflow/dags/dag.py","lineno":1,"logger":"py.warnings"}
{"timestamp":"2025-12-09T23:27:51.166433Z","level":"warning","event":"The `airflow.operators.empty.EmptyOperator` attribute is deprecated. Please use `'airflow.providers.standard.operators.empty.EmptyOperator'`.","category":"DeprecatedImportWarning","filename":"/opt/airflow/dags/dag.py","lineno":2,"logger":"py.warnings"}
