{"timestamp":"2025-12-29T00:12:28.123025Z","level":"info","event":"Filling up the DagBag from /opt/airflow/dags/dag.py","logger":"airflow.models.dagbag.DagBag","filename":"dagbag.py","lineno":593}
{"timestamp":"2025-12-29T00:12:28.157252Z","level":"warning","event":"The `airflow.decorators.dag` attribute is deprecated. Please use `'airflow.sdk.dag'`.","category":"DeprecatedImportWarning","filename":"/opt/airflow/dags/dag.py","lineno":3,"logger":"py.warnings"}
{"timestamp":"2025-12-29T00:12:28.157295Z","level":"warning","event":"The `airflow.decorators.task` attribute is deprecated. Please use `'airflow.sdk.task'`.","category":"DeprecatedImportWarning","filename":"/opt/airflow/dags/dag.py","lineno":4,"logger":"py.warnings"}
{"timestamp":"2025-12-29T00:12:28.157326Z","level":"warning","event":"The `airflow.operators.empty.EmptyOperator` attribute is deprecated. Please use `'airflow.providers.standard.operators.empty.EmptyOperator'`.","category":"DeprecatedImportWarning","filename":"/opt/airflow/dags/dag.py","lineno":5,"logger":"py.warnings"}
{"timestamp":"2025-12-29T00:12:28.157346Z","level":"warning","event":"The `airflow.operators.python.get_current_context` attribute is deprecated. Please use `'airflow.sdk.get_current_context'`.","category":"DeprecatedImportWarning","filename":"/opt/airflow/dags/dag.py","lineno":7,"logger":"py.warnings"}
{"timestamp":"2025-12-29T00:12:28.157365Z","level":"warning","event":"The `airflow.models.param.Param` attribute is deprecated. Please use `'airflow.sdk.Param'`.","category":"DeprecatedImportWarning","filename":"/opt/airflow/dags/dag.py","lineno":14,"logger":"py.warnings"}
{"timestamp":"2025-12-29T00:12:28.157383Z","level":"warning","event":"The `airflow.operators.python.get_current_context` attribute is deprecated. Please use `'airflow.sdk.get_current_context'`.","category":"DeprecatedImportWarning","filename":"/opt/airflow/dags/dag.py","lineno":22,"logger":"py.warnings"}
{"timestamp":"2025-12-29T00:37:15.028578Z","level":"info","event":"Filling up the DagBag from /opt/airflow/dags/dag.py","logger":"airflow.models.dagbag.DagBag","filename":"dagbag.py","lineno":593}
{"timestamp":"2025-12-29T00:37:15.071987Z","level":"warning","event":"The `airflow.decorators.dag` attribute is deprecated. Please use `'airflow.sdk.dag'`.","category":"DeprecatedImportWarning","filename":"/opt/airflow/dags/dag.py","lineno":3,"logger":"py.warnings"}
{"timestamp":"2025-12-29T00:37:15.072190Z","level":"warning","event":"The `airflow.decorators.task` attribute is deprecated. Please use `'airflow.sdk.task'`.","category":"DeprecatedImportWarning","filename":"/opt/airflow/dags/dag.py","lineno":4,"logger":"py.warnings"}
{"timestamp":"2025-12-29T00:37:15.072239Z","level":"warning","event":"The `airflow.operators.empty.EmptyOperator` attribute is deprecated. Please use `'airflow.providers.standard.operators.empty.EmptyOperator'`.","category":"DeprecatedImportWarning","filename":"/opt/airflow/dags/dag.py","lineno":5,"logger":"py.warnings"}
{"timestamp":"2025-12-29T00:37:15.072263Z","level":"warning","event":"The `airflow.operators.python.get_current_context` attribute is deprecated. Please use `'airflow.sdk.get_current_context'`.","category":"DeprecatedImportWarning","filename":"/opt/airflow/dags/dag.py","lineno":7,"logger":"py.warnings"}
{"timestamp":"2025-12-29T00:37:15.072285Z","level":"warning","event":"The `airflow.models.param.Param` attribute is deprecated. Please use `'airflow.sdk.Param'`.","category":"DeprecatedImportWarning","filename":"/opt/airflow/dags/dag.py","lineno":14,"logger":"py.warnings"}
{"timestamp":"2025-12-29T00:37:15.072304Z","level":"warning","event":"The `airflow.operators.python.get_current_context` attribute is deprecated. Please use `'airflow.sdk.get_current_context'`.","category":"DeprecatedImportWarning","filename":"/opt/airflow/dags/dag.py","lineno":22,"logger":"py.warnings"}
{"timestamp":"2025-12-29T00:53:37.407793Z","level":"info","event":"Filling up the DagBag from /opt/airflow/dags/dag.py","logger":"airflow.models.dagbag.DagBag","filename":"dagbag.py","lineno":593}
{"timestamp":"2025-12-29T00:53:37.441361Z","level":"warning","event":"The `airflow.decorators.dag` attribute is deprecated. Please use `'airflow.sdk.dag'`.","category":"DeprecatedImportWarning","filename":"/opt/airflow/dags/dag.py","lineno":3,"logger":"py.warnings"}
{"timestamp":"2025-12-29T00:53:37.441432Z","level":"warning","event":"The `airflow.decorators.task` attribute is deprecated. Please use `'airflow.sdk.task'`.","category":"DeprecatedImportWarning","filename":"/opt/airflow/dags/dag.py","lineno":4,"logger":"py.warnings"}
{"timestamp":"2025-12-29T00:53:37.441467Z","level":"warning","event":"The `airflow.operators.empty.EmptyOperator` attribute is deprecated. Please use `'airflow.providers.standard.operators.empty.EmptyOperator'`.","category":"DeprecatedImportWarning","filename":"/opt/airflow/dags/dag.py","lineno":5,"logger":"py.warnings"}
{"timestamp":"2025-12-29T00:53:37.441494Z","level":"warning","event":"The `airflow.operators.python.get_current_context` attribute is deprecated. Please use `'airflow.sdk.get_current_context'`.","category":"DeprecatedImportWarning","filename":"/opt/airflow/dags/dag.py","lineno":7,"logger":"py.warnings"}
{"timestamp":"2025-12-29T00:53:37.441524Z","level":"warning","event":"The `airflow.models.param.Param` attribute is deprecated. Please use `'airflow.sdk.Param'`.","category":"DeprecatedImportWarning","filename":"/opt/airflow/dags/dag.py","lineno":14,"logger":"py.warnings"}
{"timestamp":"2025-12-29T00:53:37.441545Z","level":"warning","event":"The `airflow.operators.python.get_current_context` attribute is deprecated. Please use `'airflow.sdk.get_current_context'`.","category":"DeprecatedImportWarning","filename":"/opt/airflow/dags/dag.py","lineno":22,"logger":"py.warnings"}
{"timestamp":"2025-12-29T00:59:07.960906Z","level":"info","event":"Filling up the DagBag from /opt/airflow/dags/dag.py","logger":"airflow.models.dagbag.DagBag","filename":"dagbag.py","lineno":593}
{"timestamp":"2025-12-29T00:59:07.994170Z","level":"warning","event":"The `airflow.decorators.dag` attribute is deprecated. Please use `'airflow.sdk.dag'`.","category":"DeprecatedImportWarning","filename":"/opt/airflow/dags/dag.py","lineno":3,"logger":"py.warnings"}
{"timestamp":"2025-12-29T00:59:07.994355Z","level":"warning","event":"The `airflow.decorators.task` attribute is deprecated. Please use `'airflow.sdk.task'`.","category":"DeprecatedImportWarning","filename":"/opt/airflow/dags/dag.py","lineno":4,"logger":"py.warnings"}
{"timestamp":"2025-12-29T00:59:07.994699Z","level":"warning","event":"The `airflow.operators.empty.EmptyOperator` attribute is deprecated. Please use `'airflow.providers.standard.operators.empty.EmptyOperator'`.","category":"DeprecatedImportWarning","filename":"/opt/airflow/dags/dag.py","lineno":5,"logger":"py.warnings"}
{"timestamp":"2025-12-29T00:59:07.994931Z","level":"warning","event":"The `airflow.operators.python.get_current_context` attribute is deprecated. Please use `'airflow.sdk.get_current_context'`.","category":"DeprecatedImportWarning","filename":"/opt/airflow/dags/dag.py","lineno":7,"logger":"py.warnings"}
{"timestamp":"2025-12-29T00:59:07.994967Z","level":"warning","event":"The `airflow.models.param.Param` attribute is deprecated. Please use `'airflow.sdk.Param'`.","category":"DeprecatedImportWarning","filename":"/opt/airflow/dags/dag.py","lineno":14,"logger":"py.warnings"}
{"timestamp":"2025-12-29T00:59:07.994996Z","level":"warning","event":"The `airflow.operators.python.get_current_context` attribute is deprecated. Please use `'airflow.sdk.get_current_context'`.","category":"DeprecatedImportWarning","filename":"/opt/airflow/dags/dag.py","lineno":22,"logger":"py.warnings"}
{"timestamp":"2025-12-29T01:17:19.595977Z","level":"info","event":"Filling up the DagBag from /opt/airflow/dags/dag.py","logger":"airflow.models.dagbag.DagBag","filename":"dagbag.py","lineno":593}
{"timestamp":"2025-12-29T01:17:19.632848Z","level":"warning","event":"The `airflow.decorators.dag` attribute is deprecated. Please use `'airflow.sdk.dag'`.","category":"DeprecatedImportWarning","filename":"/opt/airflow/dags/dag.py","lineno":3,"logger":"py.warnings"}
{"timestamp":"2025-12-29T01:17:19.632894Z","level":"warning","event":"The `airflow.decorators.task` attribute is deprecated. Please use `'airflow.sdk.task'`.","category":"DeprecatedImportWarning","filename":"/opt/airflow/dags/dag.py","lineno":4,"logger":"py.warnings"}
{"timestamp":"2025-12-29T01:17:19.632919Z","level":"warning","event":"The `airflow.operators.empty.EmptyOperator` attribute is deprecated. Please use `'airflow.providers.standard.operators.empty.EmptyOperator'`.","category":"DeprecatedImportWarning","filename":"/opt/airflow/dags/dag.py","lineno":5,"logger":"py.warnings"}
{"timestamp":"2025-12-29T01:17:19.632940Z","level":"warning","event":"The `airflow.operators.python.get_current_context` attribute is deprecated. Please use `'airflow.sdk.get_current_context'`.","category":"DeprecatedImportWarning","filename":"/opt/airflow/dags/dag.py","lineno":7,"logger":"py.warnings"}
{"timestamp":"2025-12-29T01:17:19.632960Z","level":"warning","event":"The `airflow.models.param.Param` attribute is deprecated. Please use `'airflow.sdk.Param'`.","category":"DeprecatedImportWarning","filename":"/opt/airflow/dags/dag.py","lineno":14,"logger":"py.warnings"}
{"timestamp":"2025-12-29T01:17:19.632979Z","level":"warning","event":"The `airflow.operators.python.get_current_context` attribute is deprecated. Please use `'airflow.sdk.get_current_context'`.","category":"DeprecatedImportWarning","filename":"/opt/airflow/dags/dag.py","lineno":22,"logger":"py.warnings"}
{"timestamp":"2025-12-29T01:40:59.545199Z","level":"info","event":"Filling up the DagBag from /opt/airflow/dags/dag.py","logger":"airflow.models.dagbag.DagBag","filename":"dagbag.py","lineno":593}
{"timestamp":"2025-12-29T01:40:59.597596Z","level":"warning","event":"The `airflow.decorators.dag` attribute is deprecated. Please use `'airflow.sdk.dag'`.","category":"DeprecatedImportWarning","filename":"/opt/airflow/dags/dag.py","lineno":3,"logger":"py.warnings"}
{"timestamp":"2025-12-29T01:40:59.597702Z","level":"warning","event":"The `airflow.decorators.task` attribute is deprecated. Please use `'airflow.sdk.task'`.","category":"DeprecatedImportWarning","filename":"/opt/airflow/dags/dag.py","lineno":4,"logger":"py.warnings"}
{"timestamp":"2025-12-29T01:40:59.597731Z","level":"warning","event":"The `airflow.operators.empty.EmptyOperator` attribute is deprecated. Please use `'airflow.providers.standard.operators.empty.EmptyOperator'`.","category":"DeprecatedImportWarning","filename":"/opt/airflow/dags/dag.py","lineno":5,"logger":"py.warnings"}
{"timestamp":"2025-12-29T01:40:59.597753Z","level":"warning","event":"The `airflow.operators.python.get_current_context` attribute is deprecated. Please use `'airflow.sdk.get_current_context'`.","category":"DeprecatedImportWarning","filename":"/opt/airflow/dags/dag.py","lineno":7,"logger":"py.warnings"}
{"timestamp":"2025-12-29T01:40:59.597774Z","level":"warning","event":"The `airflow.models.param.Param` attribute is deprecated. Please use `'airflow.sdk.Param'`.","category":"DeprecatedImportWarning","filename":"/opt/airflow/dags/dag.py","lineno":14,"logger":"py.warnings"}
{"timestamp":"2025-12-29T01:40:59.597794Z","level":"warning","event":"The `airflow.operators.python.get_current_context` attribute is deprecated. Please use `'airflow.sdk.get_current_context'`.","category":"DeprecatedImportWarning","filename":"/opt/airflow/dags/dag.py","lineno":22,"logger":"py.warnings"}
{"timestamp":"2025-12-29T01:56:43.909075Z","level":"info","event":"Filling up the DagBag from /opt/airflow/dags/dag.py","logger":"airflow.models.dagbag.DagBag","filename":"dagbag.py","lineno":593}
{"timestamp":"2025-12-29T01:56:43.961465Z","level":"warning","event":"The `airflow.decorators.dag` attribute is deprecated. Please use `'airflow.sdk.dag'`.","category":"DeprecatedImportWarning","filename":"/opt/airflow/dags/dag.py","lineno":3,"logger":"py.warnings"}
{"timestamp":"2025-12-29T01:56:43.961532Z","level":"warning","event":"The `airflow.decorators.task` attribute is deprecated. Please use `'airflow.sdk.task'`.","category":"DeprecatedImportWarning","filename":"/opt/airflow/dags/dag.py","lineno":4,"logger":"py.warnings"}
{"timestamp":"2025-12-29T01:56:43.961562Z","level":"warning","event":"The `airflow.operators.empty.EmptyOperator` attribute is deprecated. Please use `'airflow.providers.standard.operators.empty.EmptyOperator'`.","category":"DeprecatedImportWarning","filename":"/opt/airflow/dags/dag.py","lineno":5,"logger":"py.warnings"}
{"timestamp":"2025-12-29T01:56:43.961585Z","level":"warning","event":"The `airflow.operators.python.get_current_context` attribute is deprecated. Please use `'airflow.sdk.get_current_context'`.","category":"DeprecatedImportWarning","filename":"/opt/airflow/dags/dag.py","lineno":7,"logger":"py.warnings"}
{"timestamp":"2025-12-29T01:56:43.961612Z","level":"warning","event":"The `airflow.models.param.Param` attribute is deprecated. Please use `'airflow.sdk.Param'`.","category":"DeprecatedImportWarning","filename":"/opt/airflow/dags/dag.py","lineno":14,"logger":"py.warnings"}
{"timestamp":"2025-12-29T01:56:43.961632Z","level":"warning","event":"The `airflow.operators.python.get_current_context` attribute is deprecated. Please use `'airflow.sdk.get_current_context'`.","category":"DeprecatedImportWarning","filename":"/opt/airflow/dags/dag.py","lineno":22,"logger":"py.warnings"}
{"timestamp":"2025-12-29T02:13:02.324077Z","level":"info","event":"Filling up the DagBag from /opt/airflow/dags/dag.py","logger":"airflow.models.dagbag.DagBag","filename":"dagbag.py","lineno":593}
{"timestamp":"2025-12-29T02:13:02.352298Z","level":"warning","event":"The `airflow.decorators.dag` attribute is deprecated. Please use `'airflow.sdk.dag'`.","category":"DeprecatedImportWarning","filename":"/opt/airflow/dags/dag.py","lineno":3,"logger":"py.warnings"}
{"timestamp":"2025-12-29T02:13:02.352345Z","level":"warning","event":"The `airflow.decorators.task` attribute is deprecated. Please use `'airflow.sdk.task'`.","category":"DeprecatedImportWarning","filename":"/opt/airflow/dags/dag.py","lineno":4,"logger":"py.warnings"}
{"timestamp":"2025-12-29T02:13:02.352374Z","level":"warning","event":"The `airflow.operators.empty.EmptyOperator` attribute is deprecated. Please use `'airflow.providers.standard.operators.empty.EmptyOperator'`.","category":"DeprecatedImportWarning","filename":"/opt/airflow/dags/dag.py","lineno":5,"logger":"py.warnings"}
{"timestamp":"2025-12-29T02:13:02.352396Z","level":"warning","event":"The `airflow.operators.python.get_current_context` attribute is deprecated. Please use `'airflow.sdk.get_current_context'`.","category":"DeprecatedImportWarning","filename":"/opt/airflow/dags/dag.py","lineno":7,"logger":"py.warnings"}
{"timestamp":"2025-12-29T02:13:02.352416Z","level":"warning","event":"The `airflow.models.param.Param` attribute is deprecated. Please use `'airflow.sdk.Param'`.","category":"DeprecatedImportWarning","filename":"/opt/airflow/dags/dag.py","lineno":14,"logger":"py.warnings"}
{"timestamp":"2025-12-29T02:13:02.352434Z","level":"warning","event":"The `airflow.operators.python.get_current_context` attribute is deprecated. Please use `'airflow.sdk.get_current_context'`.","category":"DeprecatedImportWarning","filename":"/opt/airflow/dags/dag.py","lineno":22,"logger":"py.warnings"}
{"timestamp":"2025-12-29T02:38:44.215927Z","level":"info","event":"Filling up the DagBag from /opt/airflow/dags/dag.py","logger":"airflow.models.dagbag.DagBag","filename":"dagbag.py","lineno":593}
{"timestamp":"2025-12-29T02:38:44.257766Z","level":"warning","event":"The `airflow.decorators.dag` attribute is deprecated. Please use `'airflow.sdk.dag'`.","category":"DeprecatedImportWarning","filename":"/opt/airflow/dags/dag.py","lineno":3,"logger":"py.warnings"}
{"timestamp":"2025-12-29T02:38:44.257833Z","level":"warning","event":"The `airflow.decorators.task` attribute is deprecated. Please use `'airflow.sdk.task'`.","category":"DeprecatedImportWarning","filename":"/opt/airflow/dags/dag.py","lineno":4,"logger":"py.warnings"}
{"timestamp":"2025-12-29T02:38:44.257865Z","level":"warning","event":"The `airflow.operators.empty.EmptyOperator` attribute is deprecated. Please use `'airflow.providers.standard.operators.empty.EmptyOperator'`.","category":"DeprecatedImportWarning","filename":"/opt/airflow/dags/dag.py","lineno":5,"logger":"py.warnings"}
{"timestamp":"2025-12-29T02:38:44.257898Z","level":"warning","event":"The `airflow.operators.python.get_current_context` attribute is deprecated. Please use `'airflow.sdk.get_current_context'`.","category":"DeprecatedImportWarning","filename":"/opt/airflow/dags/dag.py","lineno":7,"logger":"py.warnings"}
{"timestamp":"2025-12-29T02:38:44.257929Z","level":"warning","event":"The `airflow.models.param.Param` attribute is deprecated. Please use `'airflow.sdk.Param'`.","category":"DeprecatedImportWarning","filename":"/opt/airflow/dags/dag.py","lineno":14,"logger":"py.warnings"}
{"timestamp":"2025-12-29T02:38:44.257954Z","level":"warning","event":"The `airflow.operators.python.get_current_context` attribute is deprecated. Please use `'airflow.sdk.get_current_context'`.","category":"DeprecatedImportWarning","filename":"/opt/airflow/dags/dag.py","lineno":22,"logger":"py.warnings"}
{"timestamp":"2025-12-29T02:39:14.682054Z","level":"info","event":"Filling up the DagBag from /opt/airflow/dags/dag.py","logger":"airflow.models.dagbag.DagBag","filename":"dagbag.py","lineno":593}
{"timestamp":"2025-12-29T02:39:14.711235Z","level":"warning","event":"The `airflow.decorators.dag` attribute is deprecated. Please use `'airflow.sdk.dag'`.","category":"DeprecatedImportWarning","filename":"/opt/airflow/dags/dag.py","lineno":3,"logger":"py.warnings"}
{"timestamp":"2025-12-29T02:39:14.711323Z","level":"warning","event":"The `airflow.decorators.task` attribute is deprecated. Please use `'airflow.sdk.task'`.","category":"DeprecatedImportWarning","filename":"/opt/airflow/dags/dag.py","lineno":4,"logger":"py.warnings"}
{"timestamp":"2025-12-29T02:39:14.711373Z","level":"warning","event":"The `airflow.operators.empty.EmptyOperator` attribute is deprecated. Please use `'airflow.providers.standard.operators.empty.EmptyOperator'`.","category":"DeprecatedImportWarning","filename":"/opt/airflow/dags/dag.py","lineno":5,"logger":"py.warnings"}
{"timestamp":"2025-12-29T02:39:14.711415Z","level":"warning","event":"The `airflow.operators.python.get_current_context` attribute is deprecated. Please use `'airflow.sdk.get_current_context'`.","category":"DeprecatedImportWarning","filename":"/opt/airflow/dags/dag.py","lineno":7,"logger":"py.warnings"}
{"timestamp":"2025-12-29T02:39:14.711447Z","level":"warning","event":"The `airflow.models.param.Param` attribute is deprecated. Please use `'airflow.sdk.Param'`.","category":"DeprecatedImportWarning","filename":"/opt/airflow/dags/dag.py","lineno":14,"logger":"py.warnings"}
{"timestamp":"2025-12-29T02:39:14.711476Z","level":"warning","event":"The `airflow.operators.python.get_current_context` attribute is deprecated. Please use `'airflow.sdk.get_current_context'`.","category":"DeprecatedImportWarning","filename":"/opt/airflow/dags/dag.py","lineno":22,"logger":"py.warnings"}
{"timestamp":"2025-12-29T02:55:23.061680Z","level":"info","event":"Filling up the DagBag from /opt/airflow/dags/dag.py","logger":"airflow.models.dagbag.DagBag","filename":"dagbag.py","lineno":593}
{"timestamp":"2025-12-29T02:55:23.118957Z","level":"warning","event":"The `airflow.decorators.dag` attribute is deprecated. Please use `'airflow.sdk.dag'`.","category":"DeprecatedImportWarning","filename":"/opt/airflow/dags/dag.py","lineno":3,"logger":"py.warnings"}
{"timestamp":"2025-12-29T02:55:23.119025Z","level":"warning","event":"The `airflow.decorators.task` attribute is deprecated. Please use `'airflow.sdk.task'`.","category":"DeprecatedImportWarning","filename":"/opt/airflow/dags/dag.py","lineno":4,"logger":"py.warnings"}
{"timestamp":"2025-12-29T02:55:23.119052Z","level":"warning","event":"The `airflow.operators.empty.EmptyOperator` attribute is deprecated. Please use `'airflow.providers.standard.operators.empty.EmptyOperator'`.","category":"DeprecatedImportWarning","filename":"/opt/airflow/dags/dag.py","lineno":5,"logger":"py.warnings"}
{"timestamp":"2025-12-29T02:55:23.119073Z","level":"warning","event":"The `airflow.operators.python.get_current_context` attribute is deprecated. Please use `'airflow.sdk.get_current_context'`.","category":"DeprecatedImportWarning","filename":"/opt/airflow/dags/dag.py","lineno":7,"logger":"py.warnings"}
{"timestamp":"2025-12-29T02:55:23.119093Z","level":"warning","event":"The `airflow.models.param.Param` attribute is deprecated. Please use `'airflow.sdk.Param'`.","category":"DeprecatedImportWarning","filename":"/opt/airflow/dags/dag.py","lineno":14,"logger":"py.warnings"}
{"timestamp":"2025-12-29T02:55:23.119111Z","level":"warning","event":"The `airflow.operators.python.get_current_context` attribute is deprecated. Please use `'airflow.sdk.get_current_context'`.","category":"DeprecatedImportWarning","filename":"/opt/airflow/dags/dag.py","lineno":22,"logger":"py.warnings"}
{"timestamp":"2025-12-29T03:13:07.452048Z","level":"info","event":"Filling up the DagBag from /opt/airflow/dags/dag.py","logger":"airflow.models.dagbag.DagBag","filename":"dagbag.py","lineno":593}
{"timestamp":"2025-12-29T03:13:07.485553Z","level":"warning","event":"The `airflow.decorators.dag` attribute is deprecated. Please use `'airflow.sdk.dag'`.","category":"DeprecatedImportWarning","filename":"/opt/airflow/dags/dag.py","lineno":3,"logger":"py.warnings"}
{"timestamp":"2025-12-29T03:13:07.485605Z","level":"warning","event":"The `airflow.decorators.task` attribute is deprecated. Please use `'airflow.sdk.task'`.","category":"DeprecatedImportWarning","filename":"/opt/airflow/dags/dag.py","lineno":4,"logger":"py.warnings"}
{"timestamp":"2025-12-29T03:13:07.485628Z","level":"warning","event":"The `airflow.operators.empty.EmptyOperator` attribute is deprecated. Please use `'airflow.providers.standard.operators.empty.EmptyOperator'`.","category":"DeprecatedImportWarning","filename":"/opt/airflow/dags/dag.py","lineno":5,"logger":"py.warnings"}
{"timestamp":"2025-12-29T03:13:07.485649Z","level":"warning","event":"The `airflow.operators.python.get_current_context` attribute is deprecated. Please use `'airflow.sdk.get_current_context'`.","category":"DeprecatedImportWarning","filename":"/opt/airflow/dags/dag.py","lineno":7,"logger":"py.warnings"}
{"timestamp":"2025-12-29T03:13:07.485669Z","level":"warning","event":"The `airflow.models.param.Param` attribute is deprecated. Please use `'airflow.sdk.Param'`.","category":"DeprecatedImportWarning","filename":"/opt/airflow/dags/dag.py","lineno":14,"logger":"py.warnings"}
{"timestamp":"2025-12-29T03:13:07.485687Z","level":"warning","event":"The `airflow.operators.python.get_current_context` attribute is deprecated. Please use `'airflow.sdk.get_current_context'`.","category":"DeprecatedImportWarning","filename":"/opt/airflow/dags/dag.py","lineno":22,"logger":"py.warnings"}
{"timestamp":"2025-12-29T03:31:01.788666Z","level":"info","event":"Filling up the DagBag from /opt/airflow/dags/dag.py","logger":"airflow.models.dagbag.DagBag","filename":"dagbag.py","lineno":593}
{"timestamp":"2025-12-29T03:31:01.823290Z","level":"warning","event":"The `airflow.decorators.dag` attribute is deprecated. Please use `'airflow.sdk.dag'`.","category":"DeprecatedImportWarning","filename":"/opt/airflow/dags/dag.py","lineno":3,"logger":"py.warnings"}
{"timestamp":"2025-12-29T03:31:01.823346Z","level":"warning","event":"The `airflow.decorators.task` attribute is deprecated. Please use `'airflow.sdk.task'`.","category":"DeprecatedImportWarning","filename":"/opt/airflow/dags/dag.py","lineno":4,"logger":"py.warnings"}
{"timestamp":"2025-12-29T03:31:01.823368Z","level":"warning","event":"The `airflow.operators.empty.EmptyOperator` attribute is deprecated. Please use `'airflow.providers.standard.operators.empty.EmptyOperator'`.","category":"DeprecatedImportWarning","filename":"/opt/airflow/dags/dag.py","lineno":5,"logger":"py.warnings"}
{"timestamp":"2025-12-29T03:31:01.823387Z","level":"warning","event":"The `airflow.operators.python.get_current_context` attribute is deprecated. Please use `'airflow.sdk.get_current_context'`.","category":"DeprecatedImportWarning","filename":"/opt/airflow/dags/dag.py","lineno":7,"logger":"py.warnings"}
{"timestamp":"2025-12-29T03:31:01.823412Z","level":"warning","event":"The `airflow.models.param.Param` attribute is deprecated. Please use `'airflow.sdk.Param'`.","category":"DeprecatedImportWarning","filename":"/opt/airflow/dags/dag.py","lineno":14,"logger":"py.warnings"}
{"timestamp":"2025-12-29T03:31:01.823440Z","level":"warning","event":"The `airflow.operators.python.get_current_context` attribute is deprecated. Please use `'airflow.sdk.get_current_context'`.","category":"DeprecatedImportWarning","filename":"/opt/airflow/dags/dag.py","lineno":22,"logger":"py.warnings"}
{"timestamp":"2025-12-29T03:47:21.157287Z","level":"info","event":"Filling up the DagBag from /opt/airflow/dags/dag.py","logger":"airflow.models.dagbag.DagBag","filename":"dagbag.py","lineno":593}
{"timestamp":"2025-12-29T03:47:21.190528Z","level":"warning","event":"The `airflow.decorators.dag` attribute is deprecated. Please use `'airflow.sdk.dag'`.","category":"DeprecatedImportWarning","filename":"/opt/airflow/dags/dag.py","lineno":3,"logger":"py.warnings"}
{"timestamp":"2025-12-29T03:47:21.190575Z","level":"warning","event":"The `airflow.decorators.task` attribute is deprecated. Please use `'airflow.sdk.task'`.","category":"DeprecatedImportWarning","filename":"/opt/airflow/dags/dag.py","lineno":4,"logger":"py.warnings"}
{"timestamp":"2025-12-29T03:47:21.190599Z","level":"warning","event":"The `airflow.operators.empty.EmptyOperator` attribute is deprecated. Please use `'airflow.providers.standard.operators.empty.EmptyOperator'`.","category":"DeprecatedImportWarning","filename":"/opt/airflow/dags/dag.py","lineno":5,"logger":"py.warnings"}
{"timestamp":"2025-12-29T03:47:21.190619Z","level":"warning","event":"The `airflow.operators.python.get_current_context` attribute is deprecated. Please use `'airflow.sdk.get_current_context'`.","category":"DeprecatedImportWarning","filename":"/opt/airflow/dags/dag.py","lineno":7,"logger":"py.warnings"}
{"timestamp":"2025-12-29T03:47:21.190638Z","level":"warning","event":"The `airflow.models.param.Param` attribute is deprecated. Please use `'airflow.sdk.Param'`.","category":"DeprecatedImportWarning","filename":"/opt/airflow/dags/dag.py","lineno":14,"logger":"py.warnings"}
{"timestamp":"2025-12-29T03:47:21.190666Z","level":"warning","event":"The `airflow.operators.python.get_current_context` attribute is deprecated. Please use `'airflow.sdk.get_current_context'`.","category":"DeprecatedImportWarning","filename":"/opt/airflow/dags/dag.py","lineno":22,"logger":"py.warnings"}
{"timestamp":"2025-12-29T04:05:41.449016Z","level":"info","event":"Filling up the DagBag from /opt/airflow/dags/dag.py","logger":"airflow.models.dagbag.DagBag","filename":"dagbag.py","lineno":593}
{"timestamp":"2025-12-29T04:05:41.489242Z","level":"warning","event":"The `airflow.decorators.dag` attribute is deprecated. Please use `'airflow.sdk.dag'`.","category":"DeprecatedImportWarning","filename":"/opt/airflow/dags/dag.py","lineno":3,"logger":"py.warnings"}
{"timestamp":"2025-12-29T04:05:41.489300Z","level":"warning","event":"The `airflow.decorators.task` attribute is deprecated. Please use `'airflow.sdk.task'`.","category":"DeprecatedImportWarning","filename":"/opt/airflow/dags/dag.py","lineno":4,"logger":"py.warnings"}
{"timestamp":"2025-12-29T04:05:41.489327Z","level":"warning","event":"The `airflow.operators.empty.EmptyOperator` attribute is deprecated. Please use `'airflow.providers.standard.operators.empty.EmptyOperator'`.","category":"DeprecatedImportWarning","filename":"/opt/airflow/dags/dag.py","lineno":5,"logger":"py.warnings"}
{"timestamp":"2025-12-29T04:05:41.489349Z","level":"warning","event":"The `airflow.operators.python.get_current_context` attribute is deprecated. Please use `'airflow.sdk.get_current_context'`.","category":"DeprecatedImportWarning","filename":"/opt/airflow/dags/dag.py","lineno":7,"logger":"py.warnings"}
{"timestamp":"2025-12-29T04:05:41.489368Z","level":"warning","event":"The `airflow.models.param.Param` attribute is deprecated. Please use `'airflow.sdk.Param'`.","category":"DeprecatedImportWarning","filename":"/opt/airflow/dags/dag.py","lineno":14,"logger":"py.warnings"}
{"timestamp":"2025-12-29T04:05:41.489387Z","level":"warning","event":"The `airflow.operators.python.get_current_context` attribute is deprecated. Please use `'airflow.sdk.get_current_context'`.","category":"DeprecatedImportWarning","filename":"/opt/airflow/dags/dag.py","lineno":22,"logger":"py.warnings"}
{"timestamp":"2025-12-29T04:23:41.768609Z","level":"info","event":"Filling up the DagBag from /opt/airflow/dags/dag.py","logger":"airflow.models.dagbag.DagBag","filename":"dagbag.py","lineno":593}
{"timestamp":"2025-12-29T04:23:41.817263Z","level":"warning","event":"The `airflow.decorators.dag` attribute is deprecated. Please use `'airflow.sdk.dag'`.","category":"DeprecatedImportWarning","filename":"/opt/airflow/dags/dag.py","lineno":3,"logger":"py.warnings"}
{"timestamp":"2025-12-29T04:23:41.817317Z","level":"warning","event":"The `airflow.decorators.task` attribute is deprecated. Please use `'airflow.sdk.task'`.","category":"DeprecatedImportWarning","filename":"/opt/airflow/dags/dag.py","lineno":4,"logger":"py.warnings"}
{"timestamp":"2025-12-29T04:23:41.817341Z","level":"warning","event":"The `airflow.operators.empty.EmptyOperator` attribute is deprecated. Please use `'airflow.providers.standard.operators.empty.EmptyOperator'`.","category":"DeprecatedImportWarning","filename":"/opt/airflow/dags/dag.py","lineno":5,"logger":"py.warnings"}
{"timestamp":"2025-12-29T04:23:41.817361Z","level":"warning","event":"The `airflow.operators.python.get_current_context` attribute is deprecated. Please use `'airflow.sdk.get_current_context'`.","category":"DeprecatedImportWarning","filename":"/opt/airflow/dags/dag.py","lineno":7,"logger":"py.warnings"}
{"timestamp":"2025-12-29T04:23:41.817388Z","level":"warning","event":"The `airflow.models.param.Param` attribute is deprecated. Please use `'airflow.sdk.Param'`.","category":"DeprecatedImportWarning","filename":"/opt/airflow/dags/dag.py","lineno":14,"logger":"py.warnings"}
{"timestamp":"2025-12-29T04:23:41.817406Z","level":"warning","event":"The `airflow.operators.python.get_current_context` attribute is deprecated. Please use `'airflow.sdk.get_current_context'`.","category":"DeprecatedImportWarning","filename":"/opt/airflow/dags/dag.py","lineno":22,"logger":"py.warnings"}
{"timestamp":"2025-12-29T04:40:17.115166Z","level":"info","event":"Filling up the DagBag from /opt/airflow/dags/dag.py","logger":"airflow.models.dagbag.DagBag","filename":"dagbag.py","lineno":593}
{"timestamp":"2025-12-29T04:40:17.146325Z","level":"warning","event":"The `airflow.decorators.dag` attribute is deprecated. Please use `'airflow.sdk.dag'`.","category":"DeprecatedImportWarning","filename":"/opt/airflow/dags/dag.py","lineno":3,"logger":"py.warnings"}
{"timestamp":"2025-12-29T04:40:17.146394Z","level":"warning","event":"The `airflow.decorators.task` attribute is deprecated. Please use `'airflow.sdk.task'`.","category":"DeprecatedImportWarning","filename":"/opt/airflow/dags/dag.py","lineno":4,"logger":"py.warnings"}
{"timestamp":"2025-12-29T04:40:17.146424Z","level":"warning","event":"The `airflow.operators.empty.EmptyOperator` attribute is deprecated. Please use `'airflow.providers.standard.operators.empty.EmptyOperator'`.","category":"DeprecatedImportWarning","filename":"/opt/airflow/dags/dag.py","lineno":5,"logger":"py.warnings"}
{"timestamp":"2025-12-29T04:40:17.146455Z","level":"warning","event":"The `airflow.operators.python.get_current_context` attribute is deprecated. Please use `'airflow.sdk.get_current_context'`.","category":"DeprecatedImportWarning","filename":"/opt/airflow/dags/dag.py","lineno":7,"logger":"py.warnings"}
{"timestamp":"2025-12-29T04:40:17.146490Z","level":"warning","event":"The `airflow.models.param.Param` attribute is deprecated. Please use `'airflow.sdk.Param'`.","category":"DeprecatedImportWarning","filename":"/opt/airflow/dags/dag.py","lineno":14,"logger":"py.warnings"}
{"timestamp":"2025-12-29T04:40:17.146517Z","level":"warning","event":"The `airflow.operators.python.get_current_context` attribute is deprecated. Please use `'airflow.sdk.get_current_context'`.","category":"DeprecatedImportWarning","filename":"/opt/airflow/dags/dag.py","lineno":22,"logger":"py.warnings"}
{"timestamp":"2025-12-29T04:57:51.894303Z","level":"info","event":"Filling up the DagBag from /opt/airflow/dags/dag.py","logger":"airflow.models.dagbag.DagBag","filename":"dagbag.py","lineno":593}
{"timestamp":"2025-12-29T04:57:51.936845Z","level":"warning","event":"The `airflow.decorators.dag` attribute is deprecated. Please use `'airflow.sdk.dag'`.","category":"DeprecatedImportWarning","filename":"/opt/airflow/dags/dag.py","lineno":3,"logger":"py.warnings"}
{"timestamp":"2025-12-29T04:57:51.936900Z","level":"warning","event":"The `airflow.decorators.task` attribute is deprecated. Please use `'airflow.sdk.task'`.","category":"DeprecatedImportWarning","filename":"/opt/airflow/dags/dag.py","lineno":4,"logger":"py.warnings"}
{"timestamp":"2025-12-29T04:57:51.936924Z","level":"warning","event":"The `airflow.operators.empty.EmptyOperator` attribute is deprecated. Please use `'airflow.providers.standard.operators.empty.EmptyOperator'`.","category":"DeprecatedImportWarning","filename":"/opt/airflow/dags/dag.py","lineno":5,"logger":"py.warnings"}
{"timestamp":"2025-12-29T04:57:51.936946Z","level":"warning","event":"The `airflow.operators.python.get_current_context` attribute is deprecated. Please use `'airflow.sdk.get_current_context'`.","category":"DeprecatedImportWarning","filename":"/opt/airflow/dags/dag.py","lineno":7,"logger":"py.warnings"}
{"timestamp":"2025-12-29T04:57:51.936967Z","level":"warning","event":"The `airflow.models.param.Param` attribute is deprecated. Please use `'airflow.sdk.Param'`.","category":"DeprecatedImportWarning","filename":"/opt/airflow/dags/dag.py","lineno":14,"logger":"py.warnings"}
{"timestamp":"2025-12-29T04:57:51.936986Z","level":"warning","event":"The `airflow.operators.python.get_current_context` attribute is deprecated. Please use `'airflow.sdk.get_current_context'`.","category":"DeprecatedImportWarning","filename":"/opt/airflow/dags/dag.py","lineno":22,"logger":"py.warnings"}
{"timestamp":"2025-12-29T05:15:22.803628Z","level":"info","event":"Filling up the DagBag from /opt/airflow/dags/dag.py","logger":"airflow.models.dagbag.DagBag","filename":"dagbag.py","lineno":593}
{"timestamp":"2025-12-29T05:15:22.829843Z","level":"warning","event":"The `airflow.decorators.dag` attribute is deprecated. Please use `'airflow.sdk.dag'`.","category":"DeprecatedImportWarning","filename":"/opt/airflow/dags/dag.py","lineno":3,"logger":"py.warnings"}
{"timestamp":"2025-12-29T05:15:22.829895Z","level":"warning","event":"The `airflow.decorators.task` attribute is deprecated. Please use `'airflow.sdk.task'`.","category":"DeprecatedImportWarning","filename":"/opt/airflow/dags/dag.py","lineno":4,"logger":"py.warnings"}
{"timestamp":"2025-12-29T05:15:22.829920Z","level":"warning","event":"The `airflow.operators.empty.EmptyOperator` attribute is deprecated. Please use `'airflow.providers.standard.operators.empty.EmptyOperator'`.","category":"DeprecatedImportWarning","filename":"/opt/airflow/dags/dag.py","lineno":5,"logger":"py.warnings"}
{"timestamp":"2025-12-29T05:15:22.829941Z","level":"warning","event":"The `airflow.operators.python.get_current_context` attribute is deprecated. Please use `'airflow.sdk.get_current_context'`.","category":"DeprecatedImportWarning","filename":"/opt/airflow/dags/dag.py","lineno":7,"logger":"py.warnings"}
{"timestamp":"2025-12-29T05:15:22.829961Z","level":"warning","event":"The `airflow.models.param.Param` attribute is deprecated. Please use `'airflow.sdk.Param'`.","category":"DeprecatedImportWarning","filename":"/opt/airflow/dags/dag.py","lineno":14,"logger":"py.warnings"}
{"timestamp":"2025-12-29T05:15:22.829980Z","level":"warning","event":"The `airflow.operators.python.get_current_context` attribute is deprecated. Please use `'airflow.sdk.get_current_context'`.","category":"DeprecatedImportWarning","filename":"/opt/airflow/dags/dag.py","lineno":22,"logger":"py.warnings"}
{"timestamp":"2025-12-29T05:15:53.282489Z","level":"info","event":"Filling up the DagBag from /opt/airflow/dags/dag.py","logger":"airflow.models.dagbag.DagBag","filename":"dagbag.py","lineno":593}
{"timestamp":"2025-12-29T05:15:53.324037Z","level":"warning","event":"The `airflow.decorators.dag` attribute is deprecated. Please use `'airflow.sdk.dag'`.","category":"DeprecatedImportWarning","filename":"/opt/airflow/dags/dag.py","lineno":3,"logger":"py.warnings"}
{"timestamp":"2025-12-29T05:15:53.324107Z","level":"warning","event":"The `airflow.decorators.task` attribute is deprecated. Please use `'airflow.sdk.task'`.","category":"DeprecatedImportWarning","filename":"/opt/airflow/dags/dag.py","lineno":4,"logger":"py.warnings"}
{"timestamp":"2025-12-29T05:15:53.324133Z","level":"warning","event":"The `airflow.operators.empty.EmptyOperator` attribute is deprecated. Please use `'airflow.providers.standard.operators.empty.EmptyOperator'`.","category":"DeprecatedImportWarning","filename":"/opt/airflow/dags/dag.py","lineno":5,"logger":"py.warnings"}
{"timestamp":"2025-12-29T05:15:53.324155Z","level":"warning","event":"The `airflow.operators.python.get_current_context` attribute is deprecated. Please use `'airflow.sdk.get_current_context'`.","category":"DeprecatedImportWarning","filename":"/opt/airflow/dags/dag.py","lineno":7,"logger":"py.warnings"}
{"timestamp":"2025-12-29T05:15:53.324182Z","level":"warning","event":"The `airflow.models.param.Param` attribute is deprecated. Please use `'airflow.sdk.Param'`.","category":"DeprecatedImportWarning","filename":"/opt/airflow/dags/dag.py","lineno":14,"logger":"py.warnings"}
{"timestamp":"2025-12-29T05:15:53.324201Z","level":"warning","event":"The `airflow.operators.python.get_current_context` attribute is deprecated. Please use `'airflow.sdk.get_current_context'`.","category":"DeprecatedImportWarning","filename":"/opt/airflow/dags/dag.py","lineno":22,"logger":"py.warnings"}
{"timestamp":"2025-12-29T05:16:23.786344Z","level":"info","event":"Filling up the DagBag from /opt/airflow/dags/dag.py","logger":"airflow.models.dagbag.DagBag","filename":"dagbag.py","lineno":593}
{"timestamp":"2025-12-29T05:16:23.823095Z","level":"warning","event":"The `airflow.decorators.dag` attribute is deprecated. Please use `'airflow.sdk.dag'`.","category":"DeprecatedImportWarning","filename":"/opt/airflow/dags/dag.py","lineno":3,"logger":"py.warnings"}
{"timestamp":"2025-12-29T05:16:23.823152Z","level":"warning","event":"The `airflow.decorators.task` attribute is deprecated. Please use `'airflow.sdk.task'`.","category":"DeprecatedImportWarning","filename":"/opt/airflow/dags/dag.py","lineno":4,"logger":"py.warnings"}
{"timestamp":"2025-12-29T05:16:23.823180Z","level":"warning","event":"The `airflow.operators.empty.EmptyOperator` attribute is deprecated. Please use `'airflow.providers.standard.operators.empty.EmptyOperator'`.","category":"DeprecatedImportWarning","filename":"/opt/airflow/dags/dag.py","lineno":5,"logger":"py.warnings"}
{"timestamp":"2025-12-29T05:16:23.823206Z","level":"warning","event":"The `airflow.operators.python.get_current_context` attribute is deprecated. Please use `'airflow.sdk.get_current_context'`.","category":"DeprecatedImportWarning","filename":"/opt/airflow/dags/dag.py","lineno":7,"logger":"py.warnings"}
{"timestamp":"2025-12-29T05:16:23.823233Z","level":"warning","event":"The `airflow.models.param.Param` attribute is deprecated. Please use `'airflow.sdk.Param'`.","category":"DeprecatedImportWarning","filename":"/opt/airflow/dags/dag.py","lineno":14,"logger":"py.warnings"}
{"timestamp":"2025-12-29T05:16:23.823251Z","level":"warning","event":"The `airflow.operators.python.get_current_context` attribute is deprecated. Please use `'airflow.sdk.get_current_context'`.","category":"DeprecatedImportWarning","filename":"/opt/airflow/dags/dag.py","lineno":22,"logger":"py.warnings"}
{"timestamp":"2025-12-29T05:37:45.520251Z","level":"info","event":"Filling up the DagBag from /opt/airflow/dags/dag.py","logger":"airflow.models.dagbag.DagBag","filename":"dagbag.py","lineno":593}
{"timestamp":"2025-12-29T05:37:45.580270Z","level":"warning","event":"The `airflow.decorators.dag` attribute is deprecated. Please use `'airflow.sdk.dag'`.","category":"DeprecatedImportWarning","filename":"/opt/airflow/dags/dag.py","lineno":3,"logger":"py.warnings"}
{"timestamp":"2025-12-29T05:37:45.580378Z","level":"warning","event":"The `airflow.decorators.task` attribute is deprecated. Please use `'airflow.sdk.task'`.","category":"DeprecatedImportWarning","filename":"/opt/airflow/dags/dag.py","lineno":4,"logger":"py.warnings"}
{"timestamp":"2025-12-29T05:37:45.580417Z","level":"warning","event":"The `airflow.operators.empty.EmptyOperator` attribute is deprecated. Please use `'airflow.providers.standard.operators.empty.EmptyOperator'`.","category":"DeprecatedImportWarning","filename":"/opt/airflow/dags/dag.py","lineno":5,"logger":"py.warnings"}
{"timestamp":"2025-12-29T05:37:45.580449Z","level":"warning","event":"The `airflow.operators.python.get_current_context` attribute is deprecated. Please use `'airflow.sdk.get_current_context'`.","category":"DeprecatedImportWarning","filename":"/opt/airflow/dags/dag.py","lineno":7,"logger":"py.warnings"}
{"timestamp":"2025-12-29T05:37:45.580480Z","level":"warning","event":"The `airflow.models.param.Param` attribute is deprecated. Please use `'airflow.sdk.Param'`.","category":"DeprecatedImportWarning","filename":"/opt/airflow/dags/dag.py","lineno":14,"logger":"py.warnings"}
{"timestamp":"2025-12-29T05:37:45.580508Z","level":"warning","event":"The `airflow.operators.python.get_current_context` attribute is deprecated. Please use `'airflow.sdk.get_current_context'`.","category":"DeprecatedImportWarning","filename":"/opt/airflow/dags/dag.py","lineno":22,"logger":"py.warnings"}
{"timestamp":"2025-12-29T05:54:43.905718Z","level":"info","event":"Filling up the DagBag from /opt/airflow/dags/dag.py","logger":"airflow.models.dagbag.DagBag","filename":"dagbag.py","lineno":593}
{"timestamp":"2025-12-29T05:54:43.945479Z","level":"warning","event":"The `airflow.decorators.dag` attribute is deprecated. Please use `'airflow.sdk.dag'`.","category":"DeprecatedImportWarning","filename":"/opt/airflow/dags/dag.py","lineno":3,"logger":"py.warnings"}
{"timestamp":"2025-12-29T05:54:43.945534Z","level":"warning","event":"The `airflow.decorators.task` attribute is deprecated. Please use `'airflow.sdk.task'`.","category":"DeprecatedImportWarning","filename":"/opt/airflow/dags/dag.py","lineno":4,"logger":"py.warnings"}
{"timestamp":"2025-12-29T05:54:43.945558Z","level":"warning","event":"The `airflow.operators.empty.EmptyOperator` attribute is deprecated. Please use `'airflow.providers.standard.operators.empty.EmptyOperator'`.","category":"DeprecatedImportWarning","filename":"/opt/airflow/dags/dag.py","lineno":5,"logger":"py.warnings"}
{"timestamp":"2025-12-29T05:54:43.945577Z","level":"warning","event":"The `airflow.operators.python.get_current_context` attribute is deprecated. Please use `'airflow.sdk.get_current_context'`.","category":"DeprecatedImportWarning","filename":"/opt/airflow/dags/dag.py","lineno":7,"logger":"py.warnings"}
{"timestamp":"2025-12-29T05:54:43.945594Z","level":"warning","event":"The `airflow.models.param.Param` attribute is deprecated. Please use `'airflow.sdk.Param'`.","category":"DeprecatedImportWarning","filename":"/opt/airflow/dags/dag.py","lineno":14,"logger":"py.warnings"}
{"timestamp":"2025-12-29T05:54:43.945611Z","level":"warning","event":"The `airflow.operators.python.get_current_context` attribute is deprecated. Please use `'airflow.sdk.get_current_context'`.","category":"DeprecatedImportWarning","filename":"/opt/airflow/dags/dag.py","lineno":22,"logger":"py.warnings"}
{"timestamp":"2025-12-29T06:11:30.252109Z","level":"info","event":"Filling up the DagBag from /opt/airflow/dags/dag.py","logger":"airflow.models.dagbag.DagBag","filename":"dagbag.py","lineno":593}
{"timestamp":"2025-12-29T06:11:30.306675Z","level":"warning","event":"The `airflow.decorators.dag` attribute is deprecated. Please use `'airflow.sdk.dag'`.","category":"DeprecatedImportWarning","filename":"/opt/airflow/dags/dag.py","lineno":3,"logger":"py.warnings"}
{"timestamp":"2025-12-29T06:11:30.306782Z","level":"warning","event":"The `airflow.decorators.task` attribute is deprecated. Please use `'airflow.sdk.task'`.","category":"DeprecatedImportWarning","filename":"/opt/airflow/dags/dag.py","lineno":4,"logger":"py.warnings"}
{"timestamp":"2025-12-29T06:11:30.306836Z","level":"warning","event":"The `airflow.operators.empty.EmptyOperator` attribute is deprecated. Please use `'airflow.providers.standard.operators.empty.EmptyOperator'`.","category":"DeprecatedImportWarning","filename":"/opt/airflow/dags/dag.py","lineno":5,"logger":"py.warnings"}
{"timestamp":"2025-12-29T06:11:30.306861Z","level":"warning","event":"The `airflow.operators.python.get_current_context` attribute is deprecated. Please use `'airflow.sdk.get_current_context'`.","category":"DeprecatedImportWarning","filename":"/opt/airflow/dags/dag.py","lineno":7,"logger":"py.warnings"}
{"timestamp":"2025-12-29T06:11:30.306910Z","level":"warning","event":"The `airflow.models.param.Param` attribute is deprecated. Please use `'airflow.sdk.Param'`.","category":"DeprecatedImportWarning","filename":"/opt/airflow/dags/dag.py","lineno":14,"logger":"py.warnings"}
{"timestamp":"2025-12-29T06:11:30.306966Z","level":"warning","event":"The `airflow.operators.python.get_current_context` attribute is deprecated. Please use `'airflow.sdk.get_current_context'`.","category":"DeprecatedImportWarning","filename":"/opt/airflow/dags/dag.py","lineno":22,"logger":"py.warnings"}
{"timestamp":"2025-12-29T06:29:23.676922Z","level":"info","event":"Filling up the DagBag from /opt/airflow/dags/dag.py","logger":"airflow.models.dagbag.DagBag","filename":"dagbag.py","lineno":593}
{"timestamp":"2025-12-29T06:29:23.721828Z","level":"warning","event":"The `airflow.decorators.dag` attribute is deprecated. Please use `'airflow.sdk.dag'`.","category":"DeprecatedImportWarning","filename":"/opt/airflow/dags/dag.py","lineno":3,"logger":"py.warnings"}
{"timestamp":"2025-12-29T06:29:23.722358Z","level":"warning","event":"The `airflow.decorators.task` attribute is deprecated. Please use `'airflow.sdk.task'`.","category":"DeprecatedImportWarning","filename":"/opt/airflow/dags/dag.py","lineno":4,"logger":"py.warnings"}
{"timestamp":"2025-12-29T06:29:23.722409Z","level":"warning","event":"The `airflow.operators.empty.EmptyOperator` attribute is deprecated. Please use `'airflow.providers.standard.operators.empty.EmptyOperator'`.","category":"DeprecatedImportWarning","filename":"/opt/airflow/dags/dag.py","lineno":5,"logger":"py.warnings"}
{"timestamp":"2025-12-29T06:29:23.722453Z","level":"warning","event":"The `airflow.operators.python.get_current_context` attribute is deprecated. Please use `'airflow.sdk.get_current_context'`.","category":"DeprecatedImportWarning","filename":"/opt/airflow/dags/dag.py","lineno":7,"logger":"py.warnings"}
{"timestamp":"2025-12-29T06:29:23.722476Z","level":"warning","event":"The `airflow.models.param.Param` attribute is deprecated. Please use `'airflow.sdk.Param'`.","category":"DeprecatedImportWarning","filename":"/opt/airflow/dags/dag.py","lineno":14,"logger":"py.warnings"}
{"timestamp":"2025-12-29T06:29:23.722505Z","level":"warning","event":"The `airflow.operators.python.get_current_context` attribute is deprecated. Please use `'airflow.sdk.get_current_context'`.","category":"DeprecatedImportWarning","filename":"/opt/airflow/dags/dag.py","lineno":22,"logger":"py.warnings"}
{"timestamp":"2025-12-29T06:46:36.959784Z","level":"info","event":"Filling up the DagBag from /opt/airflow/dags/dag.py","logger":"airflow.models.dagbag.DagBag","filename":"dagbag.py","lineno":593}
{"timestamp":"2025-12-29T06:46:37.000182Z","level":"warning","event":"The `airflow.decorators.dag` attribute is deprecated. Please use `'airflow.sdk.dag'`.","category":"DeprecatedImportWarning","filename":"/opt/airflow/dags/dag.py","lineno":3,"logger":"py.warnings"}
{"timestamp":"2025-12-29T06:46:37.000235Z","level":"warning","event":"The `airflow.decorators.task` attribute is deprecated. Please use `'airflow.sdk.task'`.","category":"DeprecatedImportWarning","filename":"/opt/airflow/dags/dag.py","lineno":4,"logger":"py.warnings"}
{"timestamp":"2025-12-29T06:46:37.000260Z","level":"warning","event":"The `airflow.operators.empty.EmptyOperator` attribute is deprecated. Please use `'airflow.providers.standard.operators.empty.EmptyOperator'`.","category":"DeprecatedImportWarning","filename":"/opt/airflow/dags/dag.py","lineno":5,"logger":"py.warnings"}
{"timestamp":"2025-12-29T06:46:37.000297Z","level":"warning","event":"The `airflow.operators.python.get_current_context` attribute is deprecated. Please use `'airflow.sdk.get_current_context'`.","category":"DeprecatedImportWarning","filename":"/opt/airflow/dags/dag.py","lineno":7,"logger":"py.warnings"}
{"timestamp":"2025-12-29T06:46:37.000319Z","level":"warning","event":"The `airflow.models.param.Param` attribute is deprecated. Please use `'airflow.sdk.Param'`.","category":"DeprecatedImportWarning","filename":"/opt/airflow/dags/dag.py","lineno":14,"logger":"py.warnings"}
{"timestamp":"2025-12-29T06:46:37.000337Z","level":"warning","event":"The `airflow.operators.python.get_current_context` attribute is deprecated. Please use `'airflow.sdk.get_current_context'`.","category":"DeprecatedImportWarning","filename":"/opt/airflow/dags/dag.py","lineno":22,"logger":"py.warnings"}
{"timestamp":"2025-12-29T07:03:42.308330Z","level":"info","event":"Filling up the DagBag from /opt/airflow/dags/dag.py","logger":"airflow.models.dagbag.DagBag","filename":"dagbag.py","lineno":593}
{"timestamp":"2025-12-29T07:03:42.341222Z","level":"warning","event":"The `airflow.decorators.dag` attribute is deprecated. Please use `'airflow.sdk.dag'`.","category":"DeprecatedImportWarning","filename":"/opt/airflow/dags/dag.py","lineno":3,"logger":"py.warnings"}
{"timestamp":"2025-12-29T07:03:42.341276Z","level":"warning","event":"The `airflow.decorators.task` attribute is deprecated. Please use `'airflow.sdk.task'`.","category":"DeprecatedImportWarning","filename":"/opt/airflow/dags/dag.py","lineno":4,"logger":"py.warnings"}
{"timestamp":"2025-12-29T07:03:42.341304Z","level":"warning","event":"The `airflow.operators.empty.EmptyOperator` attribute is deprecated. Please use `'airflow.providers.standard.operators.empty.EmptyOperator'`.","category":"DeprecatedImportWarning","filename":"/opt/airflow/dags/dag.py","lineno":5,"logger":"py.warnings"}
{"timestamp":"2025-12-29T07:03:42.341325Z","level":"warning","event":"The `airflow.operators.python.get_current_context` attribute is deprecated. Please use `'airflow.sdk.get_current_context'`.","category":"DeprecatedImportWarning","filename":"/opt/airflow/dags/dag.py","lineno":7,"logger":"py.warnings"}
{"timestamp":"2025-12-29T07:03:42.341346Z","level":"warning","event":"The `airflow.models.param.Param` attribute is deprecated. Please use `'airflow.sdk.Param'`.","category":"DeprecatedImportWarning","filename":"/opt/airflow/dags/dag.py","lineno":14,"logger":"py.warnings"}
{"timestamp":"2025-12-29T07:03:42.341377Z","level":"warning","event":"The `airflow.operators.python.get_current_context` attribute is deprecated. Please use `'airflow.sdk.get_current_context'`.","category":"DeprecatedImportWarning","filename":"/opt/airflow/dags/dag.py","lineno":22,"logger":"py.warnings"}
{"timestamp":"2025-12-29T07:21:31.697890Z","level":"info","event":"Filling up the DagBag from /opt/airflow/dags/dag.py","logger":"airflow.models.dagbag.DagBag","filename":"dagbag.py","lineno":593}
{"timestamp":"2025-12-29T07:21:31.734106Z","level":"warning","event":"The `airflow.decorators.dag` attribute is deprecated. Please use `'airflow.sdk.dag'`.","category":"DeprecatedImportWarning","filename":"/opt/airflow/dags/dag.py","lineno":3,"logger":"py.warnings"}
{"timestamp":"2025-12-29T07:21:31.734362Z","level":"warning","event":"The `airflow.decorators.task` attribute is deprecated. Please use `'airflow.sdk.task'`.","category":"DeprecatedImportWarning","filename":"/opt/airflow/dags/dag.py","lineno":4,"logger":"py.warnings"}
{"timestamp":"2025-12-29T07:21:31.734406Z","level":"warning","event":"The `airflow.operators.empty.EmptyOperator` attribute is deprecated. Please use `'airflow.providers.standard.operators.empty.EmptyOperator'`.","category":"DeprecatedImportWarning","filename":"/opt/airflow/dags/dag.py","lineno":5,"logger":"py.warnings"}
{"timestamp":"2025-12-29T07:21:31.734428Z","level":"warning","event":"The `airflow.operators.python.get_current_context` attribute is deprecated. Please use `'airflow.sdk.get_current_context'`.","category":"DeprecatedImportWarning","filename":"/opt/airflow/dags/dag.py","lineno":7,"logger":"py.warnings"}
{"timestamp":"2025-12-29T07:21:31.734448Z","level":"warning","event":"The `airflow.models.param.Param` attribute is deprecated. Please use `'airflow.sdk.Param'`.","category":"DeprecatedImportWarning","filename":"/opt/airflow/dags/dag.py","lineno":14,"logger":"py.warnings"}
{"timestamp":"2025-12-29T07:21:31.734466Z","level":"warning","event":"The `airflow.operators.python.get_current_context` attribute is deprecated. Please use `'airflow.sdk.get_current_context'`.","category":"DeprecatedImportWarning","filename":"/opt/airflow/dags/dag.py","lineno":22,"logger":"py.warnings"}
{"timestamp":"2025-12-29T07:22:02.181659Z","level":"info","event":"Filling up the DagBag from /opt/airflow/dags/dag.py","logger":"airflow.models.dagbag.DagBag","filename":"dagbag.py","lineno":593}
{"timestamp":"2025-12-29T07:22:02.216345Z","level":"warning","event":"The `airflow.decorators.dag` attribute is deprecated. Please use `'airflow.sdk.dag'`.","category":"DeprecatedImportWarning","filename":"/opt/airflow/dags/dag.py","lineno":3,"logger":"py.warnings"}
{"timestamp":"2025-12-29T07:22:02.216410Z","level":"warning","event":"The `airflow.decorators.task` attribute is deprecated. Please use `'airflow.sdk.task'`.","category":"DeprecatedImportWarning","filename":"/opt/airflow/dags/dag.py","lineno":4,"logger":"py.warnings"}
{"timestamp":"2025-12-29T07:22:02.216456Z","level":"warning","event":"The `airflow.operators.empty.EmptyOperator` attribute is deprecated. Please use `'airflow.providers.standard.operators.empty.EmptyOperator'`.","category":"DeprecatedImportWarning","filename":"/opt/airflow/dags/dag.py","lineno":5,"logger":"py.warnings"}
{"timestamp":"2025-12-29T07:22:02.216497Z","level":"warning","event":"The `airflow.operators.python.get_current_context` attribute is deprecated. Please use `'airflow.sdk.get_current_context'`.","category":"DeprecatedImportWarning","filename":"/opt/airflow/dags/dag.py","lineno":7,"logger":"py.warnings"}
{"timestamp":"2025-12-29T07:22:02.216545Z","level":"warning","event":"The `airflow.models.param.Param` attribute is deprecated. Please use `'airflow.sdk.Param'`.","category":"DeprecatedImportWarning","filename":"/opt/airflow/dags/dag.py","lineno":14,"logger":"py.warnings"}
{"timestamp":"2025-12-29T07:22:02.216578Z","level":"warning","event":"The `airflow.operators.python.get_current_context` attribute is deprecated. Please use `'airflow.sdk.get_current_context'`.","category":"DeprecatedImportWarning","filename":"/opt/airflow/dags/dag.py","lineno":22,"logger":"py.warnings"}
{"timestamp":"2025-12-29T07:40:15.085292Z","level":"info","event":"Filling up the DagBag from /opt/airflow/dags/dag.py","logger":"airflow.models.dagbag.DagBag","filename":"dagbag.py","lineno":593}
{"timestamp":"2025-12-29T07:40:15.129787Z","level":"warning","event":"The `airflow.decorators.dag` attribute is deprecated. Please use `'airflow.sdk.dag'`.","category":"DeprecatedImportWarning","filename":"/opt/airflow/dags/dag.py","lineno":3,"logger":"py.warnings"}
{"timestamp":"2025-12-29T07:40:15.129856Z","level":"warning","event":"The `airflow.decorators.task` attribute is deprecated. Please use `'airflow.sdk.task'`.","category":"DeprecatedImportWarning","filename":"/opt/airflow/dags/dag.py","lineno":4,"logger":"py.warnings"}
{"timestamp":"2025-12-29T07:40:15.129895Z","level":"warning","event":"The `airflow.operators.empty.EmptyOperator` attribute is deprecated. Please use `'airflow.providers.standard.operators.empty.EmptyOperator'`.","category":"DeprecatedImportWarning","filename":"/opt/airflow/dags/dag.py","lineno":5,"logger":"py.warnings"}
{"timestamp":"2025-12-29T07:40:15.129917Z","level":"warning","event":"The `airflow.operators.python.get_current_context` attribute is deprecated. Please use `'airflow.sdk.get_current_context'`.","category":"DeprecatedImportWarning","filename":"/opt/airflow/dags/dag.py","lineno":7,"logger":"py.warnings"}
{"timestamp":"2025-12-29T07:40:15.129938Z","level":"warning","event":"The `airflow.models.param.Param` attribute is deprecated. Please use `'airflow.sdk.Param'`.","category":"DeprecatedImportWarning","filename":"/opt/airflow/dags/dag.py","lineno":14,"logger":"py.warnings"}
{"timestamp":"2025-12-29T07:40:15.129959Z","level":"warning","event":"The `airflow.operators.python.get_current_context` attribute is deprecated. Please use `'airflow.sdk.get_current_context'`.","category":"DeprecatedImportWarning","filename":"/opt/airflow/dags/dag.py","lineno":22,"logger":"py.warnings"}
{"timestamp":"2025-12-29T07:57:47.515528Z","level":"info","event":"Filling up the DagBag from /opt/airflow/dags/dag.py","logger":"airflow.models.dagbag.DagBag","filename":"dagbag.py","lineno":593}
{"timestamp":"2025-12-29T07:57:47.562113Z","level":"warning","event":"The `airflow.decorators.dag` attribute is deprecated. Please use `'airflow.sdk.dag'`.","category":"DeprecatedImportWarning","filename":"/opt/airflow/dags/dag.py","lineno":3,"logger":"py.warnings"}
{"timestamp":"2025-12-29T07:57:47.562206Z","level":"warning","event":"The `airflow.decorators.task` attribute is deprecated. Please use `'airflow.sdk.task'`.","category":"DeprecatedImportWarning","filename":"/opt/airflow/dags/dag.py","lineno":4,"logger":"py.warnings"}
{"timestamp":"2025-12-29T07:57:47.562238Z","level":"warning","event":"The `airflow.operators.empty.EmptyOperator` attribute is deprecated. Please use `'airflow.providers.standard.operators.empty.EmptyOperator'`.","category":"DeprecatedImportWarning","filename":"/opt/airflow/dags/dag.py","lineno":5,"logger":"py.warnings"}
{"timestamp":"2025-12-29T07:57:47.562274Z","level":"warning","event":"The `airflow.operators.python.get_current_context` attribute is deprecated. Please use `'airflow.sdk.get_current_context'`.","category":"DeprecatedImportWarning","filename":"/opt/airflow/dags/dag.py","lineno":7,"logger":"py.warnings"}
{"timestamp":"2025-12-29T07:57:47.562308Z","level":"warning","event":"The `airflow.models.param.Param` attribute is deprecated. Please use `'airflow.sdk.Param'`.","category":"DeprecatedImportWarning","filename":"/opt/airflow/dags/dag.py","lineno":14,"logger":"py.warnings"}
{"timestamp":"2025-12-29T07:57:47.562343Z","level":"warning","event":"The `airflow.operators.python.get_current_context` attribute is deprecated. Please use `'airflow.sdk.get_current_context'`.","category":"DeprecatedImportWarning","filename":"/opt/airflow/dags/dag.py","lineno":22,"logger":"py.warnings"}
{"timestamp":"2025-12-29T08:14:23.744754Z","level":"info","event":"Filling up the DagBag from /opt/airflow/dags/dag.py","logger":"airflow.models.dagbag.DagBag","filename":"dagbag.py","lineno":593}
{"timestamp":"2025-12-29T08:14:23.777096Z","level":"warning","event":"The `airflow.decorators.dag` attribute is deprecated. Please use `'airflow.sdk.dag'`.","category":"DeprecatedImportWarning","filename":"/opt/airflow/dags/dag.py","lineno":3,"logger":"py.warnings"}
{"timestamp":"2025-12-29T08:14:23.777152Z","level":"warning","event":"The `airflow.decorators.task` attribute is deprecated. Please use `'airflow.sdk.task'`.","category":"DeprecatedImportWarning","filename":"/opt/airflow/dags/dag.py","lineno":4,"logger":"py.warnings"}
{"timestamp":"2025-12-29T08:14:23.777181Z","level":"warning","event":"The `airflow.operators.empty.EmptyOperator` attribute is deprecated. Please use `'airflow.providers.standard.operators.empty.EmptyOperator'`.","category":"DeprecatedImportWarning","filename":"/opt/airflow/dags/dag.py","lineno":5,"logger":"py.warnings"}
{"timestamp":"2025-12-29T08:14:23.777205Z","level":"warning","event":"The `airflow.operators.python.get_current_context` attribute is deprecated. Please use `'airflow.sdk.get_current_context'`.","category":"DeprecatedImportWarning","filename":"/opt/airflow/dags/dag.py","lineno":7,"logger":"py.warnings"}
{"timestamp":"2025-12-29T08:14:23.777225Z","level":"warning","event":"The `airflow.models.param.Param` attribute is deprecated. Please use `'airflow.sdk.Param'`.","category":"DeprecatedImportWarning","filename":"/opt/airflow/dags/dag.py","lineno":14,"logger":"py.warnings"}
{"timestamp":"2025-12-29T08:14:23.777248Z","level":"warning","event":"The `airflow.operators.python.get_current_context` attribute is deprecated. Please use `'airflow.sdk.get_current_context'`.","category":"DeprecatedImportWarning","filename":"/opt/airflow/dags/dag.py","lineno":22,"logger":"py.warnings"}
{"timestamp":"2025-12-29T08:38:46.878453Z","level":"info","event":"Filling up the DagBag from /opt/airflow/dags/dag.py","logger":"airflow.models.dagbag.DagBag","filename":"dagbag.py","lineno":593}
{"timestamp":"2025-12-29T08:38:46.922068Z","level":"warning","event":"The `airflow.decorators.dag` attribute is deprecated. Please use `'airflow.sdk.dag'`.","category":"DeprecatedImportWarning","filename":"/opt/airflow/dags/dag.py","lineno":3,"logger":"py.warnings"}
{"timestamp":"2025-12-29T08:38:46.922123Z","level":"warning","event":"The `airflow.decorators.task` attribute is deprecated. Please use `'airflow.sdk.task'`.","category":"DeprecatedImportWarning","filename":"/opt/airflow/dags/dag.py","lineno":4,"logger":"py.warnings"}
{"timestamp":"2025-12-29T08:38:46.922148Z","level":"warning","event":"The `airflow.operators.empty.EmptyOperator` attribute is deprecated. Please use `'airflow.providers.standard.operators.empty.EmptyOperator'`.","category":"DeprecatedImportWarning","filename":"/opt/airflow/dags/dag.py","lineno":5,"logger":"py.warnings"}
{"timestamp":"2025-12-29T08:38:46.922171Z","level":"warning","event":"The `airflow.operators.python.get_current_context` attribute is deprecated. Please use `'airflow.sdk.get_current_context'`.","category":"DeprecatedImportWarning","filename":"/opt/airflow/dags/dag.py","lineno":7,"logger":"py.warnings"}
{"timestamp":"2025-12-29T08:38:46.922197Z","level":"warning","event":"The `airflow.models.param.Param` attribute is deprecated. Please use `'airflow.sdk.Param'`.","category":"DeprecatedImportWarning","filename":"/opt/airflow/dags/dag.py","lineno":14,"logger":"py.warnings"}
{"timestamp":"2025-12-29T08:38:46.922216Z","level":"warning","event":"The `airflow.operators.python.get_current_context` attribute is deprecated. Please use `'airflow.sdk.get_current_context'`.","category":"DeprecatedImportWarning","filename":"/opt/airflow/dags/dag.py","lineno":22,"logger":"py.warnings"}
{"timestamp":"2025-12-29T08:54:47.245342Z","level":"info","event":"Filling up the DagBag from /opt/airflow/dags/dag.py","logger":"airflow.models.dagbag.DagBag","filename":"dagbag.py","lineno":593}
{"timestamp":"2025-12-29T08:54:47.271247Z","level":"warning","event":"The `airflow.decorators.dag` attribute is deprecated. Please use `'airflow.sdk.dag'`.","category":"DeprecatedImportWarning","filename":"/opt/airflow/dags/dag.py","lineno":3,"logger":"py.warnings"}
{"timestamp":"2025-12-29T08:54:47.271299Z","level":"warning","event":"The `airflow.decorators.task` attribute is deprecated. Please use `'airflow.sdk.task'`.","category":"DeprecatedImportWarning","filename":"/opt/airflow/dags/dag.py","lineno":4,"logger":"py.warnings"}
{"timestamp":"2025-12-29T08:54:47.271323Z","level":"warning","event":"The `airflow.operators.empty.EmptyOperator` attribute is deprecated. Please use `'airflow.providers.standard.operators.empty.EmptyOperator'`.","category":"DeprecatedImportWarning","filename":"/opt/airflow/dags/dag.py","lineno":5,"logger":"py.warnings"}
{"timestamp":"2025-12-29T08:54:47.271344Z","level":"warning","event":"The `airflow.operators.python.get_current_context` attribute is deprecated. Please use `'airflow.sdk.get_current_context'`.","category":"DeprecatedImportWarning","filename":"/opt/airflow/dags/dag.py","lineno":7,"logger":"py.warnings"}
{"timestamp":"2025-12-29T08:54:47.271364Z","level":"warning","event":"The `airflow.models.param.Param` attribute is deprecated. Please use `'airflow.sdk.Param'`.","category":"DeprecatedImportWarning","filename":"/opt/airflow/dags/dag.py","lineno":14,"logger":"py.warnings"}
{"timestamp":"2025-12-29T08:54:47.271382Z","level":"warning","event":"The `airflow.operators.python.get_current_context` attribute is deprecated. Please use `'airflow.sdk.get_current_context'`.","category":"DeprecatedImportWarning","filename":"/opt/airflow/dags/dag.py","lineno":22,"logger":"py.warnings"}
{"timestamp":"2025-12-29T08:55:17.699029Z","level":"info","event":"Filling up the DagBag from /opt/airflow/dags/dag.py","logger":"airflow.models.dagbag.DagBag","filename":"dagbag.py","lineno":593}
{"timestamp":"2025-12-29T08:55:17.733702Z","level":"warning","event":"The `airflow.decorators.dag` attribute is deprecated. Please use `'airflow.sdk.dag'`.","category":"DeprecatedImportWarning","filename":"/opt/airflow/dags/dag.py","lineno":3,"logger":"py.warnings"}
{"timestamp":"2025-12-29T08:55:17.733763Z","level":"warning","event":"The `airflow.decorators.task` attribute is deprecated. Please use `'airflow.sdk.task'`.","category":"DeprecatedImportWarning","filename":"/opt/airflow/dags/dag.py","lineno":4,"logger":"py.warnings"}
{"timestamp":"2025-12-29T08:55:17.733788Z","level":"warning","event":"The `airflow.operators.empty.EmptyOperator` attribute is deprecated. Please use `'airflow.providers.standard.operators.empty.EmptyOperator'`.","category":"DeprecatedImportWarning","filename":"/opt/airflow/dags/dag.py","lineno":5,"logger":"py.warnings"}
{"timestamp":"2025-12-29T08:55:17.733809Z","level":"warning","event":"The `airflow.operators.python.get_current_context` attribute is deprecated. Please use `'airflow.sdk.get_current_context'`.","category":"DeprecatedImportWarning","filename":"/opt/airflow/dags/dag.py","lineno":7,"logger":"py.warnings"}
{"timestamp":"2025-12-29T08:55:17.733830Z","level":"warning","event":"The `airflow.models.param.Param` attribute is deprecated. Please use `'airflow.sdk.Param'`.","category":"DeprecatedImportWarning","filename":"/opt/airflow/dags/dag.py","lineno":14,"logger":"py.warnings"}
{"timestamp":"2025-12-29T08:55:17.733848Z","level":"warning","event":"The `airflow.operators.python.get_current_context` attribute is deprecated. Please use `'airflow.sdk.get_current_context'`.","category":"DeprecatedImportWarning","filename":"/opt/airflow/dags/dag.py","lineno":22,"logger":"py.warnings"}
{"timestamp":"2025-12-29T09:13:39.120275Z","level":"info","event":"Filling up the DagBag from /opt/airflow/dags/dag.py","logger":"airflow.models.dagbag.DagBag","filename":"dagbag.py","lineno":593}
{"timestamp":"2025-12-29T09:13:39.145253Z","level":"warning","event":"The `airflow.decorators.dag` attribute is deprecated. Please use `'airflow.sdk.dag'`.","category":"DeprecatedImportWarning","filename":"/opt/airflow/dags/dag.py","lineno":3,"logger":"py.warnings"}
{"timestamp":"2025-12-29T09:13:39.145310Z","level":"warning","event":"The `airflow.decorators.task` attribute is deprecated. Please use `'airflow.sdk.task'`.","category":"DeprecatedImportWarning","filename":"/opt/airflow/dags/dag.py","lineno":4,"logger":"py.warnings"}
{"timestamp":"2025-12-29T09:13:39.145335Z","level":"warning","event":"The `airflow.operators.empty.EmptyOperator` attribute is deprecated. Please use `'airflow.providers.standard.operators.empty.EmptyOperator'`.","category":"DeprecatedImportWarning","filename":"/opt/airflow/dags/dag.py","lineno":5,"logger":"py.warnings"}
{"timestamp":"2025-12-29T09:13:39.145356Z","level":"warning","event":"The `airflow.operators.python.get_current_context` attribute is deprecated. Please use `'airflow.sdk.get_current_context'`.","category":"DeprecatedImportWarning","filename":"/opt/airflow/dags/dag.py","lineno":7,"logger":"py.warnings"}
{"timestamp":"2025-12-29T09:13:39.145377Z","level":"warning","event":"The `airflow.models.param.Param` attribute is deprecated. Please use `'airflow.sdk.Param'`.","category":"DeprecatedImportWarning","filename":"/opt/airflow/dags/dag.py","lineno":14,"logger":"py.warnings"}
{"timestamp":"2025-12-29T09:13:39.145397Z","level":"warning","event":"The `airflow.operators.python.get_current_context` attribute is deprecated. Please use `'airflow.sdk.get_current_context'`.","category":"DeprecatedImportWarning","filename":"/opt/airflow/dags/dag.py","lineno":22,"logger":"py.warnings"}
{"timestamp":"2025-12-29T09:42:08.646250Z","level":"info","event":"Filling up the DagBag from /opt/airflow/dags/dag.py","logger":"airflow.models.dagbag.DagBag","filename":"dagbag.py","lineno":593}
{"timestamp":"2025-12-29T09:42:08.687155Z","level":"warning","event":"The `airflow.decorators.dag` attribute is deprecated. Please use `'airflow.sdk.dag'`.","category":"DeprecatedImportWarning","filename":"/opt/airflow/dags/dag.py","lineno":3,"logger":"py.warnings"}
{"timestamp":"2025-12-29T09:42:08.687216Z","level":"warning","event":"The `airflow.decorators.task` attribute is deprecated. Please use `'airflow.sdk.task'`.","category":"DeprecatedImportWarning","filename":"/opt/airflow/dags/dag.py","lineno":4,"logger":"py.warnings"}
{"timestamp":"2025-12-29T09:42:08.687245Z","level":"warning","event":"The `airflow.operators.empty.EmptyOperator` attribute is deprecated. Please use `'airflow.providers.standard.operators.empty.EmptyOperator'`.","category":"DeprecatedImportWarning","filename":"/opt/airflow/dags/dag.py","lineno":5,"logger":"py.warnings"}
{"timestamp":"2025-12-29T09:42:08.687270Z","level":"warning","event":"The `airflow.operators.python.get_current_context` attribute is deprecated. Please use `'airflow.sdk.get_current_context'`.","category":"DeprecatedImportWarning","filename":"/opt/airflow/dags/dag.py","lineno":7,"logger":"py.warnings"}
{"timestamp":"2025-12-29T09:42:08.687292Z","level":"warning","event":"The `airflow.models.param.Param` attribute is deprecated. Please use `'airflow.sdk.Param'`.","category":"DeprecatedImportWarning","filename":"/opt/airflow/dags/dag.py","lineno":14,"logger":"py.warnings"}
{"timestamp":"2025-12-29T09:42:08.687310Z","level":"warning","event":"The `airflow.operators.python.get_current_context` attribute is deprecated. Please use `'airflow.sdk.get_current_context'`.","category":"DeprecatedImportWarning","filename":"/opt/airflow/dags/dag.py","lineno":22,"logger":"py.warnings"}
{"timestamp":"2025-12-29T09:57:42.924330Z","level":"info","event":"Filling up the DagBag from /opt/airflow/dags/dag.py","logger":"airflow.models.dagbag.DagBag","filename":"dagbag.py","lineno":593}
{"timestamp":"2025-12-29T09:57:42.951718Z","level":"warning","event":"The `airflow.decorators.dag` attribute is deprecated. Please use `'airflow.sdk.dag'`.","category":"DeprecatedImportWarning","filename":"/opt/airflow/dags/dag.py","lineno":3,"logger":"py.warnings"}
{"timestamp":"2025-12-29T09:57:42.951772Z","level":"warning","event":"The `airflow.decorators.task` attribute is deprecated. Please use `'airflow.sdk.task'`.","category":"DeprecatedImportWarning","filename":"/opt/airflow/dags/dag.py","lineno":4,"logger":"py.warnings"}
{"timestamp":"2025-12-29T09:57:42.951799Z","level":"warning","event":"The `airflow.operators.empty.EmptyOperator` attribute is deprecated. Please use `'airflow.providers.standard.operators.empty.EmptyOperator'`.","category":"DeprecatedImportWarning","filename":"/opt/airflow/dags/dag.py","lineno":5,"logger":"py.warnings"}
{"timestamp":"2025-12-29T09:57:42.951823Z","level":"warning","event":"The `airflow.operators.python.get_current_context` attribute is deprecated. Please use `'airflow.sdk.get_current_context'`.","category":"DeprecatedImportWarning","filename":"/opt/airflow/dags/dag.py","lineno":7,"logger":"py.warnings"}
{"timestamp":"2025-12-29T09:57:42.951845Z","level":"warning","event":"The `airflow.models.param.Param` attribute is deprecated. Please use `'airflow.sdk.Param'`.","category":"DeprecatedImportWarning","filename":"/opt/airflow/dags/dag.py","lineno":14,"logger":"py.warnings"}
{"timestamp":"2025-12-29T09:57:42.951865Z","level":"warning","event":"The `airflow.operators.python.get_current_context` attribute is deprecated. Please use `'airflow.sdk.get_current_context'`.","category":"DeprecatedImportWarning","filename":"/opt/airflow/dags/dag.py","lineno":22,"logger":"py.warnings"}
{"timestamp":"2025-12-29T10:16:00.221465Z","level":"info","event":"Filling up the DagBag from /opt/airflow/dags/dag.py","logger":"airflow.models.dagbag.DagBag","filename":"dagbag.py","lineno":593}
{"timestamp":"2025-12-29T10:16:00.258641Z","level":"warning","event":"The `airflow.decorators.dag` attribute is deprecated. Please use `'airflow.sdk.dag'`.","category":"DeprecatedImportWarning","filename":"/opt/airflow/dags/dag.py","lineno":3,"logger":"py.warnings"}
{"timestamp":"2025-12-29T10:16:00.258716Z","level":"warning","event":"The `airflow.decorators.task` attribute is deprecated. Please use `'airflow.sdk.task'`.","category":"DeprecatedImportWarning","filename":"/opt/airflow/dags/dag.py","lineno":4,"logger":"py.warnings"}
{"timestamp":"2025-12-29T10:16:00.258748Z","level":"warning","event":"The `airflow.operators.empty.EmptyOperator` attribute is deprecated. Please use `'airflow.providers.standard.operators.empty.EmptyOperator'`.","category":"DeprecatedImportWarning","filename":"/opt/airflow/dags/dag.py","lineno":5,"logger":"py.warnings"}
{"timestamp":"2025-12-29T10:16:00.258767Z","level":"warning","event":"The `airflow.operators.python.get_current_context` attribute is deprecated. Please use `'airflow.sdk.get_current_context'`.","category":"DeprecatedImportWarning","filename":"/opt/airflow/dags/dag.py","lineno":7,"logger":"py.warnings"}
{"timestamp":"2025-12-29T10:16:00.258785Z","level":"warning","event":"The `airflow.models.param.Param` attribute is deprecated. Please use `'airflow.sdk.Param'`.","category":"DeprecatedImportWarning","filename":"/opt/airflow/dags/dag.py","lineno":14,"logger":"py.warnings"}
{"timestamp":"2025-12-29T10:16:00.258801Z","level":"warning","event":"The `airflow.operators.python.get_current_context` attribute is deprecated. Please use `'airflow.sdk.get_current_context'`.","category":"DeprecatedImportWarning","filename":"/opt/airflow/dags/dag.py","lineno":22,"logger":"py.warnings"}
{"timestamp":"2025-12-29T10:16:30.726795Z","level":"info","event":"Filling up the DagBag from /opt/airflow/dags/dag.py","logger":"airflow.models.dagbag.DagBag","filename":"dagbag.py","lineno":593}
{"timestamp":"2025-12-29T10:16:30.766965Z","level":"warning","event":"The `airflow.decorators.dag` attribute is deprecated. Please use `'airflow.sdk.dag'`.","category":"DeprecatedImportWarning","filename":"/opt/airflow/dags/dag.py","lineno":3,"logger":"py.warnings"}
{"timestamp":"2025-12-29T10:16:30.767074Z","level":"warning","event":"The `airflow.decorators.task` attribute is deprecated. Please use `'airflow.sdk.task'`.","category":"DeprecatedImportWarning","filename":"/opt/airflow/dags/dag.py","lineno":4,"logger":"py.warnings"}
{"timestamp":"2025-12-29T10:16:30.767637Z","level":"warning","event":"The `airflow.operators.empty.EmptyOperator` attribute is deprecated. Please use `'airflow.providers.standard.operators.empty.EmptyOperator'`.","category":"DeprecatedImportWarning","filename":"/opt/airflow/dags/dag.py","lineno":5,"logger":"py.warnings"}
{"timestamp":"2025-12-29T10:16:30.767666Z","level":"warning","event":"The `airflow.operators.python.get_current_context` attribute is deprecated. Please use `'airflow.sdk.get_current_context'`.","category":"DeprecatedImportWarning","filename":"/opt/airflow/dags/dag.py","lineno":7,"logger":"py.warnings"}
{"timestamp":"2025-12-29T10:16:30.767689Z","level":"warning","event":"The `airflow.models.param.Param` attribute is deprecated. Please use `'airflow.sdk.Param'`.","category":"DeprecatedImportWarning","filename":"/opt/airflow/dags/dag.py","lineno":14,"logger":"py.warnings"}
{"timestamp":"2025-12-29T10:16:30.767708Z","level":"warning","event":"The `airflow.operators.python.get_current_context` attribute is deprecated. Please use `'airflow.sdk.get_current_context'`.","category":"DeprecatedImportWarning","filename":"/opt/airflow/dags/dag.py","lineno":22,"logger":"py.warnings"}
{"timestamp":"2025-12-29T10:41:00.657951Z","level":"info","event":"Filling up the DagBag from /opt/airflow/dags/dag.py","logger":"airflow.models.dagbag.DagBag","filename":"dagbag.py","lineno":593}
{"timestamp":"2025-12-29T10:41:00.695288Z","level":"warning","event":"The `airflow.decorators.dag` attribute is deprecated. Please use `'airflow.sdk.dag'`.","category":"DeprecatedImportWarning","filename":"/opt/airflow/dags/dag.py","lineno":3,"logger":"py.warnings"}
{"timestamp":"2025-12-29T10:41:00.695428Z","level":"warning","event":"The `airflow.decorators.task` attribute is deprecated. Please use `'airflow.sdk.task'`.","category":"DeprecatedImportWarning","filename":"/opt/airflow/dags/dag.py","lineno":4,"logger":"py.warnings"}
{"timestamp":"2025-12-29T10:41:00.695461Z","level":"warning","event":"The `airflow.operators.empty.EmptyOperator` attribute is deprecated. Please use `'airflow.providers.standard.operators.empty.EmptyOperator'`.","category":"DeprecatedImportWarning","filename":"/opt/airflow/dags/dag.py","lineno":5,"logger":"py.warnings"}
{"timestamp":"2025-12-29T10:41:00.695490Z","level":"warning","event":"The `airflow.operators.python.get_current_context` attribute is deprecated. Please use `'airflow.sdk.get_current_context'`.","category":"DeprecatedImportWarning","filename":"/opt/airflow/dags/dag.py","lineno":7,"logger":"py.warnings"}
{"timestamp":"2025-12-29T10:41:00.695512Z","level":"warning","event":"The `airflow.models.param.Param` attribute is deprecated. Please use `'airflow.sdk.Param'`.","category":"DeprecatedImportWarning","filename":"/opt/airflow/dags/dag.py","lineno":14,"logger":"py.warnings"}
{"timestamp":"2025-12-29T10:41:00.695530Z","level":"warning","event":"The `airflow.operators.python.get_current_context` attribute is deprecated. Please use `'airflow.sdk.get_current_context'`.","category":"DeprecatedImportWarning","filename":"/opt/airflow/dags/dag.py","lineno":22,"logger":"py.warnings"}
{"timestamp":"2025-12-29T10:49:08.279403Z","level":"info","event":"Filling up the DagBag from /opt/airflow/dags/dag.py","logger":"airflow.models.dagbag.DagBag","filename":"dagbag.py","lineno":593}
{"timestamp":"2025-12-29T10:49:08.314718Z","level":"warning","event":"The `airflow.decorators.dag` attribute is deprecated. Please use `'airflow.sdk.dag'`.","category":"DeprecatedImportWarning","filename":"/opt/airflow/dags/dag.py","lineno":3,"logger":"py.warnings"}
{"timestamp":"2025-12-29T10:49:08.314770Z","level":"warning","event":"The `airflow.decorators.task` attribute is deprecated. Please use `'airflow.sdk.task'`.","category":"DeprecatedImportWarning","filename":"/opt/airflow/dags/dag.py","lineno":4,"logger":"py.warnings"}
{"timestamp":"2025-12-29T10:49:08.314792Z","level":"warning","event":"The `airflow.operators.empty.EmptyOperator` attribute is deprecated. Please use `'airflow.providers.standard.operators.empty.EmptyOperator'`.","category":"DeprecatedImportWarning","filename":"/opt/airflow/dags/dag.py","lineno":5,"logger":"py.warnings"}
{"timestamp":"2025-12-29T10:49:08.314810Z","level":"warning","event":"The `airflow.operators.python.get_current_context` attribute is deprecated. Please use `'airflow.sdk.get_current_context'`.","category":"DeprecatedImportWarning","filename":"/opt/airflow/dags/dag.py","lineno":7,"logger":"py.warnings"}
{"timestamp":"2025-12-29T10:49:08.314827Z","level":"warning","event":"The `airflow.models.param.Param` attribute is deprecated. Please use `'airflow.sdk.Param'`.","category":"DeprecatedImportWarning","filename":"/opt/airflow/dags/dag.py","lineno":14,"logger":"py.warnings"}
{"timestamp":"2025-12-29T10:49:08.314843Z","level":"warning","event":"The `airflow.operators.python.get_current_context` attribute is deprecated. Please use `'airflow.sdk.get_current_context'`.","category":"DeprecatedImportWarning","filename":"/opt/airflow/dags/dag.py","lineno":22,"logger":"py.warnings"}
{"timestamp":"2025-12-29T10:49:38.705703Z","level":"info","event":"Filling up the DagBag from /opt/airflow/dags/dag.py","logger":"airflow.models.dagbag.DagBag","filename":"dagbag.py","lineno":593}
{"timestamp":"2025-12-29T10:49:38.744018Z","level":"warning","event":"The `airflow.decorators.dag` attribute is deprecated. Please use `'airflow.sdk.dag'`.","category":"DeprecatedImportWarning","filename":"/opt/airflow/dags/dag.py","lineno":3,"logger":"py.warnings"}
{"timestamp":"2025-12-29T10:49:38.744085Z","level":"warning","event":"The `airflow.decorators.task` attribute is deprecated. Please use `'airflow.sdk.task'`.","category":"DeprecatedImportWarning","filename":"/opt/airflow/dags/dag.py","lineno":4,"logger":"py.warnings"}
{"timestamp":"2025-12-29T10:49:38.744109Z","level":"warning","event":"The `airflow.operators.empty.EmptyOperator` attribute is deprecated. Please use `'airflow.providers.standard.operators.empty.EmptyOperator'`.","category":"DeprecatedImportWarning","filename":"/opt/airflow/dags/dag.py","lineno":5,"logger":"py.warnings"}
{"timestamp":"2025-12-29T10:49:38.744131Z","level":"warning","event":"The `airflow.operators.python.get_current_context` attribute is deprecated. Please use `'airflow.sdk.get_current_context'`.","category":"DeprecatedImportWarning","filename":"/opt/airflow/dags/dag.py","lineno":7,"logger":"py.warnings"}
{"timestamp":"2025-12-29T10:49:38.744157Z","level":"warning","event":"The `airflow.models.param.Param` attribute is deprecated. Please use `'airflow.sdk.Param'`.","category":"DeprecatedImportWarning","filename":"/opt/airflow/dags/dag.py","lineno":14,"logger":"py.warnings"}
{"timestamp":"2025-12-29T10:49:38.744176Z","level":"warning","event":"The `airflow.operators.python.get_current_context` attribute is deprecated. Please use `'airflow.sdk.get_current_context'`.","category":"DeprecatedImportWarning","filename":"/opt/airflow/dags/dag.py","lineno":22,"logger":"py.warnings"}
{"timestamp":"2025-12-29T10:50:09.141659Z","level":"info","event":"Filling up the DagBag from /opt/airflow/dags/dag.py","logger":"airflow.models.dagbag.DagBag","filename":"dagbag.py","lineno":593}
{"timestamp":"2025-12-29T10:50:09.170315Z","level":"warning","event":"The `airflow.decorators.dag` attribute is deprecated. Please use `'airflow.sdk.dag'`.","category":"DeprecatedImportWarning","filename":"/opt/airflow/dags/dag.py","lineno":3,"logger":"py.warnings"}
{"timestamp":"2025-12-29T10:50:09.170370Z","level":"warning","event":"The `airflow.decorators.task` attribute is deprecated. Please use `'airflow.sdk.task'`.","category":"DeprecatedImportWarning","filename":"/opt/airflow/dags/dag.py","lineno":4,"logger":"py.warnings"}
{"timestamp":"2025-12-29T10:50:09.170399Z","level":"warning","event":"The `airflow.operators.empty.EmptyOperator` attribute is deprecated. Please use `'airflow.providers.standard.operators.empty.EmptyOperator'`.","category":"DeprecatedImportWarning","filename":"/opt/airflow/dags/dag.py","lineno":5,"logger":"py.warnings"}
{"timestamp":"2025-12-29T10:50:09.170422Z","level":"warning","event":"The `airflow.operators.python.get_current_context` attribute is deprecated. Please use `'airflow.sdk.get_current_context'`.","category":"DeprecatedImportWarning","filename":"/opt/airflow/dags/dag.py","lineno":7,"logger":"py.warnings"}
{"timestamp":"2025-12-29T10:50:09.170444Z","level":"warning","event":"The `airflow.models.param.Param` attribute is deprecated. Please use `'airflow.sdk.Param'`.","category":"DeprecatedImportWarning","filename":"/opt/airflow/dags/dag.py","lineno":14,"logger":"py.warnings"}
{"timestamp":"2025-12-29T10:50:09.170463Z","level":"warning","event":"The `airflow.operators.python.get_current_context` attribute is deprecated. Please use `'airflow.sdk.get_current_context'`.","category":"DeprecatedImportWarning","filename":"/opt/airflow/dags/dag.py","lineno":22,"logger":"py.warnings"}
{"timestamp":"2025-12-29T10:50:39.569935Z","level":"info","event":"Filling up the DagBag from /opt/airflow/dags/dag.py","logger":"airflow.models.dagbag.DagBag","filename":"dagbag.py","lineno":593}
{"timestamp":"2025-12-29T10:50:39.609761Z","level":"warning","event":"The `airflow.decorators.dag` attribute is deprecated. Please use `'airflow.sdk.dag'`.","category":"DeprecatedImportWarning","filename":"/opt/airflow/dags/dag.py","lineno":3,"logger":"py.warnings"}
{"timestamp":"2025-12-29T10:50:39.609958Z","level":"warning","event":"The `airflow.decorators.task` attribute is deprecated. Please use `'airflow.sdk.task'`.","category":"DeprecatedImportWarning","filename":"/opt/airflow/dags/dag.py","lineno":4,"logger":"py.warnings"}
{"timestamp":"2025-12-29T10:50:39.610004Z","level":"warning","event":"The `airflow.operators.empty.EmptyOperator` attribute is deprecated. Please use `'airflow.providers.standard.operators.empty.EmptyOperator'`.","category":"DeprecatedImportWarning","filename":"/opt/airflow/dags/dag.py","lineno":5,"logger":"py.warnings"}
{"timestamp":"2025-12-29T10:50:39.610026Z","level":"warning","event":"The `airflow.operators.python.get_current_context` attribute is deprecated. Please use `'airflow.sdk.get_current_context'`.","category":"DeprecatedImportWarning","filename":"/opt/airflow/dags/dag.py","lineno":7,"logger":"py.warnings"}
{"timestamp":"2025-12-29T10:50:39.610046Z","level":"warning","event":"The `airflow.models.param.Param` attribute is deprecated. Please use `'airflow.sdk.Param'`.","category":"DeprecatedImportWarning","filename":"/opt/airflow/dags/dag.py","lineno":14,"logger":"py.warnings"}
{"timestamp":"2025-12-29T10:50:39.610064Z","level":"warning","event":"The `airflow.operators.python.get_current_context` attribute is deprecated. Please use `'airflow.sdk.get_current_context'`.","category":"DeprecatedImportWarning","filename":"/opt/airflow/dags/dag.py","lineno":22,"logger":"py.warnings"}
{"timestamp":"2025-12-29T10:51:10.008290Z","level":"info","event":"Filling up the DagBag from /opt/airflow/dags/dag.py","logger":"airflow.models.dagbag.DagBag","filename":"dagbag.py","lineno":593}
{"timestamp":"2025-12-29T10:51:10.036689Z","level":"warning","event":"The `airflow.decorators.dag` attribute is deprecated. Please use `'airflow.sdk.dag'`.","category":"DeprecatedImportWarning","filename":"/opt/airflow/dags/dag.py","lineno":3,"logger":"py.warnings"}
{"timestamp":"2025-12-29T10:51:10.036736Z","level":"warning","event":"The `airflow.decorators.task` attribute is deprecated. Please use `'airflow.sdk.task'`.","category":"DeprecatedImportWarning","filename":"/opt/airflow/dags/dag.py","lineno":4,"logger":"py.warnings"}
{"timestamp":"2025-12-29T10:51:10.036761Z","level":"warning","event":"The `airflow.operators.empty.EmptyOperator` attribute is deprecated. Please use `'airflow.providers.standard.operators.empty.EmptyOperator'`.","category":"DeprecatedImportWarning","filename":"/opt/airflow/dags/dag.py","lineno":5,"logger":"py.warnings"}
{"timestamp":"2025-12-29T10:51:10.036784Z","level":"warning","event":"The `airflow.operators.python.get_current_context` attribute is deprecated. Please use `'airflow.sdk.get_current_context'`.","category":"DeprecatedImportWarning","filename":"/opt/airflow/dags/dag.py","lineno":7,"logger":"py.warnings"}
{"timestamp":"2025-12-29T10:51:10.036806Z","level":"warning","event":"The `airflow.models.param.Param` attribute is deprecated. Please use `'airflow.sdk.Param'`.","category":"DeprecatedImportWarning","filename":"/opt/airflow/dags/dag.py","lineno":14,"logger":"py.warnings"}
{"timestamp":"2025-12-29T10:51:10.036826Z","level":"warning","event":"The `airflow.operators.python.get_current_context` attribute is deprecated. Please use `'airflow.sdk.get_current_context'`.","category":"DeprecatedImportWarning","filename":"/opt/airflow/dags/dag.py","lineno":22,"logger":"py.warnings"}
{"timestamp":"2025-12-29T10:51:40.410603Z","level":"info","event":"Filling up the DagBag from /opt/airflow/dags/dag.py","logger":"airflow.models.dagbag.DagBag","filename":"dagbag.py","lineno":593}
{"timestamp":"2025-12-29T10:51:40.434397Z","level":"warning","event":"The `airflow.decorators.dag` attribute is deprecated. Please use `'airflow.sdk.dag'`.","category":"DeprecatedImportWarning","filename":"/opt/airflow/dags/dag.py","lineno":3,"logger":"py.warnings"}
{"timestamp":"2025-12-29T10:51:40.434589Z","level":"warning","event":"The `airflow.decorators.task` attribute is deprecated. Please use `'airflow.sdk.task'`.","category":"DeprecatedImportWarning","filename":"/opt/airflow/dags/dag.py","lineno":4,"logger":"py.warnings"}
{"timestamp":"2025-12-29T10:51:40.434940Z","level":"warning","event":"The `airflow.operators.empty.EmptyOperator` attribute is deprecated. Please use `'airflow.providers.standard.operators.empty.EmptyOperator'`.","category":"DeprecatedImportWarning","filename":"/opt/airflow/dags/dag.py","lineno":5,"logger":"py.warnings"}
{"timestamp":"2025-12-29T10:51:40.435124Z","level":"warning","event":"The `airflow.operators.python.get_current_context` attribute is deprecated. Please use `'airflow.sdk.get_current_context'`.","category":"DeprecatedImportWarning","filename":"/opt/airflow/dags/dag.py","lineno":7,"logger":"py.warnings"}
{"timestamp":"2025-12-29T10:51:40.435151Z","level":"warning","event":"The `airflow.models.param.Param` attribute is deprecated. Please use `'airflow.sdk.Param'`.","category":"DeprecatedImportWarning","filename":"/opt/airflow/dags/dag.py","lineno":14,"logger":"py.warnings"}
{"timestamp":"2025-12-29T10:51:40.435172Z","level":"warning","event":"The `airflow.operators.python.get_current_context` attribute is deprecated. Please use `'airflow.sdk.get_current_context'`.","category":"DeprecatedImportWarning","filename":"/opt/airflow/dags/dag.py","lineno":22,"logger":"py.warnings"}
{"timestamp":"2025-12-29T10:52:10.926913Z","level":"info","event":"Filling up the DagBag from /opt/airflow/dags/dag.py","logger":"airflow.models.dagbag.DagBag","filename":"dagbag.py","lineno":593}
{"timestamp":"2025-12-29T10:52:10.970161Z","level":"warning","event":"The `airflow.decorators.dag` attribute is deprecated. Please use `'airflow.sdk.dag'`.","category":"DeprecatedImportWarning","filename":"/opt/airflow/dags/dag.py","lineno":3,"logger":"py.warnings"}
{"timestamp":"2025-12-29T10:52:10.970327Z","level":"warning","event":"The `airflow.decorators.task` attribute is deprecated. Please use `'airflow.sdk.task'`.","category":"DeprecatedImportWarning","filename":"/opt/airflow/dags/dag.py","lineno":4,"logger":"py.warnings"}
{"timestamp":"2025-12-29T10:52:10.970365Z","level":"warning","event":"The `airflow.operators.empty.EmptyOperator` attribute is deprecated. Please use `'airflow.providers.standard.operators.empty.EmptyOperator'`.","category":"DeprecatedImportWarning","filename":"/opt/airflow/dags/dag.py","lineno":5,"logger":"py.warnings"}
{"timestamp":"2025-12-29T10:52:10.970392Z","level":"warning","event":"The `airflow.operators.python.get_current_context` attribute is deprecated. Please use `'airflow.sdk.get_current_context'`.","category":"DeprecatedImportWarning","filename":"/opt/airflow/dags/dag.py","lineno":7,"logger":"py.warnings"}
{"timestamp":"2025-12-29T10:52:10.970413Z","level":"warning","event":"The `airflow.models.param.Param` attribute is deprecated. Please use `'airflow.sdk.Param'`.","category":"DeprecatedImportWarning","filename":"/opt/airflow/dags/dag.py","lineno":14,"logger":"py.warnings"}
{"timestamp":"2025-12-29T10:52:10.970437Z","level":"warning","event":"The `airflow.operators.python.get_current_context` attribute is deprecated. Please use `'airflow.sdk.get_current_context'`.","category":"DeprecatedImportWarning","filename":"/opt/airflow/dags/dag.py","lineno":22,"logger":"py.warnings"}
{"timestamp":"2025-12-29T10:52:41.410593Z","level":"info","event":"Filling up the DagBag from /opt/airflow/dags/dag.py","logger":"airflow.models.dagbag.DagBag","filename":"dagbag.py","lineno":593}
{"timestamp":"2025-12-29T10:52:41.446817Z","level":"warning","event":"The `airflow.decorators.dag` attribute is deprecated. Please use `'airflow.sdk.dag'`.","category":"DeprecatedImportWarning","filename":"/opt/airflow/dags/dag.py","lineno":3,"logger":"py.warnings"}
{"timestamp":"2025-12-29T10:52:41.446871Z","level":"warning","event":"The `airflow.decorators.task` attribute is deprecated. Please use `'airflow.sdk.task'`.","category":"DeprecatedImportWarning","filename":"/opt/airflow/dags/dag.py","lineno":4,"logger":"py.warnings"}
{"timestamp":"2025-12-29T10:52:41.446900Z","level":"warning","event":"The `airflow.operators.empty.EmptyOperator` attribute is deprecated. Please use `'airflow.providers.standard.operators.empty.EmptyOperator'`.","category":"DeprecatedImportWarning","filename":"/opt/airflow/dags/dag.py","lineno":5,"logger":"py.warnings"}
{"timestamp":"2025-12-29T10:52:41.446924Z","level":"warning","event":"The `airflow.operators.python.get_current_context` attribute is deprecated. Please use `'airflow.sdk.get_current_context'`.","category":"DeprecatedImportWarning","filename":"/opt/airflow/dags/dag.py","lineno":7,"logger":"py.warnings"}
{"timestamp":"2025-12-29T10:52:41.446950Z","level":"warning","event":"The `airflow.models.param.Param` attribute is deprecated. Please use `'airflow.sdk.Param'`.","category":"DeprecatedImportWarning","filename":"/opt/airflow/dags/dag.py","lineno":14,"logger":"py.warnings"}
{"timestamp":"2025-12-29T10:52:41.446969Z","level":"warning","event":"The `airflow.operators.python.get_current_context` attribute is deprecated. Please use `'airflow.sdk.get_current_context'`.","category":"DeprecatedImportWarning","filename":"/opt/airflow/dags/dag.py","lineno":22,"logger":"py.warnings"}
{"timestamp":"2025-12-29T10:53:11.852641Z","level":"info","event":"Filling up the DagBag from /opt/airflow/dags/dag.py","logger":"airflow.models.dagbag.DagBag","filename":"dagbag.py","lineno":593}
{"timestamp":"2025-12-29T10:53:11.891382Z","level":"warning","event":"The `airflow.decorators.dag` attribute is deprecated. Please use `'airflow.sdk.dag'`.","category":"DeprecatedImportWarning","filename":"/opt/airflow/dags/dag.py","lineno":3,"logger":"py.warnings"}
{"timestamp":"2025-12-29T10:53:11.891913Z","level":"warning","event":"The `airflow.decorators.task` attribute is deprecated. Please use `'airflow.sdk.task'`.","category":"DeprecatedImportWarning","filename":"/opt/airflow/dags/dag.py","lineno":4,"logger":"py.warnings"}
{"timestamp":"2025-12-29T10:53:11.891954Z","level":"warning","event":"The `airflow.operators.empty.EmptyOperator` attribute is deprecated. Please use `'airflow.providers.standard.operators.empty.EmptyOperator'`.","category":"DeprecatedImportWarning","filename":"/opt/airflow/dags/dag.py","lineno":5,"logger":"py.warnings"}
{"timestamp":"2025-12-29T10:53:11.892126Z","level":"warning","event":"The `airflow.operators.python.get_current_context` attribute is deprecated. Please use `'airflow.sdk.get_current_context'`.","category":"DeprecatedImportWarning","filename":"/opt/airflow/dags/dag.py","lineno":7,"logger":"py.warnings"}
{"timestamp":"2025-12-29T10:53:11.892174Z","level":"warning","event":"The `airflow.models.param.Param` attribute is deprecated. Please use `'airflow.sdk.Param'`.","category":"DeprecatedImportWarning","filename":"/opt/airflow/dags/dag.py","lineno":14,"logger":"py.warnings"}
{"timestamp":"2025-12-29T10:53:11.892194Z","level":"warning","event":"The `airflow.operators.python.get_current_context` attribute is deprecated. Please use `'airflow.sdk.get_current_context'`.","category":"DeprecatedImportWarning","filename":"/opt/airflow/dags/dag.py","lineno":22,"logger":"py.warnings"}
{"timestamp":"2025-12-29T10:53:42.280356Z","level":"info","event":"Filling up the DagBag from /opt/airflow/dags/dag.py","logger":"airflow.models.dagbag.DagBag","filename":"dagbag.py","lineno":593}
{"timestamp":"2025-12-29T10:53:42.322834Z","level":"warning","event":"The `airflow.decorators.dag` attribute is deprecated. Please use `'airflow.sdk.dag'`.","category":"DeprecatedImportWarning","filename":"/opt/airflow/dags/dag.py","lineno":3,"logger":"py.warnings"}
{"timestamp":"2025-12-29T10:53:42.322906Z","level":"warning","event":"The `airflow.decorators.task` attribute is deprecated. Please use `'airflow.sdk.task'`.","category":"DeprecatedImportWarning","filename":"/opt/airflow/dags/dag.py","lineno":4,"logger":"py.warnings"}
{"timestamp":"2025-12-29T10:53:42.322933Z","level":"warning","event":"The `airflow.operators.empty.EmptyOperator` attribute is deprecated. Please use `'airflow.providers.standard.operators.empty.EmptyOperator'`.","category":"DeprecatedImportWarning","filename":"/opt/airflow/dags/dag.py","lineno":5,"logger":"py.warnings"}
{"timestamp":"2025-12-29T10:53:42.322954Z","level":"warning","event":"The `airflow.operators.python.get_current_context` attribute is deprecated. Please use `'airflow.sdk.get_current_context'`.","category":"DeprecatedImportWarning","filename":"/opt/airflow/dags/dag.py","lineno":7,"logger":"py.warnings"}
{"timestamp":"2025-12-29T10:53:42.322974Z","level":"warning","event":"The `airflow.models.param.Param` attribute is deprecated. Please use `'airflow.sdk.Param'`.","category":"DeprecatedImportWarning","filename":"/opt/airflow/dags/dag.py","lineno":14,"logger":"py.warnings"}
{"timestamp":"2025-12-29T10:53:42.322993Z","level":"warning","event":"The `airflow.operators.python.get_current_context` attribute is deprecated. Please use `'airflow.sdk.get_current_context'`.","category":"DeprecatedImportWarning","filename":"/opt/airflow/dags/dag.py","lineno":22,"logger":"py.warnings"}
{"timestamp":"2025-12-29T10:54:12.687913Z","level":"info","event":"Filling up the DagBag from /opt/airflow/dags/dag.py","logger":"airflow.models.dagbag.DagBag","filename":"dagbag.py","lineno":593}
{"timestamp":"2025-12-29T10:54:12.825344Z","level":"warning","event":"The `airflow.decorators.dag` attribute is deprecated. Please use `'airflow.sdk.dag'`.","category":"DeprecatedImportWarning","filename":"/opt/airflow/dags/dag.py","lineno":3,"logger":"py.warnings"}
{"timestamp":"2025-12-29T10:54:12.825407Z","level":"warning","event":"The `airflow.decorators.task` attribute is deprecated. Please use `'airflow.sdk.task'`.","category":"DeprecatedImportWarning","filename":"/opt/airflow/dags/dag.py","lineno":4,"logger":"py.warnings"}
{"timestamp":"2025-12-29T10:54:12.825430Z","level":"warning","event":"The `airflow.operators.empty.EmptyOperator` attribute is deprecated. Please use `'airflow.providers.standard.operators.empty.EmptyOperator'`.","category":"DeprecatedImportWarning","filename":"/opt/airflow/dags/dag.py","lineno":5,"logger":"py.warnings"}
{"timestamp":"2025-12-29T10:54:12.825449Z","level":"warning","event":"The `airflow.operators.python.get_current_context` attribute is deprecated. Please use `'airflow.sdk.get_current_context'`.","category":"DeprecatedImportWarning","filename":"/opt/airflow/dags/dag.py","lineno":7,"logger":"py.warnings"}
{"timestamp":"2025-12-29T10:54:12.825468Z","level":"warning","event":"The `airflow.models.param.Param` attribute is deprecated. Please use `'airflow.sdk.Param'`.","category":"DeprecatedImportWarning","filename":"/opt/airflow/dags/dag.py","lineno":14,"logger":"py.warnings"}
{"timestamp":"2025-12-29T10:54:12.825484Z","level":"warning","event":"The `airflow.operators.python.get_current_context` attribute is deprecated. Please use `'airflow.sdk.get_current_context'`.","category":"DeprecatedImportWarning","filename":"/opt/airflow/dags/dag.py","lineno":22,"logger":"py.warnings"}
{"timestamp":"2025-12-29T10:54:43.225602Z","level":"info","event":"Filling up the DagBag from /opt/airflow/dags/dag.py","logger":"airflow.models.dagbag.DagBag","filename":"dagbag.py","lineno":593}
{"timestamp":"2025-12-29T10:54:43.261854Z","level":"warning","event":"The `airflow.decorators.dag` attribute is deprecated. Please use `'airflow.sdk.dag'`.","category":"DeprecatedImportWarning","filename":"/opt/airflow/dags/dag.py","lineno":3,"logger":"py.warnings"}
{"timestamp":"2025-12-29T10:54:43.261909Z","level":"warning","event":"The `airflow.decorators.task` attribute is deprecated. Please use `'airflow.sdk.task'`.","category":"DeprecatedImportWarning","filename":"/opt/airflow/dags/dag.py","lineno":4,"logger":"py.warnings"}
{"timestamp":"2025-12-29T10:54:43.261941Z","level":"warning","event":"The `airflow.operators.empty.EmptyOperator` attribute is deprecated. Please use `'airflow.providers.standard.operators.empty.EmptyOperator'`.","category":"DeprecatedImportWarning","filename":"/opt/airflow/dags/dag.py","lineno":5,"logger":"py.warnings"}
{"timestamp":"2025-12-29T10:54:43.261965Z","level":"warning","event":"The `airflow.operators.python.get_current_context` attribute is deprecated. Please use `'airflow.sdk.get_current_context'`.","category":"DeprecatedImportWarning","filename":"/opt/airflow/dags/dag.py","lineno":7,"logger":"py.warnings"}
{"timestamp":"2025-12-29T10:54:43.261998Z","level":"warning","event":"The `airflow.models.param.Param` attribute is deprecated. Please use `'airflow.sdk.Param'`.","category":"DeprecatedImportWarning","filename":"/opt/airflow/dags/dag.py","lineno":14,"logger":"py.warnings"}
{"timestamp":"2025-12-29T10:54:43.262019Z","level":"warning","event":"The `airflow.operators.python.get_current_context` attribute is deprecated. Please use `'airflow.sdk.get_current_context'`.","category":"DeprecatedImportWarning","filename":"/opt/airflow/dags/dag.py","lineno":22,"logger":"py.warnings"}
{"timestamp":"2025-12-29T10:55:13.689827Z","level":"info","event":"Filling up the DagBag from /opt/airflow/dags/dag.py","logger":"airflow.models.dagbag.DagBag","filename":"dagbag.py","lineno":593}
{"timestamp":"2025-12-29T10:55:13.835176Z","level":"warning","event":"The `airflow.decorators.dag` attribute is deprecated. Please use `'airflow.sdk.dag'`.","category":"DeprecatedImportWarning","filename":"/opt/airflow/dags/dag.py","lineno":3,"logger":"py.warnings"}
{"timestamp":"2025-12-29T10:55:13.835223Z","level":"warning","event":"The `airflow.decorators.task` attribute is deprecated. Please use `'airflow.sdk.task'`.","category":"DeprecatedImportWarning","filename":"/opt/airflow/dags/dag.py","lineno":4,"logger":"py.warnings"}
{"timestamp":"2025-12-29T10:55:13.835247Z","level":"warning","event":"The `airflow.operators.empty.EmptyOperator` attribute is deprecated. Please use `'airflow.providers.standard.operators.empty.EmptyOperator'`.","category":"DeprecatedImportWarning","filename":"/opt/airflow/dags/dag.py","lineno":5,"logger":"py.warnings"}
{"timestamp":"2025-12-29T10:55:13.835267Z","level":"warning","event":"The `airflow.operators.python.get_current_context` attribute is deprecated. Please use `'airflow.sdk.get_current_context'`.","category":"DeprecatedImportWarning","filename":"/opt/airflow/dags/dag.py","lineno":7,"logger":"py.warnings"}
{"timestamp":"2025-12-29T10:55:13.835287Z","level":"warning","event":"The `airflow.models.param.Param` attribute is deprecated. Please use `'airflow.sdk.Param'`.","category":"DeprecatedImportWarning","filename":"/opt/airflow/dags/dag.py","lineno":14,"logger":"py.warnings"}
{"timestamp":"2025-12-29T10:55:13.835306Z","level":"warning","event":"The `airflow.operators.python.get_current_context` attribute is deprecated. Please use `'airflow.sdk.get_current_context'`.","category":"DeprecatedImportWarning","filename":"/opt/airflow/dags/dag.py","lineno":22,"logger":"py.warnings"}
{"timestamp":"2025-12-29T10:55:44.327553Z","level":"info","event":"Filling up the DagBag from /opt/airflow/dags/dag.py","logger":"airflow.models.dagbag.DagBag","filename":"dagbag.py","lineno":593}
{"timestamp":"2025-12-29T10:55:44.367480Z","level":"warning","event":"The `airflow.decorators.dag` attribute is deprecated. Please use `'airflow.sdk.dag'`.","category":"DeprecatedImportWarning","filename":"/opt/airflow/dags/dag.py","lineno":3,"logger":"py.warnings"}
{"timestamp":"2025-12-29T10:55:44.367549Z","level":"warning","event":"The `airflow.decorators.task` attribute is deprecated. Please use `'airflow.sdk.task'`.","category":"DeprecatedImportWarning","filename":"/opt/airflow/dags/dag.py","lineno":4,"logger":"py.warnings"}
{"timestamp":"2025-12-29T10:55:44.367589Z","level":"warning","event":"The `airflow.operators.empty.EmptyOperator` attribute is deprecated. Please use `'airflow.providers.standard.operators.empty.EmptyOperator'`.","category":"DeprecatedImportWarning","filename":"/opt/airflow/dags/dag.py","lineno":5,"logger":"py.warnings"}
{"timestamp":"2025-12-29T10:55:44.367615Z","level":"warning","event":"The `airflow.operators.python.get_current_context` attribute is deprecated. Please use `'airflow.sdk.get_current_context'`.","category":"DeprecatedImportWarning","filename":"/opt/airflow/dags/dag.py","lineno":7,"logger":"py.warnings"}
{"timestamp":"2025-12-29T10:55:44.367641Z","level":"warning","event":"The `airflow.models.param.Param` attribute is deprecated. Please use `'airflow.sdk.Param'`.","category":"DeprecatedImportWarning","filename":"/opt/airflow/dags/dag.py","lineno":14,"logger":"py.warnings"}
{"timestamp":"2025-12-29T10:55:44.367660Z","level":"warning","event":"The `airflow.operators.python.get_current_context` attribute is deprecated. Please use `'airflow.sdk.get_current_context'`.","category":"DeprecatedImportWarning","filename":"/opt/airflow/dags/dag.py","lineno":22,"logger":"py.warnings"}
{"timestamp":"2025-12-29T10:56:14.745170Z","level":"info","event":"Filling up the DagBag from /opt/airflow/dags/dag.py","logger":"airflow.models.dagbag.DagBag","filename":"dagbag.py","lineno":593}
{"timestamp":"2025-12-29T10:56:14.770957Z","level":"warning","event":"The `airflow.decorators.dag` attribute is deprecated. Please use `'airflow.sdk.dag'`.","category":"DeprecatedImportWarning","filename":"/opt/airflow/dags/dag.py","lineno":3,"logger":"py.warnings"}
{"timestamp":"2025-12-29T10:56:14.771007Z","level":"warning","event":"The `airflow.decorators.task` attribute is deprecated. Please use `'airflow.sdk.task'`.","category":"DeprecatedImportWarning","filename":"/opt/airflow/dags/dag.py","lineno":4,"logger":"py.warnings"}
{"timestamp":"2025-12-29T10:56:14.771036Z","level":"warning","event":"The `airflow.operators.empty.EmptyOperator` attribute is deprecated. Please use `'airflow.providers.standard.operators.empty.EmptyOperator'`.","category":"DeprecatedImportWarning","filename":"/opt/airflow/dags/dag.py","lineno":5,"logger":"py.warnings"}
{"timestamp":"2025-12-29T10:56:14.771058Z","level":"warning","event":"The `airflow.operators.python.get_current_context` attribute is deprecated. Please use `'airflow.sdk.get_current_context'`.","category":"DeprecatedImportWarning","filename":"/opt/airflow/dags/dag.py","lineno":7,"logger":"py.warnings"}
{"timestamp":"2025-12-29T10:56:14.771079Z","level":"warning","event":"The `airflow.models.param.Param` attribute is deprecated. Please use `'airflow.sdk.Param'`.","category":"DeprecatedImportWarning","filename":"/opt/airflow/dags/dag.py","lineno":14,"logger":"py.warnings"}
{"timestamp":"2025-12-29T10:56:14.771098Z","level":"warning","event":"The `airflow.operators.python.get_current_context` attribute is deprecated. Please use `'airflow.sdk.get_current_context'`.","category":"DeprecatedImportWarning","filename":"/opt/airflow/dags/dag.py","lineno":22,"logger":"py.warnings"}
{"timestamp":"2025-12-29T10:56:45.146745Z","level":"info","event":"Filling up the DagBag from /opt/airflow/dags/dag.py","logger":"airflow.models.dagbag.DagBag","filename":"dagbag.py","lineno":593}
{"timestamp":"2025-12-29T10:56:45.172964Z","level":"warning","event":"The `airflow.decorators.dag` attribute is deprecated. Please use `'airflow.sdk.dag'`.","category":"DeprecatedImportWarning","filename":"/opt/airflow/dags/dag.py","lineno":3,"logger":"py.warnings"}
{"timestamp":"2025-12-29T10:56:45.173010Z","level":"warning","event":"The `airflow.decorators.task` attribute is deprecated. Please use `'airflow.sdk.task'`.","category":"DeprecatedImportWarning","filename":"/opt/airflow/dags/dag.py","lineno":4,"logger":"py.warnings"}
{"timestamp":"2025-12-29T10:56:45.173035Z","level":"warning","event":"The `airflow.operators.empty.EmptyOperator` attribute is deprecated. Please use `'airflow.providers.standard.operators.empty.EmptyOperator'`.","category":"DeprecatedImportWarning","filename":"/opt/airflow/dags/dag.py","lineno":5,"logger":"py.warnings"}
{"timestamp":"2025-12-29T10:56:45.173056Z","level":"warning","event":"The `airflow.operators.python.get_current_context` attribute is deprecated. Please use `'airflow.sdk.get_current_context'`.","category":"DeprecatedImportWarning","filename":"/opt/airflow/dags/dag.py","lineno":7,"logger":"py.warnings"}
{"timestamp":"2025-12-29T10:56:45.173077Z","level":"warning","event":"The `airflow.models.param.Param` attribute is deprecated. Please use `'airflow.sdk.Param'`.","category":"DeprecatedImportWarning","filename":"/opt/airflow/dags/dag.py","lineno":14,"logger":"py.warnings"}
{"timestamp":"2025-12-29T10:56:45.173096Z","level":"warning","event":"The `airflow.operators.python.get_current_context` attribute is deprecated. Please use `'airflow.sdk.get_current_context'`.","category":"DeprecatedImportWarning","filename":"/opt/airflow/dags/dag.py","lineno":22,"logger":"py.warnings"}
{"timestamp":"2025-12-29T10:57:15.559296Z","level":"info","event":"Filling up the DagBag from /opt/airflow/dags/dag.py","logger":"airflow.models.dagbag.DagBag","filename":"dagbag.py","lineno":593}
{"timestamp":"2025-12-29T10:57:15.602730Z","level":"warning","event":"The `airflow.decorators.dag` attribute is deprecated. Please use `'airflow.sdk.dag'`.","category":"DeprecatedImportWarning","filename":"/opt/airflow/dags/dag.py","lineno":3,"logger":"py.warnings"}
{"timestamp":"2025-12-29T10:57:15.602797Z","level":"warning","event":"The `airflow.decorators.task` attribute is deprecated. Please use `'airflow.sdk.task'`.","category":"DeprecatedImportWarning","filename":"/opt/airflow/dags/dag.py","lineno":4,"logger":"py.warnings"}
{"timestamp":"2025-12-29T10:57:15.602828Z","level":"warning","event":"The `airflow.operators.empty.EmptyOperator` attribute is deprecated. Please use `'airflow.providers.standard.operators.empty.EmptyOperator'`.","category":"DeprecatedImportWarning","filename":"/opt/airflow/dags/dag.py","lineno":5,"logger":"py.warnings"}
{"timestamp":"2025-12-29T10:57:15.602849Z","level":"warning","event":"The `airflow.operators.python.get_current_context` attribute is deprecated. Please use `'airflow.sdk.get_current_context'`.","category":"DeprecatedImportWarning","filename":"/opt/airflow/dags/dag.py","lineno":7,"logger":"py.warnings"}
{"timestamp":"2025-12-29T10:57:15.602882Z","level":"warning","event":"The `airflow.models.param.Param` attribute is deprecated. Please use `'airflow.sdk.Param'`.","category":"DeprecatedImportWarning","filename":"/opt/airflow/dags/dag.py","lineno":14,"logger":"py.warnings"}
{"timestamp":"2025-12-29T10:57:15.602901Z","level":"warning","event":"The `airflow.operators.python.get_current_context` attribute is deprecated. Please use `'airflow.sdk.get_current_context'`.","category":"DeprecatedImportWarning","filename":"/opt/airflow/dags/dag.py","lineno":22,"logger":"py.warnings"}
{"timestamp":"2025-12-29T10:57:45.961585Z","level":"info","event":"Filling up the DagBag from /opt/airflow/dags/dag.py","logger":"airflow.models.dagbag.DagBag","filename":"dagbag.py","lineno":593}
{"timestamp":"2025-12-29T10:57:45.987424Z","level":"warning","event":"The `airflow.decorators.dag` attribute is deprecated. Please use `'airflow.sdk.dag'`.","category":"DeprecatedImportWarning","filename":"/opt/airflow/dags/dag.py","lineno":3,"logger":"py.warnings"}
{"timestamp":"2025-12-29T10:57:45.987478Z","level":"warning","event":"The `airflow.decorators.task` attribute is deprecated. Please use `'airflow.sdk.task'`.","category":"DeprecatedImportWarning","filename":"/opt/airflow/dags/dag.py","lineno":4,"logger":"py.warnings"}
{"timestamp":"2025-12-29T10:57:45.987503Z","level":"warning","event":"The `airflow.operators.empty.EmptyOperator` attribute is deprecated. Please use `'airflow.providers.standard.operators.empty.EmptyOperator'`.","category":"DeprecatedImportWarning","filename":"/opt/airflow/dags/dag.py","lineno":5,"logger":"py.warnings"}
{"timestamp":"2025-12-29T10:57:45.987526Z","level":"warning","event":"The `airflow.operators.python.get_current_context` attribute is deprecated. Please use `'airflow.sdk.get_current_context'`.","category":"DeprecatedImportWarning","filename":"/opt/airflow/dags/dag.py","lineno":7,"logger":"py.warnings"}
{"timestamp":"2025-12-29T10:57:45.987547Z","level":"warning","event":"The `airflow.models.param.Param` attribute is deprecated. Please use `'airflow.sdk.Param'`.","category":"DeprecatedImportWarning","filename":"/opt/airflow/dags/dag.py","lineno":14,"logger":"py.warnings"}
{"timestamp":"2025-12-29T10:57:45.987566Z","level":"warning","event":"The `airflow.operators.python.get_current_context` attribute is deprecated. Please use `'airflow.sdk.get_current_context'`.","category":"DeprecatedImportWarning","filename":"/opt/airflow/dags/dag.py","lineno":22,"logger":"py.warnings"}
{"timestamp":"2025-12-29T10:58:16.363010Z","level":"info","event":"Filling up the DagBag from /opt/airflow/dags/dag.py","logger":"airflow.models.dagbag.DagBag","filename":"dagbag.py","lineno":593}
{"timestamp":"2025-12-29T10:58:16.407326Z","level":"warning","event":"The `airflow.decorators.dag` attribute is deprecated. Please use `'airflow.sdk.dag'`.","category":"DeprecatedImportWarning","filename":"/opt/airflow/dags/dag.py","lineno":3,"logger":"py.warnings"}
{"timestamp":"2025-12-29T10:58:16.407403Z","level":"warning","event":"The `airflow.decorators.task` attribute is deprecated. Please use `'airflow.sdk.task'`.","category":"DeprecatedImportWarning","filename":"/opt/airflow/dags/dag.py","lineno":4,"logger":"py.warnings"}
{"timestamp":"2025-12-29T10:58:16.407434Z","level":"warning","event":"The `airflow.operators.empty.EmptyOperator` attribute is deprecated. Please use `'airflow.providers.standard.operators.empty.EmptyOperator'`.","category":"DeprecatedImportWarning","filename":"/opt/airflow/dags/dag.py","lineno":5,"logger":"py.warnings"}
{"timestamp":"2025-12-29T10:58:16.407456Z","level":"warning","event":"The `airflow.operators.python.get_current_context` attribute is deprecated. Please use `'airflow.sdk.get_current_context'`.","category":"DeprecatedImportWarning","filename":"/opt/airflow/dags/dag.py","lineno":7,"logger":"py.warnings"}
{"timestamp":"2025-12-29T10:58:16.407492Z","level":"warning","event":"The `airflow.models.param.Param` attribute is deprecated. Please use `'airflow.sdk.Param'`.","category":"DeprecatedImportWarning","filename":"/opt/airflow/dags/dag.py","lineno":14,"logger":"py.warnings"}
{"timestamp":"2025-12-29T10:58:16.407522Z","level":"warning","event":"The `airflow.operators.python.get_current_context` attribute is deprecated. Please use `'airflow.sdk.get_current_context'`.","category":"DeprecatedImportWarning","filename":"/opt/airflow/dags/dag.py","lineno":22,"logger":"py.warnings"}
{"timestamp":"2025-12-29T10:58:46.780641Z","level":"info","event":"Filling up the DagBag from /opt/airflow/dags/dag.py","logger":"airflow.models.dagbag.DagBag","filename":"dagbag.py","lineno":593}
{"timestamp":"2025-12-29T10:58:46.807278Z","level":"warning","event":"The `airflow.decorators.dag` attribute is deprecated. Please use `'airflow.sdk.dag'`.","category":"DeprecatedImportWarning","filename":"/opt/airflow/dags/dag.py","lineno":3,"logger":"py.warnings"}
{"timestamp":"2025-12-29T10:58:46.807328Z","level":"warning","event":"The `airflow.decorators.task` attribute is deprecated. Please use `'airflow.sdk.task'`.","category":"DeprecatedImportWarning","filename":"/opt/airflow/dags/dag.py","lineno":4,"logger":"py.warnings"}
{"timestamp":"2025-12-29T10:58:46.807353Z","level":"warning","event":"The `airflow.operators.empty.EmptyOperator` attribute is deprecated. Please use `'airflow.providers.standard.operators.empty.EmptyOperator'`.","category":"DeprecatedImportWarning","filename":"/opt/airflow/dags/dag.py","lineno":5,"logger":"py.warnings"}
{"timestamp":"2025-12-29T10:58:46.807375Z","level":"warning","event":"The `airflow.operators.python.get_current_context` attribute is deprecated. Please use `'airflow.sdk.get_current_context'`.","category":"DeprecatedImportWarning","filename":"/opt/airflow/dags/dag.py","lineno":7,"logger":"py.warnings"}
{"timestamp":"2025-12-29T10:58:46.807396Z","level":"warning","event":"The `airflow.models.param.Param` attribute is deprecated. Please use `'airflow.sdk.Param'`.","category":"DeprecatedImportWarning","filename":"/opt/airflow/dags/dag.py","lineno":14,"logger":"py.warnings"}
{"timestamp":"2025-12-29T10:58:46.807416Z","level":"warning","event":"The `airflow.operators.python.get_current_context` attribute is deprecated. Please use `'airflow.sdk.get_current_context'`.","category":"DeprecatedImportWarning","filename":"/opt/airflow/dags/dag.py","lineno":22,"logger":"py.warnings"}
{"timestamp":"2025-12-29T10:59:17.222769Z","level":"info","event":"Filling up the DagBag from /opt/airflow/dags/dag.py","logger":"airflow.models.dagbag.DagBag","filename":"dagbag.py","lineno":593}
{"timestamp":"2025-12-29T10:59:17.264187Z","level":"warning","event":"The `airflow.decorators.dag` attribute is deprecated. Please use `'airflow.sdk.dag'`.","category":"DeprecatedImportWarning","filename":"/opt/airflow/dags/dag.py","lineno":3,"logger":"py.warnings"}
{"timestamp":"2025-12-29T10:59:17.264245Z","level":"warning","event":"The `airflow.decorators.task` attribute is deprecated. Please use `'airflow.sdk.task'`.","category":"DeprecatedImportWarning","filename":"/opt/airflow/dags/dag.py","lineno":4,"logger":"py.warnings"}
{"timestamp":"2025-12-29T10:59:17.264276Z","level":"warning","event":"The `airflow.operators.empty.EmptyOperator` attribute is deprecated. Please use `'airflow.providers.standard.operators.empty.EmptyOperator'`.","category":"DeprecatedImportWarning","filename":"/opt/airflow/dags/dag.py","lineno":5,"logger":"py.warnings"}
{"timestamp":"2025-12-29T10:59:17.264298Z","level":"warning","event":"The `airflow.operators.python.get_current_context` attribute is deprecated. Please use `'airflow.sdk.get_current_context'`.","category":"DeprecatedImportWarning","filename":"/opt/airflow/dags/dag.py","lineno":7,"logger":"py.warnings"}
{"timestamp":"2025-12-29T10:59:17.264317Z","level":"warning","event":"The `airflow.models.param.Param` attribute is deprecated. Please use `'airflow.sdk.Param'`.","category":"DeprecatedImportWarning","filename":"/opt/airflow/dags/dag.py","lineno":14,"logger":"py.warnings"}
{"timestamp":"2025-12-29T10:59:17.264335Z","level":"warning","event":"The `airflow.operators.python.get_current_context` attribute is deprecated. Please use `'airflow.sdk.get_current_context'`.","category":"DeprecatedImportWarning","filename":"/opt/airflow/dags/dag.py","lineno":22,"logger":"py.warnings"}
{"timestamp":"2025-12-29T10:59:47.659969Z","level":"info","event":"Filling up the DagBag from /opt/airflow/dags/dag.py","logger":"airflow.models.dagbag.DagBag","filename":"dagbag.py","lineno":593}
{"timestamp":"2025-12-29T10:59:47.687264Z","level":"warning","event":"The `airflow.decorators.dag` attribute is deprecated. Please use `'airflow.sdk.dag'`.","category":"DeprecatedImportWarning","filename":"/opt/airflow/dags/dag.py","lineno":3,"logger":"py.warnings"}
{"timestamp":"2025-12-29T10:59:47.687310Z","level":"warning","event":"The `airflow.decorators.task` attribute is deprecated. Please use `'airflow.sdk.task'`.","category":"DeprecatedImportWarning","filename":"/opt/airflow/dags/dag.py","lineno":4,"logger":"py.warnings"}
{"timestamp":"2025-12-29T10:59:47.687336Z","level":"warning","event":"The `airflow.operators.empty.EmptyOperator` attribute is deprecated. Please use `'airflow.providers.standard.operators.empty.EmptyOperator'`.","category":"DeprecatedImportWarning","filename":"/opt/airflow/dags/dag.py","lineno":5,"logger":"py.warnings"}
{"timestamp":"2025-12-29T10:59:47.687358Z","level":"warning","event":"The `airflow.operators.python.get_current_context` attribute is deprecated. Please use `'airflow.sdk.get_current_context'`.","category":"DeprecatedImportWarning","filename":"/opt/airflow/dags/dag.py","lineno":7,"logger":"py.warnings"}
{"timestamp":"2025-12-29T10:59:47.687379Z","level":"warning","event":"The `airflow.models.param.Param` attribute is deprecated. Please use `'airflow.sdk.Param'`.","category":"DeprecatedImportWarning","filename":"/opt/airflow/dags/dag.py","lineno":14,"logger":"py.warnings"}
{"timestamp":"2025-12-29T10:59:47.687399Z","level":"warning","event":"The `airflow.operators.python.get_current_context` attribute is deprecated. Please use `'airflow.sdk.get_current_context'`.","category":"DeprecatedImportWarning","filename":"/opt/airflow/dags/dag.py","lineno":22,"logger":"py.warnings"}
{"timestamp":"2025-12-29T11:00:18.070076Z","level":"info","event":"Filling up the DagBag from /opt/airflow/dags/dag.py","logger":"airflow.models.dagbag.DagBag","filename":"dagbag.py","lineno":593}
{"timestamp":"2025-12-29T11:00:18.104716Z","level":"warning","event":"The `airflow.decorators.dag` attribute is deprecated. Please use `'airflow.sdk.dag'`.","category":"DeprecatedImportWarning","filename":"/opt/airflow/dags/dag.py","lineno":3,"logger":"py.warnings"}
{"timestamp":"2025-12-29T11:00:18.104928Z","level":"warning","event":"The `airflow.decorators.task` attribute is deprecated. Please use `'airflow.sdk.task'`.","category":"DeprecatedImportWarning","filename":"/opt/airflow/dags/dag.py","lineno":4,"logger":"py.warnings"}
{"timestamp":"2025-12-29T11:00:18.104991Z","level":"warning","event":"The `airflow.operators.empty.EmptyOperator` attribute is deprecated. Please use `'airflow.providers.standard.operators.empty.EmptyOperator'`.","category":"DeprecatedImportWarning","filename":"/opt/airflow/dags/dag.py","lineno":5,"logger":"py.warnings"}
{"timestamp":"2025-12-29T11:00:18.105013Z","level":"warning","event":"The `airflow.operators.python.get_current_context` attribute is deprecated. Please use `'airflow.sdk.get_current_context'`.","category":"DeprecatedImportWarning","filename":"/opt/airflow/dags/dag.py","lineno":7,"logger":"py.warnings"}
{"timestamp":"2025-12-29T11:00:18.105034Z","level":"warning","event":"The `airflow.models.param.Param` attribute is deprecated. Please use `'airflow.sdk.Param'`.","category":"DeprecatedImportWarning","filename":"/opt/airflow/dags/dag.py","lineno":14,"logger":"py.warnings"}
{"timestamp":"2025-12-29T11:00:18.105064Z","level":"warning","event":"The `airflow.operators.python.get_current_context` attribute is deprecated. Please use `'airflow.sdk.get_current_context'`.","category":"DeprecatedImportWarning","filename":"/opt/airflow/dags/dag.py","lineno":22,"logger":"py.warnings"}
{"timestamp":"2025-12-29T11:00:48.466842Z","level":"info","event":"Filling up the DagBag from /opt/airflow/dags/dag.py","logger":"airflow.models.dagbag.DagBag","filename":"dagbag.py","lineno":593}
{"timestamp":"2025-12-29T11:00:48.507194Z","level":"warning","event":"The `airflow.decorators.dag` attribute is deprecated. Please use `'airflow.sdk.dag'`.","category":"DeprecatedImportWarning","filename":"/opt/airflow/dags/dag.py","lineno":3,"logger":"py.warnings"}
{"timestamp":"2025-12-29T11:00:48.507267Z","level":"warning","event":"The `airflow.decorators.task` attribute is deprecated. Please use `'airflow.sdk.task'`.","category":"DeprecatedImportWarning","filename":"/opt/airflow/dags/dag.py","lineno":4,"logger":"py.warnings"}
{"timestamp":"2025-12-29T11:00:48.507290Z","level":"warning","event":"The `airflow.operators.empty.EmptyOperator` attribute is deprecated. Please use `'airflow.providers.standard.operators.empty.EmptyOperator'`.","category":"DeprecatedImportWarning","filename":"/opt/airflow/dags/dag.py","lineno":5,"logger":"py.warnings"}
{"timestamp":"2025-12-29T11:00:48.507310Z","level":"warning","event":"The `airflow.operators.python.get_current_context` attribute is deprecated. Please use `'airflow.sdk.get_current_context'`.","category":"DeprecatedImportWarning","filename":"/opt/airflow/dags/dag.py","lineno":7,"logger":"py.warnings"}
{"timestamp":"2025-12-29T11:00:48.507328Z","level":"warning","event":"The `airflow.models.param.Param` attribute is deprecated. Please use `'airflow.sdk.Param'`.","category":"DeprecatedImportWarning","filename":"/opt/airflow/dags/dag.py","lineno":14,"logger":"py.warnings"}
{"timestamp":"2025-12-29T11:00:48.507345Z","level":"warning","event":"The `airflow.operators.python.get_current_context` attribute is deprecated. Please use `'airflow.sdk.get_current_context'`.","category":"DeprecatedImportWarning","filename":"/opt/airflow/dags/dag.py","lineno":22,"logger":"py.warnings"}
{"timestamp":"2025-12-29T11:01:18.969744Z","level":"info","event":"Filling up the DagBag from /opt/airflow/dags/dag.py","logger":"airflow.models.dagbag.DagBag","filename":"dagbag.py","lineno":593}
{"timestamp":"2025-12-29T11:01:19.005375Z","level":"warning","event":"The `airflow.decorators.dag` attribute is deprecated. Please use `'airflow.sdk.dag'`.","category":"DeprecatedImportWarning","filename":"/opt/airflow/dags/dag.py","lineno":3,"logger":"py.warnings"}
{"timestamp":"2025-12-29T11:01:19.005435Z","level":"warning","event":"The `airflow.decorators.task` attribute is deprecated. Please use `'airflow.sdk.task'`.","category":"DeprecatedImportWarning","filename":"/opt/airflow/dags/dag.py","lineno":4,"logger":"py.warnings"}
{"timestamp":"2025-12-29T11:01:19.005459Z","level":"warning","event":"The `airflow.operators.empty.EmptyOperator` attribute is deprecated. Please use `'airflow.providers.standard.operators.empty.EmptyOperator'`.","category":"DeprecatedImportWarning","filename":"/opt/airflow/dags/dag.py","lineno":5,"logger":"py.warnings"}
{"timestamp":"2025-12-29T11:01:19.005481Z","level":"warning","event":"The `airflow.operators.python.get_current_context` attribute is deprecated. Please use `'airflow.sdk.get_current_context'`.","category":"DeprecatedImportWarning","filename":"/opt/airflow/dags/dag.py","lineno":7,"logger":"py.warnings"}
{"timestamp":"2025-12-29T11:01:19.005501Z","level":"warning","event":"The `airflow.models.param.Param` attribute is deprecated. Please use `'airflow.sdk.Param'`.","category":"DeprecatedImportWarning","filename":"/opt/airflow/dags/dag.py","lineno":14,"logger":"py.warnings"}
{"timestamp":"2025-12-29T11:01:19.005520Z","level":"warning","event":"The `airflow.operators.python.get_current_context` attribute is deprecated. Please use `'airflow.sdk.get_current_context'`.","category":"DeprecatedImportWarning","filename":"/opt/airflow/dags/dag.py","lineno":22,"logger":"py.warnings"}
{"timestamp":"2025-12-29T11:01:49.470185Z","level":"info","event":"Filling up the DagBag from /opt/airflow/dags/dag.py","logger":"airflow.models.dagbag.DagBag","filename":"dagbag.py","lineno":593}
{"timestamp":"2025-12-29T11:01:49.505164Z","level":"warning","event":"The `airflow.decorators.dag` attribute is deprecated. Please use `'airflow.sdk.dag'`.","category":"DeprecatedImportWarning","filename":"/opt/airflow/dags/dag.py","lineno":3,"logger":"py.warnings"}
{"timestamp":"2025-12-29T11:01:49.505222Z","level":"warning","event":"The `airflow.decorators.task` attribute is deprecated. Please use `'airflow.sdk.task'`.","category":"DeprecatedImportWarning","filename":"/opt/airflow/dags/dag.py","lineno":4,"logger":"py.warnings"}
{"timestamp":"2025-12-29T11:01:49.505252Z","level":"warning","event":"The `airflow.operators.empty.EmptyOperator` attribute is deprecated. Please use `'airflow.providers.standard.operators.empty.EmptyOperator'`.","category":"DeprecatedImportWarning","filename":"/opt/airflow/dags/dag.py","lineno":5,"logger":"py.warnings"}
{"timestamp":"2025-12-29T11:01:49.505273Z","level":"warning","event":"The `airflow.operators.python.get_current_context` attribute is deprecated. Please use `'airflow.sdk.get_current_context'`.","category":"DeprecatedImportWarning","filename":"/opt/airflow/dags/dag.py","lineno":7,"logger":"py.warnings"}
{"timestamp":"2025-12-29T11:01:49.505293Z","level":"warning","event":"The `airflow.models.param.Param` attribute is deprecated. Please use `'airflow.sdk.Param'`.","category":"DeprecatedImportWarning","filename":"/opt/airflow/dags/dag.py","lineno":14,"logger":"py.warnings"}
{"timestamp":"2025-12-29T11:01:49.505312Z","level":"warning","event":"The `airflow.operators.python.get_current_context` attribute is deprecated. Please use `'airflow.sdk.get_current_context'`.","category":"DeprecatedImportWarning","filename":"/opt/airflow/dags/dag.py","lineno":22,"logger":"py.warnings"}
{"timestamp":"2025-12-29T11:02:19.896337Z","level":"info","event":"Filling up the DagBag from /opt/airflow/dags/dag.py","logger":"airflow.models.dagbag.DagBag","filename":"dagbag.py","lineno":593}
{"timestamp":"2025-12-29T11:02:19.934259Z","level":"warning","event":"The `airflow.decorators.dag` attribute is deprecated. Please use `'airflow.sdk.dag'`.","category":"DeprecatedImportWarning","filename":"/opt/airflow/dags/dag.py","lineno":3,"logger":"py.warnings"}
{"timestamp":"2025-12-29T11:02:19.934324Z","level":"warning","event":"The `airflow.decorators.task` attribute is deprecated. Please use `'airflow.sdk.task'`.","category":"DeprecatedImportWarning","filename":"/opt/airflow/dags/dag.py","lineno":4,"logger":"py.warnings"}
{"timestamp":"2025-12-29T11:02:19.934347Z","level":"warning","event":"The `airflow.operators.empty.EmptyOperator` attribute is deprecated. Please use `'airflow.providers.standard.operators.empty.EmptyOperator'`.","category":"DeprecatedImportWarning","filename":"/opt/airflow/dags/dag.py","lineno":5,"logger":"py.warnings"}
{"timestamp":"2025-12-29T11:02:19.934368Z","level":"warning","event":"The `airflow.operators.python.get_current_context` attribute is deprecated. Please use `'airflow.sdk.get_current_context'`.","category":"DeprecatedImportWarning","filename":"/opt/airflow/dags/dag.py","lineno":7,"logger":"py.warnings"}
{"timestamp":"2025-12-29T11:02:19.934388Z","level":"warning","event":"The `airflow.models.param.Param` attribute is deprecated. Please use `'airflow.sdk.Param'`.","category":"DeprecatedImportWarning","filename":"/opt/airflow/dags/dag.py","lineno":14,"logger":"py.warnings"}
{"timestamp":"2025-12-29T11:02:19.934406Z","level":"warning","event":"The `airflow.operators.python.get_current_context` attribute is deprecated. Please use `'airflow.sdk.get_current_context'`.","category":"DeprecatedImportWarning","filename":"/opt/airflow/dags/dag.py","lineno":22,"logger":"py.warnings"}
{"timestamp":"2025-12-29T11:02:50.320905Z","level":"info","event":"Filling up the DagBag from /opt/airflow/dags/dag.py","logger":"airflow.models.dagbag.DagBag","filename":"dagbag.py","lineno":593}
{"timestamp":"2025-12-29T11:02:50.367256Z","level":"warning","event":"The `airflow.decorators.dag` attribute is deprecated. Please use `'airflow.sdk.dag'`.","category":"DeprecatedImportWarning","filename":"/opt/airflow/dags/dag.py","lineno":3,"logger":"py.warnings"}
{"timestamp":"2025-12-29T11:02:50.367333Z","level":"warning","event":"The `airflow.decorators.task` attribute is deprecated. Please use `'airflow.sdk.task'`.","category":"DeprecatedImportWarning","filename":"/opt/airflow/dags/dag.py","lineno":4,"logger":"py.warnings"}
{"timestamp":"2025-12-29T11:02:50.367385Z","level":"warning","event":"The `airflow.operators.empty.EmptyOperator` attribute is deprecated. Please use `'airflow.providers.standard.operators.empty.EmptyOperator'`.","category":"DeprecatedImportWarning","filename":"/opt/airflow/dags/dag.py","lineno":5,"logger":"py.warnings"}
{"timestamp":"2025-12-29T11:02:50.367419Z","level":"warning","event":"The `airflow.operators.python.get_current_context` attribute is deprecated. Please use `'airflow.sdk.get_current_context'`.","category":"DeprecatedImportWarning","filename":"/opt/airflow/dags/dag.py","lineno":7,"logger":"py.warnings"}
{"timestamp":"2025-12-29T11:02:50.367469Z","level":"warning","event":"The `airflow.models.param.Param` attribute is deprecated. Please use `'airflow.sdk.Param'`.","category":"DeprecatedImportWarning","filename":"/opt/airflow/dags/dag.py","lineno":14,"logger":"py.warnings"}
{"timestamp":"2025-12-29T11:02:50.367510Z","level":"warning","event":"The `airflow.operators.python.get_current_context` attribute is deprecated. Please use `'airflow.sdk.get_current_context'`.","category":"DeprecatedImportWarning","filename":"/opt/airflow/dags/dag.py","lineno":22,"logger":"py.warnings"}
{"timestamp":"2025-12-29T11:03:20.780271Z","level":"info","event":"Filling up the DagBag from /opt/airflow/dags/dag.py","logger":"airflow.models.dagbag.DagBag","filename":"dagbag.py","lineno":593}
{"timestamp":"2025-12-29T11:03:20.823867Z","level":"warning","event":"The `airflow.decorators.dag` attribute is deprecated. Please use `'airflow.sdk.dag'`.","category":"DeprecatedImportWarning","filename":"/opt/airflow/dags/dag.py","lineno":3,"logger":"py.warnings"}
{"timestamp":"2025-12-29T11:03:20.823924Z","level":"warning","event":"The `airflow.decorators.task` attribute is deprecated. Please use `'airflow.sdk.task'`.","category":"DeprecatedImportWarning","filename":"/opt/airflow/dags/dag.py","lineno":4,"logger":"py.warnings"}
{"timestamp":"2025-12-29T11:03:20.823948Z","level":"warning","event":"The `airflow.operators.empty.EmptyOperator` attribute is deprecated. Please use `'airflow.providers.standard.operators.empty.EmptyOperator'`.","category":"DeprecatedImportWarning","filename":"/opt/airflow/dags/dag.py","lineno":5,"logger":"py.warnings"}
{"timestamp":"2025-12-29T11:03:20.823969Z","level":"warning","event":"The `airflow.operators.python.get_current_context` attribute is deprecated. Please use `'airflow.sdk.get_current_context'`.","category":"DeprecatedImportWarning","filename":"/opt/airflow/dags/dag.py","lineno":7,"logger":"py.warnings"}
{"timestamp":"2025-12-29T11:03:20.823989Z","level":"warning","event":"The `airflow.models.param.Param` attribute is deprecated. Please use `'airflow.sdk.Param'`.","category":"DeprecatedImportWarning","filename":"/opt/airflow/dags/dag.py","lineno":14,"logger":"py.warnings"}
{"timestamp":"2025-12-29T11:03:20.824007Z","level":"warning","event":"The `airflow.operators.python.get_current_context` attribute is deprecated. Please use `'airflow.sdk.get_current_context'`.","category":"DeprecatedImportWarning","filename":"/opt/airflow/dags/dag.py","lineno":22,"logger":"py.warnings"}
{"timestamp":"2025-12-29T11:03:51.229065Z","level":"info","event":"Filling up the DagBag from /opt/airflow/dags/dag.py","logger":"airflow.models.dagbag.DagBag","filename":"dagbag.py","lineno":593}
{"timestamp":"2025-12-29T11:03:51.269961Z","level":"warning","event":"The `airflow.decorators.dag` attribute is deprecated. Please use `'airflow.sdk.dag'`.","category":"DeprecatedImportWarning","filename":"/opt/airflow/dags/dag.py","lineno":3,"logger":"py.warnings"}
{"timestamp":"2025-12-29T11:03:51.270016Z","level":"warning","event":"The `airflow.decorators.task` attribute is deprecated. Please use `'airflow.sdk.task'`.","category":"DeprecatedImportWarning","filename":"/opt/airflow/dags/dag.py","lineno":4,"logger":"py.warnings"}
{"timestamp":"2025-12-29T11:03:51.270043Z","level":"warning","event":"The `airflow.operators.empty.EmptyOperator` attribute is deprecated. Please use `'airflow.providers.standard.operators.empty.EmptyOperator'`.","category":"DeprecatedImportWarning","filename":"/opt/airflow/dags/dag.py","lineno":5,"logger":"py.warnings"}
{"timestamp":"2025-12-29T11:03:51.270064Z","level":"warning","event":"The `airflow.operators.python.get_current_context` attribute is deprecated. Please use `'airflow.sdk.get_current_context'`.","category":"DeprecatedImportWarning","filename":"/opt/airflow/dags/dag.py","lineno":7,"logger":"py.warnings"}
{"timestamp":"2025-12-29T11:03:51.270082Z","level":"warning","event":"The `airflow.models.param.Param` attribute is deprecated. Please use `'airflow.sdk.Param'`.","category":"DeprecatedImportWarning","filename":"/opt/airflow/dags/dag.py","lineno":14,"logger":"py.warnings"}
{"timestamp":"2025-12-29T11:03:51.270098Z","level":"warning","event":"The `airflow.operators.python.get_current_context` attribute is deprecated. Please use `'airflow.sdk.get_current_context'`.","category":"DeprecatedImportWarning","filename":"/opt/airflow/dags/dag.py","lineno":22,"logger":"py.warnings"}
{"timestamp":"2025-12-29T11:04:21.641564Z","level":"info","event":"Filling up the DagBag from /opt/airflow/dags/dag.py","logger":"airflow.models.dagbag.DagBag","filename":"dagbag.py","lineno":593}
{"timestamp":"2025-12-29T11:04:21.691202Z","level":"warning","event":"The `airflow.decorators.dag` attribute is deprecated. Please use `'airflow.sdk.dag'`.","category":"DeprecatedImportWarning","filename":"/opt/airflow/dags/dag.py","lineno":3,"logger":"py.warnings"}
{"timestamp":"2025-12-29T11:04:21.691305Z","level":"warning","event":"The `airflow.decorators.task` attribute is deprecated. Please use `'airflow.sdk.task'`.","category":"DeprecatedImportWarning","filename":"/opt/airflow/dags/dag.py","lineno":4,"logger":"py.warnings"}
{"timestamp":"2025-12-29T11:04:21.691344Z","level":"warning","event":"The `airflow.operators.empty.EmptyOperator` attribute is deprecated. Please use `'airflow.providers.standard.operators.empty.EmptyOperator'`.","category":"DeprecatedImportWarning","filename":"/opt/airflow/dags/dag.py","lineno":5,"logger":"py.warnings"}
{"timestamp":"2025-12-29T11:04:21.691376Z","level":"warning","event":"The `airflow.operators.python.get_current_context` attribute is deprecated. Please use `'airflow.sdk.get_current_context'`.","category":"DeprecatedImportWarning","filename":"/opt/airflow/dags/dag.py","lineno":7,"logger":"py.warnings"}
{"timestamp":"2025-12-29T11:04:21.691398Z","level":"warning","event":"The `airflow.models.param.Param` attribute is deprecated. Please use `'airflow.sdk.Param'`.","category":"DeprecatedImportWarning","filename":"/opt/airflow/dags/dag.py","lineno":14,"logger":"py.warnings"}
{"timestamp":"2025-12-29T11:04:21.691417Z","level":"warning","event":"The `airflow.operators.python.get_current_context` attribute is deprecated. Please use `'airflow.sdk.get_current_context'`.","category":"DeprecatedImportWarning","filename":"/opt/airflow/dags/dag.py","lineno":22,"logger":"py.warnings"}
{"timestamp":"2025-12-29T11:04:52.118367Z","level":"info","event":"Filling up the DagBag from /opt/airflow/dags/dag.py","logger":"airflow.models.dagbag.DagBag","filename":"dagbag.py","lineno":593}
{"timestamp":"2025-12-29T11:04:52.160002Z","level":"warning","event":"The `airflow.decorators.dag` attribute is deprecated. Please use `'airflow.sdk.dag'`.","category":"DeprecatedImportWarning","filename":"/opt/airflow/dags/dag.py","lineno":3,"logger":"py.warnings"}
{"timestamp":"2025-12-29T11:04:52.160100Z","level":"warning","event":"The `airflow.decorators.task` attribute is deprecated. Please use `'airflow.sdk.task'`.","category":"DeprecatedImportWarning","filename":"/opt/airflow/dags/dag.py","lineno":4,"logger":"py.warnings"}
{"timestamp":"2025-12-29T11:04:52.160126Z","level":"warning","event":"The `airflow.operators.empty.EmptyOperator` attribute is deprecated. Please use `'airflow.providers.standard.operators.empty.EmptyOperator'`.","category":"DeprecatedImportWarning","filename":"/opt/airflow/dags/dag.py","lineno":5,"logger":"py.warnings"}
{"timestamp":"2025-12-29T11:04:52.160161Z","level":"warning","event":"The `airflow.operators.python.get_current_context` attribute is deprecated. Please use `'airflow.sdk.get_current_context'`.","category":"DeprecatedImportWarning","filename":"/opt/airflow/dags/dag.py","lineno":7,"logger":"py.warnings"}
{"timestamp":"2025-12-29T11:04:52.160193Z","level":"warning","event":"The `airflow.models.param.Param` attribute is deprecated. Please use `'airflow.sdk.Param'`.","category":"DeprecatedImportWarning","filename":"/opt/airflow/dags/dag.py","lineno":14,"logger":"py.warnings"}
{"timestamp":"2025-12-29T11:04:52.160214Z","level":"warning","event":"The `airflow.operators.python.get_current_context` attribute is deprecated. Please use `'airflow.sdk.get_current_context'`.","category":"DeprecatedImportWarning","filename":"/opt/airflow/dags/dag.py","lineno":22,"logger":"py.warnings"}
{"timestamp":"2025-12-29T11:05:22.618159Z","level":"info","event":"Filling up the DagBag from /opt/airflow/dags/dag.py","logger":"airflow.models.dagbag.DagBag","filename":"dagbag.py","lineno":593}
{"timestamp":"2025-12-29T11:05:22.667267Z","level":"warning","event":"The `airflow.decorators.dag` attribute is deprecated. Please use `'airflow.sdk.dag'`.","category":"DeprecatedImportWarning","filename":"/opt/airflow/dags/dag.py","lineno":3,"logger":"py.warnings"}
{"timestamp":"2025-12-29T11:05:22.667521Z","level":"warning","event":"The `airflow.decorators.task` attribute is deprecated. Please use `'airflow.sdk.task'`.","category":"DeprecatedImportWarning","filename":"/opt/airflow/dags/dag.py","lineno":4,"logger":"py.warnings"}
{"timestamp":"2025-12-29T11:05:22.667685Z","level":"warning","event":"The `airflow.operators.empty.EmptyOperator` attribute is deprecated. Please use `'airflow.providers.standard.operators.empty.EmptyOperator'`.","category":"DeprecatedImportWarning","filename":"/opt/airflow/dags/dag.py","lineno":5,"logger":"py.warnings"}
{"timestamp":"2025-12-29T11:05:22.667942Z","level":"warning","event":"The `airflow.operators.python.get_current_context` attribute is deprecated. Please use `'airflow.sdk.get_current_context'`.","category":"DeprecatedImportWarning","filename":"/opt/airflow/dags/dag.py","lineno":7,"logger":"py.warnings"}
{"timestamp":"2025-12-29T11:05:22.668427Z","level":"warning","event":"The `airflow.models.param.Param` attribute is deprecated. Please use `'airflow.sdk.Param'`.","category":"DeprecatedImportWarning","filename":"/opt/airflow/dags/dag.py","lineno":14,"logger":"py.warnings"}
{"timestamp":"2025-12-29T11:05:22.668459Z","level":"warning","event":"The `airflow.operators.python.get_current_context` attribute is deprecated. Please use `'airflow.sdk.get_current_context'`.","category":"DeprecatedImportWarning","filename":"/opt/airflow/dags/dag.py","lineno":22,"logger":"py.warnings"}
{"timestamp":"2025-12-29T11:05:53.080111Z","level":"info","event":"Filling up the DagBag from /opt/airflow/dags/dag.py","logger":"airflow.models.dagbag.DagBag","filename":"dagbag.py","lineno":593}
{"timestamp":"2025-12-29T11:05:53.115402Z","level":"warning","event":"The `airflow.decorators.dag` attribute is deprecated. Please use `'airflow.sdk.dag'`.","category":"DeprecatedImportWarning","filename":"/opt/airflow/dags/dag.py","lineno":3,"logger":"py.warnings"}
{"timestamp":"2025-12-29T11:05:53.115455Z","level":"warning","event":"The `airflow.decorators.task` attribute is deprecated. Please use `'airflow.sdk.task'`.","category":"DeprecatedImportWarning","filename":"/opt/airflow/dags/dag.py","lineno":4,"logger":"py.warnings"}
{"timestamp":"2025-12-29T11:05:53.115478Z","level":"warning","event":"The `airflow.operators.empty.EmptyOperator` attribute is deprecated. Please use `'airflow.providers.standard.operators.empty.EmptyOperator'`.","category":"DeprecatedImportWarning","filename":"/opt/airflow/dags/dag.py","lineno":5,"logger":"py.warnings"}
{"timestamp":"2025-12-29T11:05:53.115499Z","level":"warning","event":"The `airflow.operators.python.get_current_context` attribute is deprecated. Please use `'airflow.sdk.get_current_context'`.","category":"DeprecatedImportWarning","filename":"/opt/airflow/dags/dag.py","lineno":7,"logger":"py.warnings"}
{"timestamp":"2025-12-29T11:05:53.115518Z","level":"warning","event":"The `airflow.models.param.Param` attribute is deprecated. Please use `'airflow.sdk.Param'`.","category":"DeprecatedImportWarning","filename":"/opt/airflow/dags/dag.py","lineno":14,"logger":"py.warnings"}
{"timestamp":"2025-12-29T11:05:53.115536Z","level":"warning","event":"The `airflow.operators.python.get_current_context` attribute is deprecated. Please use `'airflow.sdk.get_current_context'`.","category":"DeprecatedImportWarning","filename":"/opt/airflow/dags/dag.py","lineno":22,"logger":"py.warnings"}
{"timestamp":"2025-12-29T11:06:23.475995Z","level":"info","event":"Filling up the DagBag from /opt/airflow/dags/dag.py","logger":"airflow.models.dagbag.DagBag","filename":"dagbag.py","lineno":593}
{"timestamp":"2025-12-29T11:06:23.504103Z","level":"warning","event":"The `airflow.decorators.dag` attribute is deprecated. Please use `'airflow.sdk.dag'`.","category":"DeprecatedImportWarning","filename":"/opt/airflow/dags/dag.py","lineno":3,"logger":"py.warnings"}
{"timestamp":"2025-12-29T11:06:23.504159Z","level":"warning","event":"The `airflow.decorators.task` attribute is deprecated. Please use `'airflow.sdk.task'`.","category":"DeprecatedImportWarning","filename":"/opt/airflow/dags/dag.py","lineno":4,"logger":"py.warnings"}
{"timestamp":"2025-12-29T11:06:23.504184Z","level":"warning","event":"The `airflow.operators.empty.EmptyOperator` attribute is deprecated. Please use `'airflow.providers.standard.operators.empty.EmptyOperator'`.","category":"DeprecatedImportWarning","filename":"/opt/airflow/dags/dag.py","lineno":5,"logger":"py.warnings"}
{"timestamp":"2025-12-29T11:06:23.504207Z","level":"warning","event":"The `airflow.operators.python.get_current_context` attribute is deprecated. Please use `'airflow.sdk.get_current_context'`.","category":"DeprecatedImportWarning","filename":"/opt/airflow/dags/dag.py","lineno":7,"logger":"py.warnings"}
{"timestamp":"2025-12-29T11:06:23.504227Z","level":"warning","event":"The `airflow.models.param.Param` attribute is deprecated. Please use `'airflow.sdk.Param'`.","category":"DeprecatedImportWarning","filename":"/opt/airflow/dags/dag.py","lineno":14,"logger":"py.warnings"}
{"timestamp":"2025-12-29T11:06:23.504260Z","level":"warning","event":"The `airflow.operators.python.get_current_context` attribute is deprecated. Please use `'airflow.sdk.get_current_context'`.","category":"DeprecatedImportWarning","filename":"/opt/airflow/dags/dag.py","lineno":22,"logger":"py.warnings"}
{"timestamp":"2025-12-29T11:06:53.921874Z","level":"info","event":"Filling up the DagBag from /opt/airflow/dags/dag.py","logger":"airflow.models.dagbag.DagBag","filename":"dagbag.py","lineno":593}
{"timestamp":"2025-12-29T11:06:53.957315Z","level":"warning","event":"The `airflow.decorators.dag` attribute is deprecated. Please use `'airflow.sdk.dag'`.","category":"DeprecatedImportWarning","filename":"/opt/airflow/dags/dag.py","lineno":3,"logger":"py.warnings"}
{"timestamp":"2025-12-29T11:06:53.957376Z","level":"warning","event":"The `airflow.decorators.task` attribute is deprecated. Please use `'airflow.sdk.task'`.","category":"DeprecatedImportWarning","filename":"/opt/airflow/dags/dag.py","lineno":4,"logger":"py.warnings"}
{"timestamp":"2025-12-29T11:06:53.957400Z","level":"warning","event":"The `airflow.operators.empty.EmptyOperator` attribute is deprecated. Please use `'airflow.providers.standard.operators.empty.EmptyOperator'`.","category":"DeprecatedImportWarning","filename":"/opt/airflow/dags/dag.py","lineno":5,"logger":"py.warnings"}
{"timestamp":"2025-12-29T11:06:53.957420Z","level":"warning","event":"The `airflow.operators.python.get_current_context` attribute is deprecated. Please use `'airflow.sdk.get_current_context'`.","category":"DeprecatedImportWarning","filename":"/opt/airflow/dags/dag.py","lineno":7,"logger":"py.warnings"}
{"timestamp":"2025-12-29T11:06:53.957440Z","level":"warning","event":"The `airflow.models.param.Param` attribute is deprecated. Please use `'airflow.sdk.Param'`.","category":"DeprecatedImportWarning","filename":"/opt/airflow/dags/dag.py","lineno":14,"logger":"py.warnings"}
{"timestamp":"2025-12-29T11:06:53.957459Z","level":"warning","event":"The `airflow.operators.python.get_current_context` attribute is deprecated. Please use `'airflow.sdk.get_current_context'`.","category":"DeprecatedImportWarning","filename":"/opt/airflow/dags/dag.py","lineno":22,"logger":"py.warnings"}
{"timestamp":"2025-12-29T11:07:24.349028Z","level":"info","event":"Filling up the DagBag from /opt/airflow/dags/dag.py","logger":"airflow.models.dagbag.DagBag","filename":"dagbag.py","lineno":593}
{"timestamp":"2025-12-29T11:07:24.378853Z","level":"warning","event":"The `airflow.decorators.dag` attribute is deprecated. Please use `'airflow.sdk.dag'`.","category":"DeprecatedImportWarning","filename":"/opt/airflow/dags/dag.py","lineno":3,"logger":"py.warnings"}
{"timestamp":"2025-12-29T11:07:24.379034Z","level":"warning","event":"The `airflow.decorators.task` attribute is deprecated. Please use `'airflow.sdk.task'`.","category":"DeprecatedImportWarning","filename":"/opt/airflow/dags/dag.py","lineno":4,"logger":"py.warnings"}
{"timestamp":"2025-12-29T11:07:24.379374Z","level":"warning","event":"The `airflow.operators.empty.EmptyOperator` attribute is deprecated. Please use `'airflow.providers.standard.operators.empty.EmptyOperator'`.","category":"DeprecatedImportWarning","filename":"/opt/airflow/dags/dag.py","lineno":5,"logger":"py.warnings"}
{"timestamp":"2025-12-29T11:07:24.379544Z","level":"warning","event":"The `airflow.operators.python.get_current_context` attribute is deprecated. Please use `'airflow.sdk.get_current_context'`.","category":"DeprecatedImportWarning","filename":"/opt/airflow/dags/dag.py","lineno":7,"logger":"py.warnings"}
{"timestamp":"2025-12-29T11:07:24.379571Z","level":"warning","event":"The `airflow.models.param.Param` attribute is deprecated. Please use `'airflow.sdk.Param'`.","category":"DeprecatedImportWarning","filename":"/opt/airflow/dags/dag.py","lineno":14,"logger":"py.warnings"}
{"timestamp":"2025-12-29T11:07:24.379593Z","level":"warning","event":"The `airflow.operators.python.get_current_context` attribute is deprecated. Please use `'airflow.sdk.get_current_context'`.","category":"DeprecatedImportWarning","filename":"/opt/airflow/dags/dag.py","lineno":22,"logger":"py.warnings"}
{"timestamp":"2025-12-29T11:07:54.672967Z","level":"info","event":"Filling up the DagBag from /opt/airflow/dags/dag.py","logger":"airflow.models.dagbag.DagBag","filename":"dagbag.py","lineno":593}
{"timestamp":"2025-12-29T11:07:54.699961Z","level":"warning","event":"The `airflow.decorators.dag` attribute is deprecated. Please use `'airflow.sdk.dag'`.","category":"DeprecatedImportWarning","filename":"/opt/airflow/dags/dag.py","lineno":3,"logger":"py.warnings"}
{"timestamp":"2025-12-29T11:07:54.700012Z","level":"warning","event":"The `airflow.decorators.task` attribute is deprecated. Please use `'airflow.sdk.task'`.","category":"DeprecatedImportWarning","filename":"/opt/airflow/dags/dag.py","lineno":4,"logger":"py.warnings"}
{"timestamp":"2025-12-29T11:07:54.700038Z","level":"warning","event":"The `airflow.operators.empty.EmptyOperator` attribute is deprecated. Please use `'airflow.providers.standard.operators.empty.EmptyOperator'`.","category":"DeprecatedImportWarning","filename":"/opt/airflow/dags/dag.py","lineno":5,"logger":"py.warnings"}
{"timestamp":"2025-12-29T11:07:54.700061Z","level":"warning","event":"The `airflow.operators.python.get_current_context` attribute is deprecated. Please use `'airflow.sdk.get_current_context'`.","category":"DeprecatedImportWarning","filename":"/opt/airflow/dags/dag.py","lineno":7,"logger":"py.warnings"}
{"timestamp":"2025-12-29T11:07:54.700084Z","level":"warning","event":"The `airflow.models.param.Param` attribute is deprecated. Please use `'airflow.sdk.Param'`.","category":"DeprecatedImportWarning","filename":"/opt/airflow/dags/dag.py","lineno":14,"logger":"py.warnings"}
{"timestamp":"2025-12-29T11:07:54.700118Z","level":"warning","event":"The `airflow.operators.python.get_current_context` attribute is deprecated. Please use `'airflow.sdk.get_current_context'`.","category":"DeprecatedImportWarning","filename":"/opt/airflow/dags/dag.py","lineno":22,"logger":"py.warnings"}
{"timestamp":"2025-12-29T11:08:25.099982Z","level":"info","event":"Filling up the DagBag from /opt/airflow/dags/dag.py","logger":"airflow.models.dagbag.DagBag","filename":"dagbag.py","lineno":593}
{"timestamp":"2025-12-29T11:08:25.135676Z","level":"warning","event":"The `airflow.decorators.dag` attribute is deprecated. Please use `'airflow.sdk.dag'`.","category":"DeprecatedImportWarning","filename":"/opt/airflow/dags/dag.py","lineno":3,"logger":"py.warnings"}
{"timestamp":"2025-12-29T11:08:25.135743Z","level":"warning","event":"The `airflow.decorators.task` attribute is deprecated. Please use `'airflow.sdk.task'`.","category":"DeprecatedImportWarning","filename":"/opt/airflow/dags/dag.py","lineno":4,"logger":"py.warnings"}
{"timestamp":"2025-12-29T11:08:25.135769Z","level":"warning","event":"The `airflow.operators.empty.EmptyOperator` attribute is deprecated. Please use `'airflow.providers.standard.operators.empty.EmptyOperator'`.","category":"DeprecatedImportWarning","filename":"/opt/airflow/dags/dag.py","lineno":5,"logger":"py.warnings"}
{"timestamp":"2025-12-29T11:08:25.135789Z","level":"warning","event":"The `airflow.operators.python.get_current_context` attribute is deprecated. Please use `'airflow.sdk.get_current_context'`.","category":"DeprecatedImportWarning","filename":"/opt/airflow/dags/dag.py","lineno":7,"logger":"py.warnings"}
{"timestamp":"2025-12-29T11:08:25.135809Z","level":"warning","event":"The `airflow.models.param.Param` attribute is deprecated. Please use `'airflow.sdk.Param'`.","category":"DeprecatedImportWarning","filename":"/opt/airflow/dags/dag.py","lineno":14,"logger":"py.warnings"}
{"timestamp":"2025-12-29T11:08:25.135827Z","level":"warning","event":"The `airflow.operators.python.get_current_context` attribute is deprecated. Please use `'airflow.sdk.get_current_context'`.","category":"DeprecatedImportWarning","filename":"/opt/airflow/dags/dag.py","lineno":22,"logger":"py.warnings"}
{"timestamp":"2025-12-29T11:08:55.508086Z","level":"info","event":"Filling up the DagBag from /opt/airflow/dags/dag.py","logger":"airflow.models.dagbag.DagBag","filename":"dagbag.py","lineno":593}
{"timestamp":"2025-12-29T11:08:55.536254Z","level":"warning","event":"The `airflow.decorators.dag` attribute is deprecated. Please use `'airflow.sdk.dag'`.","category":"DeprecatedImportWarning","filename":"/opt/airflow/dags/dag.py","lineno":3,"logger":"py.warnings"}
{"timestamp":"2025-12-29T11:08:55.536450Z","level":"warning","event":"The `airflow.decorators.task` attribute is deprecated. Please use `'airflow.sdk.task'`.","category":"DeprecatedImportWarning","filename":"/opt/airflow/dags/dag.py","lineno":4,"logger":"py.warnings"}
{"timestamp":"2025-12-29T11:08:55.536812Z","level":"warning","event":"The `airflow.operators.empty.EmptyOperator` attribute is deprecated. Please use `'airflow.providers.standard.operators.empty.EmptyOperator'`.","category":"DeprecatedImportWarning","filename":"/opt/airflow/dags/dag.py","lineno":5,"logger":"py.warnings"}
{"timestamp":"2025-12-29T11:08:55.536846Z","level":"warning","event":"The `airflow.operators.python.get_current_context` attribute is deprecated. Please use `'airflow.sdk.get_current_context'`.","category":"DeprecatedImportWarning","filename":"/opt/airflow/dags/dag.py","lineno":7,"logger":"py.warnings"}
{"timestamp":"2025-12-29T11:08:55.537034Z","level":"warning","event":"The `airflow.models.param.Param` attribute is deprecated. Please use `'airflow.sdk.Param'`.","category":"DeprecatedImportWarning","filename":"/opt/airflow/dags/dag.py","lineno":14,"logger":"py.warnings"}
{"timestamp":"2025-12-29T11:08:55.537067Z","level":"warning","event":"The `airflow.operators.python.get_current_context` attribute is deprecated. Please use `'airflow.sdk.get_current_context'`.","category":"DeprecatedImportWarning","filename":"/opt/airflow/dags/dag.py","lineno":22,"logger":"py.warnings"}
{"timestamp":"2025-12-29T11:09:25.900134Z","level":"info","event":"Filling up the DagBag from /opt/airflow/dags/dag.py","logger":"airflow.models.dagbag.DagBag","filename":"dagbag.py","lineno":593}
{"timestamp":"2025-12-29T11:09:25.937073Z","level":"warning","event":"The `airflow.decorators.dag` attribute is deprecated. Please use `'airflow.sdk.dag'`.","category":"DeprecatedImportWarning","filename":"/opt/airflow/dags/dag.py","lineno":3,"logger":"py.warnings"}
{"timestamp":"2025-12-29T11:09:25.937130Z","level":"warning","event":"The `airflow.decorators.task` attribute is deprecated. Please use `'airflow.sdk.task'`.","category":"DeprecatedImportWarning","filename":"/opt/airflow/dags/dag.py","lineno":4,"logger":"py.warnings"}
{"timestamp":"2025-12-29T11:09:25.937154Z","level":"warning","event":"The `airflow.operators.empty.EmptyOperator` attribute is deprecated. Please use `'airflow.providers.standard.operators.empty.EmptyOperator'`.","category":"DeprecatedImportWarning","filename":"/opt/airflow/dags/dag.py","lineno":5,"logger":"py.warnings"}
{"timestamp":"2025-12-29T11:09:25.937176Z","level":"warning","event":"The `airflow.operators.python.get_current_context` attribute is deprecated. Please use `'airflow.sdk.get_current_context'`.","category":"DeprecatedImportWarning","filename":"/opt/airflow/dags/dag.py","lineno":7,"logger":"py.warnings"}
{"timestamp":"2025-12-29T11:09:25.937196Z","level":"warning","event":"The `airflow.models.param.Param` attribute is deprecated. Please use `'airflow.sdk.Param'`.","category":"DeprecatedImportWarning","filename":"/opt/airflow/dags/dag.py","lineno":14,"logger":"py.warnings"}
{"timestamp":"2025-12-29T11:09:25.937215Z","level":"warning","event":"The `airflow.operators.python.get_current_context` attribute is deprecated. Please use `'airflow.sdk.get_current_context'`.","category":"DeprecatedImportWarning","filename":"/opt/airflow/dags/dag.py","lineno":22,"logger":"py.warnings"}
{"timestamp":"2025-12-29T11:09:56.294592Z","level":"info","event":"Filling up the DagBag from /opt/airflow/dags/dag.py","logger":"airflow.models.dagbag.DagBag","filename":"dagbag.py","lineno":593}
{"timestamp":"2025-12-29T11:09:56.345205Z","level":"warning","event":"The `airflow.decorators.dag` attribute is deprecated. Please use `'airflow.sdk.dag'`.","category":"DeprecatedImportWarning","filename":"/opt/airflow/dags/dag.py","lineno":3,"logger":"py.warnings"}
{"timestamp":"2025-12-29T11:09:56.345276Z","level":"warning","event":"The `airflow.decorators.task` attribute is deprecated. Please use `'airflow.sdk.task'`.","category":"DeprecatedImportWarning","filename":"/opt/airflow/dags/dag.py","lineno":4,"logger":"py.warnings"}
{"timestamp":"2025-12-29T11:09:56.345301Z","level":"warning","event":"The `airflow.operators.empty.EmptyOperator` attribute is deprecated. Please use `'airflow.providers.standard.operators.empty.EmptyOperator'`.","category":"DeprecatedImportWarning","filename":"/opt/airflow/dags/dag.py","lineno":5,"logger":"py.warnings"}
{"timestamp":"2025-12-29T11:09:56.345322Z","level":"warning","event":"The `airflow.operators.python.get_current_context` attribute is deprecated. Please use `'airflow.sdk.get_current_context'`.","category":"DeprecatedImportWarning","filename":"/opt/airflow/dags/dag.py","lineno":7,"logger":"py.warnings"}
{"timestamp":"2025-12-29T11:09:56.345357Z","level":"warning","event":"The `airflow.models.param.Param` attribute is deprecated. Please use `'airflow.sdk.Param'`.","category":"DeprecatedImportWarning","filename":"/opt/airflow/dags/dag.py","lineno":14,"logger":"py.warnings"}
{"timestamp":"2025-12-29T11:09:56.345390Z","level":"warning","event":"The `airflow.operators.python.get_current_context` attribute is deprecated. Please use `'airflow.sdk.get_current_context'`.","category":"DeprecatedImportWarning","filename":"/opt/airflow/dags/dag.py","lineno":22,"logger":"py.warnings"}
{"timestamp":"2025-12-29T11:10:26.756540Z","level":"info","event":"Filling up the DagBag from /opt/airflow/dags/dag.py","logger":"airflow.models.dagbag.DagBag","filename":"dagbag.py","lineno":593}
{"timestamp":"2025-12-29T11:10:26.796606Z","level":"warning","event":"The `airflow.decorators.dag` attribute is deprecated. Please use `'airflow.sdk.dag'`.","category":"DeprecatedImportWarning","filename":"/opt/airflow/dags/dag.py","lineno":3,"logger":"py.warnings"}
{"timestamp":"2025-12-29T11:10:26.796676Z","level":"warning","event":"The `airflow.decorators.task` attribute is deprecated. Please use `'airflow.sdk.task'`.","category":"DeprecatedImportWarning","filename":"/opt/airflow/dags/dag.py","lineno":4,"logger":"py.warnings"}
{"timestamp":"2025-12-29T11:10:26.796705Z","level":"warning","event":"The `airflow.operators.empty.EmptyOperator` attribute is deprecated. Please use `'airflow.providers.standard.operators.empty.EmptyOperator'`.","category":"DeprecatedImportWarning","filename":"/opt/airflow/dags/dag.py","lineno":5,"logger":"py.warnings"}
{"timestamp":"2025-12-29T11:10:26.796727Z","level":"warning","event":"The `airflow.operators.python.get_current_context` attribute is deprecated. Please use `'airflow.sdk.get_current_context'`.","category":"DeprecatedImportWarning","filename":"/opt/airflow/dags/dag.py","lineno":7,"logger":"py.warnings"}
{"timestamp":"2025-12-29T11:10:26.796748Z","level":"warning","event":"The `airflow.models.param.Param` attribute is deprecated. Please use `'airflow.sdk.Param'`.","category":"DeprecatedImportWarning","filename":"/opt/airflow/dags/dag.py","lineno":14,"logger":"py.warnings"}
{"timestamp":"2025-12-29T11:10:26.796766Z","level":"warning","event":"The `airflow.operators.python.get_current_context` attribute is deprecated. Please use `'airflow.sdk.get_current_context'`.","category":"DeprecatedImportWarning","filename":"/opt/airflow/dags/dag.py","lineno":22,"logger":"py.warnings"}
{"timestamp":"2025-12-29T11:10:57.203261Z","level":"info","event":"Filling up the DagBag from /opt/airflow/dags/dag.py","logger":"airflow.models.dagbag.DagBag","filename":"dagbag.py","lineno":593}
{"timestamp":"2025-12-29T11:10:57.240027Z","level":"warning","event":"The `airflow.decorators.dag` attribute is deprecated. Please use `'airflow.sdk.dag'`.","category":"DeprecatedImportWarning","filename":"/opt/airflow/dags/dag.py","lineno":3,"logger":"py.warnings"}
{"timestamp":"2025-12-29T11:10:57.240229Z","level":"warning","event":"The `airflow.decorators.task` attribute is deprecated. Please use `'airflow.sdk.task'`.","category":"DeprecatedImportWarning","filename":"/opt/airflow/dags/dag.py","lineno":4,"logger":"py.warnings"}
{"timestamp":"2025-12-29T11:10:57.240561Z","level":"warning","event":"The `airflow.operators.empty.EmptyOperator` attribute is deprecated. Please use `'airflow.providers.standard.operators.empty.EmptyOperator'`.","category":"DeprecatedImportWarning","filename":"/opt/airflow/dags/dag.py","lineno":5,"logger":"py.warnings"}
{"timestamp":"2025-12-29T11:10:57.240724Z","level":"warning","event":"The `airflow.operators.python.get_current_context` attribute is deprecated. Please use `'airflow.sdk.get_current_context'`.","category":"DeprecatedImportWarning","filename":"/opt/airflow/dags/dag.py","lineno":7,"logger":"py.warnings"}
{"timestamp":"2025-12-29T11:10:57.240766Z","level":"warning","event":"The `airflow.models.param.Param` attribute is deprecated. Please use `'airflow.sdk.Param'`.","category":"DeprecatedImportWarning","filename":"/opt/airflow/dags/dag.py","lineno":14,"logger":"py.warnings"}
{"timestamp":"2025-12-29T11:10:57.240786Z","level":"warning","event":"The `airflow.operators.python.get_current_context` attribute is deprecated. Please use `'airflow.sdk.get_current_context'`.","category":"DeprecatedImportWarning","filename":"/opt/airflow/dags/dag.py","lineno":22,"logger":"py.warnings"}
{"timestamp":"2025-12-29T11:11:27.637064Z","level":"info","event":"Filling up the DagBag from /opt/airflow/dags/dag.py","logger":"airflow.models.dagbag.DagBag","filename":"dagbag.py","lineno":593}
{"timestamp":"2025-12-29T11:11:27.705292Z","level":"warning","event":"The `airflow.decorators.dag` attribute is deprecated. Please use `'airflow.sdk.dag'`.","category":"DeprecatedImportWarning","filename":"/opt/airflow/dags/dag.py","lineno":3,"logger":"py.warnings"}
{"timestamp":"2025-12-29T11:11:27.705452Z","level":"warning","event":"The `airflow.decorators.task` attribute is deprecated. Please use `'airflow.sdk.task'`.","category":"DeprecatedImportWarning","filename":"/opt/airflow/dags/dag.py","lineno":4,"logger":"py.warnings"}
{"timestamp":"2025-12-29T11:11:27.705509Z","level":"warning","event":"The `airflow.operators.empty.EmptyOperator` attribute is deprecated. Please use `'airflow.providers.standard.operators.empty.EmptyOperator'`.","category":"DeprecatedImportWarning","filename":"/opt/airflow/dags/dag.py","lineno":5,"logger":"py.warnings"}
{"timestamp":"2025-12-29T11:11:27.705552Z","level":"warning","event":"The `airflow.operators.python.get_current_context` attribute is deprecated. Please use `'airflow.sdk.get_current_context'`.","category":"DeprecatedImportWarning","filename":"/opt/airflow/dags/dag.py","lineno":7,"logger":"py.warnings"}
{"timestamp":"2025-12-29T11:11:27.705592Z","level":"warning","event":"The `airflow.models.param.Param` attribute is deprecated. Please use `'airflow.sdk.Param'`.","category":"DeprecatedImportWarning","filename":"/opt/airflow/dags/dag.py","lineno":14,"logger":"py.warnings"}
{"timestamp":"2025-12-29T11:11:27.705615Z","level":"warning","event":"The `airflow.operators.python.get_current_context` attribute is deprecated. Please use `'airflow.sdk.get_current_context'`.","category":"DeprecatedImportWarning","filename":"/opt/airflow/dags/dag.py","lineno":22,"logger":"py.warnings"}
{"timestamp":"2025-12-29T11:11:58.133770Z","level":"info","event":"Filling up the DagBag from /opt/airflow/dags/dag.py","logger":"airflow.models.dagbag.DagBag","filename":"dagbag.py","lineno":593}
{"timestamp":"2025-12-29T11:11:58.174271Z","level":"warning","event":"The `airflow.decorators.dag` attribute is deprecated. Please use `'airflow.sdk.dag'`.","category":"DeprecatedImportWarning","filename":"/opt/airflow/dags/dag.py","lineno":3,"logger":"py.warnings"}
{"timestamp":"2025-12-29T11:11:58.174340Z","level":"warning","event":"The `airflow.decorators.task` attribute is deprecated. Please use `'airflow.sdk.task'`.","category":"DeprecatedImportWarning","filename":"/opt/airflow/dags/dag.py","lineno":4,"logger":"py.warnings"}
{"timestamp":"2025-12-29T11:11:58.174366Z","level":"warning","event":"The `airflow.operators.empty.EmptyOperator` attribute is deprecated. Please use `'airflow.providers.standard.operators.empty.EmptyOperator'`.","category":"DeprecatedImportWarning","filename":"/opt/airflow/dags/dag.py","lineno":5,"logger":"py.warnings"}
{"timestamp":"2025-12-29T11:11:58.174386Z","level":"warning","event":"The `airflow.operators.python.get_current_context` attribute is deprecated. Please use `'airflow.sdk.get_current_context'`.","category":"DeprecatedImportWarning","filename":"/opt/airflow/dags/dag.py","lineno":7,"logger":"py.warnings"}
{"timestamp":"2025-12-29T11:11:58.174406Z","level":"warning","event":"The `airflow.models.param.Param` attribute is deprecated. Please use `'airflow.sdk.Param'`.","category":"DeprecatedImportWarning","filename":"/opt/airflow/dags/dag.py","lineno":14,"logger":"py.warnings"}
{"timestamp":"2025-12-29T11:11:58.174431Z","level":"warning","event":"The `airflow.operators.python.get_current_context` attribute is deprecated. Please use `'airflow.sdk.get_current_context'`.","category":"DeprecatedImportWarning","filename":"/opt/airflow/dags/dag.py","lineno":22,"logger":"py.warnings"}
{"timestamp":"2025-12-29T11:12:28.587462Z","level":"info","event":"Filling up the DagBag from /opt/airflow/dags/dag.py","logger":"airflow.models.dagbag.DagBag","filename":"dagbag.py","lineno":593}
{"timestamp":"2025-12-29T11:12:28.620708Z","level":"warning","event":"The `airflow.decorators.dag` attribute is deprecated. Please use `'airflow.sdk.dag'`.","category":"DeprecatedImportWarning","filename":"/opt/airflow/dags/dag.py","lineno":3,"logger":"py.warnings"}
{"timestamp":"2025-12-29T11:12:28.620966Z","level":"warning","event":"The `airflow.decorators.task` attribute is deprecated. Please use `'airflow.sdk.task'`.","category":"DeprecatedImportWarning","filename":"/opt/airflow/dags/dag.py","lineno":4,"logger":"py.warnings"}
{"timestamp":"2025-12-29T11:12:28.621014Z","level":"warning","event":"The `airflow.operators.empty.EmptyOperator` attribute is deprecated. Please use `'airflow.providers.standard.operators.empty.EmptyOperator'`.","category":"DeprecatedImportWarning","filename":"/opt/airflow/dags/dag.py","lineno":5,"logger":"py.warnings"}
{"timestamp":"2025-12-29T11:12:28.621037Z","level":"warning","event":"The `airflow.operators.python.get_current_context` attribute is deprecated. Please use `'airflow.sdk.get_current_context'`.","category":"DeprecatedImportWarning","filename":"/opt/airflow/dags/dag.py","lineno":7,"logger":"py.warnings"}
{"timestamp":"2025-12-29T11:12:28.621058Z","level":"warning","event":"The `airflow.models.param.Param` attribute is deprecated. Please use `'airflow.sdk.Param'`.","category":"DeprecatedImportWarning","filename":"/opt/airflow/dags/dag.py","lineno":14,"logger":"py.warnings"}
{"timestamp":"2025-12-29T11:12:28.621077Z","level":"warning","event":"The `airflow.operators.python.get_current_context` attribute is deprecated. Please use `'airflow.sdk.get_current_context'`.","category":"DeprecatedImportWarning","filename":"/opt/airflow/dags/dag.py","lineno":22,"logger":"py.warnings"}
{"timestamp":"2025-12-29T11:12:59.025957Z","level":"info","event":"Filling up the DagBag from /opt/airflow/dags/dag.py","logger":"airflow.models.dagbag.DagBag","filename":"dagbag.py","lineno":593}
{"timestamp":"2025-12-29T11:12:59.076450Z","level":"warning","event":"The `airflow.decorators.dag` attribute is deprecated. Please use `'airflow.sdk.dag'`.","category":"DeprecatedImportWarning","filename":"/opt/airflow/dags/dag.py","lineno":3,"logger":"py.warnings"}
{"timestamp":"2025-12-29T11:12:59.076525Z","level":"warning","event":"The `airflow.decorators.task` attribute is deprecated. Please use `'airflow.sdk.task'`.","category":"DeprecatedImportWarning","filename":"/opt/airflow/dags/dag.py","lineno":4,"logger":"py.warnings"}
{"timestamp":"2025-12-29T11:12:59.076551Z","level":"warning","event":"The `airflow.operators.empty.EmptyOperator` attribute is deprecated. Please use `'airflow.providers.standard.operators.empty.EmptyOperator'`.","category":"DeprecatedImportWarning","filename":"/opt/airflow/dags/dag.py","lineno":5,"logger":"py.warnings"}
{"timestamp":"2025-12-29T11:12:59.076571Z","level":"warning","event":"The `airflow.operators.python.get_current_context` attribute is deprecated. Please use `'airflow.sdk.get_current_context'`.","category":"DeprecatedImportWarning","filename":"/opt/airflow/dags/dag.py","lineno":7,"logger":"py.warnings"}
{"timestamp":"2025-12-29T11:12:59.076591Z","level":"warning","event":"The `airflow.models.param.Param` attribute is deprecated. Please use `'airflow.sdk.Param'`.","category":"DeprecatedImportWarning","filename":"/opt/airflow/dags/dag.py","lineno":14,"logger":"py.warnings"}
{"timestamp":"2025-12-29T11:12:59.076609Z","level":"warning","event":"The `airflow.operators.python.get_current_context` attribute is deprecated. Please use `'airflow.sdk.get_current_context'`.","category":"DeprecatedImportWarning","filename":"/opt/airflow/dags/dag.py","lineno":22,"logger":"py.warnings"}
{"timestamp":"2025-12-29T11:13:29.432400Z","level":"info","event":"Filling up the DagBag from /opt/airflow/dags/dag.py","logger":"airflow.models.dagbag.DagBag","filename":"dagbag.py","lineno":593}
{"timestamp":"2025-12-29T11:13:29.468660Z","level":"warning","event":"The `airflow.decorators.dag` attribute is deprecated. Please use `'airflow.sdk.dag'`.","category":"DeprecatedImportWarning","filename":"/opt/airflow/dags/dag.py","lineno":3,"logger":"py.warnings"}
{"timestamp":"2025-12-29T11:13:29.468727Z","level":"warning","event":"The `airflow.decorators.task` attribute is deprecated. Please use `'airflow.sdk.task'`.","category":"DeprecatedImportWarning","filename":"/opt/airflow/dags/dag.py","lineno":4,"logger":"py.warnings"}
{"timestamp":"2025-12-29T11:13:29.468751Z","level":"warning","event":"The `airflow.operators.empty.EmptyOperator` attribute is deprecated. Please use `'airflow.providers.standard.operators.empty.EmptyOperator'`.","category":"DeprecatedImportWarning","filename":"/opt/airflow/dags/dag.py","lineno":5,"logger":"py.warnings"}
{"timestamp":"2025-12-29T11:13:29.468771Z","level":"warning","event":"The `airflow.operators.python.get_current_context` attribute is deprecated. Please use `'airflow.sdk.get_current_context'`.","category":"DeprecatedImportWarning","filename":"/opt/airflow/dags/dag.py","lineno":7,"logger":"py.warnings"}
{"timestamp":"2025-12-29T11:13:29.468791Z","level":"warning","event":"The `airflow.models.param.Param` attribute is deprecated. Please use `'airflow.sdk.Param'`.","category":"DeprecatedImportWarning","filename":"/opt/airflow/dags/dag.py","lineno":14,"logger":"py.warnings"}
{"timestamp":"2025-12-29T11:13:29.468809Z","level":"warning","event":"The `airflow.operators.python.get_current_context` attribute is deprecated. Please use `'airflow.sdk.get_current_context'`.","category":"DeprecatedImportWarning","filename":"/opt/airflow/dags/dag.py","lineno":22,"logger":"py.warnings"}
{"timestamp":"2025-12-29T11:13:59.868056Z","level":"info","event":"Filling up the DagBag from /opt/airflow/dags/dag.py","logger":"airflow.models.dagbag.DagBag","filename":"dagbag.py","lineno":593}
{"timestamp":"2025-12-29T11:13:59.909236Z","level":"warning","event":"The `airflow.decorators.dag` attribute is deprecated. Please use `'airflow.sdk.dag'`.","category":"DeprecatedImportWarning","filename":"/opt/airflow/dags/dag.py","lineno":3,"logger":"py.warnings"}
{"timestamp":"2025-12-29T11:13:59.909309Z","level":"warning","event":"The `airflow.decorators.task` attribute is deprecated. Please use `'airflow.sdk.task'`.","category":"DeprecatedImportWarning","filename":"/opt/airflow/dags/dag.py","lineno":4,"logger":"py.warnings"}
{"timestamp":"2025-12-29T11:13:59.909335Z","level":"warning","event":"The `airflow.operators.empty.EmptyOperator` attribute is deprecated. Please use `'airflow.providers.standard.operators.empty.EmptyOperator'`.","category":"DeprecatedImportWarning","filename":"/opt/airflow/dags/dag.py","lineno":5,"logger":"py.warnings"}
{"timestamp":"2025-12-29T11:13:59.909445Z","level":"warning","event":"The `airflow.operators.python.get_current_context` attribute is deprecated. Please use `'airflow.sdk.get_current_context'`.","category":"DeprecatedImportWarning","filename":"/opt/airflow/dags/dag.py","lineno":7,"logger":"py.warnings"}
{"timestamp":"2025-12-29T11:13:59.909476Z","level":"warning","event":"The `airflow.models.param.Param` attribute is deprecated. Please use `'airflow.sdk.Param'`.","category":"DeprecatedImportWarning","filename":"/opt/airflow/dags/dag.py","lineno":14,"logger":"py.warnings"}
{"timestamp":"2025-12-29T11:13:59.909499Z","level":"warning","event":"The `airflow.operators.python.get_current_context` attribute is deprecated. Please use `'airflow.sdk.get_current_context'`.","category":"DeprecatedImportWarning","filename":"/opt/airflow/dags/dag.py","lineno":22,"logger":"py.warnings"}
{"timestamp":"2025-12-29T11:14:30.360945Z","level":"info","event":"Filling up the DagBag from /opt/airflow/dags/dag.py","logger":"airflow.models.dagbag.DagBag","filename":"dagbag.py","lineno":593}
{"timestamp":"2025-12-29T11:14:30.396665Z","level":"warning","event":"The `airflow.decorators.dag` attribute is deprecated. Please use `'airflow.sdk.dag'`.","category":"DeprecatedImportWarning","filename":"/opt/airflow/dags/dag.py","lineno":3,"logger":"py.warnings"}
{"timestamp":"2025-12-29T11:14:30.396732Z","level":"warning","event":"The `airflow.decorators.task` attribute is deprecated. Please use `'airflow.sdk.task'`.","category":"DeprecatedImportWarning","filename":"/opt/airflow/dags/dag.py","lineno":4,"logger":"py.warnings"}
{"timestamp":"2025-12-29T11:14:30.396755Z","level":"warning","event":"The `airflow.operators.empty.EmptyOperator` attribute is deprecated. Please use `'airflow.providers.standard.operators.empty.EmptyOperator'`.","category":"DeprecatedImportWarning","filename":"/opt/airflow/dags/dag.py","lineno":5,"logger":"py.warnings"}
{"timestamp":"2025-12-29T11:14:30.396781Z","level":"warning","event":"The `airflow.operators.python.get_current_context` attribute is deprecated. Please use `'airflow.sdk.get_current_context'`.","category":"DeprecatedImportWarning","filename":"/opt/airflow/dags/dag.py","lineno":7,"logger":"py.warnings"}
{"timestamp":"2025-12-29T11:14:30.396804Z","level":"warning","event":"The `airflow.models.param.Param` attribute is deprecated. Please use `'airflow.sdk.Param'`.","category":"DeprecatedImportWarning","filename":"/opt/airflow/dags/dag.py","lineno":14,"logger":"py.warnings"}
{"timestamp":"2025-12-29T11:14:30.396827Z","level":"warning","event":"The `airflow.operators.python.get_current_context` attribute is deprecated. Please use `'airflow.sdk.get_current_context'`.","category":"DeprecatedImportWarning","filename":"/opt/airflow/dags/dag.py","lineno":22,"logger":"py.warnings"}
{"timestamp":"2025-12-29T11:15:00.815471Z","level":"info","event":"Filling up the DagBag from /opt/airflow/dags/dag.py","logger":"airflow.models.dagbag.DagBag","filename":"dagbag.py","lineno":593}
{"timestamp":"2025-12-29T11:15:00.849192Z","level":"warning","event":"The `airflow.decorators.dag` attribute is deprecated. Please use `'airflow.sdk.dag'`.","category":"DeprecatedImportWarning","filename":"/opt/airflow/dags/dag.py","lineno":3,"logger":"py.warnings"}
{"timestamp":"2025-12-29T11:15:00.849248Z","level":"warning","event":"The `airflow.decorators.task` attribute is deprecated. Please use `'airflow.sdk.task'`.","category":"DeprecatedImportWarning","filename":"/opt/airflow/dags/dag.py","lineno":4,"logger":"py.warnings"}
{"timestamp":"2025-12-29T11:15:00.849272Z","level":"warning","event":"The `airflow.operators.empty.EmptyOperator` attribute is deprecated. Please use `'airflow.providers.standard.operators.empty.EmptyOperator'`.","category":"DeprecatedImportWarning","filename":"/opt/airflow/dags/dag.py","lineno":5,"logger":"py.warnings"}
{"timestamp":"2025-12-29T11:15:00.849292Z","level":"warning","event":"The `airflow.operators.python.get_current_context` attribute is deprecated. Please use `'airflow.sdk.get_current_context'`.","category":"DeprecatedImportWarning","filename":"/opt/airflow/dags/dag.py","lineno":7,"logger":"py.warnings"}
{"timestamp":"2025-12-29T11:15:00.849312Z","level":"warning","event":"The `airflow.models.param.Param` attribute is deprecated. Please use `'airflow.sdk.Param'`.","category":"DeprecatedImportWarning","filename":"/opt/airflow/dags/dag.py","lineno":14,"logger":"py.warnings"}
{"timestamp":"2025-12-29T11:15:00.849331Z","level":"warning","event":"The `airflow.operators.python.get_current_context` attribute is deprecated. Please use `'airflow.sdk.get_current_context'`.","category":"DeprecatedImportWarning","filename":"/opt/airflow/dags/dag.py","lineno":22,"logger":"py.warnings"}
{"timestamp":"2025-12-29T11:15:31.241085Z","level":"info","event":"Filling up the DagBag from /opt/airflow/dags/dag.py","logger":"airflow.models.dagbag.DagBag","filename":"dagbag.py","lineno":593}
{"timestamp":"2025-12-29T11:15:31.277891Z","level":"warning","event":"The `airflow.decorators.dag` attribute is deprecated. Please use `'airflow.sdk.dag'`.","category":"DeprecatedImportWarning","filename":"/opt/airflow/dags/dag.py","lineno":3,"logger":"py.warnings"}
{"timestamp":"2025-12-29T11:15:31.277962Z","level":"warning","event":"The `airflow.decorators.task` attribute is deprecated. Please use `'airflow.sdk.task'`.","category":"DeprecatedImportWarning","filename":"/opt/airflow/dags/dag.py","lineno":4,"logger":"py.warnings"}
{"timestamp":"2025-12-29T11:15:31.277996Z","level":"warning","event":"The `airflow.operators.empty.EmptyOperator` attribute is deprecated. Please use `'airflow.providers.standard.operators.empty.EmptyOperator'`.","category":"DeprecatedImportWarning","filename":"/opt/airflow/dags/dag.py","lineno":5,"logger":"py.warnings"}
{"timestamp":"2025-12-29T11:15:31.278029Z","level":"warning","event":"The `airflow.operators.python.get_current_context` attribute is deprecated. Please use `'airflow.sdk.get_current_context'`.","category":"DeprecatedImportWarning","filename":"/opt/airflow/dags/dag.py","lineno":7,"logger":"py.warnings"}
{"timestamp":"2025-12-29T11:15:31.278051Z","level":"warning","event":"The `airflow.models.param.Param` attribute is deprecated. Please use `'airflow.sdk.Param'`.","category":"DeprecatedImportWarning","filename":"/opt/airflow/dags/dag.py","lineno":14,"logger":"py.warnings"}
{"timestamp":"2025-12-29T11:15:31.278071Z","level":"warning","event":"The `airflow.operators.python.get_current_context` attribute is deprecated. Please use `'airflow.sdk.get_current_context'`.","category":"DeprecatedImportWarning","filename":"/opt/airflow/dags/dag.py","lineno":22,"logger":"py.warnings"}
{"timestamp":"2025-12-29T11:16:01.707123Z","level":"info","event":"Filling up the DagBag from /opt/airflow/dags/dag.py","logger":"airflow.models.dagbag.DagBag","filename":"dagbag.py","lineno":593}
{"timestamp":"2025-12-29T11:16:01.736058Z","level":"warning","event":"The `airflow.decorators.dag` attribute is deprecated. Please use `'airflow.sdk.dag'`.","category":"DeprecatedImportWarning","filename":"/opt/airflow/dags/dag.py","lineno":3,"logger":"py.warnings"}
{"timestamp":"2025-12-29T11:16:01.736121Z","level":"warning","event":"The `airflow.decorators.task` attribute is deprecated. Please use `'airflow.sdk.task'`.","category":"DeprecatedImportWarning","filename":"/opt/airflow/dags/dag.py","lineno":4,"logger":"py.warnings"}
{"timestamp":"2025-12-29T11:16:01.736145Z","level":"warning","event":"The `airflow.operators.empty.EmptyOperator` attribute is deprecated. Please use `'airflow.providers.standard.operators.empty.EmptyOperator'`.","category":"DeprecatedImportWarning","filename":"/opt/airflow/dags/dag.py","lineno":5,"logger":"py.warnings"}
{"timestamp":"2025-12-29T11:16:01.736167Z","level":"warning","event":"The `airflow.operators.python.get_current_context` attribute is deprecated. Please use `'airflow.sdk.get_current_context'`.","category":"DeprecatedImportWarning","filename":"/opt/airflow/dags/dag.py","lineno":7,"logger":"py.warnings"}
{"timestamp":"2025-12-29T11:16:01.736187Z","level":"warning","event":"The `airflow.models.param.Param` attribute is deprecated. Please use `'airflow.sdk.Param'`.","category":"DeprecatedImportWarning","filename":"/opt/airflow/dags/dag.py","lineno":14,"logger":"py.warnings"}
{"timestamp":"2025-12-29T11:16:01.736207Z","level":"warning","event":"The `airflow.operators.python.get_current_context` attribute is deprecated. Please use `'airflow.sdk.get_current_context'`.","category":"DeprecatedImportWarning","filename":"/opt/airflow/dags/dag.py","lineno":22,"logger":"py.warnings"}
{"timestamp":"2025-12-29T11:16:32.132824Z","level":"info","event":"Filling up the DagBag from /opt/airflow/dags/dag.py","logger":"airflow.models.dagbag.DagBag","filename":"dagbag.py","lineno":593}
{"timestamp":"2025-12-29T11:16:32.169728Z","level":"warning","event":"The `airflow.decorators.dag` attribute is deprecated. Please use `'airflow.sdk.dag'`.","category":"DeprecatedImportWarning","filename":"/opt/airflow/dags/dag.py","lineno":3,"logger":"py.warnings"}
{"timestamp":"2025-12-29T11:16:32.169811Z","level":"warning","event":"The `airflow.decorators.task` attribute is deprecated. Please use `'airflow.sdk.task'`.","category":"DeprecatedImportWarning","filename":"/opt/airflow/dags/dag.py","lineno":4,"logger":"py.warnings"}
{"timestamp":"2025-12-29T11:16:32.169848Z","level":"warning","event":"The `airflow.operators.empty.EmptyOperator` attribute is deprecated. Please use `'airflow.providers.standard.operators.empty.EmptyOperator'`.","category":"DeprecatedImportWarning","filename":"/opt/airflow/dags/dag.py","lineno":5,"logger":"py.warnings"}
{"timestamp":"2025-12-29T11:16:32.169875Z","level":"warning","event":"The `airflow.operators.python.get_current_context` attribute is deprecated. Please use `'airflow.sdk.get_current_context'`.","category":"DeprecatedImportWarning","filename":"/opt/airflow/dags/dag.py","lineno":7,"logger":"py.warnings"}
{"timestamp":"2025-12-29T11:16:32.169900Z","level":"warning","event":"The `airflow.models.param.Param` attribute is deprecated. Please use `'airflow.sdk.Param'`.","category":"DeprecatedImportWarning","filename":"/opt/airflow/dags/dag.py","lineno":14,"logger":"py.warnings"}
{"timestamp":"2025-12-29T11:16:32.169924Z","level":"warning","event":"The `airflow.operators.python.get_current_context` attribute is deprecated. Please use `'airflow.sdk.get_current_context'`.","category":"DeprecatedImportWarning","filename":"/opt/airflow/dags/dag.py","lineno":22,"logger":"py.warnings"}
{"timestamp":"2025-12-29T11:17:03.710252Z","level":"info","event":"Filling up the DagBag from /opt/airflow/dags/dag.py","logger":"airflow.models.dagbag.DagBag","filename":"dagbag.py","lineno":593}
{"timestamp":"2025-12-29T11:17:03.745140Z","level":"warning","event":"The `airflow.decorators.dag` attribute is deprecated. Please use `'airflow.sdk.dag'`.","category":"DeprecatedImportWarning","filename":"/opt/airflow/dags/dag.py","lineno":3,"logger":"py.warnings"}
{"timestamp":"2025-12-29T11:17:03.745206Z","level":"warning","event":"The `airflow.decorators.task` attribute is deprecated. Please use `'airflow.sdk.task'`.","category":"DeprecatedImportWarning","filename":"/opt/airflow/dags/dag.py","lineno":4,"logger":"py.warnings"}
{"timestamp":"2025-12-29T11:17:03.745231Z","level":"warning","event":"The `airflow.operators.empty.EmptyOperator` attribute is deprecated. Please use `'airflow.providers.standard.operators.empty.EmptyOperator'`.","category":"DeprecatedImportWarning","filename":"/opt/airflow/dags/dag.py","lineno":5,"logger":"py.warnings"}
{"timestamp":"2025-12-29T11:17:03.745254Z","level":"warning","event":"The `airflow.operators.python.get_current_context` attribute is deprecated. Please use `'airflow.sdk.get_current_context'`.","category":"DeprecatedImportWarning","filename":"/opt/airflow/dags/dag.py","lineno":7,"logger":"py.warnings"}
{"timestamp":"2025-12-29T11:17:03.745275Z","level":"warning","event":"The `airflow.models.param.Param` attribute is deprecated. Please use `'airflow.sdk.Param'`.","category":"DeprecatedImportWarning","filename":"/opt/airflow/dags/dag.py","lineno":14,"logger":"py.warnings"}
{"timestamp":"2025-12-29T11:17:03.745295Z","level":"warning","event":"The `airflow.operators.python.get_current_context` attribute is deprecated. Please use `'airflow.sdk.get_current_context'`.","category":"DeprecatedImportWarning","filename":"/opt/airflow/dags/dag.py","lineno":22,"logger":"py.warnings"}
{"timestamp":"2025-12-29T11:17:34.220951Z","level":"info","event":"Filling up the DagBag from /opt/airflow/dags/dag.py","logger":"airflow.models.dagbag.DagBag","filename":"dagbag.py","lineno":593}
{"timestamp":"2025-12-29T11:17:34.248433Z","level":"warning","event":"The `airflow.decorators.dag` attribute is deprecated. Please use `'airflow.sdk.dag'`.","category":"DeprecatedImportWarning","filename":"/opt/airflow/dags/dag.py","lineno":3,"logger":"py.warnings"}
{"timestamp":"2025-12-29T11:17:34.248488Z","level":"warning","event":"The `airflow.decorators.task` attribute is deprecated. Please use `'airflow.sdk.task'`.","category":"DeprecatedImportWarning","filename":"/opt/airflow/dags/dag.py","lineno":4,"logger":"py.warnings"}
{"timestamp":"2025-12-29T11:17:34.248513Z","level":"warning","event":"The `airflow.operators.empty.EmptyOperator` attribute is deprecated. Please use `'airflow.providers.standard.operators.empty.EmptyOperator'`.","category":"DeprecatedImportWarning","filename":"/opt/airflow/dags/dag.py","lineno":5,"logger":"py.warnings"}
{"timestamp":"2025-12-29T11:17:34.248535Z","level":"warning","event":"The `airflow.operators.python.get_current_context` attribute is deprecated. Please use `'airflow.sdk.get_current_context'`.","category":"DeprecatedImportWarning","filename":"/opt/airflow/dags/dag.py","lineno":7,"logger":"py.warnings"}
{"timestamp":"2025-12-29T11:17:34.248556Z","level":"warning","event":"The `airflow.models.param.Param` attribute is deprecated. Please use `'airflow.sdk.Param'`.","category":"DeprecatedImportWarning","filename":"/opt/airflow/dags/dag.py","lineno":14,"logger":"py.warnings"}
{"timestamp":"2025-12-29T11:17:34.248587Z","level":"warning","event":"The `airflow.operators.python.get_current_context` attribute is deprecated. Please use `'airflow.sdk.get_current_context'`.","category":"DeprecatedImportWarning","filename":"/opt/airflow/dags/dag.py","lineno":22,"logger":"py.warnings"}
{"timestamp":"2025-12-29T11:18:04.700553Z","level":"info","event":"Filling up the DagBag from /opt/airflow/dags/dag.py","logger":"airflow.models.dagbag.DagBag","filename":"dagbag.py","lineno":593}
{"timestamp":"2025-12-29T11:18:04.749359Z","level":"warning","event":"The `airflow.decorators.dag` attribute is deprecated. Please use `'airflow.sdk.dag'`.","category":"DeprecatedImportWarning","filename":"/opt/airflow/dags/dag.py","lineno":3,"logger":"py.warnings"}
{"timestamp":"2025-12-29T11:18:04.749429Z","level":"warning","event":"The `airflow.decorators.task` attribute is deprecated. Please use `'airflow.sdk.task'`.","category":"DeprecatedImportWarning","filename":"/opt/airflow/dags/dag.py","lineno":4,"logger":"py.warnings"}
{"timestamp":"2025-12-29T11:18:04.749455Z","level":"warning","event":"The `airflow.operators.empty.EmptyOperator` attribute is deprecated. Please use `'airflow.providers.standard.operators.empty.EmptyOperator'`.","category":"DeprecatedImportWarning","filename":"/opt/airflow/dags/dag.py","lineno":5,"logger":"py.warnings"}
{"timestamp":"2025-12-29T11:18:04.749477Z","level":"warning","event":"The `airflow.operators.python.get_current_context` attribute is deprecated. Please use `'airflow.sdk.get_current_context'`.","category":"DeprecatedImportWarning","filename":"/opt/airflow/dags/dag.py","lineno":7,"logger":"py.warnings"}
{"timestamp":"2025-12-29T11:18:04.749500Z","level":"warning","event":"The `airflow.models.param.Param` attribute is deprecated. Please use `'airflow.sdk.Param'`.","category":"DeprecatedImportWarning","filename":"/opt/airflow/dags/dag.py","lineno":14,"logger":"py.warnings"}
{"timestamp":"2025-12-29T11:18:04.749518Z","level":"warning","event":"The `airflow.operators.python.get_current_context` attribute is deprecated. Please use `'airflow.sdk.get_current_context'`.","category":"DeprecatedImportWarning","filename":"/opt/airflow/dags/dag.py","lineno":22,"logger":"py.warnings"}
{"timestamp":"2025-12-29T11:18:35.251174Z","level":"info","event":"Filling up the DagBag from /opt/airflow/dags/dag.py","logger":"airflow.models.dagbag.DagBag","filename":"dagbag.py","lineno":593}
{"timestamp":"2025-12-29T11:18:35.278710Z","level":"warning","event":"The `airflow.decorators.dag` attribute is deprecated. Please use `'airflow.sdk.dag'`.","category":"DeprecatedImportWarning","filename":"/opt/airflow/dags/dag.py","lineno":3,"logger":"py.warnings"}
{"timestamp":"2025-12-29T11:18:35.278764Z","level":"warning","event":"The `airflow.decorators.task` attribute is deprecated. Please use `'airflow.sdk.task'`.","category":"DeprecatedImportWarning","filename":"/opt/airflow/dags/dag.py","lineno":4,"logger":"py.warnings"}
{"timestamp":"2025-12-29T11:18:35.278787Z","level":"warning","event":"The `airflow.operators.empty.EmptyOperator` attribute is deprecated. Please use `'airflow.providers.standard.operators.empty.EmptyOperator'`.","category":"DeprecatedImportWarning","filename":"/opt/airflow/dags/dag.py","lineno":5,"logger":"py.warnings"}
{"timestamp":"2025-12-29T11:18:35.278807Z","level":"warning","event":"The `airflow.operators.python.get_current_context` attribute is deprecated. Please use `'airflow.sdk.get_current_context'`.","category":"DeprecatedImportWarning","filename":"/opt/airflow/dags/dag.py","lineno":7,"logger":"py.warnings"}
{"timestamp":"2025-12-29T11:18:35.278827Z","level":"warning","event":"The `airflow.models.param.Param` attribute is deprecated. Please use `'airflow.sdk.Param'`.","category":"DeprecatedImportWarning","filename":"/opt/airflow/dags/dag.py","lineno":14,"logger":"py.warnings"}
{"timestamp":"2025-12-29T11:18:35.278845Z","level":"warning","event":"The `airflow.operators.python.get_current_context` attribute is deprecated. Please use `'airflow.sdk.get_current_context'`.","category":"DeprecatedImportWarning","filename":"/opt/airflow/dags/dag.py","lineno":22,"logger":"py.warnings"}
{"timestamp":"2025-12-29T11:19:05.735555Z","level":"info","event":"Filling up the DagBag from /opt/airflow/dags/dag.py","logger":"airflow.models.dagbag.DagBag","filename":"dagbag.py","lineno":593}
{"timestamp":"2025-12-29T11:19:05.766598Z","level":"warning","event":"The `airflow.decorators.dag` attribute is deprecated. Please use `'airflow.sdk.dag'`.","category":"DeprecatedImportWarning","filename":"/opt/airflow/dags/dag.py","lineno":3,"logger":"py.warnings"}
{"timestamp":"2025-12-29T11:19:05.766664Z","level":"warning","event":"The `airflow.decorators.task` attribute is deprecated. Please use `'airflow.sdk.task'`.","category":"DeprecatedImportWarning","filename":"/opt/airflow/dags/dag.py","lineno":4,"logger":"py.warnings"}
{"timestamp":"2025-12-29T11:19:05.766690Z","level":"warning","event":"The `airflow.operators.empty.EmptyOperator` attribute is deprecated. Please use `'airflow.providers.standard.operators.empty.EmptyOperator'`.","category":"DeprecatedImportWarning","filename":"/opt/airflow/dags/dag.py","lineno":5,"logger":"py.warnings"}
{"timestamp":"2025-12-29T11:19:05.766713Z","level":"warning","event":"The `airflow.operators.python.get_current_context` attribute is deprecated. Please use `'airflow.sdk.get_current_context'`.","category":"DeprecatedImportWarning","filename":"/opt/airflow/dags/dag.py","lineno":7,"logger":"py.warnings"}
{"timestamp":"2025-12-29T11:19:05.766735Z","level":"warning","event":"The `airflow.models.param.Param` attribute is deprecated. Please use `'airflow.sdk.Param'`.","category":"DeprecatedImportWarning","filename":"/opt/airflow/dags/dag.py","lineno":14,"logger":"py.warnings"}
{"timestamp":"2025-12-29T11:19:05.766756Z","level":"warning","event":"The `airflow.operators.python.get_current_context` attribute is deprecated. Please use `'airflow.sdk.get_current_context'`.","category":"DeprecatedImportWarning","filename":"/opt/airflow/dags/dag.py","lineno":22,"logger":"py.warnings"}
{"timestamp":"2025-12-29T11:19:36.296286Z","level":"info","event":"Filling up the DagBag from /opt/airflow/dags/dag.py","logger":"airflow.models.dagbag.DagBag","filename":"dagbag.py","lineno":593}
{"timestamp":"2025-12-29T11:19:36.331513Z","level":"warning","event":"The `airflow.decorators.dag` attribute is deprecated. Please use `'airflow.sdk.dag'`.","category":"DeprecatedImportWarning","filename":"/opt/airflow/dags/dag.py","lineno":3,"logger":"py.warnings"}
{"timestamp":"2025-12-29T11:19:36.331576Z","level":"warning","event":"The `airflow.decorators.task` attribute is deprecated. Please use `'airflow.sdk.task'`.","category":"DeprecatedImportWarning","filename":"/opt/airflow/dags/dag.py","lineno":4,"logger":"py.warnings"}
{"timestamp":"2025-12-29T11:19:36.331602Z","level":"warning","event":"The `airflow.operators.empty.EmptyOperator` attribute is deprecated. Please use `'airflow.providers.standard.operators.empty.EmptyOperator'`.","category":"DeprecatedImportWarning","filename":"/opt/airflow/dags/dag.py","lineno":5,"logger":"py.warnings"}
{"timestamp":"2025-12-29T11:19:36.331624Z","level":"warning","event":"The `airflow.operators.python.get_current_context` attribute is deprecated. Please use `'airflow.sdk.get_current_context'`.","category":"DeprecatedImportWarning","filename":"/opt/airflow/dags/dag.py","lineno":7,"logger":"py.warnings"}
{"timestamp":"2025-12-29T11:19:36.331644Z","level":"warning","event":"The `airflow.models.param.Param` attribute is deprecated. Please use `'airflow.sdk.Param'`.","category":"DeprecatedImportWarning","filename":"/opt/airflow/dags/dag.py","lineno":14,"logger":"py.warnings"}
{"timestamp":"2025-12-29T11:19:36.331663Z","level":"warning","event":"The `airflow.operators.python.get_current_context` attribute is deprecated. Please use `'airflow.sdk.get_current_context'`.","category":"DeprecatedImportWarning","filename":"/opt/airflow/dags/dag.py","lineno":22,"logger":"py.warnings"}
{"timestamp":"2025-12-29T11:20:06.825081Z","level":"info","event":"Filling up the DagBag from /opt/airflow/dags/dag.py","logger":"airflow.models.dagbag.DagBag","filename":"dagbag.py","lineno":593}
{"timestamp":"2025-12-29T11:20:06.855838Z","level":"warning","event":"The `airflow.decorators.dag` attribute is deprecated. Please use `'airflow.sdk.dag'`.","category":"DeprecatedImportWarning","filename":"/opt/airflow/dags/dag.py","lineno":3,"logger":"py.warnings"}
{"timestamp":"2025-12-29T11:20:06.855895Z","level":"warning","event":"The `airflow.decorators.task` attribute is deprecated. Please use `'airflow.sdk.task'`.","category":"DeprecatedImportWarning","filename":"/opt/airflow/dags/dag.py","lineno":4,"logger":"py.warnings"}
{"timestamp":"2025-12-29T11:20:06.855920Z","level":"warning","event":"The `airflow.operators.empty.EmptyOperator` attribute is deprecated. Please use `'airflow.providers.standard.operators.empty.EmptyOperator'`.","category":"DeprecatedImportWarning","filename":"/opt/airflow/dags/dag.py","lineno":5,"logger":"py.warnings"}
{"timestamp":"2025-12-29T11:20:06.855954Z","level":"warning","event":"The `airflow.operators.python.get_current_context` attribute is deprecated. Please use `'airflow.sdk.get_current_context'`.","category":"DeprecatedImportWarning","filename":"/opt/airflow/dags/dag.py","lineno":7,"logger":"py.warnings"}
{"timestamp":"2025-12-29T11:20:06.855976Z","level":"warning","event":"The `airflow.models.param.Param` attribute is deprecated. Please use `'airflow.sdk.Param'`.","category":"DeprecatedImportWarning","filename":"/opt/airflow/dags/dag.py","lineno":14,"logger":"py.warnings"}
{"timestamp":"2025-12-29T11:20:06.855997Z","level":"warning","event":"The `airflow.operators.python.get_current_context` attribute is deprecated. Please use `'airflow.sdk.get_current_context'`.","category":"DeprecatedImportWarning","filename":"/opt/airflow/dags/dag.py","lineno":22,"logger":"py.warnings"}
{"timestamp":"2025-12-29T11:20:37.363179Z","level":"info","event":"Filling up the DagBag from /opt/airflow/dags/dag.py","logger":"airflow.models.dagbag.DagBag","filename":"dagbag.py","lineno":593}
{"timestamp":"2025-12-29T11:20:37.393891Z","level":"warning","event":"The `airflow.decorators.dag` attribute is deprecated. Please use `'airflow.sdk.dag'`.","category":"DeprecatedImportWarning","filename":"/opt/airflow/dags/dag.py","lineno":3,"logger":"py.warnings"}
{"timestamp":"2025-12-29T11:20:37.393945Z","level":"warning","event":"The `airflow.decorators.task` attribute is deprecated. Please use `'airflow.sdk.task'`.","category":"DeprecatedImportWarning","filename":"/opt/airflow/dags/dag.py","lineno":4,"logger":"py.warnings"}
{"timestamp":"2025-12-29T11:20:37.393972Z","level":"warning","event":"The `airflow.operators.empty.EmptyOperator` attribute is deprecated. Please use `'airflow.providers.standard.operators.empty.EmptyOperator'`.","category":"DeprecatedImportWarning","filename":"/opt/airflow/dags/dag.py","lineno":5,"logger":"py.warnings"}
{"timestamp":"2025-12-29T11:20:37.393995Z","level":"warning","event":"The `airflow.operators.python.get_current_context` attribute is deprecated. Please use `'airflow.sdk.get_current_context'`.","category":"DeprecatedImportWarning","filename":"/opt/airflow/dags/dag.py","lineno":7,"logger":"py.warnings"}
{"timestamp":"2025-12-29T11:20:37.394017Z","level":"warning","event":"The `airflow.models.param.Param` attribute is deprecated. Please use `'airflow.sdk.Param'`.","category":"DeprecatedImportWarning","filename":"/opt/airflow/dags/dag.py","lineno":14,"logger":"py.warnings"}
{"timestamp":"2025-12-29T11:20:37.394037Z","level":"warning","event":"The `airflow.operators.python.get_current_context` attribute is deprecated. Please use `'airflow.sdk.get_current_context'`.","category":"DeprecatedImportWarning","filename":"/opt/airflow/dags/dag.py","lineno":22,"logger":"py.warnings"}
{"timestamp":"2025-12-29T11:21:07.855468Z","level":"info","event":"Filling up the DagBag from /opt/airflow/dags/dag.py","logger":"airflow.models.dagbag.DagBag","filename":"dagbag.py","lineno":593}
{"timestamp":"2025-12-29T11:21:07.899148Z","level":"warning","event":"The `airflow.decorators.dag` attribute is deprecated. Please use `'airflow.sdk.dag'`.","category":"DeprecatedImportWarning","filename":"/opt/airflow/dags/dag.py","lineno":3,"logger":"py.warnings"}
{"timestamp":"2025-12-29T11:21:07.899219Z","level":"warning","event":"The `airflow.decorators.task` attribute is deprecated. Please use `'airflow.sdk.task'`.","category":"DeprecatedImportWarning","filename":"/opt/airflow/dags/dag.py","lineno":4,"logger":"py.warnings"}
{"timestamp":"2025-12-29T11:21:07.899245Z","level":"warning","event":"The `airflow.operators.empty.EmptyOperator` attribute is deprecated. Please use `'airflow.providers.standard.operators.empty.EmptyOperator'`.","category":"DeprecatedImportWarning","filename":"/opt/airflow/dags/dag.py","lineno":5,"logger":"py.warnings"}
{"timestamp":"2025-12-29T11:21:07.899267Z","level":"warning","event":"The `airflow.operators.python.get_current_context` attribute is deprecated. Please use `'airflow.sdk.get_current_context'`.","category":"DeprecatedImportWarning","filename":"/opt/airflow/dags/dag.py","lineno":7,"logger":"py.warnings"}
{"timestamp":"2025-12-29T11:21:07.899288Z","level":"warning","event":"The `airflow.models.param.Param` attribute is deprecated. Please use `'airflow.sdk.Param'`.","category":"DeprecatedImportWarning","filename":"/opt/airflow/dags/dag.py","lineno":14,"logger":"py.warnings"}
{"timestamp":"2025-12-29T11:21:07.899306Z","level":"warning","event":"The `airflow.operators.python.get_current_context` attribute is deprecated. Please use `'airflow.sdk.get_current_context'`.","category":"DeprecatedImportWarning","filename":"/opt/airflow/dags/dag.py","lineno":22,"logger":"py.warnings"}
{"timestamp":"2025-12-29T11:21:38.400691Z","level":"info","event":"Filling up the DagBag from /opt/airflow/dags/dag.py","logger":"airflow.models.dagbag.DagBag","filename":"dagbag.py","lineno":593}
{"timestamp":"2025-12-29T11:21:38.434224Z","level":"warning","event":"The `airflow.decorators.dag` attribute is deprecated. Please use `'airflow.sdk.dag'`.","category":"DeprecatedImportWarning","filename":"/opt/airflow/dags/dag.py","lineno":3,"logger":"py.warnings"}
{"timestamp":"2025-12-29T11:21:38.434422Z","level":"warning","event":"The `airflow.decorators.task` attribute is deprecated. Please use `'airflow.sdk.task'`.","category":"DeprecatedImportWarning","filename":"/opt/airflow/dags/dag.py","lineno":4,"logger":"py.warnings"}
{"timestamp":"2025-12-29T11:21:38.434468Z","level":"warning","event":"The `airflow.operators.empty.EmptyOperator` attribute is deprecated. Please use `'airflow.providers.standard.operators.empty.EmptyOperator'`.","category":"DeprecatedImportWarning","filename":"/opt/airflow/dags/dag.py","lineno":5,"logger":"py.warnings"}
{"timestamp":"2025-12-29T11:21:38.434492Z","level":"warning","event":"The `airflow.operators.python.get_current_context` attribute is deprecated. Please use `'airflow.sdk.get_current_context'`.","category":"DeprecatedImportWarning","filename":"/opt/airflow/dags/dag.py","lineno":7,"logger":"py.warnings"}
{"timestamp":"2025-12-29T11:21:38.434514Z","level":"warning","event":"The `airflow.models.param.Param` attribute is deprecated. Please use `'airflow.sdk.Param'`.","category":"DeprecatedImportWarning","filename":"/opt/airflow/dags/dag.py","lineno":14,"logger":"py.warnings"}
{"timestamp":"2025-12-29T11:21:38.434533Z","level":"warning","event":"The `airflow.operators.python.get_current_context` attribute is deprecated. Please use `'airflow.sdk.get_current_context'`.","category":"DeprecatedImportWarning","filename":"/opt/airflow/dags/dag.py","lineno":22,"logger":"py.warnings"}
{"timestamp":"2025-12-29T11:22:08.875723Z","level":"info","event":"Filling up the DagBag from /opt/airflow/dags/dag.py","logger":"airflow.models.dagbag.DagBag","filename":"dagbag.py","lineno":593}
{"timestamp":"2025-12-29T11:22:08.906844Z","level":"warning","event":"The `airflow.decorators.dag` attribute is deprecated. Please use `'airflow.sdk.dag'`.","category":"DeprecatedImportWarning","filename":"/opt/airflow/dags/dag.py","lineno":3,"logger":"py.warnings"}
{"timestamp":"2025-12-29T11:22:08.906909Z","level":"warning","event":"The `airflow.decorators.task` attribute is deprecated. Please use `'airflow.sdk.task'`.","category":"DeprecatedImportWarning","filename":"/opt/airflow/dags/dag.py","lineno":4,"logger":"py.warnings"}
{"timestamp":"2025-12-29T11:22:08.906934Z","level":"warning","event":"The `airflow.operators.empty.EmptyOperator` attribute is deprecated. Please use `'airflow.providers.standard.operators.empty.EmptyOperator'`.","category":"DeprecatedImportWarning","filename":"/opt/airflow/dags/dag.py","lineno":5,"logger":"py.warnings"}
{"timestamp":"2025-12-29T11:22:08.906957Z","level":"warning","event":"The `airflow.operators.python.get_current_context` attribute is deprecated. Please use `'airflow.sdk.get_current_context'`.","category":"DeprecatedImportWarning","filename":"/opt/airflow/dags/dag.py","lineno":7,"logger":"py.warnings"}
{"timestamp":"2025-12-29T11:22:08.906977Z","level":"warning","event":"The `airflow.models.param.Param` attribute is deprecated. Please use `'airflow.sdk.Param'`.","category":"DeprecatedImportWarning","filename":"/opt/airflow/dags/dag.py","lineno":14,"logger":"py.warnings"}
{"timestamp":"2025-12-29T11:22:08.906997Z","level":"warning","event":"The `airflow.operators.python.get_current_context` attribute is deprecated. Please use `'airflow.sdk.get_current_context'`.","category":"DeprecatedImportWarning","filename":"/opt/airflow/dags/dag.py","lineno":22,"logger":"py.warnings"}
{"timestamp":"2025-12-29T11:22:39.338817Z","level":"info","event":"Filling up the DagBag from /opt/airflow/dags/dag.py","logger":"airflow.models.dagbag.DagBag","filename":"dagbag.py","lineno":593}
{"timestamp":"2025-12-29T11:22:39.368880Z","level":"warning","event":"The `airflow.decorators.dag` attribute is deprecated. Please use `'airflow.sdk.dag'`.","category":"DeprecatedImportWarning","filename":"/opt/airflow/dags/dag.py","lineno":3,"logger":"py.warnings"}
{"timestamp":"2025-12-29T11:22:39.368937Z","level":"warning","event":"The `airflow.decorators.task` attribute is deprecated. Please use `'airflow.sdk.task'`.","category":"DeprecatedImportWarning","filename":"/opt/airflow/dags/dag.py","lineno":4,"logger":"py.warnings"}
{"timestamp":"2025-12-29T11:22:39.368965Z","level":"warning","event":"The `airflow.operators.empty.EmptyOperator` attribute is deprecated. Please use `'airflow.providers.standard.operators.empty.EmptyOperator'`.","category":"DeprecatedImportWarning","filename":"/opt/airflow/dags/dag.py","lineno":5,"logger":"py.warnings"}
{"timestamp":"2025-12-29T11:22:39.368989Z","level":"warning","event":"The `airflow.operators.python.get_current_context` attribute is deprecated. Please use `'airflow.sdk.get_current_context'`.","category":"DeprecatedImportWarning","filename":"/opt/airflow/dags/dag.py","lineno":7,"logger":"py.warnings"}
{"timestamp":"2025-12-29T11:22:39.369012Z","level":"warning","event":"The `airflow.models.param.Param` attribute is deprecated. Please use `'airflow.sdk.Param'`.","category":"DeprecatedImportWarning","filename":"/opt/airflow/dags/dag.py","lineno":14,"logger":"py.warnings"}
{"timestamp":"2025-12-29T11:22:39.369032Z","level":"warning","event":"The `airflow.operators.python.get_current_context` attribute is deprecated. Please use `'airflow.sdk.get_current_context'`.","category":"DeprecatedImportWarning","filename":"/opt/airflow/dags/dag.py","lineno":22,"logger":"py.warnings"}
{"timestamp":"2025-12-29T11:23:09.847034Z","level":"info","event":"Filling up the DagBag from /opt/airflow/dags/dag.py","logger":"airflow.models.dagbag.DagBag","filename":"dagbag.py","lineno":593}
{"timestamp":"2025-12-29T11:23:09.877048Z","level":"warning","event":"The `airflow.decorators.dag` attribute is deprecated. Please use `'airflow.sdk.dag'`.","category":"DeprecatedImportWarning","filename":"/opt/airflow/dags/dag.py","lineno":3,"logger":"py.warnings"}
{"timestamp":"2025-12-29T11:23:09.877106Z","level":"warning","event":"The `airflow.decorators.task` attribute is deprecated. Please use `'airflow.sdk.task'`.","category":"DeprecatedImportWarning","filename":"/opt/airflow/dags/dag.py","lineno":4,"logger":"py.warnings"}
{"timestamp":"2025-12-29T11:23:09.877132Z","level":"warning","event":"The `airflow.operators.empty.EmptyOperator` attribute is deprecated. Please use `'airflow.providers.standard.operators.empty.EmptyOperator'`.","category":"DeprecatedImportWarning","filename":"/opt/airflow/dags/dag.py","lineno":5,"logger":"py.warnings"}
{"timestamp":"2025-12-29T11:23:09.877154Z","level":"warning","event":"The `airflow.operators.python.get_current_context` attribute is deprecated. Please use `'airflow.sdk.get_current_context'`.","category":"DeprecatedImportWarning","filename":"/opt/airflow/dags/dag.py","lineno":7,"logger":"py.warnings"}
{"timestamp":"2025-12-29T11:23:09.877175Z","level":"warning","event":"The `airflow.models.param.Param` attribute is deprecated. Please use `'airflow.sdk.Param'`.","category":"DeprecatedImportWarning","filename":"/opt/airflow/dags/dag.py","lineno":14,"logger":"py.warnings"}
{"timestamp":"2025-12-29T11:23:09.877195Z","level":"warning","event":"The `airflow.operators.python.get_current_context` attribute is deprecated. Please use `'airflow.sdk.get_current_context'`.","category":"DeprecatedImportWarning","filename":"/opt/airflow/dags/dag.py","lineno":22,"logger":"py.warnings"}
{"timestamp":"2025-12-29T11:23:40.396794Z","level":"info","event":"Filling up the DagBag from /opt/airflow/dags/dag.py","logger":"airflow.models.dagbag.DagBag","filename":"dagbag.py","lineno":593}
{"timestamp":"2025-12-29T11:23:40.428734Z","level":"warning","event":"The `airflow.decorators.dag` attribute is deprecated. Please use `'airflow.sdk.dag'`.","category":"DeprecatedImportWarning","filename":"/opt/airflow/dags/dag.py","lineno":3,"logger":"py.warnings"}
{"timestamp":"2025-12-29T11:23:40.428815Z","level":"warning","event":"The `airflow.decorators.task` attribute is deprecated. Please use `'airflow.sdk.task'`.","category":"DeprecatedImportWarning","filename":"/opt/airflow/dags/dag.py","lineno":4,"logger":"py.warnings"}
{"timestamp":"2025-12-29T11:23:40.428843Z","level":"warning","event":"The `airflow.operators.empty.EmptyOperator` attribute is deprecated. Please use `'airflow.providers.standard.operators.empty.EmptyOperator'`.","category":"DeprecatedImportWarning","filename":"/opt/airflow/dags/dag.py","lineno":5,"logger":"py.warnings"}
{"timestamp":"2025-12-29T11:23:40.428866Z","level":"warning","event":"The `airflow.operators.python.get_current_context` attribute is deprecated. Please use `'airflow.sdk.get_current_context'`.","category":"DeprecatedImportWarning","filename":"/opt/airflow/dags/dag.py","lineno":7,"logger":"py.warnings"}
{"timestamp":"2025-12-29T11:23:40.428887Z","level":"warning","event":"The `airflow.models.param.Param` attribute is deprecated. Please use `'airflow.sdk.Param'`.","category":"DeprecatedImportWarning","filename":"/opt/airflow/dags/dag.py","lineno":14,"logger":"py.warnings"}
{"timestamp":"2025-12-29T11:23:40.428907Z","level":"warning","event":"The `airflow.operators.python.get_current_context` attribute is deprecated. Please use `'airflow.sdk.get_current_context'`.","category":"DeprecatedImportWarning","filename":"/opt/airflow/dags/dag.py","lineno":22,"logger":"py.warnings"}
{"timestamp":"2025-12-29T11:24:10.874481Z","level":"info","event":"Filling up the DagBag from /opt/airflow/dags/dag.py","logger":"airflow.models.dagbag.DagBag","filename":"dagbag.py","lineno":593}
{"timestamp":"2025-12-29T11:24:10.903365Z","level":"warning","event":"The `airflow.decorators.dag` attribute is deprecated. Please use `'airflow.sdk.dag'`.","category":"DeprecatedImportWarning","filename":"/opt/airflow/dags/dag.py","lineno":3,"logger":"py.warnings"}
{"timestamp":"2025-12-29T11:24:10.903422Z","level":"warning","event":"The `airflow.decorators.task` attribute is deprecated. Please use `'airflow.sdk.task'`.","category":"DeprecatedImportWarning","filename":"/opt/airflow/dags/dag.py","lineno":4,"logger":"py.warnings"}
{"timestamp":"2025-12-29T11:24:10.903450Z","level":"warning","event":"The `airflow.operators.empty.EmptyOperator` attribute is deprecated. Please use `'airflow.providers.standard.operators.empty.EmptyOperator'`.","category":"DeprecatedImportWarning","filename":"/opt/airflow/dags/dag.py","lineno":5,"logger":"py.warnings"}
{"timestamp":"2025-12-29T11:24:10.903473Z","level":"warning","event":"The `airflow.operators.python.get_current_context` attribute is deprecated. Please use `'airflow.sdk.get_current_context'`.","category":"DeprecatedImportWarning","filename":"/opt/airflow/dags/dag.py","lineno":7,"logger":"py.warnings"}
{"timestamp":"2025-12-29T11:24:10.903496Z","level":"warning","event":"The `airflow.models.param.Param` attribute is deprecated. Please use `'airflow.sdk.Param'`.","category":"DeprecatedImportWarning","filename":"/opt/airflow/dags/dag.py","lineno":14,"logger":"py.warnings"}
{"timestamp":"2025-12-29T11:24:10.903524Z","level":"warning","event":"The `airflow.operators.python.get_current_context` attribute is deprecated. Please use `'airflow.sdk.get_current_context'`.","category":"DeprecatedImportWarning","filename":"/opt/airflow/dags/dag.py","lineno":22,"logger":"py.warnings"}
{"timestamp":"2025-12-29T11:24:41.384696Z","level":"info","event":"Filling up the DagBag from /opt/airflow/dags/dag.py","logger":"airflow.models.dagbag.DagBag","filename":"dagbag.py","lineno":593}
{"timestamp":"2025-12-29T11:24:41.417310Z","level":"warning","event":"The `airflow.decorators.dag` attribute is deprecated. Please use `'airflow.sdk.dag'`.","category":"DeprecatedImportWarning","filename":"/opt/airflow/dags/dag.py","lineno":3,"logger":"py.warnings"}
{"timestamp":"2025-12-29T11:24:41.417515Z","level":"warning","event":"The `airflow.decorators.task` attribute is deprecated. Please use `'airflow.sdk.task'`.","category":"DeprecatedImportWarning","filename":"/opt/airflow/dags/dag.py","lineno":4,"logger":"py.warnings"}
{"timestamp":"2025-12-29T11:24:41.417571Z","level":"warning","event":"The `airflow.operators.empty.EmptyOperator` attribute is deprecated. Please use `'airflow.providers.standard.operators.empty.EmptyOperator'`.","category":"DeprecatedImportWarning","filename":"/opt/airflow/dags/dag.py","lineno":5,"logger":"py.warnings"}
{"timestamp":"2025-12-29T11:24:41.417596Z","level":"warning","event":"The `airflow.operators.python.get_current_context` attribute is deprecated. Please use `'airflow.sdk.get_current_context'`.","category":"DeprecatedImportWarning","filename":"/opt/airflow/dags/dag.py","lineno":7,"logger":"py.warnings"}
{"timestamp":"2025-12-29T11:24:41.417617Z","level":"warning","event":"The `airflow.models.param.Param` attribute is deprecated. Please use `'airflow.sdk.Param'`.","category":"DeprecatedImportWarning","filename":"/opt/airflow/dags/dag.py","lineno":14,"logger":"py.warnings"}
{"timestamp":"2025-12-29T11:24:41.417637Z","level":"warning","event":"The `airflow.operators.python.get_current_context` attribute is deprecated. Please use `'airflow.sdk.get_current_context'`.","category":"DeprecatedImportWarning","filename":"/opt/airflow/dags/dag.py","lineno":22,"logger":"py.warnings"}
{"timestamp":"2025-12-29T11:25:11.923777Z","level":"info","event":"Filling up the DagBag from /opt/airflow/dags/dag.py","logger":"airflow.models.dagbag.DagBag","filename":"dagbag.py","lineno":593}
{"timestamp":"2025-12-29T11:25:11.954583Z","level":"warning","event":"The `airflow.decorators.dag` attribute is deprecated. Please use `'airflow.sdk.dag'`.","category":"DeprecatedImportWarning","filename":"/opt/airflow/dags/dag.py","lineno":3,"logger":"py.warnings"}
{"timestamp":"2025-12-29T11:25:11.954634Z","level":"warning","event":"The `airflow.decorators.task` attribute is deprecated. Please use `'airflow.sdk.task'`.","category":"DeprecatedImportWarning","filename":"/opt/airflow/dags/dag.py","lineno":4,"logger":"py.warnings"}
{"timestamp":"2025-12-29T11:25:11.954658Z","level":"warning","event":"The `airflow.operators.empty.EmptyOperator` attribute is deprecated. Please use `'airflow.providers.standard.operators.empty.EmptyOperator'`.","category":"DeprecatedImportWarning","filename":"/opt/airflow/dags/dag.py","lineno":5,"logger":"py.warnings"}
{"timestamp":"2025-12-29T11:25:11.954680Z","level":"warning","event":"The `airflow.operators.python.get_current_context` attribute is deprecated. Please use `'airflow.sdk.get_current_context'`.","category":"DeprecatedImportWarning","filename":"/opt/airflow/dags/dag.py","lineno":7,"logger":"py.warnings"}
{"timestamp":"2025-12-29T11:25:11.954701Z","level":"warning","event":"The `airflow.models.param.Param` attribute is deprecated. Please use `'airflow.sdk.Param'`.","category":"DeprecatedImportWarning","filename":"/opt/airflow/dags/dag.py","lineno":14,"logger":"py.warnings"}
{"timestamp":"2025-12-29T11:25:11.954719Z","level":"warning","event":"The `airflow.operators.python.get_current_context` attribute is deprecated. Please use `'airflow.sdk.get_current_context'`.","category":"DeprecatedImportWarning","filename":"/opt/airflow/dags/dag.py","lineno":22,"logger":"py.warnings"}
{"timestamp":"2025-12-29T11:25:42.389920Z","level":"info","event":"Filling up the DagBag from /opt/airflow/dags/dag.py","logger":"airflow.models.dagbag.DagBag","filename":"dagbag.py","lineno":593}
{"timestamp":"2025-12-29T11:25:42.416990Z","level":"warning","event":"The `airflow.decorators.dag` attribute is deprecated. Please use `'airflow.sdk.dag'`.","category":"DeprecatedImportWarning","filename":"/opt/airflow/dags/dag.py","lineno":3,"logger":"py.warnings"}
{"timestamp":"2025-12-29T11:25:42.417047Z","level":"warning","event":"The `airflow.decorators.task` attribute is deprecated. Please use `'airflow.sdk.task'`.","category":"DeprecatedImportWarning","filename":"/opt/airflow/dags/dag.py","lineno":4,"logger":"py.warnings"}
{"timestamp":"2025-12-29T11:25:42.417073Z","level":"warning","event":"The `airflow.operators.empty.EmptyOperator` attribute is deprecated. Please use `'airflow.providers.standard.operators.empty.EmptyOperator'`.","category":"DeprecatedImportWarning","filename":"/opt/airflow/dags/dag.py","lineno":5,"logger":"py.warnings"}
{"timestamp":"2025-12-29T11:25:42.417095Z","level":"warning","event":"The `airflow.operators.python.get_current_context` attribute is deprecated. Please use `'airflow.sdk.get_current_context'`.","category":"DeprecatedImportWarning","filename":"/opt/airflow/dags/dag.py","lineno":7,"logger":"py.warnings"}
{"timestamp":"2025-12-29T11:25:42.417116Z","level":"warning","event":"The `airflow.models.param.Param` attribute is deprecated. Please use `'airflow.sdk.Param'`.","category":"DeprecatedImportWarning","filename":"/opt/airflow/dags/dag.py","lineno":14,"logger":"py.warnings"}
{"timestamp":"2025-12-29T11:25:42.417135Z","level":"warning","event":"The `airflow.operators.python.get_current_context` attribute is deprecated. Please use `'airflow.sdk.get_current_context'`.","category":"DeprecatedImportWarning","filename":"/opt/airflow/dags/dag.py","lineno":22,"logger":"py.warnings"}
{"timestamp":"2025-12-29T11:26:12.893220Z","level":"info","event":"Filling up the DagBag from /opt/airflow/dags/dag.py","logger":"airflow.models.dagbag.DagBag","filename":"dagbag.py","lineno":593}
{"timestamp":"2025-12-29T11:26:12.919459Z","level":"warning","event":"The `airflow.decorators.dag` attribute is deprecated. Please use `'airflow.sdk.dag'`.","category":"DeprecatedImportWarning","filename":"/opt/airflow/dags/dag.py","lineno":3,"logger":"py.warnings"}
{"timestamp":"2025-12-29T11:26:12.919623Z","level":"warning","event":"The `airflow.decorators.task` attribute is deprecated. Please use `'airflow.sdk.task'`.","category":"DeprecatedImportWarning","filename":"/opt/airflow/dags/dag.py","lineno":4,"logger":"py.warnings"}
{"timestamp":"2025-12-29T11:26:12.919667Z","level":"warning","event":"The `airflow.operators.empty.EmptyOperator` attribute is deprecated. Please use `'airflow.providers.standard.operators.empty.EmptyOperator'`.","category":"DeprecatedImportWarning","filename":"/opt/airflow/dags/dag.py","lineno":5,"logger":"py.warnings"}
{"timestamp":"2025-12-29T11:26:12.919690Z","level":"warning","event":"The `airflow.operators.python.get_current_context` attribute is deprecated. Please use `'airflow.sdk.get_current_context'`.","category":"DeprecatedImportWarning","filename":"/opt/airflow/dags/dag.py","lineno":7,"logger":"py.warnings"}
{"timestamp":"2025-12-29T11:26:12.919710Z","level":"warning","event":"The `airflow.models.param.Param` attribute is deprecated. Please use `'airflow.sdk.Param'`.","category":"DeprecatedImportWarning","filename":"/opt/airflow/dags/dag.py","lineno":14,"logger":"py.warnings"}
{"timestamp":"2025-12-29T11:26:12.919728Z","level":"warning","event":"The `airflow.operators.python.get_current_context` attribute is deprecated. Please use `'airflow.sdk.get_current_context'`.","category":"DeprecatedImportWarning","filename":"/opt/airflow/dags/dag.py","lineno":22,"logger":"py.warnings"}
{"timestamp":"2025-12-29T11:26:43.338973Z","level":"info","event":"Filling up the DagBag from /opt/airflow/dags/dag.py","logger":"airflow.models.dagbag.DagBag","filename":"dagbag.py","lineno":593}
{"timestamp":"2025-12-29T11:26:43.367000Z","level":"warning","event":"The `airflow.decorators.dag` attribute is deprecated. Please use `'airflow.sdk.dag'`.","category":"DeprecatedImportWarning","filename":"/opt/airflow/dags/dag.py","lineno":3,"logger":"py.warnings"}
{"timestamp":"2025-12-29T11:26:43.367053Z","level":"warning","event":"The `airflow.decorators.task` attribute is deprecated. Please use `'airflow.sdk.task'`.","category":"DeprecatedImportWarning","filename":"/opt/airflow/dags/dag.py","lineno":4,"logger":"py.warnings"}
{"timestamp":"2025-12-29T11:26:43.367081Z","level":"warning","event":"The `airflow.operators.empty.EmptyOperator` attribute is deprecated. Please use `'airflow.providers.standard.operators.empty.EmptyOperator'`.","category":"DeprecatedImportWarning","filename":"/opt/airflow/dags/dag.py","lineno":5,"logger":"py.warnings"}
{"timestamp":"2025-12-29T11:26:43.367104Z","level":"warning","event":"The `airflow.operators.python.get_current_context` attribute is deprecated. Please use `'airflow.sdk.get_current_context'`.","category":"DeprecatedImportWarning","filename":"/opt/airflow/dags/dag.py","lineno":7,"logger":"py.warnings"}
{"timestamp":"2025-12-29T11:26:43.367125Z","level":"warning","event":"The `airflow.models.param.Param` attribute is deprecated. Please use `'airflow.sdk.Param'`.","category":"DeprecatedImportWarning","filename":"/opt/airflow/dags/dag.py","lineno":14,"logger":"py.warnings"}
{"timestamp":"2025-12-29T11:26:43.367145Z","level":"warning","event":"The `airflow.operators.python.get_current_context` attribute is deprecated. Please use `'airflow.sdk.get_current_context'`.","category":"DeprecatedImportWarning","filename":"/opt/airflow/dags/dag.py","lineno":22,"logger":"py.warnings"}
{"timestamp":"2025-12-29T11:27:13.860794Z","level":"info","event":"Filling up the DagBag from /opt/airflow/dags/dag.py","logger":"airflow.models.dagbag.DagBag","filename":"dagbag.py","lineno":593}
{"timestamp":"2025-12-29T11:27:13.883711Z","level":"warning","event":"The `airflow.decorators.dag` attribute is deprecated. Please use `'airflow.sdk.dag'`.","category":"DeprecatedImportWarning","filename":"/opt/airflow/dags/dag.py","lineno":3,"logger":"py.warnings"}
{"timestamp":"2025-12-29T11:27:13.883764Z","level":"warning","event":"The `airflow.decorators.task` attribute is deprecated. Please use `'airflow.sdk.task'`.","category":"DeprecatedImportWarning","filename":"/opt/airflow/dags/dag.py","lineno":4,"logger":"py.warnings"}
{"timestamp":"2025-12-29T11:27:13.883788Z","level":"warning","event":"The `airflow.operators.empty.EmptyOperator` attribute is deprecated. Please use `'airflow.providers.standard.operators.empty.EmptyOperator'`.","category":"DeprecatedImportWarning","filename":"/opt/airflow/dags/dag.py","lineno":5,"logger":"py.warnings"}
{"timestamp":"2025-12-29T11:27:13.883807Z","level":"warning","event":"The `airflow.operators.python.get_current_context` attribute is deprecated. Please use `'airflow.sdk.get_current_context'`.","category":"DeprecatedImportWarning","filename":"/opt/airflow/dags/dag.py","lineno":7,"logger":"py.warnings"}
{"timestamp":"2025-12-29T11:27:13.883825Z","level":"warning","event":"The `airflow.models.param.Param` attribute is deprecated. Please use `'airflow.sdk.Param'`.","category":"DeprecatedImportWarning","filename":"/opt/airflow/dags/dag.py","lineno":14,"logger":"py.warnings"}
{"timestamp":"2025-12-29T11:27:13.883841Z","level":"warning","event":"The `airflow.operators.python.get_current_context` attribute is deprecated. Please use `'airflow.sdk.get_current_context'`.","category":"DeprecatedImportWarning","filename":"/opt/airflow/dags/dag.py","lineno":22,"logger":"py.warnings"}
{"timestamp":"2025-12-29T11:27:44.294551Z","level":"info","event":"Filling up the DagBag from /opt/airflow/dags/dag.py","logger":"airflow.models.dagbag.DagBag","filename":"dagbag.py","lineno":593}
{"timestamp":"2025-12-29T11:27:44.320610Z","level":"warning","event":"The `airflow.decorators.dag` attribute is deprecated. Please use `'airflow.sdk.dag'`.","category":"DeprecatedImportWarning","filename":"/opt/airflow/dags/dag.py","lineno":3,"logger":"py.warnings"}
{"timestamp":"2025-12-29T11:27:44.320667Z","level":"warning","event":"The `airflow.decorators.task` attribute is deprecated. Please use `'airflow.sdk.task'`.","category":"DeprecatedImportWarning","filename":"/opt/airflow/dags/dag.py","lineno":4,"logger":"py.warnings"}
{"timestamp":"2025-12-29T11:27:44.320693Z","level":"warning","event":"The `airflow.operators.empty.EmptyOperator` attribute is deprecated. Please use `'airflow.providers.standard.operators.empty.EmptyOperator'`.","category":"DeprecatedImportWarning","filename":"/opt/airflow/dags/dag.py","lineno":5,"logger":"py.warnings"}
{"timestamp":"2025-12-29T11:27:44.320714Z","level":"warning","event":"The `airflow.operators.python.get_current_context` attribute is deprecated. Please use `'airflow.sdk.get_current_context'`.","category":"DeprecatedImportWarning","filename":"/opt/airflow/dags/dag.py","lineno":7,"logger":"py.warnings"}
{"timestamp":"2025-12-29T11:27:44.320733Z","level":"warning","event":"The `airflow.models.param.Param` attribute is deprecated. Please use `'airflow.sdk.Param'`.","category":"DeprecatedImportWarning","filename":"/opt/airflow/dags/dag.py","lineno":14,"logger":"py.warnings"}
{"timestamp":"2025-12-29T11:27:44.320752Z","level":"warning","event":"The `airflow.operators.python.get_current_context` attribute is deprecated. Please use `'airflow.sdk.get_current_context'`.","category":"DeprecatedImportWarning","filename":"/opt/airflow/dags/dag.py","lineno":22,"logger":"py.warnings"}
{"timestamp":"2025-12-29T11:28:14.753021Z","level":"info","event":"Filling up the DagBag from /opt/airflow/dags/dag.py","logger":"airflow.models.dagbag.DagBag","filename":"dagbag.py","lineno":593}
{"timestamp":"2025-12-29T11:28:14.800766Z","level":"warning","event":"The `airflow.decorators.dag` attribute is deprecated. Please use `'airflow.sdk.dag'`.","category":"DeprecatedImportWarning","filename":"/opt/airflow/dags/dag.py","lineno":3,"logger":"py.warnings"}
{"timestamp":"2025-12-29T11:28:14.800842Z","level":"warning","event":"The `airflow.decorators.task` attribute is deprecated. Please use `'airflow.sdk.task'`.","category":"DeprecatedImportWarning","filename":"/opt/airflow/dags/dag.py","lineno":4,"logger":"py.warnings"}
{"timestamp":"2025-12-29T11:28:14.800870Z","level":"warning","event":"The `airflow.operators.empty.EmptyOperator` attribute is deprecated. Please use `'airflow.providers.standard.operators.empty.EmptyOperator'`.","category":"DeprecatedImportWarning","filename":"/opt/airflow/dags/dag.py","lineno":5,"logger":"py.warnings"}
{"timestamp":"2025-12-29T11:28:14.800892Z","level":"warning","event":"The `airflow.operators.python.get_current_context` attribute is deprecated. Please use `'airflow.sdk.get_current_context'`.","category":"DeprecatedImportWarning","filename":"/opt/airflow/dags/dag.py","lineno":7,"logger":"py.warnings"}
{"timestamp":"2025-12-29T11:28:14.800914Z","level":"warning","event":"The `airflow.models.param.Param` attribute is deprecated. Please use `'airflow.sdk.Param'`.","category":"DeprecatedImportWarning","filename":"/opt/airflow/dags/dag.py","lineno":14,"logger":"py.warnings"}
{"timestamp":"2025-12-29T11:28:14.800934Z","level":"warning","event":"The `airflow.operators.python.get_current_context` attribute is deprecated. Please use `'airflow.sdk.get_current_context'`.","category":"DeprecatedImportWarning","filename":"/opt/airflow/dags/dag.py","lineno":22,"logger":"py.warnings"}
{"timestamp":"2025-12-29T11:28:45.373068Z","level":"info","event":"Filling up the DagBag from /opt/airflow/dags/dag.py","logger":"airflow.models.dagbag.DagBag","filename":"dagbag.py","lineno":593}
{"timestamp":"2025-12-29T11:28:45.455380Z","level":"warning","event":"The `airflow.decorators.dag` attribute is deprecated. Please use `'airflow.sdk.dag'`.","category":"DeprecatedImportWarning","filename":"/opt/airflow/dags/dag.py","lineno":3,"logger":"py.warnings"}
{"timestamp":"2025-12-29T11:28:45.455533Z","level":"warning","event":"The `airflow.decorators.task` attribute is deprecated. Please use `'airflow.sdk.task'`.","category":"DeprecatedImportWarning","filename":"/opt/airflow/dags/dag.py","lineno":4,"logger":"py.warnings"}
{"timestamp":"2025-12-29T11:28:45.455579Z","level":"warning","event":"The `airflow.operators.empty.EmptyOperator` attribute is deprecated. Please use `'airflow.providers.standard.operators.empty.EmptyOperator'`.","category":"DeprecatedImportWarning","filename":"/opt/airflow/dags/dag.py","lineno":5,"logger":"py.warnings"}
{"timestamp":"2025-12-29T11:28:45.455632Z","level":"warning","event":"The `airflow.operators.python.get_current_context` attribute is deprecated. Please use `'airflow.sdk.get_current_context'`.","category":"DeprecatedImportWarning","filename":"/opt/airflow/dags/dag.py","lineno":7,"logger":"py.warnings"}
{"timestamp":"2025-12-29T11:28:45.455661Z","level":"warning","event":"The `airflow.models.param.Param` attribute is deprecated. Please use `'airflow.sdk.Param'`.","category":"DeprecatedImportWarning","filename":"/opt/airflow/dags/dag.py","lineno":14,"logger":"py.warnings"}
{"timestamp":"2025-12-29T11:28:45.455681Z","level":"warning","event":"The `airflow.operators.python.get_current_context` attribute is deprecated. Please use `'airflow.sdk.get_current_context'`.","category":"DeprecatedImportWarning","filename":"/opt/airflow/dags/dag.py","lineno":22,"logger":"py.warnings"}
{"timestamp":"2025-12-29T11:29:15.943670Z","level":"info","event":"Filling up the DagBag from /opt/airflow/dags/dag.py","logger":"airflow.models.dagbag.DagBag","filename":"dagbag.py","lineno":593}
{"timestamp":"2025-12-29T11:29:15.985759Z","level":"warning","event":"The `airflow.decorators.dag` attribute is deprecated. Please use `'airflow.sdk.dag'`.","category":"DeprecatedImportWarning","filename":"/opt/airflow/dags/dag.py","lineno":3,"logger":"py.warnings"}
{"timestamp":"2025-12-29T11:29:15.986031Z","level":"warning","event":"The `airflow.decorators.task` attribute is deprecated. Please use `'airflow.sdk.task'`.","category":"DeprecatedImportWarning","filename":"/opt/airflow/dags/dag.py","lineno":4,"logger":"py.warnings"}
{"timestamp":"2025-12-29T11:29:15.986071Z","level":"warning","event":"The `airflow.operators.empty.EmptyOperator` attribute is deprecated. Please use `'airflow.providers.standard.operators.empty.EmptyOperator'`.","category":"DeprecatedImportWarning","filename":"/opt/airflow/dags/dag.py","lineno":5,"logger":"py.warnings"}
{"timestamp":"2025-12-29T11:29:15.986095Z","level":"warning","event":"The `airflow.operators.python.get_current_context` attribute is deprecated. Please use `'airflow.sdk.get_current_context'`.","category":"DeprecatedImportWarning","filename":"/opt/airflow/dags/dag.py","lineno":7,"logger":"py.warnings"}
{"timestamp":"2025-12-29T11:29:15.986116Z","level":"warning","event":"The `airflow.models.param.Param` attribute is deprecated. Please use `'airflow.sdk.Param'`.","category":"DeprecatedImportWarning","filename":"/opt/airflow/dags/dag.py","lineno":14,"logger":"py.warnings"}
{"timestamp":"2025-12-29T11:29:15.986135Z","level":"warning","event":"The `airflow.operators.python.get_current_context` attribute is deprecated. Please use `'airflow.sdk.get_current_context'`.","category":"DeprecatedImportWarning","filename":"/opt/airflow/dags/dag.py","lineno":22,"logger":"py.warnings"}
{"timestamp":"2025-12-29T11:29:46.449213Z","level":"info","event":"Filling up the DagBag from /opt/airflow/dags/dag.py","logger":"airflow.models.dagbag.DagBag","filename":"dagbag.py","lineno":593}
{"timestamp":"2025-12-29T11:29:46.483200Z","level":"warning","event":"The `airflow.decorators.dag` attribute is deprecated. Please use `'airflow.sdk.dag'`.","category":"DeprecatedImportWarning","filename":"/opt/airflow/dags/dag.py","lineno":3,"logger":"py.warnings"}
{"timestamp":"2025-12-29T11:29:46.483264Z","level":"warning","event":"The `airflow.decorators.task` attribute is deprecated. Please use `'airflow.sdk.task'`.","category":"DeprecatedImportWarning","filename":"/opt/airflow/dags/dag.py","lineno":4,"logger":"py.warnings"}
{"timestamp":"2025-12-29T11:29:46.483290Z","level":"warning","event":"The `airflow.operators.empty.EmptyOperator` attribute is deprecated. Please use `'airflow.providers.standard.operators.empty.EmptyOperator'`.","category":"DeprecatedImportWarning","filename":"/opt/airflow/dags/dag.py","lineno":5,"logger":"py.warnings"}
{"timestamp":"2025-12-29T11:29:46.483312Z","level":"warning","event":"The `airflow.operators.python.get_current_context` attribute is deprecated. Please use `'airflow.sdk.get_current_context'`.","category":"DeprecatedImportWarning","filename":"/opt/airflow/dags/dag.py","lineno":7,"logger":"py.warnings"}
{"timestamp":"2025-12-29T11:29:46.483334Z","level":"warning","event":"The `airflow.models.param.Param` attribute is deprecated. Please use `'airflow.sdk.Param'`.","category":"DeprecatedImportWarning","filename":"/opt/airflow/dags/dag.py","lineno":14,"logger":"py.warnings"}
{"timestamp":"2025-12-29T11:29:46.483368Z","level":"warning","event":"The `airflow.operators.python.get_current_context` attribute is deprecated. Please use `'airflow.sdk.get_current_context'`.","category":"DeprecatedImportWarning","filename":"/opt/airflow/dags/dag.py","lineno":22,"logger":"py.warnings"}
{"timestamp":"2025-12-29T11:30:16.995796Z","level":"info","event":"Filling up the DagBag from /opt/airflow/dags/dag.py","logger":"airflow.models.dagbag.DagBag","filename":"dagbag.py","lineno":593}
{"timestamp":"2025-12-29T11:30:17.025782Z","level":"warning","event":"The `airflow.decorators.dag` attribute is deprecated. Please use `'airflow.sdk.dag'`.","category":"DeprecatedImportWarning","filename":"/opt/airflow/dags/dag.py","lineno":3,"logger":"py.warnings"}
{"timestamp":"2025-12-29T11:30:17.025841Z","level":"warning","event":"The `airflow.decorators.task` attribute is deprecated. Please use `'airflow.sdk.task'`.","category":"DeprecatedImportWarning","filename":"/opt/airflow/dags/dag.py","lineno":4,"logger":"py.warnings"}
{"timestamp":"2025-12-29T11:30:17.025868Z","level":"warning","event":"The `airflow.operators.empty.EmptyOperator` attribute is deprecated. Please use `'airflow.providers.standard.operators.empty.EmptyOperator'`.","category":"DeprecatedImportWarning","filename":"/opt/airflow/dags/dag.py","lineno":5,"logger":"py.warnings"}
{"timestamp":"2025-12-29T11:30:17.025890Z","level":"warning","event":"The `airflow.operators.python.get_current_context` attribute is deprecated. Please use `'airflow.sdk.get_current_context'`.","category":"DeprecatedImportWarning","filename":"/opt/airflow/dags/dag.py","lineno":7,"logger":"py.warnings"}
{"timestamp":"2025-12-29T11:30:17.025911Z","level":"warning","event":"The `airflow.models.param.Param` attribute is deprecated. Please use `'airflow.sdk.Param'`.","category":"DeprecatedImportWarning","filename":"/opt/airflow/dags/dag.py","lineno":14,"logger":"py.warnings"}
{"timestamp":"2025-12-29T11:30:17.025932Z","level":"warning","event":"The `airflow.operators.python.get_current_context` attribute is deprecated. Please use `'airflow.sdk.get_current_context'`.","category":"DeprecatedImportWarning","filename":"/opt/airflow/dags/dag.py","lineno":22,"logger":"py.warnings"}
{"timestamp":"2025-12-29T11:30:47.532520Z","level":"info","event":"Filling up the DagBag from /opt/airflow/dags/dag.py","logger":"airflow.models.dagbag.DagBag","filename":"dagbag.py","lineno":593}
{"timestamp":"2025-12-29T11:30:47.566285Z","level":"warning","event":"The `airflow.decorators.dag` attribute is deprecated. Please use `'airflow.sdk.dag'`.","category":"DeprecatedImportWarning","filename":"/opt/airflow/dags/dag.py","lineno":3,"logger":"py.warnings"}
{"timestamp":"2025-12-29T11:30:47.566343Z","level":"warning","event":"The `airflow.decorators.task` attribute is deprecated. Please use `'airflow.sdk.task'`.","category":"DeprecatedImportWarning","filename":"/opt/airflow/dags/dag.py","lineno":4,"logger":"py.warnings"}
{"timestamp":"2025-12-29T11:30:47.566369Z","level":"warning","event":"The `airflow.operators.empty.EmptyOperator` attribute is deprecated. Please use `'airflow.providers.standard.operators.empty.EmptyOperator'`.","category":"DeprecatedImportWarning","filename":"/opt/airflow/dags/dag.py","lineno":5,"logger":"py.warnings"}
{"timestamp":"2025-12-29T11:30:47.566398Z","level":"warning","event":"The `airflow.operators.python.get_current_context` attribute is deprecated. Please use `'airflow.sdk.get_current_context'`.","category":"DeprecatedImportWarning","filename":"/opt/airflow/dags/dag.py","lineno":7,"logger":"py.warnings"}
{"timestamp":"2025-12-29T11:30:47.566420Z","level":"warning","event":"The `airflow.models.param.Param` attribute is deprecated. Please use `'airflow.sdk.Param'`.","category":"DeprecatedImportWarning","filename":"/opt/airflow/dags/dag.py","lineno":14,"logger":"py.warnings"}
{"timestamp":"2025-12-29T11:30:47.566440Z","level":"warning","event":"The `airflow.operators.python.get_current_context` attribute is deprecated. Please use `'airflow.sdk.get_current_context'`.","category":"DeprecatedImportWarning","filename":"/opt/airflow/dags/dag.py","lineno":22,"logger":"py.warnings"}
{"timestamp":"2025-12-29T11:31:18.090010Z","level":"info","event":"Filling up the DagBag from /opt/airflow/dags/dag.py","logger":"airflow.models.dagbag.DagBag","filename":"dagbag.py","lineno":593}
{"timestamp":"2025-12-29T11:31:18.118504Z","level":"warning","event":"The `airflow.decorators.dag` attribute is deprecated. Please use `'airflow.sdk.dag'`.","category":"DeprecatedImportWarning","filename":"/opt/airflow/dags/dag.py","lineno":3,"logger":"py.warnings"}
{"timestamp":"2025-12-29T11:31:18.118560Z","level":"warning","event":"The `airflow.decorators.task` attribute is deprecated. Please use `'airflow.sdk.task'`.","category":"DeprecatedImportWarning","filename":"/opt/airflow/dags/dag.py","lineno":4,"logger":"py.warnings"}
{"timestamp":"2025-12-29T11:31:18.118586Z","level":"warning","event":"The `airflow.operators.empty.EmptyOperator` attribute is deprecated. Please use `'airflow.providers.standard.operators.empty.EmptyOperator'`.","category":"DeprecatedImportWarning","filename":"/opt/airflow/dags/dag.py","lineno":5,"logger":"py.warnings"}
{"timestamp":"2025-12-29T11:31:18.118607Z","level":"warning","event":"The `airflow.operators.python.get_current_context` attribute is deprecated. Please use `'airflow.sdk.get_current_context'`.","category":"DeprecatedImportWarning","filename":"/opt/airflow/dags/dag.py","lineno":7,"logger":"py.warnings"}
{"timestamp":"2025-12-29T11:31:18.118628Z","level":"warning","event":"The `airflow.models.param.Param` attribute is deprecated. Please use `'airflow.sdk.Param'`.","category":"DeprecatedImportWarning","filename":"/opt/airflow/dags/dag.py","lineno":14,"logger":"py.warnings"}
{"timestamp":"2025-12-29T11:31:18.118646Z","level":"warning","event":"The `airflow.operators.python.get_current_context` attribute is deprecated. Please use `'airflow.sdk.get_current_context'`.","category":"DeprecatedImportWarning","filename":"/opt/airflow/dags/dag.py","lineno":22,"logger":"py.warnings"}
{"timestamp":"2025-12-29T11:31:48.593807Z","level":"info","event":"Filling up the DagBag from /opt/airflow/dags/dag.py","logger":"airflow.models.dagbag.DagBag","filename":"dagbag.py","lineno":593}
{"timestamp":"2025-12-29T11:31:48.624755Z","level":"warning","event":"The `airflow.decorators.dag` attribute is deprecated. Please use `'airflow.sdk.dag'`.","category":"DeprecatedImportWarning","filename":"/opt/airflow/dags/dag.py","lineno":3,"logger":"py.warnings"}
{"timestamp":"2025-12-29T11:31:48.624815Z","level":"warning","event":"The `airflow.decorators.task` attribute is deprecated. Please use `'airflow.sdk.task'`.","category":"DeprecatedImportWarning","filename":"/opt/airflow/dags/dag.py","lineno":4,"logger":"py.warnings"}
{"timestamp":"2025-12-29T11:31:48.624842Z","level":"warning","event":"The `airflow.operators.empty.EmptyOperator` attribute is deprecated. Please use `'airflow.providers.standard.operators.empty.EmptyOperator'`.","category":"DeprecatedImportWarning","filename":"/opt/airflow/dags/dag.py","lineno":5,"logger":"py.warnings"}
{"timestamp":"2025-12-29T11:31:48.624865Z","level":"warning","event":"The `airflow.operators.python.get_current_context` attribute is deprecated. Please use `'airflow.sdk.get_current_context'`.","category":"DeprecatedImportWarning","filename":"/opt/airflow/dags/dag.py","lineno":7,"logger":"py.warnings"}
{"timestamp":"2025-12-29T11:31:48.624887Z","level":"warning","event":"The `airflow.models.param.Param` attribute is deprecated. Please use `'airflow.sdk.Param'`.","category":"DeprecatedImportWarning","filename":"/opt/airflow/dags/dag.py","lineno":14,"logger":"py.warnings"}
{"timestamp":"2025-12-29T11:31:48.624906Z","level":"warning","event":"The `airflow.operators.python.get_current_context` attribute is deprecated. Please use `'airflow.sdk.get_current_context'`.","category":"DeprecatedImportWarning","filename":"/opt/airflow/dags/dag.py","lineno":22,"logger":"py.warnings"}
{"timestamp":"2025-12-29T11:32:19.073110Z","level":"info","event":"Filling up the DagBag from /opt/airflow/dags/dag.py","logger":"airflow.models.dagbag.DagBag","filename":"dagbag.py","lineno":593}
{"timestamp":"2025-12-29T11:32:19.104079Z","level":"warning","event":"The `airflow.decorators.dag` attribute is deprecated. Please use `'airflow.sdk.dag'`.","category":"DeprecatedImportWarning","filename":"/opt/airflow/dags/dag.py","lineno":3,"logger":"py.warnings"}
{"timestamp":"2025-12-29T11:32:19.104130Z","level":"warning","event":"The `airflow.decorators.task` attribute is deprecated. Please use `'airflow.sdk.task'`.","category":"DeprecatedImportWarning","filename":"/opt/airflow/dags/dag.py","lineno":4,"logger":"py.warnings"}
{"timestamp":"2025-12-29T11:32:19.104156Z","level":"warning","event":"The `airflow.operators.empty.EmptyOperator` attribute is deprecated. Please use `'airflow.providers.standard.operators.empty.EmptyOperator'`.","category":"DeprecatedImportWarning","filename":"/opt/airflow/dags/dag.py","lineno":5,"logger":"py.warnings"}
{"timestamp":"2025-12-29T11:32:19.104177Z","level":"warning","event":"The `airflow.operators.python.get_current_context` attribute is deprecated. Please use `'airflow.sdk.get_current_context'`.","category":"DeprecatedImportWarning","filename":"/opt/airflow/dags/dag.py","lineno":7,"logger":"py.warnings"}
{"timestamp":"2025-12-29T11:32:19.104198Z","level":"warning","event":"The `airflow.models.param.Param` attribute is deprecated. Please use `'airflow.sdk.Param'`.","category":"DeprecatedImportWarning","filename":"/opt/airflow/dags/dag.py","lineno":14,"logger":"py.warnings"}
{"timestamp":"2025-12-29T11:32:19.104217Z","level":"warning","event":"The `airflow.operators.python.get_current_context` attribute is deprecated. Please use `'airflow.sdk.get_current_context'`.","category":"DeprecatedImportWarning","filename":"/opt/airflow/dags/dag.py","lineno":22,"logger":"py.warnings"}
{"timestamp":"2025-12-29T11:32:49.540325Z","level":"info","event":"Filling up the DagBag from /opt/airflow/dags/dag.py","logger":"airflow.models.dagbag.DagBag","filename":"dagbag.py","lineno":593}
{"timestamp":"2025-12-29T11:32:49.577640Z","level":"warning","event":"The `airflow.decorators.dag` attribute is deprecated. Please use `'airflow.sdk.dag'`.","category":"DeprecatedImportWarning","filename":"/opt/airflow/dags/dag.py","lineno":3,"logger":"py.warnings"}
{"timestamp":"2025-12-29T11:32:49.577701Z","level":"warning","event":"The `airflow.decorators.task` attribute is deprecated. Please use `'airflow.sdk.task'`.","category":"DeprecatedImportWarning","filename":"/opt/airflow/dags/dag.py","lineno":4,"logger":"py.warnings"}
{"timestamp":"2025-12-29T11:32:49.577726Z","level":"warning","event":"The `airflow.operators.empty.EmptyOperator` attribute is deprecated. Please use `'airflow.providers.standard.operators.empty.EmptyOperator'`.","category":"DeprecatedImportWarning","filename":"/opt/airflow/dags/dag.py","lineno":5,"logger":"py.warnings"}
{"timestamp":"2025-12-29T11:32:49.577748Z","level":"warning","event":"The `airflow.operators.python.get_current_context` attribute is deprecated. Please use `'airflow.sdk.get_current_context'`.","category":"DeprecatedImportWarning","filename":"/opt/airflow/dags/dag.py","lineno":7,"logger":"py.warnings"}
{"timestamp":"2025-12-29T11:32:49.577770Z","level":"warning","event":"The `airflow.models.param.Param` attribute is deprecated. Please use `'airflow.sdk.Param'`.","category":"DeprecatedImportWarning","filename":"/opt/airflow/dags/dag.py","lineno":14,"logger":"py.warnings"}
{"timestamp":"2025-12-29T11:32:49.577789Z","level":"warning","event":"The `airflow.operators.python.get_current_context` attribute is deprecated. Please use `'airflow.sdk.get_current_context'`.","category":"DeprecatedImportWarning","filename":"/opt/airflow/dags/dag.py","lineno":22,"logger":"py.warnings"}
{"timestamp":"2025-12-29T11:33:20.082083Z","level":"info","event":"Filling up the DagBag from /opt/airflow/dags/dag.py","logger":"airflow.models.dagbag.DagBag","filename":"dagbag.py","lineno":593}
{"timestamp":"2025-12-29T11:33:20.113000Z","level":"warning","event":"The `airflow.decorators.dag` attribute is deprecated. Please use `'airflow.sdk.dag'`.","category":"DeprecatedImportWarning","filename":"/opt/airflow/dags/dag.py","lineno":3,"logger":"py.warnings"}
{"timestamp":"2025-12-29T11:33:20.113058Z","level":"warning","event":"The `airflow.decorators.task` attribute is deprecated. Please use `'airflow.sdk.task'`.","category":"DeprecatedImportWarning","filename":"/opt/airflow/dags/dag.py","lineno":4,"logger":"py.warnings"}
{"timestamp":"2025-12-29T11:33:20.113084Z","level":"warning","event":"The `airflow.operators.empty.EmptyOperator` attribute is deprecated. Please use `'airflow.providers.standard.operators.empty.EmptyOperator'`.","category":"DeprecatedImportWarning","filename":"/opt/airflow/dags/dag.py","lineno":5,"logger":"py.warnings"}
{"timestamp":"2025-12-29T11:33:20.113104Z","level":"warning","event":"The `airflow.operators.python.get_current_context` attribute is deprecated. Please use `'airflow.sdk.get_current_context'`.","category":"DeprecatedImportWarning","filename":"/opt/airflow/dags/dag.py","lineno":7,"logger":"py.warnings"}
{"timestamp":"2025-12-29T11:33:20.113124Z","level":"warning","event":"The `airflow.models.param.Param` attribute is deprecated. Please use `'airflow.sdk.Param'`.","category":"DeprecatedImportWarning","filename":"/opt/airflow/dags/dag.py","lineno":14,"logger":"py.warnings"}
{"timestamp":"2025-12-29T11:33:20.113142Z","level":"warning","event":"The `airflow.operators.python.get_current_context` attribute is deprecated. Please use `'airflow.sdk.get_current_context'`.","category":"DeprecatedImportWarning","filename":"/opt/airflow/dags/dag.py","lineno":22,"logger":"py.warnings"}
{"timestamp":"2025-12-29T11:33:50.548889Z","level":"info","event":"Filling up the DagBag from /opt/airflow/dags/dag.py","logger":"airflow.models.dagbag.DagBag","filename":"dagbag.py","lineno":593}
{"timestamp":"2025-12-29T11:33:50.578178Z","level":"warning","event":"The `airflow.decorators.dag` attribute is deprecated. Please use `'airflow.sdk.dag'`.","category":"DeprecatedImportWarning","filename":"/opt/airflow/dags/dag.py","lineno":3,"logger":"py.warnings"}
{"timestamp":"2025-12-29T11:33:50.578236Z","level":"warning","event":"The `airflow.decorators.task` attribute is deprecated. Please use `'airflow.sdk.task'`.","category":"DeprecatedImportWarning","filename":"/opt/airflow/dags/dag.py","lineno":4,"logger":"py.warnings"}
{"timestamp":"2025-12-29T11:33:50.578262Z","level":"warning","event":"The `airflow.operators.empty.EmptyOperator` attribute is deprecated. Please use `'airflow.providers.standard.operators.empty.EmptyOperator'`.","category":"DeprecatedImportWarning","filename":"/opt/airflow/dags/dag.py","lineno":5,"logger":"py.warnings"}
{"timestamp":"2025-12-29T11:33:50.578285Z","level":"warning","event":"The `airflow.operators.python.get_current_context` attribute is deprecated. Please use `'airflow.sdk.get_current_context'`.","category":"DeprecatedImportWarning","filename":"/opt/airflow/dags/dag.py","lineno":7,"logger":"py.warnings"}
{"timestamp":"2025-12-29T11:33:50.578307Z","level":"warning","event":"The `airflow.models.param.Param` attribute is deprecated. Please use `'airflow.sdk.Param'`.","category":"DeprecatedImportWarning","filename":"/opt/airflow/dags/dag.py","lineno":14,"logger":"py.warnings"}
{"timestamp":"2025-12-29T11:33:50.578327Z","level":"warning","event":"The `airflow.operators.python.get_current_context` attribute is deprecated. Please use `'airflow.sdk.get_current_context'`.","category":"DeprecatedImportWarning","filename":"/opt/airflow/dags/dag.py","lineno":22,"logger":"py.warnings"}
{"timestamp":"2025-12-29T11:34:21.010576Z","level":"info","event":"Filling up the DagBag from /opt/airflow/dags/dag.py","logger":"airflow.models.dagbag.DagBag","filename":"dagbag.py","lineno":593}
{"timestamp":"2025-12-29T11:34:21.039694Z","level":"warning","event":"The `airflow.decorators.dag` attribute is deprecated. Please use `'airflow.sdk.dag'`.","category":"DeprecatedImportWarning","filename":"/opt/airflow/dags/dag.py","lineno":3,"logger":"py.warnings"}
{"timestamp":"2025-12-29T11:34:21.039752Z","level":"warning","event":"The `airflow.decorators.task` attribute is deprecated. Please use `'airflow.sdk.task'`.","category":"DeprecatedImportWarning","filename":"/opt/airflow/dags/dag.py","lineno":4,"logger":"py.warnings"}
{"timestamp":"2025-12-29T11:34:21.039776Z","level":"warning","event":"The `airflow.operators.empty.EmptyOperator` attribute is deprecated. Please use `'airflow.providers.standard.operators.empty.EmptyOperator'`.","category":"DeprecatedImportWarning","filename":"/opt/airflow/dags/dag.py","lineno":5,"logger":"py.warnings"}
{"timestamp":"2025-12-29T11:34:21.039797Z","level":"warning","event":"The `airflow.operators.python.get_current_context` attribute is deprecated. Please use `'airflow.sdk.get_current_context'`.","category":"DeprecatedImportWarning","filename":"/opt/airflow/dags/dag.py","lineno":7,"logger":"py.warnings"}
{"timestamp":"2025-12-29T11:34:21.039817Z","level":"warning","event":"The `airflow.models.param.Param` attribute is deprecated. Please use `'airflow.sdk.Param'`.","category":"DeprecatedImportWarning","filename":"/opt/airflow/dags/dag.py","lineno":14,"logger":"py.warnings"}
{"timestamp":"2025-12-29T11:34:21.039835Z","level":"warning","event":"The `airflow.operators.python.get_current_context` attribute is deprecated. Please use `'airflow.sdk.get_current_context'`.","category":"DeprecatedImportWarning","filename":"/opt/airflow/dags/dag.py","lineno":22,"logger":"py.warnings"}
{"timestamp":"2025-12-29T11:34:51.517186Z","level":"info","event":"Filling up the DagBag from /opt/airflow/dags/dag.py","logger":"airflow.models.dagbag.DagBag","filename":"dagbag.py","lineno":593}
{"timestamp":"2025-12-29T11:34:51.552221Z","level":"warning","event":"The `airflow.decorators.dag` attribute is deprecated. Please use `'airflow.sdk.dag'`.","category":"DeprecatedImportWarning","filename":"/opt/airflow/dags/dag.py","lineno":3,"logger":"py.warnings"}
{"timestamp":"2025-12-29T11:34:51.552281Z","level":"warning","event":"The `airflow.decorators.task` attribute is deprecated. Please use `'airflow.sdk.task'`.","category":"DeprecatedImportWarning","filename":"/opt/airflow/dags/dag.py","lineno":4,"logger":"py.warnings"}
{"timestamp":"2025-12-29T11:34:51.552307Z","level":"warning","event":"The `airflow.operators.empty.EmptyOperator` attribute is deprecated. Please use `'airflow.providers.standard.operators.empty.EmptyOperator'`.","category":"DeprecatedImportWarning","filename":"/opt/airflow/dags/dag.py","lineno":5,"logger":"py.warnings"}
{"timestamp":"2025-12-29T11:34:51.552328Z","level":"warning","event":"The `airflow.operators.python.get_current_context` attribute is deprecated. Please use `'airflow.sdk.get_current_context'`.","category":"DeprecatedImportWarning","filename":"/opt/airflow/dags/dag.py","lineno":7,"logger":"py.warnings"}
{"timestamp":"2025-12-29T11:34:51.552349Z","level":"warning","event":"The `airflow.models.param.Param` attribute is deprecated. Please use `'airflow.sdk.Param'`.","category":"DeprecatedImportWarning","filename":"/opt/airflow/dags/dag.py","lineno":14,"logger":"py.warnings"}
{"timestamp":"2025-12-29T11:34:51.552369Z","level":"warning","event":"The `airflow.operators.python.get_current_context` attribute is deprecated. Please use `'airflow.sdk.get_current_context'`.","category":"DeprecatedImportWarning","filename":"/opt/airflow/dags/dag.py","lineno":22,"logger":"py.warnings"}
{"timestamp":"2025-12-29T11:35:22.041061Z","level":"info","event":"Filling up the DagBag from /opt/airflow/dags/dag.py","logger":"airflow.models.dagbag.DagBag","filename":"dagbag.py","lineno":593}
{"timestamp":"2025-12-29T11:35:22.070851Z","level":"warning","event":"The `airflow.decorators.dag` attribute is deprecated. Please use `'airflow.sdk.dag'`.","category":"DeprecatedImportWarning","filename":"/opt/airflow/dags/dag.py","lineno":3,"logger":"py.warnings"}
{"timestamp":"2025-12-29T11:35:22.070908Z","level":"warning","event":"The `airflow.decorators.task` attribute is deprecated. Please use `'airflow.sdk.task'`.","category":"DeprecatedImportWarning","filename":"/opt/airflow/dags/dag.py","lineno":4,"logger":"py.warnings"}
{"timestamp":"2025-12-29T11:35:22.070934Z","level":"warning","event":"The `airflow.operators.empty.EmptyOperator` attribute is deprecated. Please use `'airflow.providers.standard.operators.empty.EmptyOperator'`.","category":"DeprecatedImportWarning","filename":"/opt/airflow/dags/dag.py","lineno":5,"logger":"py.warnings"}
{"timestamp":"2025-12-29T11:35:22.070957Z","level":"warning","event":"The `airflow.operators.python.get_current_context` attribute is deprecated. Please use `'airflow.sdk.get_current_context'`.","category":"DeprecatedImportWarning","filename":"/opt/airflow/dags/dag.py","lineno":7,"logger":"py.warnings"}
{"timestamp":"2025-12-29T11:35:22.070978Z","level":"warning","event":"The `airflow.models.param.Param` attribute is deprecated. Please use `'airflow.sdk.Param'`.","category":"DeprecatedImportWarning","filename":"/opt/airflow/dags/dag.py","lineno":14,"logger":"py.warnings"}
{"timestamp":"2025-12-29T11:35:22.070998Z","level":"warning","event":"The `airflow.operators.python.get_current_context` attribute is deprecated. Please use `'airflow.sdk.get_current_context'`.","category":"DeprecatedImportWarning","filename":"/opt/airflow/dags/dag.py","lineno":22,"logger":"py.warnings"}
{"timestamp":"2025-12-29T11:35:52.507388Z","level":"info","event":"Filling up the DagBag from /opt/airflow/dags/dag.py","logger":"airflow.models.dagbag.DagBag","filename":"dagbag.py","lineno":593}
{"timestamp":"2025-12-29T11:35:52.535278Z","level":"warning","event":"The `airflow.decorators.dag` attribute is deprecated. Please use `'airflow.sdk.dag'`.","category":"DeprecatedImportWarning","filename":"/opt/airflow/dags/dag.py","lineno":3,"logger":"py.warnings"}
{"timestamp":"2025-12-29T11:35:52.535335Z","level":"warning","event":"The `airflow.decorators.task` attribute is deprecated. Please use `'airflow.sdk.task'`.","category":"DeprecatedImportWarning","filename":"/opt/airflow/dags/dag.py","lineno":4,"logger":"py.warnings"}
{"timestamp":"2025-12-29T11:35:52.535358Z","level":"warning","event":"The `airflow.operators.empty.EmptyOperator` attribute is deprecated. Please use `'airflow.providers.standard.operators.empty.EmptyOperator'`.","category":"DeprecatedImportWarning","filename":"/opt/airflow/dags/dag.py","lineno":5,"logger":"py.warnings"}
{"timestamp":"2025-12-29T11:35:52.535377Z","level":"warning","event":"The `airflow.operators.python.get_current_context` attribute is deprecated. Please use `'airflow.sdk.get_current_context'`.","category":"DeprecatedImportWarning","filename":"/opt/airflow/dags/dag.py","lineno":7,"logger":"py.warnings"}
{"timestamp":"2025-12-29T11:35:52.535396Z","level":"warning","event":"The `airflow.models.param.Param` attribute is deprecated. Please use `'airflow.sdk.Param'`.","category":"DeprecatedImportWarning","filename":"/opt/airflow/dags/dag.py","lineno":14,"logger":"py.warnings"}
{"timestamp":"2025-12-29T11:35:52.535414Z","level":"warning","event":"The `airflow.operators.python.get_current_context` attribute is deprecated. Please use `'airflow.sdk.get_current_context'`.","category":"DeprecatedImportWarning","filename":"/opt/airflow/dags/dag.py","lineno":22,"logger":"py.warnings"}
{"timestamp":"2025-12-29T11:36:23.060347Z","level":"info","event":"Filling up the DagBag from /opt/airflow/dags/dag.py","logger":"airflow.models.dagbag.DagBag","filename":"dagbag.py","lineno":593}
{"timestamp":"2025-12-29T11:36:23.094655Z","level":"warning","event":"The `airflow.decorators.dag` attribute is deprecated. Please use `'airflow.sdk.dag'`.","category":"DeprecatedImportWarning","filename":"/opt/airflow/dags/dag.py","lineno":3,"logger":"py.warnings"}
{"timestamp":"2025-12-29T11:36:23.094726Z","level":"warning","event":"The `airflow.decorators.task` attribute is deprecated. Please use `'airflow.sdk.task'`.","category":"DeprecatedImportWarning","filename":"/opt/airflow/dags/dag.py","lineno":4,"logger":"py.warnings"}
{"timestamp":"2025-12-29T11:36:23.094753Z","level":"warning","event":"The `airflow.operators.empty.EmptyOperator` attribute is deprecated. Please use `'airflow.providers.standard.operators.empty.EmptyOperator'`.","category":"DeprecatedImportWarning","filename":"/opt/airflow/dags/dag.py","lineno":5,"logger":"py.warnings"}
{"timestamp":"2025-12-29T11:36:23.094775Z","level":"warning","event":"The `airflow.operators.python.get_current_context` attribute is deprecated. Please use `'airflow.sdk.get_current_context'`.","category":"DeprecatedImportWarning","filename":"/opt/airflow/dags/dag.py","lineno":7,"logger":"py.warnings"}
{"timestamp":"2025-12-29T11:36:23.094798Z","level":"warning","event":"The `airflow.models.param.Param` attribute is deprecated. Please use `'airflow.sdk.Param'`.","category":"DeprecatedImportWarning","filename":"/opt/airflow/dags/dag.py","lineno":14,"logger":"py.warnings"}
{"timestamp":"2025-12-29T11:36:23.094818Z","level":"warning","event":"The `airflow.operators.python.get_current_context` attribute is deprecated. Please use `'airflow.sdk.get_current_context'`.","category":"DeprecatedImportWarning","filename":"/opt/airflow/dags/dag.py","lineno":22,"logger":"py.warnings"}
{"timestamp":"2025-12-29T11:36:53.539939Z","level":"info","event":"Filling up the DagBag from /opt/airflow/dags/dag.py","logger":"airflow.models.dagbag.DagBag","filename":"dagbag.py","lineno":593}
{"timestamp":"2025-12-29T11:36:53.575427Z","level":"warning","event":"The `airflow.decorators.dag` attribute is deprecated. Please use `'airflow.sdk.dag'`.","category":"DeprecatedImportWarning","filename":"/opt/airflow/dags/dag.py","lineno":3,"logger":"py.warnings"}
{"timestamp":"2025-12-29T11:36:53.575789Z","level":"warning","event":"The `airflow.decorators.task` attribute is deprecated. Please use `'airflow.sdk.task'`.","category":"DeprecatedImportWarning","filename":"/opt/airflow/dags/dag.py","lineno":4,"logger":"py.warnings"}
{"timestamp":"2025-12-29T11:36:53.575842Z","level":"warning","event":"The `airflow.operators.empty.EmptyOperator` attribute is deprecated. Please use `'airflow.providers.standard.operators.empty.EmptyOperator'`.","category":"DeprecatedImportWarning","filename":"/opt/airflow/dags/dag.py","lineno":5,"logger":"py.warnings"}
{"timestamp":"2025-12-29T11:36:53.575869Z","level":"warning","event":"The `airflow.operators.python.get_current_context` attribute is deprecated. Please use `'airflow.sdk.get_current_context'`.","category":"DeprecatedImportWarning","filename":"/opt/airflow/dags/dag.py","lineno":7,"logger":"py.warnings"}
{"timestamp":"2025-12-29T11:36:53.575891Z","level":"warning","event":"The `airflow.models.param.Param` attribute is deprecated. Please use `'airflow.sdk.Param'`.","category":"DeprecatedImportWarning","filename":"/opt/airflow/dags/dag.py","lineno":14,"logger":"py.warnings"}
{"timestamp":"2025-12-29T11:36:53.575912Z","level":"warning","event":"The `airflow.operators.python.get_current_context` attribute is deprecated. Please use `'airflow.sdk.get_current_context'`.","category":"DeprecatedImportWarning","filename":"/opt/airflow/dags/dag.py","lineno":22,"logger":"py.warnings"}
{"timestamp":"2025-12-29T11:37:24.092447Z","level":"info","event":"Filling up the DagBag from /opt/airflow/dags/dag.py","logger":"airflow.models.dagbag.DagBag","filename":"dagbag.py","lineno":593}
{"timestamp":"2025-12-29T11:37:24.120392Z","level":"warning","event":"The `airflow.decorators.dag` attribute is deprecated. Please use `'airflow.sdk.dag'`.","category":"DeprecatedImportWarning","filename":"/opt/airflow/dags/dag.py","lineno":3,"logger":"py.warnings"}
{"timestamp":"2025-12-29T11:37:24.120549Z","level":"warning","event":"The `airflow.decorators.task` attribute is deprecated. Please use `'airflow.sdk.task'`.","category":"DeprecatedImportWarning","filename":"/opt/airflow/dags/dag.py","lineno":4,"logger":"py.warnings"}
{"timestamp":"2025-12-29T11:37:24.120588Z","level":"warning","event":"The `airflow.operators.empty.EmptyOperator` attribute is deprecated. Please use `'airflow.providers.standard.operators.empty.EmptyOperator'`.","category":"DeprecatedImportWarning","filename":"/opt/airflow/dags/dag.py","lineno":5,"logger":"py.warnings"}
{"timestamp":"2025-12-29T11:37:24.120611Z","level":"warning","event":"The `airflow.operators.python.get_current_context` attribute is deprecated. Please use `'airflow.sdk.get_current_context'`.","category":"DeprecatedImportWarning","filename":"/opt/airflow/dags/dag.py","lineno":7,"logger":"py.warnings"}
{"timestamp":"2025-12-29T11:37:24.120632Z","level":"warning","event":"The `airflow.models.param.Param` attribute is deprecated. Please use `'airflow.sdk.Param'`.","category":"DeprecatedImportWarning","filename":"/opt/airflow/dags/dag.py","lineno":14,"logger":"py.warnings"}
{"timestamp":"2025-12-29T11:37:24.120651Z","level":"warning","event":"The `airflow.operators.python.get_current_context` attribute is deprecated. Please use `'airflow.sdk.get_current_context'`.","category":"DeprecatedImportWarning","filename":"/opt/airflow/dags/dag.py","lineno":22,"logger":"py.warnings"}
{"timestamp":"2025-12-29T11:37:54.530870Z","level":"info","event":"Filling up the DagBag from /opt/airflow/dags/dag.py","logger":"airflow.models.dagbag.DagBag","filename":"dagbag.py","lineno":593}
{"timestamp":"2025-12-29T11:37:54.561662Z","level":"warning","event":"The `airflow.decorators.dag` attribute is deprecated. Please use `'airflow.sdk.dag'`.","category":"DeprecatedImportWarning","filename":"/opt/airflow/dags/dag.py","lineno":3,"logger":"py.warnings"}
{"timestamp":"2025-12-29T11:37:54.561837Z","level":"warning","event":"The `airflow.decorators.task` attribute is deprecated. Please use `'airflow.sdk.task'`.","category":"DeprecatedImportWarning","filename":"/opt/airflow/dags/dag.py","lineno":4,"logger":"py.warnings"}
{"timestamp":"2025-12-29T11:37:54.562159Z","level":"warning","event":"The `airflow.operators.empty.EmptyOperator` attribute is deprecated. Please use `'airflow.providers.standard.operators.empty.EmptyOperator'`.","category":"DeprecatedImportWarning","filename":"/opt/airflow/dags/dag.py","lineno":5,"logger":"py.warnings"}
{"timestamp":"2025-12-29T11:37:54.562188Z","level":"warning","event":"The `airflow.operators.python.get_current_context` attribute is deprecated. Please use `'airflow.sdk.get_current_context'`.","category":"DeprecatedImportWarning","filename":"/opt/airflow/dags/dag.py","lineno":7,"logger":"py.warnings"}
{"timestamp":"2025-12-29T11:37:54.562212Z","level":"warning","event":"The `airflow.models.param.Param` attribute is deprecated. Please use `'airflow.sdk.Param'`.","category":"DeprecatedImportWarning","filename":"/opt/airflow/dags/dag.py","lineno":14,"logger":"py.warnings"}
{"timestamp":"2025-12-29T11:37:54.562233Z","level":"warning","event":"The `airflow.operators.python.get_current_context` attribute is deprecated. Please use `'airflow.sdk.get_current_context'`.","category":"DeprecatedImportWarning","filename":"/opt/airflow/dags/dag.py","lineno":22,"logger":"py.warnings"}
{"timestamp":"2025-12-29T11:38:24.997962Z","level":"info","event":"Filling up the DagBag from /opt/airflow/dags/dag.py","logger":"airflow.models.dagbag.DagBag","filename":"dagbag.py","lineno":593}
{"timestamp":"2025-12-29T11:38:25.031008Z","level":"warning","event":"The `airflow.decorators.dag` attribute is deprecated. Please use `'airflow.sdk.dag'`.","category":"DeprecatedImportWarning","filename":"/opt/airflow/dags/dag.py","lineno":3,"logger":"py.warnings"}
{"timestamp":"2025-12-29T11:38:25.031190Z","level":"warning","event":"The `airflow.decorators.task` attribute is deprecated. Please use `'airflow.sdk.task'`.","category":"DeprecatedImportWarning","filename":"/opt/airflow/dags/dag.py","lineno":4,"logger":"py.warnings"}
{"timestamp":"2025-12-29T11:38:25.031510Z","level":"warning","event":"The `airflow.operators.empty.EmptyOperator` attribute is deprecated. Please use `'airflow.providers.standard.operators.empty.EmptyOperator'`.","category":"DeprecatedImportWarning","filename":"/opt/airflow/dags/dag.py","lineno":5,"logger":"py.warnings"}
{"timestamp":"2025-12-29T11:38:25.031536Z","level":"warning","event":"The `airflow.operators.python.get_current_context` attribute is deprecated. Please use `'airflow.sdk.get_current_context'`.","category":"DeprecatedImportWarning","filename":"/opt/airflow/dags/dag.py","lineno":7,"logger":"py.warnings"}
{"timestamp":"2025-12-29T11:38:25.031687Z","level":"warning","event":"The `airflow.models.param.Param` attribute is deprecated. Please use `'airflow.sdk.Param'`.","category":"DeprecatedImportWarning","filename":"/opt/airflow/dags/dag.py","lineno":14,"logger":"py.warnings"}
{"timestamp":"2025-12-29T11:38:25.031727Z","level":"warning","event":"The `airflow.operators.python.get_current_context` attribute is deprecated. Please use `'airflow.sdk.get_current_context'`.","category":"DeprecatedImportWarning","filename":"/opt/airflow/dags/dag.py","lineno":22,"logger":"py.warnings"}
{"timestamp":"2025-12-29T11:38:55.515313Z","level":"info","event":"Filling up the DagBag from /opt/airflow/dags/dag.py","logger":"airflow.models.dagbag.DagBag","filename":"dagbag.py","lineno":593}
{"timestamp":"2025-12-29T11:38:55.547999Z","level":"warning","event":"The `airflow.decorators.dag` attribute is deprecated. Please use `'airflow.sdk.dag'`.","category":"DeprecatedImportWarning","filename":"/opt/airflow/dags/dag.py","lineno":3,"logger":"py.warnings"}
{"timestamp":"2025-12-29T11:38:55.548190Z","level":"warning","event":"The `airflow.decorators.task` attribute is deprecated. Please use `'airflow.sdk.task'`.","category":"DeprecatedImportWarning","filename":"/opt/airflow/dags/dag.py","lineno":4,"logger":"py.warnings"}
{"timestamp":"2025-12-29T11:38:55.548512Z","level":"warning","event":"The `airflow.operators.empty.EmptyOperator` attribute is deprecated. Please use `'airflow.providers.standard.operators.empty.EmptyOperator'`.","category":"DeprecatedImportWarning","filename":"/opt/airflow/dags/dag.py","lineno":5,"logger":"py.warnings"}
{"timestamp":"2025-12-29T11:38:55.548659Z","level":"warning","event":"The `airflow.operators.python.get_current_context` attribute is deprecated. Please use `'airflow.sdk.get_current_context'`.","category":"DeprecatedImportWarning","filename":"/opt/airflow/dags/dag.py","lineno":7,"logger":"py.warnings"}
{"timestamp":"2025-12-29T11:38:55.548702Z","level":"warning","event":"The `airflow.models.param.Param` attribute is deprecated. Please use `'airflow.sdk.Param'`.","category":"DeprecatedImportWarning","filename":"/opt/airflow/dags/dag.py","lineno":14,"logger":"py.warnings"}
{"timestamp":"2025-12-29T11:38:55.548732Z","level":"warning","event":"The `airflow.operators.python.get_current_context` attribute is deprecated. Please use `'airflow.sdk.get_current_context'`.","category":"DeprecatedImportWarning","filename":"/opt/airflow/dags/dag.py","lineno":22,"logger":"py.warnings"}
{"timestamp":"2025-12-29T11:39:25.993180Z","level":"info","event":"Filling up the DagBag from /opt/airflow/dags/dag.py","logger":"airflow.models.dagbag.DagBag","filename":"dagbag.py","lineno":593}
{"timestamp":"2025-12-29T11:39:26.025708Z","level":"warning","event":"The `airflow.decorators.dag` attribute is deprecated. Please use `'airflow.sdk.dag'`.","category":"DeprecatedImportWarning","filename":"/opt/airflow/dags/dag.py","lineno":3,"logger":"py.warnings"}
{"timestamp":"2025-12-29T11:39:26.025762Z","level":"warning","event":"The `airflow.decorators.task` attribute is deprecated. Please use `'airflow.sdk.task'`.","category":"DeprecatedImportWarning","filename":"/opt/airflow/dags/dag.py","lineno":4,"logger":"py.warnings"}
{"timestamp":"2025-12-29T11:39:26.025787Z","level":"warning","event":"The `airflow.operators.empty.EmptyOperator` attribute is deprecated. Please use `'airflow.providers.standard.operators.empty.EmptyOperator'`.","category":"DeprecatedImportWarning","filename":"/opt/airflow/dags/dag.py","lineno":5,"logger":"py.warnings"}
{"timestamp":"2025-12-29T11:39:26.025823Z","level":"warning","event":"The `airflow.operators.python.get_current_context` attribute is deprecated. Please use `'airflow.sdk.get_current_context'`.","category":"DeprecatedImportWarning","filename":"/opt/airflow/dags/dag.py","lineno":7,"logger":"py.warnings"}
{"timestamp":"2025-12-29T11:39:26.025848Z","level":"warning","event":"The `airflow.models.param.Param` attribute is deprecated. Please use `'airflow.sdk.Param'`.","category":"DeprecatedImportWarning","filename":"/opt/airflow/dags/dag.py","lineno":14,"logger":"py.warnings"}
{"timestamp":"2025-12-29T11:39:26.025869Z","level":"warning","event":"The `airflow.operators.python.get_current_context` attribute is deprecated. Please use `'airflow.sdk.get_current_context'`.","category":"DeprecatedImportWarning","filename":"/opt/airflow/dags/dag.py","lineno":22,"logger":"py.warnings"}
{"timestamp":"2025-12-29T11:39:56.480883Z","level":"info","event":"Filling up the DagBag from /opt/airflow/dags/dag.py","logger":"airflow.models.dagbag.DagBag","filename":"dagbag.py","lineno":593}
{"timestamp":"2025-12-29T11:39:56.511828Z","level":"warning","event":"The `airflow.decorators.dag` attribute is deprecated. Please use `'airflow.sdk.dag'`.","category":"DeprecatedImportWarning","filename":"/opt/airflow/dags/dag.py","lineno":3,"logger":"py.warnings"}
{"timestamp":"2025-12-29T11:39:56.511886Z","level":"warning","event":"The `airflow.decorators.task` attribute is deprecated. Please use `'airflow.sdk.task'`.","category":"DeprecatedImportWarning","filename":"/opt/airflow/dags/dag.py","lineno":4,"logger":"py.warnings"}
{"timestamp":"2025-12-29T11:39:56.511913Z","level":"warning","event":"The `airflow.operators.empty.EmptyOperator` attribute is deprecated. Please use `'airflow.providers.standard.operators.empty.EmptyOperator'`.","category":"DeprecatedImportWarning","filename":"/opt/airflow/dags/dag.py","lineno":5,"logger":"py.warnings"}
{"timestamp":"2025-12-29T11:39:56.511937Z","level":"warning","event":"The `airflow.operators.python.get_current_context` attribute is deprecated. Please use `'airflow.sdk.get_current_context'`.","category":"DeprecatedImportWarning","filename":"/opt/airflow/dags/dag.py","lineno":7,"logger":"py.warnings"}
{"timestamp":"2025-12-29T11:39:56.511960Z","level":"warning","event":"The `airflow.models.param.Param` attribute is deprecated. Please use `'airflow.sdk.Param'`.","category":"DeprecatedImportWarning","filename":"/opt/airflow/dags/dag.py","lineno":14,"logger":"py.warnings"}
{"timestamp":"2025-12-29T11:39:56.511981Z","level":"warning","event":"The `airflow.operators.python.get_current_context` attribute is deprecated. Please use `'airflow.sdk.get_current_context'`.","category":"DeprecatedImportWarning","filename":"/opt/airflow/dags/dag.py","lineno":22,"logger":"py.warnings"}
{"timestamp":"2025-12-29T11:40:26.924479Z","level":"info","event":"Filling up the DagBag from /opt/airflow/dags/dag.py","logger":"airflow.models.dagbag.DagBag","filename":"dagbag.py","lineno":593}
{"timestamp":"2025-12-29T11:40:26.955539Z","level":"warning","event":"The `airflow.decorators.dag` attribute is deprecated. Please use `'airflow.sdk.dag'`.","category":"DeprecatedImportWarning","filename":"/opt/airflow/dags/dag.py","lineno":3,"logger":"py.warnings"}
{"timestamp":"2025-12-29T11:40:26.955597Z","level":"warning","event":"The `airflow.decorators.task` attribute is deprecated. Please use `'airflow.sdk.task'`.","category":"DeprecatedImportWarning","filename":"/opt/airflow/dags/dag.py","lineno":4,"logger":"py.warnings"}
{"timestamp":"2025-12-29T11:40:26.955624Z","level":"warning","event":"The `airflow.operators.empty.EmptyOperator` attribute is deprecated. Please use `'airflow.providers.standard.operators.empty.EmptyOperator'`.","category":"DeprecatedImportWarning","filename":"/opt/airflow/dags/dag.py","lineno":5,"logger":"py.warnings"}
{"timestamp":"2025-12-29T11:40:26.955647Z","level":"warning","event":"The `airflow.operators.python.get_current_context` attribute is deprecated. Please use `'airflow.sdk.get_current_context'`.","category":"DeprecatedImportWarning","filename":"/opt/airflow/dags/dag.py","lineno":7,"logger":"py.warnings"}
{"timestamp":"2025-12-29T11:40:26.955669Z","level":"warning","event":"The `airflow.models.param.Param` attribute is deprecated. Please use `'airflow.sdk.Param'`.","category":"DeprecatedImportWarning","filename":"/opt/airflow/dags/dag.py","lineno":14,"logger":"py.warnings"}
{"timestamp":"2025-12-29T11:40:26.955690Z","level":"warning","event":"The `airflow.operators.python.get_current_context` attribute is deprecated. Please use `'airflow.sdk.get_current_context'`.","category":"DeprecatedImportWarning","filename":"/opt/airflow/dags/dag.py","lineno":22,"logger":"py.warnings"}
{"timestamp":"2025-12-29T11:40:57.378623Z","level":"info","event":"Filling up the DagBag from /opt/airflow/dags/dag.py","logger":"airflow.models.dagbag.DagBag","filename":"dagbag.py","lineno":593}
{"timestamp":"2025-12-29T11:40:57.418952Z","level":"warning","event":"The `airflow.decorators.dag` attribute is deprecated. Please use `'airflow.sdk.dag'`.","category":"DeprecatedImportWarning","filename":"/opt/airflow/dags/dag.py","lineno":3,"logger":"py.warnings"}
{"timestamp":"2025-12-29T11:40:57.419164Z","level":"warning","event":"The `airflow.decorators.task` attribute is deprecated. Please use `'airflow.sdk.task'`.","category":"DeprecatedImportWarning","filename":"/opt/airflow/dags/dag.py","lineno":4,"logger":"py.warnings"}
{"timestamp":"2025-12-29T11:40:57.419550Z","level":"warning","event":"The `airflow.operators.empty.EmptyOperator` attribute is deprecated. Please use `'airflow.providers.standard.operators.empty.EmptyOperator'`.","category":"DeprecatedImportWarning","filename":"/opt/airflow/dags/dag.py","lineno":5,"logger":"py.warnings"}
{"timestamp":"2025-12-29T11:40:57.419716Z","level":"warning","event":"The `airflow.operators.python.get_current_context` attribute is deprecated. Please use `'airflow.sdk.get_current_context'`.","category":"DeprecatedImportWarning","filename":"/opt/airflow/dags/dag.py","lineno":7,"logger":"py.warnings"}
{"timestamp":"2025-12-29T11:40:57.419777Z","level":"warning","event":"The `airflow.models.param.Param` attribute is deprecated. Please use `'airflow.sdk.Param'`.","category":"DeprecatedImportWarning","filename":"/opt/airflow/dags/dag.py","lineno":14,"logger":"py.warnings"}
{"timestamp":"2025-12-29T11:40:57.419799Z","level":"warning","event":"The `airflow.operators.python.get_current_context` attribute is deprecated. Please use `'airflow.sdk.get_current_context'`.","category":"DeprecatedImportWarning","filename":"/opt/airflow/dags/dag.py","lineno":22,"logger":"py.warnings"}
{"timestamp":"2025-12-29T11:41:27.816891Z","level":"info","event":"Filling up the DagBag from /opt/airflow/dags/dag.py","logger":"airflow.models.dagbag.DagBag","filename":"dagbag.py","lineno":593}
{"timestamp":"2025-12-29T11:41:27.849099Z","level":"warning","event":"The `airflow.decorators.dag` attribute is deprecated. Please use `'airflow.sdk.dag'`.","category":"DeprecatedImportWarning","filename":"/opt/airflow/dags/dag.py","lineno":3,"logger":"py.warnings"}
{"timestamp":"2025-12-29T11:41:27.849308Z","level":"warning","event":"The `airflow.decorators.task` attribute is deprecated. Please use `'airflow.sdk.task'`.","category":"DeprecatedImportWarning","filename":"/opt/airflow/dags/dag.py","lineno":4,"logger":"py.warnings"}
{"timestamp":"2025-12-29T11:41:27.849350Z","level":"warning","event":"The `airflow.operators.empty.EmptyOperator` attribute is deprecated. Please use `'airflow.providers.standard.operators.empty.EmptyOperator'`.","category":"DeprecatedImportWarning","filename":"/opt/airflow/dags/dag.py","lineno":5,"logger":"py.warnings"}
{"timestamp":"2025-12-29T11:41:27.849380Z","level":"warning","event":"The `airflow.operators.python.get_current_context` attribute is deprecated. Please use `'airflow.sdk.get_current_context'`.","category":"DeprecatedImportWarning","filename":"/opt/airflow/dags/dag.py","lineno":7,"logger":"py.warnings"}
{"timestamp":"2025-12-29T11:41:27.849402Z","level":"warning","event":"The `airflow.models.param.Param` attribute is deprecated. Please use `'airflow.sdk.Param'`.","category":"DeprecatedImportWarning","filename":"/opt/airflow/dags/dag.py","lineno":14,"logger":"py.warnings"}
{"timestamp":"2025-12-29T11:41:27.849420Z","level":"warning","event":"The `airflow.operators.python.get_current_context` attribute is deprecated. Please use `'airflow.sdk.get_current_context'`.","category":"DeprecatedImportWarning","filename":"/opt/airflow/dags/dag.py","lineno":22,"logger":"py.warnings"}
{"timestamp":"2025-12-29T11:41:58.371164Z","level":"info","event":"Filling up the DagBag from /opt/airflow/dags/dag.py","logger":"airflow.models.dagbag.DagBag","filename":"dagbag.py","lineno":593}
{"timestamp":"2025-12-29T11:41:58.400676Z","level":"warning","event":"The `airflow.decorators.dag` attribute is deprecated. Please use `'airflow.sdk.dag'`.","category":"DeprecatedImportWarning","filename":"/opt/airflow/dags/dag.py","lineno":3,"logger":"py.warnings"}
{"timestamp":"2025-12-29T11:41:58.400736Z","level":"warning","event":"The `airflow.decorators.task` attribute is deprecated. Please use `'airflow.sdk.task'`.","category":"DeprecatedImportWarning","filename":"/opt/airflow/dags/dag.py","lineno":4,"logger":"py.warnings"}
{"timestamp":"2025-12-29T11:41:58.400765Z","level":"warning","event":"The `airflow.operators.empty.EmptyOperator` attribute is deprecated. Please use `'airflow.providers.standard.operators.empty.EmptyOperator'`.","category":"DeprecatedImportWarning","filename":"/opt/airflow/dags/dag.py","lineno":5,"logger":"py.warnings"}
{"timestamp":"2025-12-29T11:41:58.400788Z","level":"warning","event":"The `airflow.operators.python.get_current_context` attribute is deprecated. Please use `'airflow.sdk.get_current_context'`.","category":"DeprecatedImportWarning","filename":"/opt/airflow/dags/dag.py","lineno":7,"logger":"py.warnings"}
{"timestamp":"2025-12-29T11:41:58.400810Z","level":"warning","event":"The `airflow.models.param.Param` attribute is deprecated. Please use `'airflow.sdk.Param'`.","category":"DeprecatedImportWarning","filename":"/opt/airflow/dags/dag.py","lineno":14,"logger":"py.warnings"}
{"timestamp":"2025-12-29T11:41:58.400830Z","level":"warning","event":"The `airflow.operators.python.get_current_context` attribute is deprecated. Please use `'airflow.sdk.get_current_context'`.","category":"DeprecatedImportWarning","filename":"/opt/airflow/dags/dag.py","lineno":22,"logger":"py.warnings"}
{"timestamp":"2025-12-29T11:42:28.868905Z","level":"info","event":"Filling up the DagBag from /opt/airflow/dags/dag.py","logger":"airflow.models.dagbag.DagBag","filename":"dagbag.py","lineno":593}
{"timestamp":"2025-12-29T11:42:28.898792Z","level":"warning","event":"The `airflow.decorators.dag` attribute is deprecated. Please use `'airflow.sdk.dag'`.","category":"DeprecatedImportWarning","filename":"/opt/airflow/dags/dag.py","lineno":3,"logger":"py.warnings"}
{"timestamp":"2025-12-29T11:42:28.898846Z","level":"warning","event":"The `airflow.decorators.task` attribute is deprecated. Please use `'airflow.sdk.task'`.","category":"DeprecatedImportWarning","filename":"/opt/airflow/dags/dag.py","lineno":4,"logger":"py.warnings"}
{"timestamp":"2025-12-29T11:42:28.898873Z","level":"warning","event":"The `airflow.operators.empty.EmptyOperator` attribute is deprecated. Please use `'airflow.providers.standard.operators.empty.EmptyOperator'`.","category":"DeprecatedImportWarning","filename":"/opt/airflow/dags/dag.py","lineno":5,"logger":"py.warnings"}
{"timestamp":"2025-12-29T11:42:28.898897Z","level":"warning","event":"The `airflow.operators.python.get_current_context` attribute is deprecated. Please use `'airflow.sdk.get_current_context'`.","category":"DeprecatedImportWarning","filename":"/opt/airflow/dags/dag.py","lineno":7,"logger":"py.warnings"}
{"timestamp":"2025-12-29T11:42:28.898919Z","level":"warning","event":"The `airflow.models.param.Param` attribute is deprecated. Please use `'airflow.sdk.Param'`.","category":"DeprecatedImportWarning","filename":"/opt/airflow/dags/dag.py","lineno":14,"logger":"py.warnings"}
{"timestamp":"2025-12-29T11:42:28.898940Z","level":"warning","event":"The `airflow.operators.python.get_current_context` attribute is deprecated. Please use `'airflow.sdk.get_current_context'`.","category":"DeprecatedImportWarning","filename":"/opt/airflow/dags/dag.py","lineno":22,"logger":"py.warnings"}
{"timestamp":"2025-12-29T11:42:59.297931Z","level":"info","event":"Filling up the DagBag from /opt/airflow/dags/dag.py","logger":"airflow.models.dagbag.DagBag","filename":"dagbag.py","lineno":593}
{"timestamp":"2025-12-29T11:42:59.332821Z","level":"warning","event":"The `airflow.decorators.dag` attribute is deprecated. Please use `'airflow.sdk.dag'`.","category":"DeprecatedImportWarning","filename":"/opt/airflow/dags/dag.py","lineno":3,"logger":"py.warnings"}
{"timestamp":"2025-12-29T11:42:59.332877Z","level":"warning","event":"The `airflow.decorators.task` attribute is deprecated. Please use `'airflow.sdk.task'`.","category":"DeprecatedImportWarning","filename":"/opt/airflow/dags/dag.py","lineno":4,"logger":"py.warnings"}
{"timestamp":"2025-12-29T11:42:59.332903Z","level":"warning","event":"The `airflow.operators.empty.EmptyOperator` attribute is deprecated. Please use `'airflow.providers.standard.operators.empty.EmptyOperator'`.","category":"DeprecatedImportWarning","filename":"/opt/airflow/dags/dag.py","lineno":5,"logger":"py.warnings"}
{"timestamp":"2025-12-29T11:42:59.332926Z","level":"warning","event":"The `airflow.operators.python.get_current_context` attribute is deprecated. Please use `'airflow.sdk.get_current_context'`.","category":"DeprecatedImportWarning","filename":"/opt/airflow/dags/dag.py","lineno":7,"logger":"py.warnings"}
{"timestamp":"2025-12-29T11:42:59.332947Z","level":"warning","event":"The `airflow.models.param.Param` attribute is deprecated. Please use `'airflow.sdk.Param'`.","category":"DeprecatedImportWarning","filename":"/opt/airflow/dags/dag.py","lineno":14,"logger":"py.warnings"}
{"timestamp":"2025-12-29T11:42:59.332968Z","level":"warning","event":"The `airflow.operators.python.get_current_context` attribute is deprecated. Please use `'airflow.sdk.get_current_context'`.","category":"DeprecatedImportWarning","filename":"/opt/airflow/dags/dag.py","lineno":22,"logger":"py.warnings"}
{"timestamp":"2025-12-29T11:43:29.726181Z","level":"info","event":"Filling up the DagBag from /opt/airflow/dags/dag.py","logger":"airflow.models.dagbag.DagBag","filename":"dagbag.py","lineno":593}
{"timestamp":"2025-12-29T11:43:29.753971Z","level":"warning","event":"The `airflow.decorators.dag` attribute is deprecated. Please use `'airflow.sdk.dag'`.","category":"DeprecatedImportWarning","filename":"/opt/airflow/dags/dag.py","lineno":3,"logger":"py.warnings"}
{"timestamp":"2025-12-29T11:43:29.754024Z","level":"warning","event":"The `airflow.decorators.task` attribute is deprecated. Please use `'airflow.sdk.task'`.","category":"DeprecatedImportWarning","filename":"/opt/airflow/dags/dag.py","lineno":4,"logger":"py.warnings"}
{"timestamp":"2025-12-29T11:43:29.754067Z","level":"warning","event":"The `airflow.operators.empty.EmptyOperator` attribute is deprecated. Please use `'airflow.providers.standard.operators.empty.EmptyOperator'`.","category":"DeprecatedImportWarning","filename":"/opt/airflow/dags/dag.py","lineno":5,"logger":"py.warnings"}
{"timestamp":"2025-12-29T11:43:29.754090Z","level":"warning","event":"The `airflow.operators.python.get_current_context` attribute is deprecated. Please use `'airflow.sdk.get_current_context'`.","category":"DeprecatedImportWarning","filename":"/opt/airflow/dags/dag.py","lineno":7,"logger":"py.warnings"}
{"timestamp":"2025-12-29T11:43:29.754112Z","level":"warning","event":"The `airflow.models.param.Param` attribute is deprecated. Please use `'airflow.sdk.Param'`.","category":"DeprecatedImportWarning","filename":"/opt/airflow/dags/dag.py","lineno":14,"logger":"py.warnings"}
{"timestamp":"2025-12-29T11:43:29.754133Z","level":"warning","event":"The `airflow.operators.python.get_current_context` attribute is deprecated. Please use `'airflow.sdk.get_current_context'`.","category":"DeprecatedImportWarning","filename":"/opt/airflow/dags/dag.py","lineno":22,"logger":"py.warnings"}
{"timestamp":"2025-12-29T11:44:00.230129Z","level":"info","event":"Filling up the DagBag from /opt/airflow/dags/dag.py","logger":"airflow.models.dagbag.DagBag","filename":"dagbag.py","lineno":593}
{"timestamp":"2025-12-29T11:44:00.260905Z","level":"warning","event":"The `airflow.decorators.dag` attribute is deprecated. Please use `'airflow.sdk.dag'`.","category":"DeprecatedImportWarning","filename":"/opt/airflow/dags/dag.py","lineno":3,"logger":"py.warnings"}
{"timestamp":"2025-12-29T11:44:00.260958Z","level":"warning","event":"The `airflow.decorators.task` attribute is deprecated. Please use `'airflow.sdk.task'`.","category":"DeprecatedImportWarning","filename":"/opt/airflow/dags/dag.py","lineno":4,"logger":"py.warnings"}
{"timestamp":"2025-12-29T11:44:00.260984Z","level":"warning","event":"The `airflow.operators.empty.EmptyOperator` attribute is deprecated. Please use `'airflow.providers.standard.operators.empty.EmptyOperator'`.","category":"DeprecatedImportWarning","filename":"/opt/airflow/dags/dag.py","lineno":5,"logger":"py.warnings"}
{"timestamp":"2025-12-29T11:44:00.261006Z","level":"warning","event":"The `airflow.operators.python.get_current_context` attribute is deprecated. Please use `'airflow.sdk.get_current_context'`.","category":"DeprecatedImportWarning","filename":"/opt/airflow/dags/dag.py","lineno":7,"logger":"py.warnings"}
{"timestamp":"2025-12-29T11:44:00.261027Z","level":"warning","event":"The `airflow.models.param.Param` attribute is deprecated. Please use `'airflow.sdk.Param'`.","category":"DeprecatedImportWarning","filename":"/opt/airflow/dags/dag.py","lineno":14,"logger":"py.warnings"}
{"timestamp":"2025-12-29T11:44:00.261047Z","level":"warning","event":"The `airflow.operators.python.get_current_context` attribute is deprecated. Please use `'airflow.sdk.get_current_context'`.","category":"DeprecatedImportWarning","filename":"/opt/airflow/dags/dag.py","lineno":22,"logger":"py.warnings"}
{"timestamp":"2025-12-29T11:44:30.755311Z","level":"info","event":"Filling up the DagBag from /opt/airflow/dags/dag.py","logger":"airflow.models.dagbag.DagBag","filename":"dagbag.py","lineno":593}
{"timestamp":"2025-12-29T11:44:30.784490Z","level":"warning","event":"The `airflow.decorators.dag` attribute is deprecated. Please use `'airflow.sdk.dag'`.","category":"DeprecatedImportWarning","filename":"/opt/airflow/dags/dag.py","lineno":3,"logger":"py.warnings"}
{"timestamp":"2025-12-29T11:44:30.784681Z","level":"warning","event":"The `airflow.decorators.task` attribute is deprecated. Please use `'airflow.sdk.task'`.","category":"DeprecatedImportWarning","filename":"/opt/airflow/dags/dag.py","lineno":4,"logger":"py.warnings"}
{"timestamp":"2025-12-29T11:44:30.785019Z","level":"warning","event":"The `airflow.operators.empty.EmptyOperator` attribute is deprecated. Please use `'airflow.providers.standard.operators.empty.EmptyOperator'`.","category":"DeprecatedImportWarning","filename":"/opt/airflow/dags/dag.py","lineno":5,"logger":"py.warnings"}
{"timestamp":"2025-12-29T11:44:30.785045Z","level":"warning","event":"The `airflow.operators.python.get_current_context` attribute is deprecated. Please use `'airflow.sdk.get_current_context'`.","category":"DeprecatedImportWarning","filename":"/opt/airflow/dags/dag.py","lineno":7,"logger":"py.warnings"}
{"timestamp":"2025-12-29T11:44:30.785066Z","level":"warning","event":"The `airflow.models.param.Param` attribute is deprecated. Please use `'airflow.sdk.Param'`.","category":"DeprecatedImportWarning","filename":"/opt/airflow/dags/dag.py","lineno":14,"logger":"py.warnings"}
{"timestamp":"2025-12-29T11:44:30.785086Z","level":"warning","event":"The `airflow.operators.python.get_current_context` attribute is deprecated. Please use `'airflow.sdk.get_current_context'`.","category":"DeprecatedImportWarning","filename":"/opt/airflow/dags/dag.py","lineno":22,"logger":"py.warnings"}
{"timestamp":"2025-12-29T11:45:01.356088Z","level":"info","event":"Filling up the DagBag from /opt/airflow/dags/dag.py","logger":"airflow.models.dagbag.DagBag","filename":"dagbag.py","lineno":593}
{"timestamp":"2025-12-29T11:45:01.424719Z","level":"warning","event":"The `airflow.decorators.dag` attribute is deprecated. Please use `'airflow.sdk.dag'`.","category":"DeprecatedImportWarning","filename":"/opt/airflow/dags/dag.py","lineno":3,"logger":"py.warnings"}
{"timestamp":"2025-12-29T11:45:01.424805Z","level":"warning","event":"The `airflow.decorators.task` attribute is deprecated. Please use `'airflow.sdk.task'`.","category":"DeprecatedImportWarning","filename":"/opt/airflow/dags/dag.py","lineno":4,"logger":"py.warnings"}
{"timestamp":"2025-12-29T11:45:01.424832Z","level":"warning","event":"The `airflow.operators.empty.EmptyOperator` attribute is deprecated. Please use `'airflow.providers.standard.operators.empty.EmptyOperator'`.","category":"DeprecatedImportWarning","filename":"/opt/airflow/dags/dag.py","lineno":5,"logger":"py.warnings"}
{"timestamp":"2025-12-29T11:45:01.424853Z","level":"warning","event":"The `airflow.operators.python.get_current_context` attribute is deprecated. Please use `'airflow.sdk.get_current_context'`.","category":"DeprecatedImportWarning","filename":"/opt/airflow/dags/dag.py","lineno":7,"logger":"py.warnings"}
{"timestamp":"2025-12-29T11:45:01.424873Z","level":"warning","event":"The `airflow.models.param.Param` attribute is deprecated. Please use `'airflow.sdk.Param'`.","category":"DeprecatedImportWarning","filename":"/opt/airflow/dags/dag.py","lineno":14,"logger":"py.warnings"}
{"timestamp":"2025-12-29T11:45:01.424892Z","level":"warning","event":"The `airflow.operators.python.get_current_context` attribute is deprecated. Please use `'airflow.sdk.get_current_context'`.","category":"DeprecatedImportWarning","filename":"/opt/airflow/dags/dag.py","lineno":22,"logger":"py.warnings"}
{"timestamp":"2025-12-29T11:45:32.019917Z","level":"info","event":"Filling up the DagBag from /opt/airflow/dags/dag.py","logger":"airflow.models.dagbag.DagBag","filename":"dagbag.py","lineno":593}
{"timestamp":"2025-12-29T11:45:32.052572Z","level":"warning","event":"The `airflow.decorators.dag` attribute is deprecated. Please use `'airflow.sdk.dag'`.","category":"DeprecatedImportWarning","filename":"/opt/airflow/dags/dag.py","lineno":3,"logger":"py.warnings"}
{"timestamp":"2025-12-29T11:45:32.052635Z","level":"warning","event":"The `airflow.decorators.task` attribute is deprecated. Please use `'airflow.sdk.task'`.","category":"DeprecatedImportWarning","filename":"/opt/airflow/dags/dag.py","lineno":4,"logger":"py.warnings"}
{"timestamp":"2025-12-29T11:45:32.052660Z","level":"warning","event":"The `airflow.operators.empty.EmptyOperator` attribute is deprecated. Please use `'airflow.providers.standard.operators.empty.EmptyOperator'`.","category":"DeprecatedImportWarning","filename":"/opt/airflow/dags/dag.py","lineno":5,"logger":"py.warnings"}
{"timestamp":"2025-12-29T11:45:32.052682Z","level":"warning","event":"The `airflow.operators.python.get_current_context` attribute is deprecated. Please use `'airflow.sdk.get_current_context'`.","category":"DeprecatedImportWarning","filename":"/opt/airflow/dags/dag.py","lineno":7,"logger":"py.warnings"}
{"timestamp":"2025-12-29T11:45:32.052728Z","level":"warning","event":"The `airflow.models.param.Param` attribute is deprecated. Please use `'airflow.sdk.Param'`.","category":"DeprecatedImportWarning","filename":"/opt/airflow/dags/dag.py","lineno":14,"logger":"py.warnings"}
{"timestamp":"2025-12-29T11:45:32.052748Z","level":"warning","event":"The `airflow.operators.python.get_current_context` attribute is deprecated. Please use `'airflow.sdk.get_current_context'`.","category":"DeprecatedImportWarning","filename":"/opt/airflow/dags/dag.py","lineno":22,"logger":"py.warnings"}
{"timestamp":"2025-12-29T11:46:02.535050Z","level":"info","event":"Filling up the DagBag from /opt/airflow/dags/dag.py","logger":"airflow.models.dagbag.DagBag","filename":"dagbag.py","lineno":593}
{"timestamp":"2025-12-29T11:46:02.569638Z","level":"warning","event":"The `airflow.decorators.dag` attribute is deprecated. Please use `'airflow.sdk.dag'`.","category":"DeprecatedImportWarning","filename":"/opt/airflow/dags/dag.py","lineno":3,"logger":"py.warnings"}
{"timestamp":"2025-12-29T11:46:02.569858Z","level":"warning","event":"The `airflow.decorators.task` attribute is deprecated. Please use `'airflow.sdk.task'`.","category":"DeprecatedImportWarning","filename":"/opt/airflow/dags/dag.py","lineno":4,"logger":"py.warnings"}
{"timestamp":"2025-12-29T11:46:02.570255Z","level":"warning","event":"The `airflow.operators.empty.EmptyOperator` attribute is deprecated. Please use `'airflow.providers.standard.operators.empty.EmptyOperator'`.","category":"DeprecatedImportWarning","filename":"/opt/airflow/dags/dag.py","lineno":5,"logger":"py.warnings"}
{"timestamp":"2025-12-29T11:46:02.570285Z","level":"warning","event":"The `airflow.operators.python.get_current_context` attribute is deprecated. Please use `'airflow.sdk.get_current_context'`.","category":"DeprecatedImportWarning","filename":"/opt/airflow/dags/dag.py","lineno":7,"logger":"py.warnings"}
{"timestamp":"2025-12-29T11:46:02.570486Z","level":"warning","event":"The `airflow.models.param.Param` attribute is deprecated. Please use `'airflow.sdk.Param'`.","category":"DeprecatedImportWarning","filename":"/opt/airflow/dags/dag.py","lineno":14,"logger":"py.warnings"}
{"timestamp":"2025-12-29T11:46:02.570516Z","level":"warning","event":"The `airflow.operators.python.get_current_context` attribute is deprecated. Please use `'airflow.sdk.get_current_context'`.","category":"DeprecatedImportWarning","filename":"/opt/airflow/dags/dag.py","lineno":22,"logger":"py.warnings"}
{"timestamp":"2025-12-29T11:46:33.092757Z","level":"info","event":"Filling up the DagBag from /opt/airflow/dags/dag.py","logger":"airflow.models.dagbag.DagBag","filename":"dagbag.py","lineno":593}
{"timestamp":"2025-12-29T11:46:33.121939Z","level":"warning","event":"The `airflow.decorators.dag` attribute is deprecated. Please use `'airflow.sdk.dag'`.","category":"DeprecatedImportWarning","filename":"/opt/airflow/dags/dag.py","lineno":3,"logger":"py.warnings"}
{"timestamp":"2025-12-29T11:46:33.121994Z","level":"warning","event":"The `airflow.decorators.task` attribute is deprecated. Please use `'airflow.sdk.task'`.","category":"DeprecatedImportWarning","filename":"/opt/airflow/dags/dag.py","lineno":4,"logger":"py.warnings"}
{"timestamp":"2025-12-29T11:46:33.122020Z","level":"warning","event":"The `airflow.operators.empty.EmptyOperator` attribute is deprecated. Please use `'airflow.providers.standard.operators.empty.EmptyOperator'`.","category":"DeprecatedImportWarning","filename":"/opt/airflow/dags/dag.py","lineno":5,"logger":"py.warnings"}
{"timestamp":"2025-12-29T11:46:33.122042Z","level":"warning","event":"The `airflow.operators.python.get_current_context` attribute is deprecated. Please use `'airflow.sdk.get_current_context'`.","category":"DeprecatedImportWarning","filename":"/opt/airflow/dags/dag.py","lineno":7,"logger":"py.warnings"}
{"timestamp":"2025-12-29T11:46:33.122063Z","level":"warning","event":"The `airflow.models.param.Param` attribute is deprecated. Please use `'airflow.sdk.Param'`.","category":"DeprecatedImportWarning","filename":"/opt/airflow/dags/dag.py","lineno":14,"logger":"py.warnings"}
{"timestamp":"2025-12-29T11:46:33.122081Z","level":"warning","event":"The `airflow.operators.python.get_current_context` attribute is deprecated. Please use `'airflow.sdk.get_current_context'`.","category":"DeprecatedImportWarning","filename":"/opt/airflow/dags/dag.py","lineno":22,"logger":"py.warnings"}
{"timestamp":"2025-12-29T11:47:03.543695Z","level":"info","event":"Filling up the DagBag from /opt/airflow/dags/dag.py","logger":"airflow.models.dagbag.DagBag","filename":"dagbag.py","lineno":593}
{"timestamp":"2025-12-29T11:47:03.576784Z","level":"warning","event":"The `airflow.decorators.dag` attribute is deprecated. Please use `'airflow.sdk.dag'`.","category":"DeprecatedImportWarning","filename":"/opt/airflow/dags/dag.py","lineno":3,"logger":"py.warnings"}
{"timestamp":"2025-12-29T11:47:03.577002Z","level":"warning","event":"The `airflow.decorators.task` attribute is deprecated. Please use `'airflow.sdk.task'`.","category":"DeprecatedImportWarning","filename":"/opt/airflow/dags/dag.py","lineno":4,"logger":"py.warnings"}
{"timestamp":"2025-12-29T11:47:03.577055Z","level":"warning","event":"The `airflow.operators.empty.EmptyOperator` attribute is deprecated. Please use `'airflow.providers.standard.operators.empty.EmptyOperator'`.","category":"DeprecatedImportWarning","filename":"/opt/airflow/dags/dag.py","lineno":5,"logger":"py.warnings"}
{"timestamp":"2025-12-29T11:47:03.577080Z","level":"warning","event":"The `airflow.operators.python.get_current_context` attribute is deprecated. Please use `'airflow.sdk.get_current_context'`.","category":"DeprecatedImportWarning","filename":"/opt/airflow/dags/dag.py","lineno":7,"logger":"py.warnings"}
{"timestamp":"2025-12-29T11:47:03.577103Z","level":"warning","event":"The `airflow.models.param.Param` attribute is deprecated. Please use `'airflow.sdk.Param'`.","category":"DeprecatedImportWarning","filename":"/opt/airflow/dags/dag.py","lineno":14,"logger":"py.warnings"}
{"timestamp":"2025-12-29T11:47:03.577123Z","level":"warning","event":"The `airflow.operators.python.get_current_context` attribute is deprecated. Please use `'airflow.sdk.get_current_context'`.","category":"DeprecatedImportWarning","filename":"/opt/airflow/dags/dag.py","lineno":22,"logger":"py.warnings"}
{"timestamp":"2025-12-29T11:47:34.009392Z","level":"info","event":"Filling up the DagBag from /opt/airflow/dags/dag.py","logger":"airflow.models.dagbag.DagBag","filename":"dagbag.py","lineno":593}
{"timestamp":"2025-12-29T11:47:34.042805Z","level":"warning","event":"The `airflow.decorators.dag` attribute is deprecated. Please use `'airflow.sdk.dag'`.","category":"DeprecatedImportWarning","filename":"/opt/airflow/dags/dag.py","lineno":3,"logger":"py.warnings"}
{"timestamp":"2025-12-29T11:47:34.042859Z","level":"warning","event":"The `airflow.decorators.task` attribute is deprecated. Please use `'airflow.sdk.task'`.","category":"DeprecatedImportWarning","filename":"/opt/airflow/dags/dag.py","lineno":4,"logger":"py.warnings"}
{"timestamp":"2025-12-29T11:47:34.042883Z","level":"warning","event":"The `airflow.operators.empty.EmptyOperator` attribute is deprecated. Please use `'airflow.providers.standard.operators.empty.EmptyOperator'`.","category":"DeprecatedImportWarning","filename":"/opt/airflow/dags/dag.py","lineno":5,"logger":"py.warnings"}
{"timestamp":"2025-12-29T11:47:34.042905Z","level":"warning","event":"The `airflow.operators.python.get_current_context` attribute is deprecated. Please use `'airflow.sdk.get_current_context'`.","category":"DeprecatedImportWarning","filename":"/opt/airflow/dags/dag.py","lineno":7,"logger":"py.warnings"}
{"timestamp":"2025-12-29T11:47:34.042926Z","level":"warning","event":"The `airflow.models.param.Param` attribute is deprecated. Please use `'airflow.sdk.Param'`.","category":"DeprecatedImportWarning","filename":"/opt/airflow/dags/dag.py","lineno":14,"logger":"py.warnings"}
{"timestamp":"2025-12-29T11:47:34.042945Z","level":"warning","event":"The `airflow.operators.python.get_current_context` attribute is deprecated. Please use `'airflow.sdk.get_current_context'`.","category":"DeprecatedImportWarning","filename":"/opt/airflow/dags/dag.py","lineno":22,"logger":"py.warnings"}
{"timestamp":"2025-12-29T11:48:04.538851Z","level":"info","event":"Filling up the DagBag from /opt/airflow/dags/dag.py","logger":"airflow.models.dagbag.DagBag","filename":"dagbag.py","lineno":593}
{"timestamp":"2025-12-29T11:48:04.564848Z","level":"warning","event":"The `airflow.decorators.dag` attribute is deprecated. Please use `'airflow.sdk.dag'`.","category":"DeprecatedImportWarning","filename":"/opt/airflow/dags/dag.py","lineno":3,"logger":"py.warnings"}
{"timestamp":"2025-12-29T11:48:04.564902Z","level":"warning","event":"The `airflow.decorators.task` attribute is deprecated. Please use `'airflow.sdk.task'`.","category":"DeprecatedImportWarning","filename":"/opt/airflow/dags/dag.py","lineno":4,"logger":"py.warnings"}
{"timestamp":"2025-12-29T11:48:04.564926Z","level":"warning","event":"The `airflow.operators.empty.EmptyOperator` attribute is deprecated. Please use `'airflow.providers.standard.operators.empty.EmptyOperator'`.","category":"DeprecatedImportWarning","filename":"/opt/airflow/dags/dag.py","lineno":5,"logger":"py.warnings"}
{"timestamp":"2025-12-29T11:48:04.564947Z","level":"warning","event":"The `airflow.operators.python.get_current_context` attribute is deprecated. Please use `'airflow.sdk.get_current_context'`.","category":"DeprecatedImportWarning","filename":"/opt/airflow/dags/dag.py","lineno":7,"logger":"py.warnings"}
{"timestamp":"2025-12-29T11:48:04.564968Z","level":"warning","event":"The `airflow.models.param.Param` attribute is deprecated. Please use `'airflow.sdk.Param'`.","category":"DeprecatedImportWarning","filename":"/opt/airflow/dags/dag.py","lineno":14,"logger":"py.warnings"}
{"timestamp":"2025-12-29T11:48:04.564986Z","level":"warning","event":"The `airflow.operators.python.get_current_context` attribute is deprecated. Please use `'airflow.sdk.get_current_context'`.","category":"DeprecatedImportWarning","filename":"/opt/airflow/dags/dag.py","lineno":22,"logger":"py.warnings"}
{"timestamp":"2025-12-29T11:48:34.939544Z","level":"info","event":"Filling up the DagBag from /opt/airflow/dags/dag.py","logger":"airflow.models.dagbag.DagBag","filename":"dagbag.py","lineno":593}
{"timestamp":"2025-12-29T11:48:34.963674Z","level":"warning","event":"The `airflow.decorators.dag` attribute is deprecated. Please use `'airflow.sdk.dag'`.","category":"DeprecatedImportWarning","filename":"/opt/airflow/dags/dag.py","lineno":3,"logger":"py.warnings"}
{"timestamp":"2025-12-29T11:48:34.963859Z","level":"warning","event":"The `airflow.decorators.task` attribute is deprecated. Please use `'airflow.sdk.task'`.","category":"DeprecatedImportWarning","filename":"/opt/airflow/dags/dag.py","lineno":4,"logger":"py.warnings"}
{"timestamp":"2025-12-29T11:48:34.964169Z","level":"warning","event":"The `airflow.operators.empty.EmptyOperator` attribute is deprecated. Please use `'airflow.providers.standard.operators.empty.EmptyOperator'`.","category":"DeprecatedImportWarning","filename":"/opt/airflow/dags/dag.py","lineno":5,"logger":"py.warnings"}
{"timestamp":"2025-12-29T11:48:34.964199Z","level":"warning","event":"The `airflow.operators.python.get_current_context` attribute is deprecated. Please use `'airflow.sdk.get_current_context'`.","category":"DeprecatedImportWarning","filename":"/opt/airflow/dags/dag.py","lineno":7,"logger":"py.warnings"}
{"timestamp":"2025-12-29T11:48:34.964365Z","level":"warning","event":"The `airflow.models.param.Param` attribute is deprecated. Please use `'airflow.sdk.Param'`.","category":"DeprecatedImportWarning","filename":"/opt/airflow/dags/dag.py","lineno":14,"logger":"py.warnings"}
{"timestamp":"2025-12-29T11:48:34.964395Z","level":"warning","event":"The `airflow.operators.python.get_current_context` attribute is deprecated. Please use `'airflow.sdk.get_current_context'`.","category":"DeprecatedImportWarning","filename":"/opt/airflow/dags/dag.py","lineno":22,"logger":"py.warnings"}
{"timestamp":"2025-12-29T11:49:05.458458Z","level":"info","event":"Filling up the DagBag from /opt/airflow/dags/dag.py","logger":"airflow.models.dagbag.DagBag","filename":"dagbag.py","lineno":593}
{"timestamp":"2025-12-29T11:49:05.488432Z","level":"warning","event":"The `airflow.decorators.dag` attribute is deprecated. Please use `'airflow.sdk.dag'`.","category":"DeprecatedImportWarning","filename":"/opt/airflow/dags/dag.py","lineno":3,"logger":"py.warnings"}
{"timestamp":"2025-12-29T11:49:05.488490Z","level":"warning","event":"The `airflow.decorators.task` attribute is deprecated. Please use `'airflow.sdk.task'`.","category":"DeprecatedImportWarning","filename":"/opt/airflow/dags/dag.py","lineno":4,"logger":"py.warnings"}
{"timestamp":"2025-12-29T11:49:05.488517Z","level":"warning","event":"The `airflow.operators.empty.EmptyOperator` attribute is deprecated. Please use `'airflow.providers.standard.operators.empty.EmptyOperator'`.","category":"DeprecatedImportWarning","filename":"/opt/airflow/dags/dag.py","lineno":5,"logger":"py.warnings"}
{"timestamp":"2025-12-29T11:49:05.488541Z","level":"warning","event":"The `airflow.operators.python.get_current_context` attribute is deprecated. Please use `'airflow.sdk.get_current_context'`.","category":"DeprecatedImportWarning","filename":"/opt/airflow/dags/dag.py","lineno":7,"logger":"py.warnings"}
{"timestamp":"2025-12-29T11:49:05.488563Z","level":"warning","event":"The `airflow.models.param.Param` attribute is deprecated. Please use `'airflow.sdk.Param'`.","category":"DeprecatedImportWarning","filename":"/opt/airflow/dags/dag.py","lineno":14,"logger":"py.warnings"}
{"timestamp":"2025-12-29T11:49:05.488584Z","level":"warning","event":"The `airflow.operators.python.get_current_context` attribute is deprecated. Please use `'airflow.sdk.get_current_context'`.","category":"DeprecatedImportWarning","filename":"/opt/airflow/dags/dag.py","lineno":22,"logger":"py.warnings"}
{"timestamp":"2025-12-29T11:49:36.004964Z","level":"info","event":"Filling up the DagBag from /opt/airflow/dags/dag.py","logger":"airflow.models.dagbag.DagBag","filename":"dagbag.py","lineno":593}
{"timestamp":"2025-12-29T11:49:36.035499Z","level":"warning","event":"The `airflow.decorators.dag` attribute is deprecated. Please use `'airflow.sdk.dag'`.","category":"DeprecatedImportWarning","filename":"/opt/airflow/dags/dag.py","lineno":3,"logger":"py.warnings"}
{"timestamp":"2025-12-29T11:49:36.035556Z","level":"warning","event":"The `airflow.decorators.task` attribute is deprecated. Please use `'airflow.sdk.task'`.","category":"DeprecatedImportWarning","filename":"/opt/airflow/dags/dag.py","lineno":4,"logger":"py.warnings"}
{"timestamp":"2025-12-29T11:49:36.035596Z","level":"warning","event":"The `airflow.operators.empty.EmptyOperator` attribute is deprecated. Please use `'airflow.providers.standard.operators.empty.EmptyOperator'`.","category":"DeprecatedImportWarning","filename":"/opt/airflow/dags/dag.py","lineno":5,"logger":"py.warnings"}
{"timestamp":"2025-12-29T11:49:36.035621Z","level":"warning","event":"The `airflow.operators.python.get_current_context` attribute is deprecated. Please use `'airflow.sdk.get_current_context'`.","category":"DeprecatedImportWarning","filename":"/opt/airflow/dags/dag.py","lineno":7,"logger":"py.warnings"}
{"timestamp":"2025-12-29T11:49:36.035644Z","level":"warning","event":"The `airflow.models.param.Param` attribute is deprecated. Please use `'airflow.sdk.Param'`.","category":"DeprecatedImportWarning","filename":"/opt/airflow/dags/dag.py","lineno":14,"logger":"py.warnings"}
{"timestamp":"2025-12-29T11:49:36.035665Z","level":"warning","event":"The `airflow.operators.python.get_current_context` attribute is deprecated. Please use `'airflow.sdk.get_current_context'`.","category":"DeprecatedImportWarning","filename":"/opt/airflow/dags/dag.py","lineno":22,"logger":"py.warnings"}
{"timestamp":"2025-12-29T11:50:06.462624Z","level":"info","event":"Filling up the DagBag from /opt/airflow/dags/dag.py","logger":"airflow.models.dagbag.DagBag","filename":"dagbag.py","lineno":593}
{"timestamp":"2025-12-29T11:50:06.494381Z","level":"warning","event":"The `airflow.decorators.dag` attribute is deprecated. Please use `'airflow.sdk.dag'`.","category":"DeprecatedImportWarning","filename":"/opt/airflow/dags/dag.py","lineno":3,"logger":"py.warnings"}
{"timestamp":"2025-12-29T11:50:06.494564Z","level":"warning","event":"The `airflow.decorators.task` attribute is deprecated. Please use `'airflow.sdk.task'`.","category":"DeprecatedImportWarning","filename":"/opt/airflow/dags/dag.py","lineno":4,"logger":"py.warnings"}
{"timestamp":"2025-12-29T11:50:06.494878Z","level":"warning","event":"The `airflow.operators.empty.EmptyOperator` attribute is deprecated. Please use `'airflow.providers.standard.operators.empty.EmptyOperator'`.","category":"DeprecatedImportWarning","filename":"/opt/airflow/dags/dag.py","lineno":5,"logger":"py.warnings"}
{"timestamp":"2025-12-29T11:50:06.495055Z","level":"warning","event":"The `airflow.operators.python.get_current_context` attribute is deprecated. Please use `'airflow.sdk.get_current_context'`.","category":"DeprecatedImportWarning","filename":"/opt/airflow/dags/dag.py","lineno":7,"logger":"py.warnings"}
{"timestamp":"2025-12-29T11:50:06.495082Z","level":"warning","event":"The `airflow.models.param.Param` attribute is deprecated. Please use `'airflow.sdk.Param'`.","category":"DeprecatedImportWarning","filename":"/opt/airflow/dags/dag.py","lineno":14,"logger":"py.warnings"}
{"timestamp":"2025-12-29T11:50:06.495195Z","level":"warning","event":"The `airflow.operators.python.get_current_context` attribute is deprecated. Please use `'airflow.sdk.get_current_context'`.","category":"DeprecatedImportWarning","filename":"/opt/airflow/dags/dag.py","lineno":22,"logger":"py.warnings"}
{"timestamp":"2025-12-29T11:50:36.980667Z","level":"info","event":"Filling up the DagBag from /opt/airflow/dags/dag.py","logger":"airflow.models.dagbag.DagBag","filename":"dagbag.py","lineno":593}
{"timestamp":"2025-12-29T11:50:37.012981Z","level":"warning","event":"The `airflow.decorators.dag` attribute is deprecated. Please use `'airflow.sdk.dag'`.","category":"DeprecatedImportWarning","filename":"/opt/airflow/dags/dag.py","lineno":3,"logger":"py.warnings"}
{"timestamp":"2025-12-29T11:50:37.013170Z","level":"warning","event":"The `airflow.decorators.task` attribute is deprecated. Please use `'airflow.sdk.task'`.","category":"DeprecatedImportWarning","filename":"/opt/airflow/dags/dag.py","lineno":4,"logger":"py.warnings"}
{"timestamp":"2025-12-29T11:50:37.013500Z","level":"warning","event":"The `airflow.operators.empty.EmptyOperator` attribute is deprecated. Please use `'airflow.providers.standard.operators.empty.EmptyOperator'`.","category":"DeprecatedImportWarning","filename":"/opt/airflow/dags/dag.py","lineno":5,"logger":"py.warnings"}
{"timestamp":"2025-12-29T11:50:37.013525Z","level":"warning","event":"The `airflow.operators.python.get_current_context` attribute is deprecated. Please use `'airflow.sdk.get_current_context'`.","category":"DeprecatedImportWarning","filename":"/opt/airflow/dags/dag.py","lineno":7,"logger":"py.warnings"}
{"timestamp":"2025-12-29T11:50:37.013672Z","level":"warning","event":"The `airflow.models.param.Param` attribute is deprecated. Please use `'airflow.sdk.Param'`.","category":"DeprecatedImportWarning","filename":"/opt/airflow/dags/dag.py","lineno":14,"logger":"py.warnings"}
{"timestamp":"2025-12-29T11:50:37.013713Z","level":"warning","event":"The `airflow.operators.python.get_current_context` attribute is deprecated. Please use `'airflow.sdk.get_current_context'`.","category":"DeprecatedImportWarning","filename":"/opt/airflow/dags/dag.py","lineno":22,"logger":"py.warnings"}
{"timestamp":"2025-12-29T11:51:07.494073Z","level":"info","event":"Filling up the DagBag from /opt/airflow/dags/dag.py","logger":"airflow.models.dagbag.DagBag","filename":"dagbag.py","lineno":593}
{"timestamp":"2025-12-29T11:51:07.527142Z","level":"warning","event":"The `airflow.decorators.dag` attribute is deprecated. Please use `'airflow.sdk.dag'`.","category":"DeprecatedImportWarning","filename":"/opt/airflow/dags/dag.py","lineno":3,"logger":"py.warnings"}
{"timestamp":"2025-12-29T11:51:07.527209Z","level":"warning","event":"The `airflow.decorators.task` attribute is deprecated. Please use `'airflow.sdk.task'`.","category":"DeprecatedImportWarning","filename":"/opt/airflow/dags/dag.py","lineno":4,"logger":"py.warnings"}
{"timestamp":"2025-12-29T11:51:07.527236Z","level":"warning","event":"The `airflow.operators.empty.EmptyOperator` attribute is deprecated. Please use `'airflow.providers.standard.operators.empty.EmptyOperator'`.","category":"DeprecatedImportWarning","filename":"/opt/airflow/dags/dag.py","lineno":5,"logger":"py.warnings"}
{"timestamp":"2025-12-29T11:51:07.527259Z","level":"warning","event":"The `airflow.operators.python.get_current_context` attribute is deprecated. Please use `'airflow.sdk.get_current_context'`.","category":"DeprecatedImportWarning","filename":"/opt/airflow/dags/dag.py","lineno":7,"logger":"py.warnings"}
{"timestamp":"2025-12-29T11:51:07.527282Z","level":"warning","event":"The `airflow.models.param.Param` attribute is deprecated. Please use `'airflow.sdk.Param'`.","category":"DeprecatedImportWarning","filename":"/opt/airflow/dags/dag.py","lineno":14,"logger":"py.warnings"}
{"timestamp":"2025-12-29T11:51:07.527303Z","level":"warning","event":"The `airflow.operators.python.get_current_context` attribute is deprecated. Please use `'airflow.sdk.get_current_context'`.","category":"DeprecatedImportWarning","filename":"/opt/airflow/dags/dag.py","lineno":22,"logger":"py.warnings"}
{"timestamp":"2025-12-29T11:51:38.007124Z","level":"info","event":"Filling up the DagBag from /opt/airflow/dags/dag.py","logger":"airflow.models.dagbag.DagBag","filename":"dagbag.py","lineno":593}
{"timestamp":"2025-12-29T11:51:38.040697Z","level":"warning","event":"The `airflow.decorators.dag` attribute is deprecated. Please use `'airflow.sdk.dag'`.","category":"DeprecatedImportWarning","filename":"/opt/airflow/dags/dag.py","lineno":3,"logger":"py.warnings"}
{"timestamp":"2025-12-29T11:51:38.040763Z","level":"warning","event":"The `airflow.decorators.task` attribute is deprecated. Please use `'airflow.sdk.task'`.","category":"DeprecatedImportWarning","filename":"/opt/airflow/dags/dag.py","lineno":4,"logger":"py.warnings"}
{"timestamp":"2025-12-29T11:51:38.040791Z","level":"warning","event":"The `airflow.operators.empty.EmptyOperator` attribute is deprecated. Please use `'airflow.providers.standard.operators.empty.EmptyOperator'`.","category":"DeprecatedImportWarning","filename":"/opt/airflow/dags/dag.py","lineno":5,"logger":"py.warnings"}
{"timestamp":"2025-12-29T11:51:38.040815Z","level":"warning","event":"The `airflow.operators.python.get_current_context` attribute is deprecated. Please use `'airflow.sdk.get_current_context'`.","category":"DeprecatedImportWarning","filename":"/opt/airflow/dags/dag.py","lineno":7,"logger":"py.warnings"}
{"timestamp":"2025-12-29T11:51:38.040838Z","level":"warning","event":"The `airflow.models.param.Param` attribute is deprecated. Please use `'airflow.sdk.Param'`.","category":"DeprecatedImportWarning","filename":"/opt/airflow/dags/dag.py","lineno":14,"logger":"py.warnings"}
{"timestamp":"2025-12-29T11:51:38.040858Z","level":"warning","event":"The `airflow.operators.python.get_current_context` attribute is deprecated. Please use `'airflow.sdk.get_current_context'`.","category":"DeprecatedImportWarning","filename":"/opt/airflow/dags/dag.py","lineno":22,"logger":"py.warnings"}
{"timestamp":"2025-12-29T11:52:08.497459Z","level":"info","event":"Filling up the DagBag from /opt/airflow/dags/dag.py","logger":"airflow.models.dagbag.DagBag","filename":"dagbag.py","lineno":593}
{"timestamp":"2025-12-29T11:52:08.532287Z","level":"warning","event":"The `airflow.decorators.dag` attribute is deprecated. Please use `'airflow.sdk.dag'`.","category":"DeprecatedImportWarning","filename":"/opt/airflow/dags/dag.py","lineno":3,"logger":"py.warnings"}
{"timestamp":"2025-12-29T11:52:08.532347Z","level":"warning","event":"The `airflow.decorators.task` attribute is deprecated. Please use `'airflow.sdk.task'`.","category":"DeprecatedImportWarning","filename":"/opt/airflow/dags/dag.py","lineno":4,"logger":"py.warnings"}
{"timestamp":"2025-12-29T11:52:08.532373Z","level":"warning","event":"The `airflow.operators.empty.EmptyOperator` attribute is deprecated. Please use `'airflow.providers.standard.operators.empty.EmptyOperator'`.","category":"DeprecatedImportWarning","filename":"/opt/airflow/dags/dag.py","lineno":5,"logger":"py.warnings"}
{"timestamp":"2025-12-29T11:52:08.532412Z","level":"warning","event":"The `airflow.operators.python.get_current_context` attribute is deprecated. Please use `'airflow.sdk.get_current_context'`.","category":"DeprecatedImportWarning","filename":"/opt/airflow/dags/dag.py","lineno":7,"logger":"py.warnings"}
{"timestamp":"2025-12-29T11:52:08.532434Z","level":"warning","event":"The `airflow.models.param.Param` attribute is deprecated. Please use `'airflow.sdk.Param'`.","category":"DeprecatedImportWarning","filename":"/opt/airflow/dags/dag.py","lineno":14,"logger":"py.warnings"}
{"timestamp":"2025-12-29T11:52:08.532458Z","level":"warning","event":"The `airflow.operators.python.get_current_context` attribute is deprecated. Please use `'airflow.sdk.get_current_context'`.","category":"DeprecatedImportWarning","filename":"/opt/airflow/dags/dag.py","lineno":22,"logger":"py.warnings"}
{"timestamp":"2025-12-29T11:52:39.034323Z","level":"info","event":"Filling up the DagBag from /opt/airflow/dags/dag.py","logger":"airflow.models.dagbag.DagBag","filename":"dagbag.py","lineno":593}
{"timestamp":"2025-12-29T11:52:39.069115Z","level":"warning","event":"The `airflow.decorators.dag` attribute is deprecated. Please use `'airflow.sdk.dag'`.","category":"DeprecatedImportWarning","filename":"/opt/airflow/dags/dag.py","lineno":3,"logger":"py.warnings"}
{"timestamp":"2025-12-29T11:52:39.069195Z","level":"warning","event":"The `airflow.decorators.task` attribute is deprecated. Please use `'airflow.sdk.task'`.","category":"DeprecatedImportWarning","filename":"/opt/airflow/dags/dag.py","lineno":4,"logger":"py.warnings"}
{"timestamp":"2025-12-29T11:52:39.069225Z","level":"warning","event":"The `airflow.operators.empty.EmptyOperator` attribute is deprecated. Please use `'airflow.providers.standard.operators.empty.EmptyOperator'`.","category":"DeprecatedImportWarning","filename":"/opt/airflow/dags/dag.py","lineno":5,"logger":"py.warnings"}
{"timestamp":"2025-12-29T11:52:39.069250Z","level":"warning","event":"The `airflow.operators.python.get_current_context` attribute is deprecated. Please use `'airflow.sdk.get_current_context'`.","category":"DeprecatedImportWarning","filename":"/opt/airflow/dags/dag.py","lineno":7,"logger":"py.warnings"}
{"timestamp":"2025-12-29T11:52:39.069273Z","level":"warning","event":"The `airflow.models.param.Param` attribute is deprecated. Please use `'airflow.sdk.Param'`.","category":"DeprecatedImportWarning","filename":"/opt/airflow/dags/dag.py","lineno":14,"logger":"py.warnings"}
{"timestamp":"2025-12-29T11:52:39.069293Z","level":"warning","event":"The `airflow.operators.python.get_current_context` attribute is deprecated. Please use `'airflow.sdk.get_current_context'`.","category":"DeprecatedImportWarning","filename":"/opt/airflow/dags/dag.py","lineno":22,"logger":"py.warnings"}
{"timestamp":"2025-12-29T11:53:09.463676Z","level":"info","event":"Filling up the DagBag from /opt/airflow/dags/dag.py","logger":"airflow.models.dagbag.DagBag","filename":"dagbag.py","lineno":593}
{"timestamp":"2025-12-29T11:53:09.493367Z","level":"warning","event":"The `airflow.decorators.dag` attribute is deprecated. Please use `'airflow.sdk.dag'`.","category":"DeprecatedImportWarning","filename":"/opt/airflow/dags/dag.py","lineno":3,"logger":"py.warnings"}
{"timestamp":"2025-12-29T11:53:09.493422Z","level":"warning","event":"The `airflow.decorators.task` attribute is deprecated. Please use `'airflow.sdk.task'`.","category":"DeprecatedImportWarning","filename":"/opt/airflow/dags/dag.py","lineno":4,"logger":"py.warnings"}
{"timestamp":"2025-12-29T11:53:09.493448Z","level":"warning","event":"The `airflow.operators.empty.EmptyOperator` attribute is deprecated. Please use `'airflow.providers.standard.operators.empty.EmptyOperator'`.","category":"DeprecatedImportWarning","filename":"/opt/airflow/dags/dag.py","lineno":5,"logger":"py.warnings"}
{"timestamp":"2025-12-29T11:53:09.493470Z","level":"warning","event":"The `airflow.operators.python.get_current_context` attribute is deprecated. Please use `'airflow.sdk.get_current_context'`.","category":"DeprecatedImportWarning","filename":"/opt/airflow/dags/dag.py","lineno":7,"logger":"py.warnings"}
{"timestamp":"2025-12-29T11:53:09.493491Z","level":"warning","event":"The `airflow.models.param.Param` attribute is deprecated. Please use `'airflow.sdk.Param'`.","category":"DeprecatedImportWarning","filename":"/opt/airflow/dags/dag.py","lineno":14,"logger":"py.warnings"}
{"timestamp":"2025-12-29T11:53:09.493510Z","level":"warning","event":"The `airflow.operators.python.get_current_context` attribute is deprecated. Please use `'airflow.sdk.get_current_context'`.","category":"DeprecatedImportWarning","filename":"/opt/airflow/dags/dag.py","lineno":22,"logger":"py.warnings"}
{"timestamp":"2025-12-29T11:53:39.973742Z","level":"info","event":"Filling up the DagBag from /opt/airflow/dags/dag.py","logger":"airflow.models.dagbag.DagBag","filename":"dagbag.py","lineno":593}
{"timestamp":"2025-12-29T11:53:40.007952Z","level":"warning","event":"The `airflow.decorators.dag` attribute is deprecated. Please use `'airflow.sdk.dag'`.","category":"DeprecatedImportWarning","filename":"/opt/airflow/dags/dag.py","lineno":3,"logger":"py.warnings"}
{"timestamp":"2025-12-29T11:53:40.008015Z","level":"warning","event":"The `airflow.decorators.task` attribute is deprecated. Please use `'airflow.sdk.task'`.","category":"DeprecatedImportWarning","filename":"/opt/airflow/dags/dag.py","lineno":4,"logger":"py.warnings"}
{"timestamp":"2025-12-29T11:53:40.008043Z","level":"warning","event":"The `airflow.operators.empty.EmptyOperator` attribute is deprecated. Please use `'airflow.providers.standard.operators.empty.EmptyOperator'`.","category":"DeprecatedImportWarning","filename":"/opt/airflow/dags/dag.py","lineno":5,"logger":"py.warnings"}
{"timestamp":"2025-12-29T11:53:40.008066Z","level":"warning","event":"The `airflow.operators.python.get_current_context` attribute is deprecated. Please use `'airflow.sdk.get_current_context'`.","category":"DeprecatedImportWarning","filename":"/opt/airflow/dags/dag.py","lineno":7,"logger":"py.warnings"}
{"timestamp":"2025-12-29T11:53:40.008088Z","level":"warning","event":"The `airflow.models.param.Param` attribute is deprecated. Please use `'airflow.sdk.Param'`.","category":"DeprecatedImportWarning","filename":"/opt/airflow/dags/dag.py","lineno":14,"logger":"py.warnings"}
{"timestamp":"2025-12-29T11:53:40.008108Z","level":"warning","event":"The `airflow.operators.python.get_current_context` attribute is deprecated. Please use `'airflow.sdk.get_current_context'`.","category":"DeprecatedImportWarning","filename":"/opt/airflow/dags/dag.py","lineno":22,"logger":"py.warnings"}
{"timestamp":"2025-12-29T11:54:10.432168Z","level":"info","event":"Filling up the DagBag from /opt/airflow/dags/dag.py","logger":"airflow.models.dagbag.DagBag","filename":"dagbag.py","lineno":593}
{"timestamp":"2025-12-29T11:54:10.466243Z","level":"warning","event":"The `airflow.decorators.dag` attribute is deprecated. Please use `'airflow.sdk.dag'`.","category":"DeprecatedImportWarning","filename":"/opt/airflow/dags/dag.py","lineno":3,"logger":"py.warnings"}
{"timestamp":"2025-12-29T11:54:10.466458Z","level":"warning","event":"The `airflow.decorators.task` attribute is deprecated. Please use `'airflow.sdk.task'`.","category":"DeprecatedImportWarning","filename":"/opt/airflow/dags/dag.py","lineno":4,"logger":"py.warnings"}
{"timestamp":"2025-12-29T11:54:10.466497Z","level":"warning","event":"The `airflow.operators.empty.EmptyOperator` attribute is deprecated. Please use `'airflow.providers.standard.operators.empty.EmptyOperator'`.","category":"DeprecatedImportWarning","filename":"/opt/airflow/dags/dag.py","lineno":5,"logger":"py.warnings"}
{"timestamp":"2025-12-29T11:54:10.466520Z","level":"warning","event":"The `airflow.operators.python.get_current_context` attribute is deprecated. Please use `'airflow.sdk.get_current_context'`.","category":"DeprecatedImportWarning","filename":"/opt/airflow/dags/dag.py","lineno":7,"logger":"py.warnings"}
{"timestamp":"2025-12-29T11:54:10.466540Z","level":"warning","event":"The `airflow.models.param.Param` attribute is deprecated. Please use `'airflow.sdk.Param'`.","category":"DeprecatedImportWarning","filename":"/opt/airflow/dags/dag.py","lineno":14,"logger":"py.warnings"}
{"timestamp":"2025-12-29T11:54:10.466559Z","level":"warning","event":"The `airflow.operators.python.get_current_context` attribute is deprecated. Please use `'airflow.sdk.get_current_context'`.","category":"DeprecatedImportWarning","filename":"/opt/airflow/dags/dag.py","lineno":22,"logger":"py.warnings"}
{"timestamp":"2025-12-29T11:54:40.857566Z","level":"info","event":"Filling up the DagBag from /opt/airflow/dags/dag.py","logger":"airflow.models.dagbag.DagBag","filename":"dagbag.py","lineno":593}
{"timestamp":"2025-12-29T11:54:40.884101Z","level":"warning","event":"The `airflow.decorators.dag` attribute is deprecated. Please use `'airflow.sdk.dag'`.","category":"DeprecatedImportWarning","filename":"/opt/airflow/dags/dag.py","lineno":3,"logger":"py.warnings"}
{"timestamp":"2025-12-29T11:54:40.884163Z","level":"warning","event":"The `airflow.decorators.task` attribute is deprecated. Please use `'airflow.sdk.task'`.","category":"DeprecatedImportWarning","filename":"/opt/airflow/dags/dag.py","lineno":4,"logger":"py.warnings"}
{"timestamp":"2025-12-29T11:54:40.884189Z","level":"warning","event":"The `airflow.operators.empty.EmptyOperator` attribute is deprecated. Please use `'airflow.providers.standard.operators.empty.EmptyOperator'`.","category":"DeprecatedImportWarning","filename":"/opt/airflow/dags/dag.py","lineno":5,"logger":"py.warnings"}
{"timestamp":"2025-12-29T11:54:40.884212Z","level":"warning","event":"The `airflow.operators.python.get_current_context` attribute is deprecated. Please use `'airflow.sdk.get_current_context'`.","category":"DeprecatedImportWarning","filename":"/opt/airflow/dags/dag.py","lineno":7,"logger":"py.warnings"}
{"timestamp":"2025-12-29T11:54:40.884232Z","level":"warning","event":"The `airflow.models.param.Param` attribute is deprecated. Please use `'airflow.sdk.Param'`.","category":"DeprecatedImportWarning","filename":"/opt/airflow/dags/dag.py","lineno":14,"logger":"py.warnings"}
{"timestamp":"2025-12-29T11:54:40.884251Z","level":"warning","event":"The `airflow.operators.python.get_current_context` attribute is deprecated. Please use `'airflow.sdk.get_current_context'`.","category":"DeprecatedImportWarning","filename":"/opt/airflow/dags/dag.py","lineno":22,"logger":"py.warnings"}
{"timestamp":"2025-12-29T11:55:11.368476Z","level":"info","event":"Filling up the DagBag from /opt/airflow/dags/dag.py","logger":"airflow.models.dagbag.DagBag","filename":"dagbag.py","lineno":593}
{"timestamp":"2025-12-29T11:55:11.398967Z","level":"warning","event":"The `airflow.decorators.dag` attribute is deprecated. Please use `'airflow.sdk.dag'`.","category":"DeprecatedImportWarning","filename":"/opt/airflow/dags/dag.py","lineno":3,"logger":"py.warnings"}
{"timestamp":"2025-12-29T11:55:11.399023Z","level":"warning","event":"The `airflow.decorators.task` attribute is deprecated. Please use `'airflow.sdk.task'`.","category":"DeprecatedImportWarning","filename":"/opt/airflow/dags/dag.py","lineno":4,"logger":"py.warnings"}
{"timestamp":"2025-12-29T11:55:11.399052Z","level":"warning","event":"The `airflow.operators.empty.EmptyOperator` attribute is deprecated. Please use `'airflow.providers.standard.operators.empty.EmptyOperator'`.","category":"DeprecatedImportWarning","filename":"/opt/airflow/dags/dag.py","lineno":5,"logger":"py.warnings"}
{"timestamp":"2025-12-29T11:55:11.399075Z","level":"warning","event":"The `airflow.operators.python.get_current_context` attribute is deprecated. Please use `'airflow.sdk.get_current_context'`.","category":"DeprecatedImportWarning","filename":"/opt/airflow/dags/dag.py","lineno":7,"logger":"py.warnings"}
{"timestamp":"2025-12-29T11:55:11.399115Z","level":"warning","event":"The `airflow.models.param.Param` attribute is deprecated. Please use `'airflow.sdk.Param'`.","category":"DeprecatedImportWarning","filename":"/opt/airflow/dags/dag.py","lineno":14,"logger":"py.warnings"}
{"timestamp":"2025-12-29T11:55:11.399136Z","level":"warning","event":"The `airflow.operators.python.get_current_context` attribute is deprecated. Please use `'airflow.sdk.get_current_context'`.","category":"DeprecatedImportWarning","filename":"/opt/airflow/dags/dag.py","lineno":22,"logger":"py.warnings"}
{"timestamp":"2025-12-29T11:55:41.845992Z","level":"info","event":"Filling up the DagBag from /opt/airflow/dags/dag.py","logger":"airflow.models.dagbag.DagBag","filename":"dagbag.py","lineno":593}
{"timestamp":"2025-12-29T11:55:41.881211Z","level":"warning","event":"The `airflow.decorators.dag` attribute is deprecated. Please use `'airflow.sdk.dag'`.","category":"DeprecatedImportWarning","filename":"/opt/airflow/dags/dag.py","lineno":3,"logger":"py.warnings"}
{"timestamp":"2025-12-29T11:55:41.881409Z","level":"warning","event":"The `airflow.decorators.task` attribute is deprecated. Please use `'airflow.sdk.task'`.","category":"DeprecatedImportWarning","filename":"/opt/airflow/dags/dag.py","lineno":4,"logger":"py.warnings"}
{"timestamp":"2025-12-29T11:55:41.881455Z","level":"warning","event":"The `airflow.operators.empty.EmptyOperator` attribute is deprecated. Please use `'airflow.providers.standard.operators.empty.EmptyOperator'`.","category":"DeprecatedImportWarning","filename":"/opt/airflow/dags/dag.py","lineno":5,"logger":"py.warnings"}
{"timestamp":"2025-12-29T11:55:41.881478Z","level":"warning","event":"The `airflow.operators.python.get_current_context` attribute is deprecated. Please use `'airflow.sdk.get_current_context'`.","category":"DeprecatedImportWarning","filename":"/opt/airflow/dags/dag.py","lineno":7,"logger":"py.warnings"}
{"timestamp":"2025-12-29T11:55:41.881517Z","level":"warning","event":"The `airflow.models.param.Param` attribute is deprecated. Please use `'airflow.sdk.Param'`.","category":"DeprecatedImportWarning","filename":"/opt/airflow/dags/dag.py","lineno":14,"logger":"py.warnings"}
{"timestamp":"2025-12-29T11:55:41.881539Z","level":"warning","event":"The `airflow.operators.python.get_current_context` attribute is deprecated. Please use `'airflow.sdk.get_current_context'`.","category":"DeprecatedImportWarning","filename":"/opt/airflow/dags/dag.py","lineno":22,"logger":"py.warnings"}
{"timestamp":"2025-12-29T11:56:12.294277Z","level":"info","event":"Filling up the DagBag from /opt/airflow/dags/dag.py","logger":"airflow.models.dagbag.DagBag","filename":"dagbag.py","lineno":593}
{"timestamp":"2025-12-29T11:56:12.322785Z","level":"warning","event":"The `airflow.decorators.dag` attribute is deprecated. Please use `'airflow.sdk.dag'`.","category":"DeprecatedImportWarning","filename":"/opt/airflow/dags/dag.py","lineno":3,"logger":"py.warnings"}
{"timestamp":"2025-12-29T11:56:12.322836Z","level":"warning","event":"The `airflow.decorators.task` attribute is deprecated. Please use `'airflow.sdk.task'`.","category":"DeprecatedImportWarning","filename":"/opt/airflow/dags/dag.py","lineno":4,"logger":"py.warnings"}
{"timestamp":"2025-12-29T11:56:12.322862Z","level":"warning","event":"The `airflow.operators.empty.EmptyOperator` attribute is deprecated. Please use `'airflow.providers.standard.operators.empty.EmptyOperator'`.","category":"DeprecatedImportWarning","filename":"/opt/airflow/dags/dag.py","lineno":5,"logger":"py.warnings"}
{"timestamp":"2025-12-29T11:56:12.322884Z","level":"warning","event":"The `airflow.operators.python.get_current_context` attribute is deprecated. Please use `'airflow.sdk.get_current_context'`.","category":"DeprecatedImportWarning","filename":"/opt/airflow/dags/dag.py","lineno":7,"logger":"py.warnings"}
{"timestamp":"2025-12-29T11:56:12.322905Z","level":"warning","event":"The `airflow.models.param.Param` attribute is deprecated. Please use `'airflow.sdk.Param'`.","category":"DeprecatedImportWarning","filename":"/opt/airflow/dags/dag.py","lineno":14,"logger":"py.warnings"}
{"timestamp":"2025-12-29T11:56:12.322925Z","level":"warning","event":"The `airflow.operators.python.get_current_context` attribute is deprecated. Please use `'airflow.sdk.get_current_context'`.","category":"DeprecatedImportWarning","filename":"/opt/airflow/dags/dag.py","lineno":22,"logger":"py.warnings"}
{"timestamp":"2025-12-29T11:56:42.801162Z","level":"info","event":"Filling up the DagBag from /opt/airflow/dags/dag.py","logger":"airflow.models.dagbag.DagBag","filename":"dagbag.py","lineno":593}
{"timestamp":"2025-12-29T11:56:42.832593Z","level":"warning","event":"The `airflow.decorators.dag` attribute is deprecated. Please use `'airflow.sdk.dag'`.","category":"DeprecatedImportWarning","filename":"/opt/airflow/dags/dag.py","lineno":3,"logger":"py.warnings"}
{"timestamp":"2025-12-29T11:56:42.832653Z","level":"warning","event":"The `airflow.decorators.task` attribute is deprecated. Please use `'airflow.sdk.task'`.","category":"DeprecatedImportWarning","filename":"/opt/airflow/dags/dag.py","lineno":4,"logger":"py.warnings"}
{"timestamp":"2025-12-29T11:56:42.832680Z","level":"warning","event":"The `airflow.operators.empty.EmptyOperator` attribute is deprecated. Please use `'airflow.providers.standard.operators.empty.EmptyOperator'`.","category":"DeprecatedImportWarning","filename":"/opt/airflow/dags/dag.py","lineno":5,"logger":"py.warnings"}
{"timestamp":"2025-12-29T11:56:42.832703Z","level":"warning","event":"The `airflow.operators.python.get_current_context` attribute is deprecated. Please use `'airflow.sdk.get_current_context'`.","category":"DeprecatedImportWarning","filename":"/opt/airflow/dags/dag.py","lineno":7,"logger":"py.warnings"}
{"timestamp":"2025-12-29T11:56:42.832725Z","level":"warning","event":"The `airflow.models.param.Param` attribute is deprecated. Please use `'airflow.sdk.Param'`.","category":"DeprecatedImportWarning","filename":"/opt/airflow/dags/dag.py","lineno":14,"logger":"py.warnings"}
{"timestamp":"2025-12-29T11:56:42.832745Z","level":"warning","event":"The `airflow.operators.python.get_current_context` attribute is deprecated. Please use `'airflow.sdk.get_current_context'`.","category":"DeprecatedImportWarning","filename":"/opt/airflow/dags/dag.py","lineno":22,"logger":"py.warnings"}
{"timestamp":"2025-12-29T11:57:13.229389Z","level":"info","event":"Filling up the DagBag from /opt/airflow/dags/dag.py","logger":"airflow.models.dagbag.DagBag","filename":"dagbag.py","lineno":593}
{"timestamp":"2025-12-29T11:57:13.261622Z","level":"warning","event":"The `airflow.decorators.dag` attribute is deprecated. Please use `'airflow.sdk.dag'`.","category":"DeprecatedImportWarning","filename":"/opt/airflow/dags/dag.py","lineno":3,"logger":"py.warnings"}
{"timestamp":"2025-12-29T11:57:13.261785Z","level":"warning","event":"The `airflow.decorators.task` attribute is deprecated. Please use `'airflow.sdk.task'`.","category":"DeprecatedImportWarning","filename":"/opt/airflow/dags/dag.py","lineno":4,"logger":"py.warnings"}
{"timestamp":"2025-12-29T11:57:13.261829Z","level":"warning","event":"The `airflow.operators.empty.EmptyOperator` attribute is deprecated. Please use `'airflow.providers.standard.operators.empty.EmptyOperator'`.","category":"DeprecatedImportWarning","filename":"/opt/airflow/dags/dag.py","lineno":5,"logger":"py.warnings"}
{"timestamp":"2025-12-29T11:57:13.261852Z","level":"warning","event":"The `airflow.operators.python.get_current_context` attribute is deprecated. Please use `'airflow.sdk.get_current_context'`.","category":"DeprecatedImportWarning","filename":"/opt/airflow/dags/dag.py","lineno":7,"logger":"py.warnings"}
{"timestamp":"2025-12-29T11:57:13.261873Z","level":"warning","event":"The `airflow.models.param.Param` attribute is deprecated. Please use `'airflow.sdk.Param'`.","category":"DeprecatedImportWarning","filename":"/opt/airflow/dags/dag.py","lineno":14,"logger":"py.warnings"}
{"timestamp":"2025-12-29T11:57:13.261893Z","level":"warning","event":"The `airflow.operators.python.get_current_context` attribute is deprecated. Please use `'airflow.sdk.get_current_context'`.","category":"DeprecatedImportWarning","filename":"/opt/airflow/dags/dag.py","lineno":22,"logger":"py.warnings"}
{"timestamp":"2025-12-29T11:57:43.685534Z","level":"info","event":"Filling up the DagBag from /opt/airflow/dags/dag.py","logger":"airflow.models.dagbag.DagBag","filename":"dagbag.py","lineno":593}
{"timestamp":"2025-12-29T11:57:43.714529Z","level":"warning","event":"The `airflow.decorators.dag` attribute is deprecated. Please use `'airflow.sdk.dag'`.","category":"DeprecatedImportWarning","filename":"/opt/airflow/dags/dag.py","lineno":3,"logger":"py.warnings"}
{"timestamp":"2025-12-29T11:57:43.714741Z","level":"warning","event":"The `airflow.decorators.task` attribute is deprecated. Please use `'airflow.sdk.task'`.","category":"DeprecatedImportWarning","filename":"/opt/airflow/dags/dag.py","lineno":4,"logger":"py.warnings"}
{"timestamp":"2025-12-29T11:57:43.714774Z","level":"warning","event":"The `airflow.operators.empty.EmptyOperator` attribute is deprecated. Please use `'airflow.providers.standard.operators.empty.EmptyOperator'`.","category":"DeprecatedImportWarning","filename":"/opt/airflow/dags/dag.py","lineno":5,"logger":"py.warnings"}
{"timestamp":"2025-12-29T11:57:43.714797Z","level":"warning","event":"The `airflow.operators.python.get_current_context` attribute is deprecated. Please use `'airflow.sdk.get_current_context'`.","category":"DeprecatedImportWarning","filename":"/opt/airflow/dags/dag.py","lineno":7,"logger":"py.warnings"}
{"timestamp":"2025-12-29T11:57:43.714819Z","level":"warning","event":"The `airflow.models.param.Param` attribute is deprecated. Please use `'airflow.sdk.Param'`.","category":"DeprecatedImportWarning","filename":"/opt/airflow/dags/dag.py","lineno":14,"logger":"py.warnings"}
{"timestamp":"2025-12-29T11:57:43.714840Z","level":"warning","event":"The `airflow.operators.python.get_current_context` attribute is deprecated. Please use `'airflow.sdk.get_current_context'`.","category":"DeprecatedImportWarning","filename":"/opt/airflow/dags/dag.py","lineno":22,"logger":"py.warnings"}
{"timestamp":"2025-12-29T11:58:14.206401Z","level":"info","event":"Filling up the DagBag from /opt/airflow/dags/dag.py","logger":"airflow.models.dagbag.DagBag","filename":"dagbag.py","lineno":593}
{"timestamp":"2025-12-29T11:58:14.237471Z","level":"warning","event":"The `airflow.decorators.dag` attribute is deprecated. Please use `'airflow.sdk.dag'`.","category":"DeprecatedImportWarning","filename":"/opt/airflow/dags/dag.py","lineno":3,"logger":"py.warnings"}
{"timestamp":"2025-12-29T11:58:14.237527Z","level":"warning","event":"The `airflow.decorators.task` attribute is deprecated. Please use `'airflow.sdk.task'`.","category":"DeprecatedImportWarning","filename":"/opt/airflow/dags/dag.py","lineno":4,"logger":"py.warnings"}
{"timestamp":"2025-12-29T11:58:14.237553Z","level":"warning","event":"The `airflow.operators.empty.EmptyOperator` attribute is deprecated. Please use `'airflow.providers.standard.operators.empty.EmptyOperator'`.","category":"DeprecatedImportWarning","filename":"/opt/airflow/dags/dag.py","lineno":5,"logger":"py.warnings"}
{"timestamp":"2025-12-29T11:58:14.237576Z","level":"warning","event":"The `airflow.operators.python.get_current_context` attribute is deprecated. Please use `'airflow.sdk.get_current_context'`.","category":"DeprecatedImportWarning","filename":"/opt/airflow/dags/dag.py","lineno":7,"logger":"py.warnings"}
{"timestamp":"2025-12-29T11:58:14.237597Z","level":"warning","event":"The `airflow.models.param.Param` attribute is deprecated. Please use `'airflow.sdk.Param'`.","category":"DeprecatedImportWarning","filename":"/opt/airflow/dags/dag.py","lineno":14,"logger":"py.warnings"}
{"timestamp":"2025-12-29T11:58:14.237634Z","level":"warning","event":"The `airflow.operators.python.get_current_context` attribute is deprecated. Please use `'airflow.sdk.get_current_context'`.","category":"DeprecatedImportWarning","filename":"/opt/airflow/dags/dag.py","lineno":22,"logger":"py.warnings"}
{"timestamp":"2025-12-29T11:58:44.710788Z","level":"info","event":"Filling up the DagBag from /opt/airflow/dags/dag.py","logger":"airflow.models.dagbag.DagBag","filename":"dagbag.py","lineno":593}
{"timestamp":"2025-12-29T11:58:44.741427Z","level":"warning","event":"The `airflow.decorators.dag` attribute is deprecated. Please use `'airflow.sdk.dag'`.","category":"DeprecatedImportWarning","filename":"/opt/airflow/dags/dag.py","lineno":3,"logger":"py.warnings"}
{"timestamp":"2025-12-29T11:58:44.741483Z","level":"warning","event":"The `airflow.decorators.task` attribute is deprecated. Please use `'airflow.sdk.task'`.","category":"DeprecatedImportWarning","filename":"/opt/airflow/dags/dag.py","lineno":4,"logger":"py.warnings"}
{"timestamp":"2025-12-29T11:58:44.741509Z","level":"warning","event":"The `airflow.operators.empty.EmptyOperator` attribute is deprecated. Please use `'airflow.providers.standard.operators.empty.EmptyOperator'`.","category":"DeprecatedImportWarning","filename":"/opt/airflow/dags/dag.py","lineno":5,"logger":"py.warnings"}
{"timestamp":"2025-12-29T11:58:44.741533Z","level":"warning","event":"The `airflow.operators.python.get_current_context` attribute is deprecated. Please use `'airflow.sdk.get_current_context'`.","category":"DeprecatedImportWarning","filename":"/opt/airflow/dags/dag.py","lineno":7,"logger":"py.warnings"}
{"timestamp":"2025-12-29T11:58:44.741556Z","level":"warning","event":"The `airflow.models.param.Param` attribute is deprecated. Please use `'airflow.sdk.Param'`.","category":"DeprecatedImportWarning","filename":"/opt/airflow/dags/dag.py","lineno":14,"logger":"py.warnings"}
{"timestamp":"2025-12-29T11:58:44.741577Z","level":"warning","event":"The `airflow.operators.python.get_current_context` attribute is deprecated. Please use `'airflow.sdk.get_current_context'`.","category":"DeprecatedImportWarning","filename":"/opt/airflow/dags/dag.py","lineno":22,"logger":"py.warnings"}
{"timestamp":"2025-12-29T11:59:15.172777Z","level":"info","event":"Filling up the DagBag from /opt/airflow/dags/dag.py","logger":"airflow.models.dagbag.DagBag","filename":"dagbag.py","lineno":593}
{"timestamp":"2025-12-29T11:59:15.205578Z","level":"warning","event":"The `airflow.decorators.dag` attribute is deprecated. Please use `'airflow.sdk.dag'`.","category":"DeprecatedImportWarning","filename":"/opt/airflow/dags/dag.py","lineno":3,"logger":"py.warnings"}
{"timestamp":"2025-12-29T11:59:15.205764Z","level":"warning","event":"The `airflow.decorators.task` attribute is deprecated. Please use `'airflow.sdk.task'`.","category":"DeprecatedImportWarning","filename":"/opt/airflow/dags/dag.py","lineno":4,"logger":"py.warnings"}
{"timestamp":"2025-12-29T11:59:15.205812Z","level":"warning","event":"The `airflow.operators.empty.EmptyOperator` attribute is deprecated. Please use `'airflow.providers.standard.operators.empty.EmptyOperator'`.","category":"DeprecatedImportWarning","filename":"/opt/airflow/dags/dag.py","lineno":5,"logger":"py.warnings"}
{"timestamp":"2025-12-29T11:59:15.205836Z","level":"warning","event":"The `airflow.operators.python.get_current_context` attribute is deprecated. Please use `'airflow.sdk.get_current_context'`.","category":"DeprecatedImportWarning","filename":"/opt/airflow/dags/dag.py","lineno":7,"logger":"py.warnings"}
{"timestamp":"2025-12-29T11:59:15.205859Z","level":"warning","event":"The `airflow.models.param.Param` attribute is deprecated. Please use `'airflow.sdk.Param'`.","category":"DeprecatedImportWarning","filename":"/opt/airflow/dags/dag.py","lineno":14,"logger":"py.warnings"}
{"timestamp":"2025-12-29T11:59:15.205880Z","level":"warning","event":"The `airflow.operators.python.get_current_context` attribute is deprecated. Please use `'airflow.sdk.get_current_context'`.","category":"DeprecatedImportWarning","filename":"/opt/airflow/dags/dag.py","lineno":22,"logger":"py.warnings"}
{"timestamp":"2025-12-29T11:59:45.685004Z","level":"info","event":"Filling up the DagBag from /opt/airflow/dags/dag.py","logger":"airflow.models.dagbag.DagBag","filename":"dagbag.py","lineno":593}
{"timestamp":"2025-12-29T11:59:45.712289Z","level":"warning","event":"The `airflow.decorators.dag` attribute is deprecated. Please use `'airflow.sdk.dag'`.","category":"DeprecatedImportWarning","filename":"/opt/airflow/dags/dag.py","lineno":3,"logger":"py.warnings"}
{"timestamp":"2025-12-29T11:59:45.712340Z","level":"warning","event":"The `airflow.decorators.task` attribute is deprecated. Please use `'airflow.sdk.task'`.","category":"DeprecatedImportWarning","filename":"/opt/airflow/dags/dag.py","lineno":4,"logger":"py.warnings"}
{"timestamp":"2025-12-29T11:59:45.712365Z","level":"warning","event":"The `airflow.operators.empty.EmptyOperator` attribute is deprecated. Please use `'airflow.providers.standard.operators.empty.EmptyOperator'`.","category":"DeprecatedImportWarning","filename":"/opt/airflow/dags/dag.py","lineno":5,"logger":"py.warnings"}
{"timestamp":"2025-12-29T11:59:45.712387Z","level":"warning","event":"The `airflow.operators.python.get_current_context` attribute is deprecated. Please use `'airflow.sdk.get_current_context'`.","category":"DeprecatedImportWarning","filename":"/opt/airflow/dags/dag.py","lineno":7,"logger":"py.warnings"}
{"timestamp":"2025-12-29T11:59:45.712408Z","level":"warning","event":"The `airflow.models.param.Param` attribute is deprecated. Please use `'airflow.sdk.Param'`.","category":"DeprecatedImportWarning","filename":"/opt/airflow/dags/dag.py","lineno":14,"logger":"py.warnings"}
{"timestamp":"2025-12-29T11:59:45.712428Z","level":"warning","event":"The `airflow.operators.python.get_current_context` attribute is deprecated. Please use `'airflow.sdk.get_current_context'`.","category":"DeprecatedImportWarning","filename":"/opt/airflow/dags/dag.py","lineno":22,"logger":"py.warnings"}
{"timestamp":"2025-12-29T12:00:16.274260Z","level":"info","event":"Filling up the DagBag from /opt/airflow/dags/dag.py","logger":"airflow.models.dagbag.DagBag","filename":"dagbag.py","lineno":593}
{"timestamp":"2025-12-29T12:00:16.307434Z","level":"warning","event":"The `airflow.decorators.dag` attribute is deprecated. Please use `'airflow.sdk.dag'`.","category":"DeprecatedImportWarning","filename":"/opt/airflow/dags/dag.py","lineno":3,"logger":"py.warnings"}
{"timestamp":"2025-12-29T12:00:16.307488Z","level":"warning","event":"The `airflow.decorators.task` attribute is deprecated. Please use `'airflow.sdk.task'`.","category":"DeprecatedImportWarning","filename":"/opt/airflow/dags/dag.py","lineno":4,"logger":"py.warnings"}
{"timestamp":"2025-12-29T12:00:16.307515Z","level":"warning","event":"The `airflow.operators.empty.EmptyOperator` attribute is deprecated. Please use `'airflow.providers.standard.operators.empty.EmptyOperator'`.","category":"DeprecatedImportWarning","filename":"/opt/airflow/dags/dag.py","lineno":5,"logger":"py.warnings"}
{"timestamp":"2025-12-29T12:00:16.307538Z","level":"warning","event":"The `airflow.operators.python.get_current_context` attribute is deprecated. Please use `'airflow.sdk.get_current_context'`.","category":"DeprecatedImportWarning","filename":"/opt/airflow/dags/dag.py","lineno":7,"logger":"py.warnings"}
{"timestamp":"2025-12-29T12:00:16.307560Z","level":"warning","event":"The `airflow.models.param.Param` attribute is deprecated. Please use `'airflow.sdk.Param'`.","category":"DeprecatedImportWarning","filename":"/opt/airflow/dags/dag.py","lineno":14,"logger":"py.warnings"}
{"timestamp":"2025-12-29T12:00:16.307580Z","level":"warning","event":"The `airflow.operators.python.get_current_context` attribute is deprecated. Please use `'airflow.sdk.get_current_context'`.","category":"DeprecatedImportWarning","filename":"/opt/airflow/dags/dag.py","lineno":22,"logger":"py.warnings"}
{"timestamp":"2025-12-29T12:00:46.727766Z","level":"info","event":"Filling up the DagBag from /opt/airflow/dags/dag.py","logger":"airflow.models.dagbag.DagBag","filename":"dagbag.py","lineno":593}
{"timestamp":"2025-12-29T12:00:46.759641Z","level":"warning","event":"The `airflow.decorators.dag` attribute is deprecated. Please use `'airflow.sdk.dag'`.","category":"DeprecatedImportWarning","filename":"/opt/airflow/dags/dag.py","lineno":3,"logger":"py.warnings"}
{"timestamp":"2025-12-29T12:00:46.759695Z","level":"warning","event":"The `airflow.decorators.task` attribute is deprecated. Please use `'airflow.sdk.task'`.","category":"DeprecatedImportWarning","filename":"/opt/airflow/dags/dag.py","lineno":4,"logger":"py.warnings"}
{"timestamp":"2025-12-29T12:00:46.759721Z","level":"warning","event":"The `airflow.operators.empty.EmptyOperator` attribute is deprecated. Please use `'airflow.providers.standard.operators.empty.EmptyOperator'`.","category":"DeprecatedImportWarning","filename":"/opt/airflow/dags/dag.py","lineno":5,"logger":"py.warnings"}
{"timestamp":"2025-12-29T12:00:46.759745Z","level":"warning","event":"The `airflow.operators.python.get_current_context` attribute is deprecated. Please use `'airflow.sdk.get_current_context'`.","category":"DeprecatedImportWarning","filename":"/opt/airflow/dags/dag.py","lineno":7,"logger":"py.warnings"}
{"timestamp":"2025-12-29T12:00:46.759766Z","level":"warning","event":"The `airflow.models.param.Param` attribute is deprecated. Please use `'airflow.sdk.Param'`.","category":"DeprecatedImportWarning","filename":"/opt/airflow/dags/dag.py","lineno":14,"logger":"py.warnings"}
{"timestamp":"2025-12-29T12:00:46.759785Z","level":"warning","event":"The `airflow.operators.python.get_current_context` attribute is deprecated. Please use `'airflow.sdk.get_current_context'`.","category":"DeprecatedImportWarning","filename":"/opt/airflow/dags/dag.py","lineno":22,"logger":"py.warnings"}
{"timestamp":"2025-12-29T12:01:17.268959Z","level":"info","event":"Filling up the DagBag from /opt/airflow/dags/dag.py","logger":"airflow.models.dagbag.DagBag","filename":"dagbag.py","lineno":593}
{"timestamp":"2025-12-29T12:01:17.300439Z","level":"warning","event":"The `airflow.decorators.dag` attribute is deprecated. Please use `'airflow.sdk.dag'`.","category":"DeprecatedImportWarning","filename":"/opt/airflow/dags/dag.py","lineno":3,"logger":"py.warnings"}
{"timestamp":"2025-12-29T12:01:17.300501Z","level":"warning","event":"The `airflow.decorators.task` attribute is deprecated. Please use `'airflow.sdk.task'`.","category":"DeprecatedImportWarning","filename":"/opt/airflow/dags/dag.py","lineno":4,"logger":"py.warnings"}
{"timestamp":"2025-12-29T12:01:17.300536Z","level":"warning","event":"The `airflow.operators.empty.EmptyOperator` attribute is deprecated. Please use `'airflow.providers.standard.operators.empty.EmptyOperator'`.","category":"DeprecatedImportWarning","filename":"/opt/airflow/dags/dag.py","lineno":5,"logger":"py.warnings"}
{"timestamp":"2025-12-29T12:01:17.300560Z","level":"warning","event":"The `airflow.operators.python.get_current_context` attribute is deprecated. Please use `'airflow.sdk.get_current_context'`.","category":"DeprecatedImportWarning","filename":"/opt/airflow/dags/dag.py","lineno":7,"logger":"py.warnings"}
{"timestamp":"2025-12-29T12:01:17.300582Z","level":"warning","event":"The `airflow.models.param.Param` attribute is deprecated. Please use `'airflow.sdk.Param'`.","category":"DeprecatedImportWarning","filename":"/opt/airflow/dags/dag.py","lineno":14,"logger":"py.warnings"}
{"timestamp":"2025-12-29T12:01:17.300602Z","level":"warning","event":"The `airflow.operators.python.get_current_context` attribute is deprecated. Please use `'airflow.sdk.get_current_context'`.","category":"DeprecatedImportWarning","filename":"/opt/airflow/dags/dag.py","lineno":22,"logger":"py.warnings"}
{"timestamp":"2025-12-29T12:01:47.902036Z","level":"info","event":"Filling up the DagBag from /opt/airflow/dags/dag.py","logger":"airflow.models.dagbag.DagBag","filename":"dagbag.py","lineno":593}
{"timestamp":"2025-12-29T12:01:47.936660Z","level":"warning","event":"The `airflow.decorators.dag` attribute is deprecated. Please use `'airflow.sdk.dag'`.","category":"DeprecatedImportWarning","filename":"/opt/airflow/dags/dag.py","lineno":3,"logger":"py.warnings"}
{"timestamp":"2025-12-29T12:01:47.936716Z","level":"warning","event":"The `airflow.decorators.task` attribute is deprecated. Please use `'airflow.sdk.task'`.","category":"DeprecatedImportWarning","filename":"/opt/airflow/dags/dag.py","lineno":4,"logger":"py.warnings"}
{"timestamp":"2025-12-29T12:01:47.936737Z","level":"warning","event":"The `airflow.operators.empty.EmptyOperator` attribute is deprecated. Please use `'airflow.providers.standard.operators.empty.EmptyOperator'`.","category":"DeprecatedImportWarning","filename":"/opt/airflow/dags/dag.py","lineno":5,"logger":"py.warnings"}
{"timestamp":"2025-12-29T12:01:47.936756Z","level":"warning","event":"The `airflow.operators.python.get_current_context` attribute is deprecated. Please use `'airflow.sdk.get_current_context'`.","category":"DeprecatedImportWarning","filename":"/opt/airflow/dags/dag.py","lineno":7,"logger":"py.warnings"}
{"timestamp":"2025-12-29T12:01:47.936774Z","level":"warning","event":"The `airflow.models.param.Param` attribute is deprecated. Please use `'airflow.sdk.Param'`.","category":"DeprecatedImportWarning","filename":"/opt/airflow/dags/dag.py","lineno":14,"logger":"py.warnings"}
{"timestamp":"2025-12-29T12:01:47.936791Z","level":"warning","event":"The `airflow.operators.python.get_current_context` attribute is deprecated. Please use `'airflow.sdk.get_current_context'`.","category":"DeprecatedImportWarning","filename":"/opt/airflow/dags/dag.py","lineno":22,"logger":"py.warnings"}
{"timestamp":"2025-12-29T12:02:18.344678Z","level":"info","event":"Filling up the DagBag from /opt/airflow/dags/dag.py","logger":"airflow.models.dagbag.DagBag","filename":"dagbag.py","lineno":593}
{"timestamp":"2025-12-29T12:02:18.375739Z","level":"warning","event":"The `airflow.decorators.dag` attribute is deprecated. Please use `'airflow.sdk.dag'`.","category":"DeprecatedImportWarning","filename":"/opt/airflow/dags/dag.py","lineno":3,"logger":"py.warnings"}
{"timestamp":"2025-12-29T12:02:18.375796Z","level":"warning","event":"The `airflow.decorators.task` attribute is deprecated. Please use `'airflow.sdk.task'`.","category":"DeprecatedImportWarning","filename":"/opt/airflow/dags/dag.py","lineno":4,"logger":"py.warnings"}
{"timestamp":"2025-12-29T12:02:18.375822Z","level":"warning","event":"The `airflow.operators.empty.EmptyOperator` attribute is deprecated. Please use `'airflow.providers.standard.operators.empty.EmptyOperator'`.","category":"DeprecatedImportWarning","filename":"/opt/airflow/dags/dag.py","lineno":5,"logger":"py.warnings"}
{"timestamp":"2025-12-29T12:02:18.375846Z","level":"warning","event":"The `airflow.operators.python.get_current_context` attribute is deprecated. Please use `'airflow.sdk.get_current_context'`.","category":"DeprecatedImportWarning","filename":"/opt/airflow/dags/dag.py","lineno":7,"logger":"py.warnings"}
{"timestamp":"2025-12-29T12:02:18.375868Z","level":"warning","event":"The `airflow.models.param.Param` attribute is deprecated. Please use `'airflow.sdk.Param'`.","category":"DeprecatedImportWarning","filename":"/opt/airflow/dags/dag.py","lineno":14,"logger":"py.warnings"}
{"timestamp":"2025-12-29T12:02:18.375889Z","level":"warning","event":"The `airflow.operators.python.get_current_context` attribute is deprecated. Please use `'airflow.sdk.get_current_context'`.","category":"DeprecatedImportWarning","filename":"/opt/airflow/dags/dag.py","lineno":22,"logger":"py.warnings"}
{"timestamp":"2025-12-29T12:02:48.838377Z","level":"info","event":"Filling up the DagBag from /opt/airflow/dags/dag.py","logger":"airflow.models.dagbag.DagBag","filename":"dagbag.py","lineno":593}
{"timestamp":"2025-12-29T12:02:48.869041Z","level":"warning","event":"The `airflow.decorators.dag` attribute is deprecated. Please use `'airflow.sdk.dag'`.","category":"DeprecatedImportWarning","filename":"/opt/airflow/dags/dag.py","lineno":3,"logger":"py.warnings"}
{"timestamp":"2025-12-29T12:02:48.869097Z","level":"warning","event":"The `airflow.decorators.task` attribute is deprecated. Please use `'airflow.sdk.task'`.","category":"DeprecatedImportWarning","filename":"/opt/airflow/dags/dag.py","lineno":4,"logger":"py.warnings"}
{"timestamp":"2025-12-29T12:02:48.869140Z","level":"warning","event":"The `airflow.operators.empty.EmptyOperator` attribute is deprecated. Please use `'airflow.providers.standard.operators.empty.EmptyOperator'`.","category":"DeprecatedImportWarning","filename":"/opt/airflow/dags/dag.py","lineno":5,"logger":"py.warnings"}
{"timestamp":"2025-12-29T12:02:48.869165Z","level":"warning","event":"The `airflow.operators.python.get_current_context` attribute is deprecated. Please use `'airflow.sdk.get_current_context'`.","category":"DeprecatedImportWarning","filename":"/opt/airflow/dags/dag.py","lineno":7,"logger":"py.warnings"}
{"timestamp":"2025-12-29T12:02:48.869189Z","level":"warning","event":"The `airflow.models.param.Param` attribute is deprecated. Please use `'airflow.sdk.Param'`.","category":"DeprecatedImportWarning","filename":"/opt/airflow/dags/dag.py","lineno":14,"logger":"py.warnings"}
{"timestamp":"2025-12-29T12:02:48.869210Z","level":"warning","event":"The `airflow.operators.python.get_current_context` attribute is deprecated. Please use `'airflow.sdk.get_current_context'`.","category":"DeprecatedImportWarning","filename":"/opt/airflow/dags/dag.py","lineno":22,"logger":"py.warnings"}
{"timestamp":"2025-12-29T12:03:19.318724Z","level":"info","event":"Filling up the DagBag from /opt/airflow/dags/dag.py","logger":"airflow.models.dagbag.DagBag","filename":"dagbag.py","lineno":593}
{"timestamp":"2025-12-29T12:03:19.347621Z","level":"warning","event":"The `airflow.decorators.dag` attribute is deprecated. Please use `'airflow.sdk.dag'`.","category":"DeprecatedImportWarning","filename":"/opt/airflow/dags/dag.py","lineno":3,"logger":"py.warnings"}
{"timestamp":"2025-12-29T12:03:19.347675Z","level":"warning","event":"The `airflow.decorators.task` attribute is deprecated. Please use `'airflow.sdk.task'`.","category":"DeprecatedImportWarning","filename":"/opt/airflow/dags/dag.py","lineno":4,"logger":"py.warnings"}
{"timestamp":"2025-12-29T12:03:19.347701Z","level":"warning","event":"The `airflow.operators.empty.EmptyOperator` attribute is deprecated. Please use `'airflow.providers.standard.operators.empty.EmptyOperator'`.","category":"DeprecatedImportWarning","filename":"/opt/airflow/dags/dag.py","lineno":5,"logger":"py.warnings"}
{"timestamp":"2025-12-29T12:03:19.347723Z","level":"warning","event":"The `airflow.operators.python.get_current_context` attribute is deprecated. Please use `'airflow.sdk.get_current_context'`.","category":"DeprecatedImportWarning","filename":"/opt/airflow/dags/dag.py","lineno":7,"logger":"py.warnings"}
{"timestamp":"2025-12-29T12:03:19.347744Z","level":"warning","event":"The `airflow.models.param.Param` attribute is deprecated. Please use `'airflow.sdk.Param'`.","category":"DeprecatedImportWarning","filename":"/opt/airflow/dags/dag.py","lineno":14,"logger":"py.warnings"}
{"timestamp":"2025-12-29T12:03:19.347764Z","level":"warning","event":"The `airflow.operators.python.get_current_context` attribute is deprecated. Please use `'airflow.sdk.get_current_context'`.","category":"DeprecatedImportWarning","filename":"/opt/airflow/dags/dag.py","lineno":22,"logger":"py.warnings"}
{"timestamp":"2025-12-29T12:03:49.774670Z","level":"info","event":"Filling up the DagBag from /opt/airflow/dags/dag.py","logger":"airflow.models.dagbag.DagBag","filename":"dagbag.py","lineno":593}
{"timestamp":"2025-12-29T12:03:49.803799Z","level":"warning","event":"The `airflow.decorators.dag` attribute is deprecated. Please use `'airflow.sdk.dag'`.","category":"DeprecatedImportWarning","filename":"/opt/airflow/dags/dag.py","lineno":3,"logger":"py.warnings"}
{"timestamp":"2025-12-29T12:03:49.803856Z","level":"warning","event":"The `airflow.decorators.task` attribute is deprecated. Please use `'airflow.sdk.task'`.","category":"DeprecatedImportWarning","filename":"/opt/airflow/dags/dag.py","lineno":4,"logger":"py.warnings"}
{"timestamp":"2025-12-29T12:03:49.803883Z","level":"warning","event":"The `airflow.operators.empty.EmptyOperator` attribute is deprecated. Please use `'airflow.providers.standard.operators.empty.EmptyOperator'`.","category":"DeprecatedImportWarning","filename":"/opt/airflow/dags/dag.py","lineno":5,"logger":"py.warnings"}
{"timestamp":"2025-12-29T12:03:49.803906Z","level":"warning","event":"The `airflow.operators.python.get_current_context` attribute is deprecated. Please use `'airflow.sdk.get_current_context'`.","category":"DeprecatedImportWarning","filename":"/opt/airflow/dags/dag.py","lineno":7,"logger":"py.warnings"}
{"timestamp":"2025-12-29T12:03:49.803928Z","level":"warning","event":"The `airflow.models.param.Param` attribute is deprecated. Please use `'airflow.sdk.Param'`.","category":"DeprecatedImportWarning","filename":"/opt/airflow/dags/dag.py","lineno":14,"logger":"py.warnings"}
{"timestamp":"2025-12-29T12:03:49.803949Z","level":"warning","event":"The `airflow.operators.python.get_current_context` attribute is deprecated. Please use `'airflow.sdk.get_current_context'`.","category":"DeprecatedImportWarning","filename":"/opt/airflow/dags/dag.py","lineno":22,"logger":"py.warnings"}
{"timestamp":"2025-12-29T12:04:20.222046Z","level":"info","event":"Filling up the DagBag from /opt/airflow/dags/dag.py","logger":"airflow.models.dagbag.DagBag","filename":"dagbag.py","lineno":593}
{"timestamp":"2025-12-29T12:04:20.251358Z","level":"warning","event":"The `airflow.decorators.dag` attribute is deprecated. Please use `'airflow.sdk.dag'`.","category":"DeprecatedImportWarning","filename":"/opt/airflow/dags/dag.py","lineno":3,"logger":"py.warnings"}
{"timestamp":"2025-12-29T12:04:20.251413Z","level":"warning","event":"The `airflow.decorators.task` attribute is deprecated. Please use `'airflow.sdk.task'`.","category":"DeprecatedImportWarning","filename":"/opt/airflow/dags/dag.py","lineno":4,"logger":"py.warnings"}
{"timestamp":"2025-12-29T12:04:20.251440Z","level":"warning","event":"The `airflow.operators.empty.EmptyOperator` attribute is deprecated. Please use `'airflow.providers.standard.operators.empty.EmptyOperator'`.","category":"DeprecatedImportWarning","filename":"/opt/airflow/dags/dag.py","lineno":5,"logger":"py.warnings"}
{"timestamp":"2025-12-29T12:04:20.251470Z","level":"warning","event":"The `airflow.operators.python.get_current_context` attribute is deprecated. Please use `'airflow.sdk.get_current_context'`.","category":"DeprecatedImportWarning","filename":"/opt/airflow/dags/dag.py","lineno":7,"logger":"py.warnings"}
{"timestamp":"2025-12-29T12:04:20.251493Z","level":"warning","event":"The `airflow.models.param.Param` attribute is deprecated. Please use `'airflow.sdk.Param'`.","category":"DeprecatedImportWarning","filename":"/opt/airflow/dags/dag.py","lineno":14,"logger":"py.warnings"}
{"timestamp":"2025-12-29T12:04:20.251515Z","level":"warning","event":"The `airflow.operators.python.get_current_context` attribute is deprecated. Please use `'airflow.sdk.get_current_context'`.","category":"DeprecatedImportWarning","filename":"/opt/airflow/dags/dag.py","lineno":22,"logger":"py.warnings"}
{"timestamp":"2025-12-29T12:04:50.690678Z","level":"info","event":"Filling up the DagBag from /opt/airflow/dags/dag.py","logger":"airflow.models.dagbag.DagBag","filename":"dagbag.py","lineno":593}
{"timestamp":"2025-12-29T12:04:50.718055Z","level":"warning","event":"The `airflow.decorators.dag` attribute is deprecated. Please use `'airflow.sdk.dag'`.","category":"DeprecatedImportWarning","filename":"/opt/airflow/dags/dag.py","lineno":3,"logger":"py.warnings"}
{"timestamp":"2025-12-29T12:04:50.718112Z","level":"warning","event":"The `airflow.decorators.task` attribute is deprecated. Please use `'airflow.sdk.task'`.","category":"DeprecatedImportWarning","filename":"/opt/airflow/dags/dag.py","lineno":4,"logger":"py.warnings"}
{"timestamp":"2025-12-29T12:04:50.718137Z","level":"warning","event":"The `airflow.operators.empty.EmptyOperator` attribute is deprecated. Please use `'airflow.providers.standard.operators.empty.EmptyOperator'`.","category":"DeprecatedImportWarning","filename":"/opt/airflow/dags/dag.py","lineno":5,"logger":"py.warnings"}
{"timestamp":"2025-12-29T12:04:50.718158Z","level":"warning","event":"The `airflow.operators.python.get_current_context` attribute is deprecated. Please use `'airflow.sdk.get_current_context'`.","category":"DeprecatedImportWarning","filename":"/opt/airflow/dags/dag.py","lineno":7,"logger":"py.warnings"}
{"timestamp":"2025-12-29T12:04:50.718179Z","level":"warning","event":"The `airflow.models.param.Param` attribute is deprecated. Please use `'airflow.sdk.Param'`.","category":"DeprecatedImportWarning","filename":"/opt/airflow/dags/dag.py","lineno":14,"logger":"py.warnings"}
{"timestamp":"2025-12-29T12:04:50.718199Z","level":"warning","event":"The `airflow.operators.python.get_current_context` attribute is deprecated. Please use `'airflow.sdk.get_current_context'`.","category":"DeprecatedImportWarning","filename":"/opt/airflow/dags/dag.py","lineno":22,"logger":"py.warnings"}
{"timestamp":"2025-12-29T12:05:21.148662Z","level":"info","event":"Filling up the DagBag from /opt/airflow/dags/dag.py","logger":"airflow.models.dagbag.DagBag","filename":"dagbag.py","lineno":593}
{"timestamp":"2025-12-29T12:05:21.179903Z","level":"warning","event":"The `airflow.decorators.dag` attribute is deprecated. Please use `'airflow.sdk.dag'`.","category":"DeprecatedImportWarning","filename":"/opt/airflow/dags/dag.py","lineno":3,"logger":"py.warnings"}
{"timestamp":"2025-12-29T12:05:21.179959Z","level":"warning","event":"The `airflow.decorators.task` attribute is deprecated. Please use `'airflow.sdk.task'`.","category":"DeprecatedImportWarning","filename":"/opt/airflow/dags/dag.py","lineno":4,"logger":"py.warnings"}
{"timestamp":"2025-12-29T12:05:21.179986Z","level":"warning","event":"The `airflow.operators.empty.EmptyOperator` attribute is deprecated. Please use `'airflow.providers.standard.operators.empty.EmptyOperator'`.","category":"DeprecatedImportWarning","filename":"/opt/airflow/dags/dag.py","lineno":5,"logger":"py.warnings"}
{"timestamp":"2025-12-29T12:05:21.180010Z","level":"warning","event":"The `airflow.operators.python.get_current_context` attribute is deprecated. Please use `'airflow.sdk.get_current_context'`.","category":"DeprecatedImportWarning","filename":"/opt/airflow/dags/dag.py","lineno":7,"logger":"py.warnings"}
{"timestamp":"2025-12-29T12:05:21.180033Z","level":"warning","event":"The `airflow.models.param.Param` attribute is deprecated. Please use `'airflow.sdk.Param'`.","category":"DeprecatedImportWarning","filename":"/opt/airflow/dags/dag.py","lineno":14,"logger":"py.warnings"}
{"timestamp":"2025-12-29T12:05:21.180055Z","level":"warning","event":"The `airflow.operators.python.get_current_context` attribute is deprecated. Please use `'airflow.sdk.get_current_context'`.","category":"DeprecatedImportWarning","filename":"/opt/airflow/dags/dag.py","lineno":22,"logger":"py.warnings"}
{"timestamp":"2025-12-29T12:05:51.656696Z","level":"info","event":"Filling up the DagBag from /opt/airflow/dags/dag.py","logger":"airflow.models.dagbag.DagBag","filename":"dagbag.py","lineno":593}
{"timestamp":"2025-12-29T12:05:51.688521Z","level":"warning","event":"The `airflow.decorators.dag` attribute is deprecated. Please use `'airflow.sdk.dag'`.","category":"DeprecatedImportWarning","filename":"/opt/airflow/dags/dag.py","lineno":3,"logger":"py.warnings"}
{"timestamp":"2025-12-29T12:05:51.688577Z","level":"warning","event":"The `airflow.decorators.task` attribute is deprecated. Please use `'airflow.sdk.task'`.","category":"DeprecatedImportWarning","filename":"/opt/airflow/dags/dag.py","lineno":4,"logger":"py.warnings"}
{"timestamp":"2025-12-29T12:05:51.688604Z","level":"warning","event":"The `airflow.operators.empty.EmptyOperator` attribute is deprecated. Please use `'airflow.providers.standard.operators.empty.EmptyOperator'`.","category":"DeprecatedImportWarning","filename":"/opt/airflow/dags/dag.py","lineno":5,"logger":"py.warnings"}
{"timestamp":"2025-12-29T12:05:51.688628Z","level":"warning","event":"The `airflow.operators.python.get_current_context` attribute is deprecated. Please use `'airflow.sdk.get_current_context'`.","category":"DeprecatedImportWarning","filename":"/opt/airflow/dags/dag.py","lineno":7,"logger":"py.warnings"}
{"timestamp":"2025-12-29T12:05:51.688651Z","level":"warning","event":"The `airflow.models.param.Param` attribute is deprecated. Please use `'airflow.sdk.Param'`.","category":"DeprecatedImportWarning","filename":"/opt/airflow/dags/dag.py","lineno":14,"logger":"py.warnings"}
{"timestamp":"2025-12-29T12:05:51.688672Z","level":"warning","event":"The `airflow.operators.python.get_current_context` attribute is deprecated. Please use `'airflow.sdk.get_current_context'`.","category":"DeprecatedImportWarning","filename":"/opt/airflow/dags/dag.py","lineno":22,"logger":"py.warnings"}
{"timestamp":"2025-12-29T12:06:22.132546Z","level":"info","event":"Filling up the DagBag from /opt/airflow/dags/dag.py","logger":"airflow.models.dagbag.DagBag","filename":"dagbag.py","lineno":593}
{"timestamp":"2025-12-29T12:06:22.162179Z","level":"warning","event":"The `airflow.decorators.dag` attribute is deprecated. Please use `'airflow.sdk.dag'`.","category":"DeprecatedImportWarning","filename":"/opt/airflow/dags/dag.py","lineno":3,"logger":"py.warnings"}
{"timestamp":"2025-12-29T12:06:22.162237Z","level":"warning","event":"The `airflow.decorators.task` attribute is deprecated. Please use `'airflow.sdk.task'`.","category":"DeprecatedImportWarning","filename":"/opt/airflow/dags/dag.py","lineno":4,"logger":"py.warnings"}
{"timestamp":"2025-12-29T12:06:22.162264Z","level":"warning","event":"The `airflow.operators.empty.EmptyOperator` attribute is deprecated. Please use `'airflow.providers.standard.operators.empty.EmptyOperator'`.","category":"DeprecatedImportWarning","filename":"/opt/airflow/dags/dag.py","lineno":5,"logger":"py.warnings"}
{"timestamp":"2025-12-29T12:06:22.162288Z","level":"warning","event":"The `airflow.operators.python.get_current_context` attribute is deprecated. Please use `'airflow.sdk.get_current_context'`.","category":"DeprecatedImportWarning","filename":"/opt/airflow/dags/dag.py","lineno":7,"logger":"py.warnings"}
{"timestamp":"2025-12-29T12:06:22.162310Z","level":"warning","event":"The `airflow.models.param.Param` attribute is deprecated. Please use `'airflow.sdk.Param'`.","category":"DeprecatedImportWarning","filename":"/opt/airflow/dags/dag.py","lineno":14,"logger":"py.warnings"}
{"timestamp":"2025-12-29T12:06:22.162331Z","level":"warning","event":"The `airflow.operators.python.get_current_context` attribute is deprecated. Please use `'airflow.sdk.get_current_context'`.","category":"DeprecatedImportWarning","filename":"/opt/airflow/dags/dag.py","lineno":22,"logger":"py.warnings"}
{"timestamp":"2025-12-29T12:06:52.577797Z","level":"info","event":"Filling up the DagBag from /opt/airflow/dags/dag.py","logger":"airflow.models.dagbag.DagBag","filename":"dagbag.py","lineno":593}
{"timestamp":"2025-12-29T12:06:52.610083Z","level":"warning","event":"The `airflow.decorators.dag` attribute is deprecated. Please use `'airflow.sdk.dag'`.","category":"DeprecatedImportWarning","filename":"/opt/airflow/dags/dag.py","lineno":3,"logger":"py.warnings"}
{"timestamp":"2025-12-29T12:06:52.610268Z","level":"warning","event":"The `airflow.decorators.task` attribute is deprecated. Please use `'airflow.sdk.task'`.","category":"DeprecatedImportWarning","filename":"/opt/airflow/dags/dag.py","lineno":4,"logger":"py.warnings"}
{"timestamp":"2025-12-29T12:06:52.610299Z","level":"warning","event":"The `airflow.operators.empty.EmptyOperator` attribute is deprecated. Please use `'airflow.providers.standard.operators.empty.EmptyOperator'`.","category":"DeprecatedImportWarning","filename":"/opt/airflow/dags/dag.py","lineno":5,"logger":"py.warnings"}
{"timestamp":"2025-12-29T12:06:52.610323Z","level":"warning","event":"The `airflow.operators.python.get_current_context` attribute is deprecated. Please use `'airflow.sdk.get_current_context'`.","category":"DeprecatedImportWarning","filename":"/opt/airflow/dags/dag.py","lineno":7,"logger":"py.warnings"}
{"timestamp":"2025-12-29T12:06:52.610346Z","level":"warning","event":"The `airflow.models.param.Param` attribute is deprecated. Please use `'airflow.sdk.Param'`.","category":"DeprecatedImportWarning","filename":"/opt/airflow/dags/dag.py","lineno":14,"logger":"py.warnings"}
{"timestamp":"2025-12-29T12:06:52.610366Z","level":"warning","event":"The `airflow.operators.python.get_current_context` attribute is deprecated. Please use `'airflow.sdk.get_current_context'`.","category":"DeprecatedImportWarning","filename":"/opt/airflow/dags/dag.py","lineno":22,"logger":"py.warnings"}
{"timestamp":"2025-12-29T12:07:23.073547Z","level":"info","event":"Filling up the DagBag from /opt/airflow/dags/dag.py","logger":"airflow.models.dagbag.DagBag","filename":"dagbag.py","lineno":593}
{"timestamp":"2025-12-29T12:07:23.104946Z","level":"warning","event":"The `airflow.decorators.dag` attribute is deprecated. Please use `'airflow.sdk.dag'`.","category":"DeprecatedImportWarning","filename":"/opt/airflow/dags/dag.py","lineno":3,"logger":"py.warnings"}
{"timestamp":"2025-12-29T12:07:23.105001Z","level":"warning","event":"The `airflow.decorators.task` attribute is deprecated. Please use `'airflow.sdk.task'`.","category":"DeprecatedImportWarning","filename":"/opt/airflow/dags/dag.py","lineno":4,"logger":"py.warnings"}
{"timestamp":"2025-12-29T12:07:23.105027Z","level":"warning","event":"The `airflow.operators.empty.EmptyOperator` attribute is deprecated. Please use `'airflow.providers.standard.operators.empty.EmptyOperator'`.","category":"DeprecatedImportWarning","filename":"/opt/airflow/dags/dag.py","lineno":5,"logger":"py.warnings"}
{"timestamp":"2025-12-29T12:07:23.105051Z","level":"warning","event":"The `airflow.operators.python.get_current_context` attribute is deprecated. Please use `'airflow.sdk.get_current_context'`.","category":"DeprecatedImportWarning","filename":"/opt/airflow/dags/dag.py","lineno":7,"logger":"py.warnings"}
{"timestamp":"2025-12-29T12:07:23.105073Z","level":"warning","event":"The `airflow.models.param.Param` attribute is deprecated. Please use `'airflow.sdk.Param'`.","category":"DeprecatedImportWarning","filename":"/opt/airflow/dags/dag.py","lineno":14,"logger":"py.warnings"}
{"timestamp":"2025-12-29T12:07:23.105093Z","level":"warning","event":"The `airflow.operators.python.get_current_context` attribute is deprecated. Please use `'airflow.sdk.get_current_context'`.","category":"DeprecatedImportWarning","filename":"/opt/airflow/dags/dag.py","lineno":22,"logger":"py.warnings"}
{"timestamp":"2025-12-29T12:07:53.603358Z","level":"info","event":"Filling up the DagBag from /opt/airflow/dags/dag.py","logger":"airflow.models.dagbag.DagBag","filename":"dagbag.py","lineno":593}
{"timestamp":"2025-12-29T12:07:53.637272Z","level":"warning","event":"The `airflow.decorators.dag` attribute is deprecated. Please use `'airflow.sdk.dag'`.","category":"DeprecatedImportWarning","filename":"/opt/airflow/dags/dag.py","lineno":3,"logger":"py.warnings"}
{"timestamp":"2025-12-29T12:07:53.637515Z","level":"warning","event":"The `airflow.decorators.task` attribute is deprecated. Please use `'airflow.sdk.task'`.","category":"DeprecatedImportWarning","filename":"/opt/airflow/dags/dag.py","lineno":4,"logger":"py.warnings"}
{"timestamp":"2025-12-29T12:07:53.637560Z","level":"warning","event":"The `airflow.operators.empty.EmptyOperator` attribute is deprecated. Please use `'airflow.providers.standard.operators.empty.EmptyOperator'`.","category":"DeprecatedImportWarning","filename":"/opt/airflow/dags/dag.py","lineno":5,"logger":"py.warnings"}
{"timestamp":"2025-12-29T12:07:53.637585Z","level":"warning","event":"The `airflow.operators.python.get_current_context` attribute is deprecated. Please use `'airflow.sdk.get_current_context'`.","category":"DeprecatedImportWarning","filename":"/opt/airflow/dags/dag.py","lineno":7,"logger":"py.warnings"}
{"timestamp":"2025-12-29T12:07:53.637607Z","level":"warning","event":"The `airflow.models.param.Param` attribute is deprecated. Please use `'airflow.sdk.Param'`.","category":"DeprecatedImportWarning","filename":"/opt/airflow/dags/dag.py","lineno":14,"logger":"py.warnings"}
{"timestamp":"2025-12-29T12:07:53.637626Z","level":"warning","event":"The `airflow.operators.python.get_current_context` attribute is deprecated. Please use `'airflow.sdk.get_current_context'`.","category":"DeprecatedImportWarning","filename":"/opt/airflow/dags/dag.py","lineno":22,"logger":"py.warnings"}
{"timestamp":"2025-12-29T12:08:24.096182Z","level":"info","event":"Filling up the DagBag from /opt/airflow/dags/dag.py","logger":"airflow.models.dagbag.DagBag","filename":"dagbag.py","lineno":593}
{"timestamp":"2025-12-29T12:08:24.134355Z","level":"warning","event":"The `airflow.decorators.dag` attribute is deprecated. Please use `'airflow.sdk.dag'`.","category":"DeprecatedImportWarning","filename":"/opt/airflow/dags/dag.py","lineno":3,"logger":"py.warnings"}
{"timestamp":"2025-12-29T12:08:24.134588Z","level":"warning","event":"The `airflow.decorators.task` attribute is deprecated. Please use `'airflow.sdk.task'`.","category":"DeprecatedImportWarning","filename":"/opt/airflow/dags/dag.py","lineno":4,"logger":"py.warnings"}
{"timestamp":"2025-12-29T12:08:24.134617Z","level":"warning","event":"The `airflow.operators.empty.EmptyOperator` attribute is deprecated. Please use `'airflow.providers.standard.operators.empty.EmptyOperator'`.","category":"DeprecatedImportWarning","filename":"/opt/airflow/dags/dag.py","lineno":5,"logger":"py.warnings"}
{"timestamp":"2025-12-29T12:08:24.134990Z","level":"warning","event":"The `airflow.operators.python.get_current_context` attribute is deprecated. Please use `'airflow.sdk.get_current_context'`.","category":"DeprecatedImportWarning","filename":"/opt/airflow/dags/dag.py","lineno":7,"logger":"py.warnings"}
{"timestamp":"2025-12-29T12:08:24.135013Z","level":"warning","event":"The `airflow.models.param.Param` attribute is deprecated. Please use `'airflow.sdk.Param'`.","category":"DeprecatedImportWarning","filename":"/opt/airflow/dags/dag.py","lineno":14,"logger":"py.warnings"}
{"timestamp":"2025-12-29T12:08:24.135033Z","level":"warning","event":"The `airflow.operators.python.get_current_context` attribute is deprecated. Please use `'airflow.sdk.get_current_context'`.","category":"DeprecatedImportWarning","filename":"/opt/airflow/dags/dag.py","lineno":22,"logger":"py.warnings"}
{"timestamp":"2025-12-29T12:08:54.799734Z","level":"info","event":"Filling up the DagBag from /opt/airflow/dags/dag.py","logger":"airflow.models.dagbag.DagBag","filename":"dagbag.py","lineno":593}
{"timestamp":"2025-12-29T12:08:54.833345Z","level":"warning","event":"The `airflow.decorators.dag` attribute is deprecated. Please use `'airflow.sdk.dag'`.","category":"DeprecatedImportWarning","filename":"/opt/airflow/dags/dag.py","lineno":3,"logger":"py.warnings"}
{"timestamp":"2025-12-29T12:08:54.833534Z","level":"warning","event":"The `airflow.decorators.task` attribute is deprecated. Please use `'airflow.sdk.task'`.","category":"DeprecatedImportWarning","filename":"/opt/airflow/dags/dag.py","lineno":4,"logger":"py.warnings"}
{"timestamp":"2025-12-29T12:08:54.833873Z","level":"warning","event":"The `airflow.operators.empty.EmptyOperator` attribute is deprecated. Please use `'airflow.providers.standard.operators.empty.EmptyOperator'`.","category":"DeprecatedImportWarning","filename":"/opt/airflow/dags/dag.py","lineno":5,"logger":"py.warnings"}
{"timestamp":"2025-12-29T12:08:54.834018Z","level":"warning","event":"The `airflow.operators.python.get_current_context` attribute is deprecated. Please use `'airflow.sdk.get_current_context'`.","category":"DeprecatedImportWarning","filename":"/opt/airflow/dags/dag.py","lineno":7,"logger":"py.warnings"}
{"timestamp":"2025-12-29T12:08:54.834070Z","level":"warning","event":"The `airflow.models.param.Param` attribute is deprecated. Please use `'airflow.sdk.Param'`.","category":"DeprecatedImportWarning","filename":"/opt/airflow/dags/dag.py","lineno":14,"logger":"py.warnings"}
{"timestamp":"2025-12-29T12:08:54.834095Z","level":"warning","event":"The `airflow.operators.python.get_current_context` attribute is deprecated. Please use `'airflow.sdk.get_current_context'`.","category":"DeprecatedImportWarning","filename":"/opt/airflow/dags/dag.py","lineno":22,"logger":"py.warnings"}
{"timestamp":"2025-12-29T12:09:25.462353Z","level":"info","event":"Filling up the DagBag from /opt/airflow/dags/dag.py","logger":"airflow.models.dagbag.DagBag","filename":"dagbag.py","lineno":593}
{"timestamp":"2025-12-29T12:09:25.569045Z","level":"warning","event":"The `airflow.decorators.dag` attribute is deprecated. Please use `'airflow.sdk.dag'`.","category":"DeprecatedImportWarning","filename":"/opt/airflow/dags/dag.py","lineno":3,"logger":"py.warnings"}
{"timestamp":"2025-12-29T12:09:25.569128Z","level":"warning","event":"The `airflow.decorators.task` attribute is deprecated. Please use `'airflow.sdk.task'`.","category":"DeprecatedImportWarning","filename":"/opt/airflow/dags/dag.py","lineno":4,"logger":"py.warnings"}
{"timestamp":"2025-12-29T12:09:25.569162Z","level":"warning","event":"The `airflow.operators.empty.EmptyOperator` attribute is deprecated. Please use `'airflow.providers.standard.operators.empty.EmptyOperator'`.","category":"DeprecatedImportWarning","filename":"/opt/airflow/dags/dag.py","lineno":5,"logger":"py.warnings"}
{"timestamp":"2025-12-29T12:09:25.569183Z","level":"warning","event":"The `airflow.operators.python.get_current_context` attribute is deprecated. Please use `'airflow.sdk.get_current_context'`.","category":"DeprecatedImportWarning","filename":"/opt/airflow/dags/dag.py","lineno":7,"logger":"py.warnings"}
{"timestamp":"2025-12-29T12:09:25.569202Z","level":"warning","event":"The `airflow.models.param.Param` attribute is deprecated. Please use `'airflow.sdk.Param'`.","category":"DeprecatedImportWarning","filename":"/opt/airflow/dags/dag.py","lineno":14,"logger":"py.warnings"}
{"timestamp":"2025-12-29T12:09:25.569219Z","level":"warning","event":"The `airflow.operators.python.get_current_context` attribute is deprecated. Please use `'airflow.sdk.get_current_context'`.","category":"DeprecatedImportWarning","filename":"/opt/airflow/dags/dag.py","lineno":22,"logger":"py.warnings"}
{"timestamp":"2025-12-29T12:09:56.021194Z","level":"info","event":"Filling up the DagBag from /opt/airflow/dags/dag.py","logger":"airflow.models.dagbag.DagBag","filename":"dagbag.py","lineno":593}
{"timestamp":"2025-12-29T12:09:56.052167Z","level":"warning","event":"The `airflow.decorators.dag` attribute is deprecated. Please use `'airflow.sdk.dag'`.","category":"DeprecatedImportWarning","filename":"/opt/airflow/dags/dag.py","lineno":3,"logger":"py.warnings"}
{"timestamp":"2025-12-29T12:09:56.052223Z","level":"warning","event":"The `airflow.decorators.task` attribute is deprecated. Please use `'airflow.sdk.task'`.","category":"DeprecatedImportWarning","filename":"/opt/airflow/dags/dag.py","lineno":4,"logger":"py.warnings"}
{"timestamp":"2025-12-29T12:09:56.052250Z","level":"warning","event":"The `airflow.operators.empty.EmptyOperator` attribute is deprecated. Please use `'airflow.providers.standard.operators.empty.EmptyOperator'`.","category":"DeprecatedImportWarning","filename":"/opt/airflow/dags/dag.py","lineno":5,"logger":"py.warnings"}
{"timestamp":"2025-12-29T12:09:56.052273Z","level":"warning","event":"The `airflow.operators.python.get_current_context` attribute is deprecated. Please use `'airflow.sdk.get_current_context'`.","category":"DeprecatedImportWarning","filename":"/opt/airflow/dags/dag.py","lineno":7,"logger":"py.warnings"}
{"timestamp":"2025-12-29T12:09:56.052295Z","level":"warning","event":"The `airflow.models.param.Param` attribute is deprecated. Please use `'airflow.sdk.Param'`.","category":"DeprecatedImportWarning","filename":"/opt/airflow/dags/dag.py","lineno":14,"logger":"py.warnings"}
{"timestamp":"2025-12-29T12:09:56.052315Z","level":"warning","event":"The `airflow.operators.python.get_current_context` attribute is deprecated. Please use `'airflow.sdk.get_current_context'`.","category":"DeprecatedImportWarning","filename":"/opt/airflow/dags/dag.py","lineno":22,"logger":"py.warnings"}
{"timestamp":"2025-12-29T12:10:26.566856Z","level":"info","event":"Filling up the DagBag from /opt/airflow/dags/dag.py","logger":"airflow.models.dagbag.DagBag","filename":"dagbag.py","lineno":593}
{"timestamp":"2025-12-29T12:10:26.603221Z","level":"warning","event":"The `airflow.decorators.dag` attribute is deprecated. Please use `'airflow.sdk.dag'`.","category":"DeprecatedImportWarning","filename":"/opt/airflow/dags/dag.py","lineno":3,"logger":"py.warnings"}
{"timestamp":"2025-12-29T12:10:26.603451Z","level":"warning","event":"The `airflow.decorators.task` attribute is deprecated. Please use `'airflow.sdk.task'`.","category":"DeprecatedImportWarning","filename":"/opt/airflow/dags/dag.py","lineno":4,"logger":"py.warnings"}
{"timestamp":"2025-12-29T12:10:26.603500Z","level":"warning","event":"The `airflow.operators.empty.EmptyOperator` attribute is deprecated. Please use `'airflow.providers.standard.operators.empty.EmptyOperator'`.","category":"DeprecatedImportWarning","filename":"/opt/airflow/dags/dag.py","lineno":5,"logger":"py.warnings"}
{"timestamp":"2025-12-29T12:10:26.603525Z","level":"warning","event":"The `airflow.operators.python.get_current_context` attribute is deprecated. Please use `'airflow.sdk.get_current_context'`.","category":"DeprecatedImportWarning","filename":"/opt/airflow/dags/dag.py","lineno":7,"logger":"py.warnings"}
{"timestamp":"2025-12-29T12:10:26.603548Z","level":"warning","event":"The `airflow.models.param.Param` attribute is deprecated. Please use `'airflow.sdk.Param'`.","category":"DeprecatedImportWarning","filename":"/opt/airflow/dags/dag.py","lineno":14,"logger":"py.warnings"}
{"timestamp":"2025-12-29T12:10:26.603568Z","level":"warning","event":"The `airflow.operators.python.get_current_context` attribute is deprecated. Please use `'airflow.sdk.get_current_context'`.","category":"DeprecatedImportWarning","filename":"/opt/airflow/dags/dag.py","lineno":22,"logger":"py.warnings"}
{"timestamp":"2025-12-29T12:10:57.074841Z","level":"info","event":"Filling up the DagBag from /opt/airflow/dags/dag.py","logger":"airflow.models.dagbag.DagBag","filename":"dagbag.py","lineno":593}
{"timestamp":"2025-12-29T12:10:57.107864Z","level":"warning","event":"The `airflow.decorators.dag` attribute is deprecated. Please use `'airflow.sdk.dag'`.","category":"DeprecatedImportWarning","filename":"/opt/airflow/dags/dag.py","lineno":3,"logger":"py.warnings"}
{"timestamp":"2025-12-29T12:10:57.107929Z","level":"warning","event":"The `airflow.decorators.task` attribute is deprecated. Please use `'airflow.sdk.task'`.","category":"DeprecatedImportWarning","filename":"/opt/airflow/dags/dag.py","lineno":4,"logger":"py.warnings"}
{"timestamp":"2025-12-29T12:10:57.107954Z","level":"warning","event":"The `airflow.operators.empty.EmptyOperator` attribute is deprecated. Please use `'airflow.providers.standard.operators.empty.EmptyOperator'`.","category":"DeprecatedImportWarning","filename":"/opt/airflow/dags/dag.py","lineno":5,"logger":"py.warnings"}
{"timestamp":"2025-12-29T12:10:57.107977Z","level":"warning","event":"The `airflow.operators.python.get_current_context` attribute is deprecated. Please use `'airflow.sdk.get_current_context'`.","category":"DeprecatedImportWarning","filename":"/opt/airflow/dags/dag.py","lineno":7,"logger":"py.warnings"}
{"timestamp":"2025-12-29T12:10:57.108002Z","level":"warning","event":"The `airflow.models.param.Param` attribute is deprecated. Please use `'airflow.sdk.Param'`.","category":"DeprecatedImportWarning","filename":"/opt/airflow/dags/dag.py","lineno":14,"logger":"py.warnings"}
{"timestamp":"2025-12-29T12:10:57.108022Z","level":"warning","event":"The `airflow.operators.python.get_current_context` attribute is deprecated. Please use `'airflow.sdk.get_current_context'`.","category":"DeprecatedImportWarning","filename":"/opt/airflow/dags/dag.py","lineno":22,"logger":"py.warnings"}
{"timestamp":"2025-12-29T12:11:27.588375Z","level":"info","event":"Filling up the DagBag from /opt/airflow/dags/dag.py","logger":"airflow.models.dagbag.DagBag","filename":"dagbag.py","lineno":593}
{"timestamp":"2025-12-29T12:11:27.627291Z","level":"warning","event":"The `airflow.decorators.dag` attribute is deprecated. Please use `'airflow.sdk.dag'`.","category":"DeprecatedImportWarning","filename":"/opt/airflow/dags/dag.py","lineno":3,"logger":"py.warnings"}
{"timestamp":"2025-12-29T12:11:27.627343Z","level":"warning","event":"The `airflow.decorators.task` attribute is deprecated. Please use `'airflow.sdk.task'`.","category":"DeprecatedImportWarning","filename":"/opt/airflow/dags/dag.py","lineno":4,"logger":"py.warnings"}
{"timestamp":"2025-12-29T12:11:27.627367Z","level":"warning","event":"The `airflow.operators.empty.EmptyOperator` attribute is deprecated. Please use `'airflow.providers.standard.operators.empty.EmptyOperator'`.","category":"DeprecatedImportWarning","filename":"/opt/airflow/dags/dag.py","lineno":5,"logger":"py.warnings"}
{"timestamp":"2025-12-29T12:11:27.627388Z","level":"warning","event":"The `airflow.operators.python.get_current_context` attribute is deprecated. Please use `'airflow.sdk.get_current_context'`.","category":"DeprecatedImportWarning","filename":"/opt/airflow/dags/dag.py","lineno":7,"logger":"py.warnings"}
{"timestamp":"2025-12-29T12:11:27.627408Z","level":"warning","event":"The `airflow.models.param.Param` attribute is deprecated. Please use `'airflow.sdk.Param'`.","category":"DeprecatedImportWarning","filename":"/opt/airflow/dags/dag.py","lineno":14,"logger":"py.warnings"}
{"timestamp":"2025-12-29T12:11:27.627426Z","level":"warning","event":"The `airflow.operators.python.get_current_context` attribute is deprecated. Please use `'airflow.sdk.get_current_context'`.","category":"DeprecatedImportWarning","filename":"/opt/airflow/dags/dag.py","lineno":22,"logger":"py.warnings"}
{"timestamp":"2025-12-29T12:11:58.086465Z","level":"info","event":"Filling up the DagBag from /opt/airflow/dags/dag.py","logger":"airflow.models.dagbag.DagBag","filename":"dagbag.py","lineno":593}
{"timestamp":"2025-12-29T12:11:58.119043Z","level":"warning","event":"The `airflow.decorators.dag` attribute is deprecated. Please use `'airflow.sdk.dag'`.","category":"DeprecatedImportWarning","filename":"/opt/airflow/dags/dag.py","lineno":3,"logger":"py.warnings"}
{"timestamp":"2025-12-29T12:11:58.119101Z","level":"warning","event":"The `airflow.decorators.task` attribute is deprecated. Please use `'airflow.sdk.task'`.","category":"DeprecatedImportWarning","filename":"/opt/airflow/dags/dag.py","lineno":4,"logger":"py.warnings"}
{"timestamp":"2025-12-29T12:11:58.119127Z","level":"warning","event":"The `airflow.operators.empty.EmptyOperator` attribute is deprecated. Please use `'airflow.providers.standard.operators.empty.EmptyOperator'`.","category":"DeprecatedImportWarning","filename":"/opt/airflow/dags/dag.py","lineno":5,"logger":"py.warnings"}
{"timestamp":"2025-12-29T12:11:58.119149Z","level":"warning","event":"The `airflow.operators.python.get_current_context` attribute is deprecated. Please use `'airflow.sdk.get_current_context'`.","category":"DeprecatedImportWarning","filename":"/opt/airflow/dags/dag.py","lineno":7,"logger":"py.warnings"}
{"timestamp":"2025-12-29T12:11:58.119171Z","level":"warning","event":"The `airflow.models.param.Param` attribute is deprecated. Please use `'airflow.sdk.Param'`.","category":"DeprecatedImportWarning","filename":"/opt/airflow/dags/dag.py","lineno":14,"logger":"py.warnings"}
{"timestamp":"2025-12-29T12:11:58.119191Z","level":"warning","event":"The `airflow.operators.python.get_current_context` attribute is deprecated. Please use `'airflow.sdk.get_current_context'`.","category":"DeprecatedImportWarning","filename":"/opt/airflow/dags/dag.py","lineno":22,"logger":"py.warnings"}
{"timestamp":"2025-12-29T12:12:28.580422Z","level":"info","event":"Filling up the DagBag from /opt/airflow/dags/dag.py","logger":"airflow.models.dagbag.DagBag","filename":"dagbag.py","lineno":593}
{"timestamp":"2025-12-29T12:12:28.606627Z","level":"warning","event":"The `airflow.decorators.dag` attribute is deprecated. Please use `'airflow.sdk.dag'`.","category":"DeprecatedImportWarning","filename":"/opt/airflow/dags/dag.py","lineno":3,"logger":"py.warnings"}
{"timestamp":"2025-12-29T12:12:28.606679Z","level":"warning","event":"The `airflow.decorators.task` attribute is deprecated. Please use `'airflow.sdk.task'`.","category":"DeprecatedImportWarning","filename":"/opt/airflow/dags/dag.py","lineno":4,"logger":"py.warnings"}
{"timestamp":"2025-12-29T12:12:28.606702Z","level":"warning","event":"The `airflow.operators.empty.EmptyOperator` attribute is deprecated. Please use `'airflow.providers.standard.operators.empty.EmptyOperator'`.","category":"DeprecatedImportWarning","filename":"/opt/airflow/dags/dag.py","lineno":5,"logger":"py.warnings"}
{"timestamp":"2025-12-29T12:12:28.606723Z","level":"warning","event":"The `airflow.operators.python.get_current_context` attribute is deprecated. Please use `'airflow.sdk.get_current_context'`.","category":"DeprecatedImportWarning","filename":"/opt/airflow/dags/dag.py","lineno":7,"logger":"py.warnings"}
{"timestamp":"2025-12-29T12:12:28.606743Z","level":"warning","event":"The `airflow.models.param.Param` attribute is deprecated. Please use `'airflow.sdk.Param'`.","category":"DeprecatedImportWarning","filename":"/opt/airflow/dags/dag.py","lineno":14,"logger":"py.warnings"}
{"timestamp":"2025-12-29T12:12:28.606760Z","level":"warning","event":"The `airflow.operators.python.get_current_context` attribute is deprecated. Please use `'airflow.sdk.get_current_context'`.","category":"DeprecatedImportWarning","filename":"/opt/airflow/dags/dag.py","lineno":22,"logger":"py.warnings"}
{"timestamp":"2025-12-29T12:12:59.135937Z","level":"info","event":"Filling up the DagBag from /opt/airflow/dags/dag.py","logger":"airflow.models.dagbag.DagBag","filename":"dagbag.py","lineno":593}
{"timestamp":"2025-12-29T12:12:59.168807Z","level":"warning","event":"The `airflow.decorators.dag` attribute is deprecated. Please use `'airflow.sdk.dag'`.","category":"DeprecatedImportWarning","filename":"/opt/airflow/dags/dag.py","lineno":3,"logger":"py.warnings"}
{"timestamp":"2025-12-29T12:12:59.168879Z","level":"warning","event":"The `airflow.decorators.task` attribute is deprecated. Please use `'airflow.sdk.task'`.","category":"DeprecatedImportWarning","filename":"/opt/airflow/dags/dag.py","lineno":4,"logger":"py.warnings"}
{"timestamp":"2025-12-29T12:12:59.168909Z","level":"warning","event":"The `airflow.operators.empty.EmptyOperator` attribute is deprecated. Please use `'airflow.providers.standard.operators.empty.EmptyOperator'`.","category":"DeprecatedImportWarning","filename":"/opt/airflow/dags/dag.py","lineno":5,"logger":"py.warnings"}
{"timestamp":"2025-12-29T12:12:59.168931Z","level":"warning","event":"The `airflow.operators.python.get_current_context` attribute is deprecated. Please use `'airflow.sdk.get_current_context'`.","category":"DeprecatedImportWarning","filename":"/opt/airflow/dags/dag.py","lineno":7,"logger":"py.warnings"}
{"timestamp":"2025-12-29T12:12:59.168955Z","level":"warning","event":"The `airflow.models.param.Param` attribute is deprecated. Please use `'airflow.sdk.Param'`.","category":"DeprecatedImportWarning","filename":"/opt/airflow/dags/dag.py","lineno":14,"logger":"py.warnings"}
{"timestamp":"2025-12-29T12:12:59.168975Z","level":"warning","event":"The `airflow.operators.python.get_current_context` attribute is deprecated. Please use `'airflow.sdk.get_current_context'`.","category":"DeprecatedImportWarning","filename":"/opt/airflow/dags/dag.py","lineno":22,"logger":"py.warnings"}
{"timestamp":"2025-12-29T12:13:29.654245Z","level":"info","event":"Filling up the DagBag from /opt/airflow/dags/dag.py","logger":"airflow.models.dagbag.DagBag","filename":"dagbag.py","lineno":593}
{"timestamp":"2025-12-29T12:13:29.686231Z","level":"warning","event":"The `airflow.decorators.dag` attribute is deprecated. Please use `'airflow.sdk.dag'`.","category":"DeprecatedImportWarning","filename":"/opt/airflow/dags/dag.py","lineno":3,"logger":"py.warnings"}
{"timestamp":"2025-12-29T12:13:29.686285Z","level":"warning","event":"The `airflow.decorators.task` attribute is deprecated. Please use `'airflow.sdk.task'`.","category":"DeprecatedImportWarning","filename":"/opt/airflow/dags/dag.py","lineno":4,"logger":"py.warnings"}
{"timestamp":"2025-12-29T12:13:29.686330Z","level":"warning","event":"The `airflow.operators.empty.EmptyOperator` attribute is deprecated. Please use `'airflow.providers.standard.operators.empty.EmptyOperator'`.","category":"DeprecatedImportWarning","filename":"/opt/airflow/dags/dag.py","lineno":5,"logger":"py.warnings"}
{"timestamp":"2025-12-29T12:13:29.686359Z","level":"warning","event":"The `airflow.operators.python.get_current_context` attribute is deprecated. Please use `'airflow.sdk.get_current_context'`.","category":"DeprecatedImportWarning","filename":"/opt/airflow/dags/dag.py","lineno":7,"logger":"py.warnings"}
{"timestamp":"2025-12-29T12:13:29.686387Z","level":"warning","event":"The `airflow.models.param.Param` attribute is deprecated. Please use `'airflow.sdk.Param'`.","category":"DeprecatedImportWarning","filename":"/opt/airflow/dags/dag.py","lineno":14,"logger":"py.warnings"}
{"timestamp":"2025-12-29T12:13:29.686409Z","level":"warning","event":"The `airflow.operators.python.get_current_context` attribute is deprecated. Please use `'airflow.sdk.get_current_context'`.","category":"DeprecatedImportWarning","filename":"/opt/airflow/dags/dag.py","lineno":22,"logger":"py.warnings"}
{"timestamp":"2025-12-29T12:14:00.149003Z","level":"info","event":"Filling up the DagBag from /opt/airflow/dags/dag.py","logger":"airflow.models.dagbag.DagBag","filename":"dagbag.py","lineno":593}
{"timestamp":"2025-12-29T12:14:00.183027Z","level":"warning","event":"The `airflow.decorators.dag` attribute is deprecated. Please use `'airflow.sdk.dag'`.","category":"DeprecatedImportWarning","filename":"/opt/airflow/dags/dag.py","lineno":3,"logger":"py.warnings"}
{"timestamp":"2025-12-29T12:14:00.183223Z","level":"warning","event":"The `airflow.decorators.task` attribute is deprecated. Please use `'airflow.sdk.task'`.","category":"DeprecatedImportWarning","filename":"/opt/airflow/dags/dag.py","lineno":4,"logger":"py.warnings"}
{"timestamp":"2025-12-29T12:14:00.183274Z","level":"warning","event":"The `airflow.operators.empty.EmptyOperator` attribute is deprecated. Please use `'airflow.providers.standard.operators.empty.EmptyOperator'`.","category":"DeprecatedImportWarning","filename":"/opt/airflow/dags/dag.py","lineno":5,"logger":"py.warnings"}
{"timestamp":"2025-12-29T12:14:00.183298Z","level":"warning","event":"The `airflow.operators.python.get_current_context` attribute is deprecated. Please use `'airflow.sdk.get_current_context'`.","category":"DeprecatedImportWarning","filename":"/opt/airflow/dags/dag.py","lineno":7,"logger":"py.warnings"}
{"timestamp":"2025-12-29T12:14:00.183321Z","level":"warning","event":"The `airflow.models.param.Param` attribute is deprecated. Please use `'airflow.sdk.Param'`.","category":"DeprecatedImportWarning","filename":"/opt/airflow/dags/dag.py","lineno":14,"logger":"py.warnings"}
{"timestamp":"2025-12-29T12:14:00.183341Z","level":"warning","event":"The `airflow.operators.python.get_current_context` attribute is deprecated. Please use `'airflow.sdk.get_current_context'`.","category":"DeprecatedImportWarning","filename":"/opt/airflow/dags/dag.py","lineno":22,"logger":"py.warnings"}
{"timestamp":"2025-12-29T12:14:30.644053Z","level":"info","event":"Filling up the DagBag from /opt/airflow/dags/dag.py","logger":"airflow.models.dagbag.DagBag","filename":"dagbag.py","lineno":593}
{"timestamp":"2025-12-29T12:14:30.674173Z","level":"warning","event":"The `airflow.decorators.dag` attribute is deprecated. Please use `'airflow.sdk.dag'`.","category":"DeprecatedImportWarning","filename":"/opt/airflow/dags/dag.py","lineno":3,"logger":"py.warnings"}
{"timestamp":"2025-12-29T12:14:30.674231Z","level":"warning","event":"The `airflow.decorators.task` attribute is deprecated. Please use `'airflow.sdk.task'`.","category":"DeprecatedImportWarning","filename":"/opt/airflow/dags/dag.py","lineno":4,"logger":"py.warnings"}
{"timestamp":"2025-12-29T12:14:30.674261Z","level":"warning","event":"The `airflow.operators.empty.EmptyOperator` attribute is deprecated. Please use `'airflow.providers.standard.operators.empty.EmptyOperator'`.","category":"DeprecatedImportWarning","filename":"/opt/airflow/dags/dag.py","lineno":5,"logger":"py.warnings"}
{"timestamp":"2025-12-29T12:14:30.674298Z","level":"warning","event":"The `airflow.operators.python.get_current_context` attribute is deprecated. Please use `'airflow.sdk.get_current_context'`.","category":"DeprecatedImportWarning","filename":"/opt/airflow/dags/dag.py","lineno":7,"logger":"py.warnings"}
{"timestamp":"2025-12-29T12:14:30.674322Z","level":"warning","event":"The `airflow.models.param.Param` attribute is deprecated. Please use `'airflow.sdk.Param'`.","category":"DeprecatedImportWarning","filename":"/opt/airflow/dags/dag.py","lineno":14,"logger":"py.warnings"}
{"timestamp":"2025-12-29T12:14:30.674341Z","level":"warning","event":"The `airflow.operators.python.get_current_context` attribute is deprecated. Please use `'airflow.sdk.get_current_context'`.","category":"DeprecatedImportWarning","filename":"/opt/airflow/dags/dag.py","lineno":22,"logger":"py.warnings"}
{"timestamp":"2025-12-29T12:15:01.115083Z","level":"info","event":"Filling up the DagBag from /opt/airflow/dags/dag.py","logger":"airflow.models.dagbag.DagBag","filename":"dagbag.py","lineno":593}
{"timestamp":"2025-12-29T12:15:01.144854Z","level":"warning","event":"The `airflow.decorators.dag` attribute is deprecated. Please use `'airflow.sdk.dag'`.","category":"DeprecatedImportWarning","filename":"/opt/airflow/dags/dag.py","lineno":3,"logger":"py.warnings"}
{"timestamp":"2025-12-29T12:15:01.144912Z","level":"warning","event":"The `airflow.decorators.task` attribute is deprecated. Please use `'airflow.sdk.task'`.","category":"DeprecatedImportWarning","filename":"/opt/airflow/dags/dag.py","lineno":4,"logger":"py.warnings"}
{"timestamp":"2025-12-29T12:15:01.144938Z","level":"warning","event":"The `airflow.operators.empty.EmptyOperator` attribute is deprecated. Please use `'airflow.providers.standard.operators.empty.EmptyOperator'`.","category":"DeprecatedImportWarning","filename":"/opt/airflow/dags/dag.py","lineno":5,"logger":"py.warnings"}
{"timestamp":"2025-12-29T12:15:01.144961Z","level":"warning","event":"The `airflow.operators.python.get_current_context` attribute is deprecated. Please use `'airflow.sdk.get_current_context'`.","category":"DeprecatedImportWarning","filename":"/opt/airflow/dags/dag.py","lineno":7,"logger":"py.warnings"}
{"timestamp":"2025-12-29T12:15:01.144984Z","level":"warning","event":"The `airflow.models.param.Param` attribute is deprecated. Please use `'airflow.sdk.Param'`.","category":"DeprecatedImportWarning","filename":"/opt/airflow/dags/dag.py","lineno":14,"logger":"py.warnings"}
{"timestamp":"2025-12-29T12:15:01.145004Z","level":"warning","event":"The `airflow.operators.python.get_current_context` attribute is deprecated. Please use `'airflow.sdk.get_current_context'`.","category":"DeprecatedImportWarning","filename":"/opt/airflow/dags/dag.py","lineno":22,"logger":"py.warnings"}
{"timestamp":"2025-12-29T12:15:31.633813Z","level":"info","event":"Filling up the DagBag from /opt/airflow/dags/dag.py","logger":"airflow.models.dagbag.DagBag","filename":"dagbag.py","lineno":593}
{"timestamp":"2025-12-29T12:15:31.664342Z","level":"warning","event":"The `airflow.decorators.dag` attribute is deprecated. Please use `'airflow.sdk.dag'`.","category":"DeprecatedImportWarning","filename":"/opt/airflow/dags/dag.py","lineno":3,"logger":"py.warnings"}
{"timestamp":"2025-12-29T12:15:31.664397Z","level":"warning","event":"The `airflow.decorators.task` attribute is deprecated. Please use `'airflow.sdk.task'`.","category":"DeprecatedImportWarning","filename":"/opt/airflow/dags/dag.py","lineno":4,"logger":"py.warnings"}
{"timestamp":"2025-12-29T12:15:31.664424Z","level":"warning","event":"The `airflow.operators.empty.EmptyOperator` attribute is deprecated. Please use `'airflow.providers.standard.operators.empty.EmptyOperator'`.","category":"DeprecatedImportWarning","filename":"/opt/airflow/dags/dag.py","lineno":5,"logger":"py.warnings"}
{"timestamp":"2025-12-29T12:15:31.664447Z","level":"warning","event":"The `airflow.operators.python.get_current_context` attribute is deprecated. Please use `'airflow.sdk.get_current_context'`.","category":"DeprecatedImportWarning","filename":"/opt/airflow/dags/dag.py","lineno":7,"logger":"py.warnings"}
{"timestamp":"2025-12-29T12:15:31.664480Z","level":"warning","event":"The `airflow.models.param.Param` attribute is deprecated. Please use `'airflow.sdk.Param'`.","category":"DeprecatedImportWarning","filename":"/opt/airflow/dags/dag.py","lineno":14,"logger":"py.warnings"}
{"timestamp":"2025-12-29T12:15:31.664503Z","level":"warning","event":"The `airflow.operators.python.get_current_context` attribute is deprecated. Please use `'airflow.sdk.get_current_context'`.","category":"DeprecatedImportWarning","filename":"/opt/airflow/dags/dag.py","lineno":22,"logger":"py.warnings"}
{"timestamp":"2025-12-29T12:16:02.143876Z","level":"info","event":"Filling up the DagBag from /opt/airflow/dags/dag.py","logger":"airflow.models.dagbag.DagBag","filename":"dagbag.py","lineno":593}
{"timestamp":"2025-12-29T12:16:02.178685Z","level":"warning","event":"The `airflow.decorators.dag` attribute is deprecated. Please use `'airflow.sdk.dag'`.","category":"DeprecatedImportWarning","filename":"/opt/airflow/dags/dag.py","lineno":3,"logger":"py.warnings"}
{"timestamp":"2025-12-29T12:16:02.178748Z","level":"warning","event":"The `airflow.decorators.task` attribute is deprecated. Please use `'airflow.sdk.task'`.","category":"DeprecatedImportWarning","filename":"/opt/airflow/dags/dag.py","lineno":4,"logger":"py.warnings"}
{"timestamp":"2025-12-29T12:16:02.178776Z","level":"warning","event":"The `airflow.operators.empty.EmptyOperator` attribute is deprecated. Please use `'airflow.providers.standard.operators.empty.EmptyOperator'`.","category":"DeprecatedImportWarning","filename":"/opt/airflow/dags/dag.py","lineno":5,"logger":"py.warnings"}
{"timestamp":"2025-12-29T12:16:02.178817Z","level":"warning","event":"The `airflow.operators.python.get_current_context` attribute is deprecated. Please use `'airflow.sdk.get_current_context'`.","category":"DeprecatedImportWarning","filename":"/opt/airflow/dags/dag.py","lineno":7,"logger":"py.warnings"}
{"timestamp":"2025-12-29T12:16:02.178842Z","level":"warning","event":"The `airflow.models.param.Param` attribute is deprecated. Please use `'airflow.sdk.Param'`.","category":"DeprecatedImportWarning","filename":"/opt/airflow/dags/dag.py","lineno":14,"logger":"py.warnings"}
{"timestamp":"2025-12-29T12:16:02.178863Z","level":"warning","event":"The `airflow.operators.python.get_current_context` attribute is deprecated. Please use `'airflow.sdk.get_current_context'`.","category":"DeprecatedImportWarning","filename":"/opt/airflow/dags/dag.py","lineno":22,"logger":"py.warnings"}
{"timestamp":"2025-12-29T12:16:32.607780Z","level":"info","event":"Filling up the DagBag from /opt/airflow/dags/dag.py","logger":"airflow.models.dagbag.DagBag","filename":"dagbag.py","lineno":593}
{"timestamp":"2025-12-29T12:16:32.637856Z","level":"warning","event":"The `airflow.decorators.dag` attribute is deprecated. Please use `'airflow.sdk.dag'`.","category":"DeprecatedImportWarning","filename":"/opt/airflow/dags/dag.py","lineno":3,"logger":"py.warnings"}
{"timestamp":"2025-12-29T12:16:32.637920Z","level":"warning","event":"The `airflow.decorators.task` attribute is deprecated. Please use `'airflow.sdk.task'`.","category":"DeprecatedImportWarning","filename":"/opt/airflow/dags/dag.py","lineno":4,"logger":"py.warnings"}
{"timestamp":"2025-12-29T12:16:32.637947Z","level":"warning","event":"The `airflow.operators.empty.EmptyOperator` attribute is deprecated. Please use `'airflow.providers.standard.operators.empty.EmptyOperator'`.","category":"DeprecatedImportWarning","filename":"/opt/airflow/dags/dag.py","lineno":5,"logger":"py.warnings"}
{"timestamp":"2025-12-29T12:16:32.637970Z","level":"warning","event":"The `airflow.operators.python.get_current_context` attribute is deprecated. Please use `'airflow.sdk.get_current_context'`.","category":"DeprecatedImportWarning","filename":"/opt/airflow/dags/dag.py","lineno":7,"logger":"py.warnings"}
{"timestamp":"2025-12-29T12:16:32.638001Z","level":"warning","event":"The `airflow.models.param.Param` attribute is deprecated. Please use `'airflow.sdk.Param'`.","category":"DeprecatedImportWarning","filename":"/opt/airflow/dags/dag.py","lineno":14,"logger":"py.warnings"}
{"timestamp":"2025-12-29T12:16:32.638021Z","level":"warning","event":"The `airflow.operators.python.get_current_context` attribute is deprecated. Please use `'airflow.sdk.get_current_context'`.","category":"DeprecatedImportWarning","filename":"/opt/airflow/dags/dag.py","lineno":22,"logger":"py.warnings"}
{"timestamp":"2025-12-29T12:17:03.084807Z","level":"info","event":"Filling up the DagBag from /opt/airflow/dags/dag.py","logger":"airflow.models.dagbag.DagBag","filename":"dagbag.py","lineno":593}
{"timestamp":"2025-12-29T12:17:03.117118Z","level":"warning","event":"The `airflow.decorators.dag` attribute is deprecated. Please use `'airflow.sdk.dag'`.","category":"DeprecatedImportWarning","filename":"/opt/airflow/dags/dag.py","lineno":3,"logger":"py.warnings"}
{"timestamp":"2025-12-29T12:17:03.117308Z","level":"warning","event":"The `airflow.decorators.task` attribute is deprecated. Please use `'airflow.sdk.task'`.","category":"DeprecatedImportWarning","filename":"/opt/airflow/dags/dag.py","lineno":4,"logger":"py.warnings"}
{"timestamp":"2025-12-29T12:17:03.117362Z","level":"warning","event":"The `airflow.operators.empty.EmptyOperator` attribute is deprecated. Please use `'airflow.providers.standard.operators.empty.EmptyOperator'`.","category":"DeprecatedImportWarning","filename":"/opt/airflow/dags/dag.py","lineno":5,"logger":"py.warnings"}
{"timestamp":"2025-12-29T12:17:03.117387Z","level":"warning","event":"The `airflow.operators.python.get_current_context` attribute is deprecated. Please use `'airflow.sdk.get_current_context'`.","category":"DeprecatedImportWarning","filename":"/opt/airflow/dags/dag.py","lineno":7,"logger":"py.warnings"}
{"timestamp":"2025-12-29T12:17:03.117410Z","level":"warning","event":"The `airflow.models.param.Param` attribute is deprecated. Please use `'airflow.sdk.Param'`.","category":"DeprecatedImportWarning","filename":"/opt/airflow/dags/dag.py","lineno":14,"logger":"py.warnings"}
{"timestamp":"2025-12-29T12:17:03.117431Z","level":"warning","event":"The `airflow.operators.python.get_current_context` attribute is deprecated. Please use `'airflow.sdk.get_current_context'`.","category":"DeprecatedImportWarning","filename":"/opt/airflow/dags/dag.py","lineno":22,"logger":"py.warnings"}
{"timestamp":"2025-12-29T12:17:33.629565Z","level":"info","event":"Filling up the DagBag from /opt/airflow/dags/dag.py","logger":"airflow.models.dagbag.DagBag","filename":"dagbag.py","lineno":593}
{"timestamp":"2025-12-29T12:17:33.664341Z","level":"warning","event":"The `airflow.decorators.dag` attribute is deprecated. Please use `'airflow.sdk.dag'`.","category":"DeprecatedImportWarning","filename":"/opt/airflow/dags/dag.py","lineno":3,"logger":"py.warnings"}
{"timestamp":"2025-12-29T12:17:33.664395Z","level":"warning","event":"The `airflow.decorators.task` attribute is deprecated. Please use `'airflow.sdk.task'`.","category":"DeprecatedImportWarning","filename":"/opt/airflow/dags/dag.py","lineno":4,"logger":"py.warnings"}
{"timestamp":"2025-12-29T12:17:33.664418Z","level":"warning","event":"The `airflow.operators.empty.EmptyOperator` attribute is deprecated. Please use `'airflow.providers.standard.operators.empty.EmptyOperator'`.","category":"DeprecatedImportWarning","filename":"/opt/airflow/dags/dag.py","lineno":5,"logger":"py.warnings"}
{"timestamp":"2025-12-29T12:17:33.664438Z","level":"warning","event":"The `airflow.operators.python.get_current_context` attribute is deprecated. Please use `'airflow.sdk.get_current_context'`.","category":"DeprecatedImportWarning","filename":"/opt/airflow/dags/dag.py","lineno":7,"logger":"py.warnings"}
{"timestamp":"2025-12-29T12:17:33.664458Z","level":"warning","event":"The `airflow.models.param.Param` attribute is deprecated. Please use `'airflow.sdk.Param'`.","category":"DeprecatedImportWarning","filename":"/opt/airflow/dags/dag.py","lineno":14,"logger":"py.warnings"}
{"timestamp":"2025-12-29T12:17:33.664476Z","level":"warning","event":"The `airflow.operators.python.get_current_context` attribute is deprecated. Please use `'airflow.sdk.get_current_context'`.","category":"DeprecatedImportWarning","filename":"/opt/airflow/dags/dag.py","lineno":22,"logger":"py.warnings"}
{"timestamp":"2025-12-29T12:18:04.112768Z","level":"info","event":"Filling up the DagBag from /opt/airflow/dags/dag.py","logger":"airflow.models.dagbag.DagBag","filename":"dagbag.py","lineno":593}
{"timestamp":"2025-12-29T12:18:04.172733Z","level":"warning","event":"The `airflow.decorators.dag` attribute is deprecated. Please use `'airflow.sdk.dag'`.","category":"DeprecatedImportWarning","filename":"/opt/airflow/dags/dag.py","lineno":3,"logger":"py.warnings"}
{"timestamp":"2025-12-29T12:18:04.172814Z","level":"warning","event":"The `airflow.decorators.task` attribute is deprecated. Please use `'airflow.sdk.task'`.","category":"DeprecatedImportWarning","filename":"/opt/airflow/dags/dag.py","lineno":4,"logger":"py.warnings"}
{"timestamp":"2025-12-29T12:18:04.172840Z","level":"warning","event":"The `airflow.operators.empty.EmptyOperator` attribute is deprecated. Please use `'airflow.providers.standard.operators.empty.EmptyOperator'`.","category":"DeprecatedImportWarning","filename":"/opt/airflow/dags/dag.py","lineno":5,"logger":"py.warnings"}
{"timestamp":"2025-12-29T12:18:04.172870Z","level":"warning","event":"The `airflow.operators.python.get_current_context` attribute is deprecated. Please use `'airflow.sdk.get_current_context'`.","category":"DeprecatedImportWarning","filename":"/opt/airflow/dags/dag.py","lineno":7,"logger":"py.warnings"}
{"timestamp":"2025-12-29T12:18:04.172893Z","level":"warning","event":"The `airflow.models.param.Param` attribute is deprecated. Please use `'airflow.sdk.Param'`.","category":"DeprecatedImportWarning","filename":"/opt/airflow/dags/dag.py","lineno":14,"logger":"py.warnings"}
{"timestamp":"2025-12-29T12:18:04.172921Z","level":"warning","event":"The `airflow.operators.python.get_current_context` attribute is deprecated. Please use `'airflow.sdk.get_current_context'`.","category":"DeprecatedImportWarning","filename":"/opt/airflow/dags/dag.py","lineno":22,"logger":"py.warnings"}
{"timestamp":"2025-12-29T12:18:34.639100Z","level":"info","event":"Filling up the DagBag from /opt/airflow/dags/dag.py","logger":"airflow.models.dagbag.DagBag","filename":"dagbag.py","lineno":593}
{"timestamp":"2025-12-29T12:18:34.670940Z","level":"warning","event":"The `airflow.decorators.dag` attribute is deprecated. Please use `'airflow.sdk.dag'`.","category":"DeprecatedImportWarning","filename":"/opt/airflow/dags/dag.py","lineno":3,"logger":"py.warnings"}
{"timestamp":"2025-12-29T12:18:34.670999Z","level":"warning","event":"The `airflow.decorators.task` attribute is deprecated. Please use `'airflow.sdk.task'`.","category":"DeprecatedImportWarning","filename":"/opt/airflow/dags/dag.py","lineno":4,"logger":"py.warnings"}
{"timestamp":"2025-12-29T12:18:34.671028Z","level":"warning","event":"The `airflow.operators.empty.EmptyOperator` attribute is deprecated. Please use `'airflow.providers.standard.operators.empty.EmptyOperator'`.","category":"DeprecatedImportWarning","filename":"/opt/airflow/dags/dag.py","lineno":5,"logger":"py.warnings"}
{"timestamp":"2025-12-29T12:18:34.671052Z","level":"warning","event":"The `airflow.operators.python.get_current_context` attribute is deprecated. Please use `'airflow.sdk.get_current_context'`.","category":"DeprecatedImportWarning","filename":"/opt/airflow/dags/dag.py","lineno":7,"logger":"py.warnings"}
{"timestamp":"2025-12-29T12:18:34.671074Z","level":"warning","event":"The `airflow.models.param.Param` attribute is deprecated. Please use `'airflow.sdk.Param'`.","category":"DeprecatedImportWarning","filename":"/opt/airflow/dags/dag.py","lineno":14,"logger":"py.warnings"}
{"timestamp":"2025-12-29T12:18:34.671095Z","level":"warning","event":"The `airflow.operators.python.get_current_context` attribute is deprecated. Please use `'airflow.sdk.get_current_context'`.","category":"DeprecatedImportWarning","filename":"/opt/airflow/dags/dag.py","lineno":22,"logger":"py.warnings"}
{"timestamp":"2025-12-29T12:19:05.138262Z","level":"info","event":"Filling up the DagBag from /opt/airflow/dags/dag.py","logger":"airflow.models.dagbag.DagBag","filename":"dagbag.py","lineno":593}
{"timestamp":"2025-12-29T12:19:05.167749Z","level":"warning","event":"The `airflow.decorators.dag` attribute is deprecated. Please use `'airflow.sdk.dag'`.","category":"DeprecatedImportWarning","filename":"/opt/airflow/dags/dag.py","lineno":3,"logger":"py.warnings"}
{"timestamp":"2025-12-29T12:19:05.167803Z","level":"warning","event":"The `airflow.decorators.task` attribute is deprecated. Please use `'airflow.sdk.task'`.","category":"DeprecatedImportWarning","filename":"/opt/airflow/dags/dag.py","lineno":4,"logger":"py.warnings"}
{"timestamp":"2025-12-29T12:19:05.167830Z","level":"warning","event":"The `airflow.operators.empty.EmptyOperator` attribute is deprecated. Please use `'airflow.providers.standard.operators.empty.EmptyOperator'`.","category":"DeprecatedImportWarning","filename":"/opt/airflow/dags/dag.py","lineno":5,"logger":"py.warnings"}
{"timestamp":"2025-12-29T12:19:05.167852Z","level":"warning","event":"The `airflow.operators.python.get_current_context` attribute is deprecated. Please use `'airflow.sdk.get_current_context'`.","category":"DeprecatedImportWarning","filename":"/opt/airflow/dags/dag.py","lineno":7,"logger":"py.warnings"}
{"timestamp":"2025-12-29T12:19:05.167873Z","level":"warning","event":"The `airflow.models.param.Param` attribute is deprecated. Please use `'airflow.sdk.Param'`.","category":"DeprecatedImportWarning","filename":"/opt/airflow/dags/dag.py","lineno":14,"logger":"py.warnings"}
{"timestamp":"2025-12-29T12:19:05.167892Z","level":"warning","event":"The `airflow.operators.python.get_current_context` attribute is deprecated. Please use `'airflow.sdk.get_current_context'`.","category":"DeprecatedImportWarning","filename":"/opt/airflow/dags/dag.py","lineno":22,"logger":"py.warnings"}
{"timestamp":"2025-12-29T12:19:35.612407Z","level":"info","event":"Filling up the DagBag from /opt/airflow/dags/dag.py","logger":"airflow.models.dagbag.DagBag","filename":"dagbag.py","lineno":593}
{"timestamp":"2025-12-29T12:19:35.643277Z","level":"warning","event":"The `airflow.decorators.dag` attribute is deprecated. Please use `'airflow.sdk.dag'`.","category":"DeprecatedImportWarning","filename":"/opt/airflow/dags/dag.py","lineno":3,"logger":"py.warnings"}
{"timestamp":"2025-12-29T12:19:35.643331Z","level":"warning","event":"The `airflow.decorators.task` attribute is deprecated. Please use `'airflow.sdk.task'`.","category":"DeprecatedImportWarning","filename":"/opt/airflow/dags/dag.py","lineno":4,"logger":"py.warnings"}
{"timestamp":"2025-12-29T12:19:35.643355Z","level":"warning","event":"The `airflow.operators.empty.EmptyOperator` attribute is deprecated. Please use `'airflow.providers.standard.operators.empty.EmptyOperator'`.","category":"DeprecatedImportWarning","filename":"/opt/airflow/dags/dag.py","lineno":5,"logger":"py.warnings"}
{"timestamp":"2025-12-29T12:19:35.643376Z","level":"warning","event":"The `airflow.operators.python.get_current_context` attribute is deprecated. Please use `'airflow.sdk.get_current_context'`.","category":"DeprecatedImportWarning","filename":"/opt/airflow/dags/dag.py","lineno":7,"logger":"py.warnings"}
{"timestamp":"2025-12-29T12:19:35.643397Z","level":"warning","event":"The `airflow.models.param.Param` attribute is deprecated. Please use `'airflow.sdk.Param'`.","category":"DeprecatedImportWarning","filename":"/opt/airflow/dags/dag.py","lineno":14,"logger":"py.warnings"}
{"timestamp":"2025-12-29T12:19:35.643416Z","level":"warning","event":"The `airflow.operators.python.get_current_context` attribute is deprecated. Please use `'airflow.sdk.get_current_context'`.","category":"DeprecatedImportWarning","filename":"/opt/airflow/dags/dag.py","lineno":22,"logger":"py.warnings"}
{"timestamp":"2025-12-29T12:20:06.078805Z","level":"info","event":"Filling up the DagBag from /opt/airflow/dags/dag.py","logger":"airflow.models.dagbag.DagBag","filename":"dagbag.py","lineno":593}
{"timestamp":"2025-12-29T12:20:06.112399Z","level":"warning","event":"The `airflow.decorators.dag` attribute is deprecated. Please use `'airflow.sdk.dag'`.","category":"DeprecatedImportWarning","filename":"/opt/airflow/dags/dag.py","lineno":3,"logger":"py.warnings"}
{"timestamp":"2025-12-29T12:20:06.112456Z","level":"warning","event":"The `airflow.decorators.task` attribute is deprecated. Please use `'airflow.sdk.task'`.","category":"DeprecatedImportWarning","filename":"/opt/airflow/dags/dag.py","lineno":4,"logger":"py.warnings"}
{"timestamp":"2025-12-29T12:20:06.112482Z","level":"warning","event":"The `airflow.operators.empty.EmptyOperator` attribute is deprecated. Please use `'airflow.providers.standard.operators.empty.EmptyOperator'`.","category":"DeprecatedImportWarning","filename":"/opt/airflow/dags/dag.py","lineno":5,"logger":"py.warnings"}
{"timestamp":"2025-12-29T12:20:06.112506Z","level":"warning","event":"The `airflow.operators.python.get_current_context` attribute is deprecated. Please use `'airflow.sdk.get_current_context'`.","category":"DeprecatedImportWarning","filename":"/opt/airflow/dags/dag.py","lineno":7,"logger":"py.warnings"}
{"timestamp":"2025-12-29T12:20:06.112528Z","level":"warning","event":"The `airflow.models.param.Param` attribute is deprecated. Please use `'airflow.sdk.Param'`.","category":"DeprecatedImportWarning","filename":"/opt/airflow/dags/dag.py","lineno":14,"logger":"py.warnings"}
{"timestamp":"2025-12-29T12:20:06.112549Z","level":"warning","event":"The `airflow.operators.python.get_current_context` attribute is deprecated. Please use `'airflow.sdk.get_current_context'`.","category":"DeprecatedImportWarning","filename":"/opt/airflow/dags/dag.py","lineno":22,"logger":"py.warnings"}
{"timestamp":"2025-12-29T12:20:36.551329Z","level":"info","event":"Filling up the DagBag from /opt/airflow/dags/dag.py","logger":"airflow.models.dagbag.DagBag","filename":"dagbag.py","lineno":593}
{"timestamp":"2025-12-29T12:20:36.582802Z","level":"warning","event":"The `airflow.decorators.dag` attribute is deprecated. Please use `'airflow.sdk.dag'`.","category":"DeprecatedImportWarning","filename":"/opt/airflow/dags/dag.py","lineno":3,"logger":"py.warnings"}
{"timestamp":"2025-12-29T12:20:36.582858Z","level":"warning","event":"The `airflow.decorators.task` attribute is deprecated. Please use `'airflow.sdk.task'`.","category":"DeprecatedImportWarning","filename":"/opt/airflow/dags/dag.py","lineno":4,"logger":"py.warnings"}
{"timestamp":"2025-12-29T12:20:36.582884Z","level":"warning","event":"The `airflow.operators.empty.EmptyOperator` attribute is deprecated. Please use `'airflow.providers.standard.operators.empty.EmptyOperator'`.","category":"DeprecatedImportWarning","filename":"/opt/airflow/dags/dag.py","lineno":5,"logger":"py.warnings"}
{"timestamp":"2025-12-29T12:20:36.582907Z","level":"warning","event":"The `airflow.operators.python.get_current_context` attribute is deprecated. Please use `'airflow.sdk.get_current_context'`.","category":"DeprecatedImportWarning","filename":"/opt/airflow/dags/dag.py","lineno":7,"logger":"py.warnings"}
{"timestamp":"2025-12-29T12:20:36.582930Z","level":"warning","event":"The `airflow.models.param.Param` attribute is deprecated. Please use `'airflow.sdk.Param'`.","category":"DeprecatedImportWarning","filename":"/opt/airflow/dags/dag.py","lineno":14,"logger":"py.warnings"}
{"timestamp":"2025-12-29T12:20:36.582950Z","level":"warning","event":"The `airflow.operators.python.get_current_context` attribute is deprecated. Please use `'airflow.sdk.get_current_context'`.","category":"DeprecatedImportWarning","filename":"/opt/airflow/dags/dag.py","lineno":22,"logger":"py.warnings"}
{"timestamp":"2025-12-29T12:21:07.041192Z","level":"info","event":"Filling up the DagBag from /opt/airflow/dags/dag.py","logger":"airflow.models.dagbag.DagBag","filename":"dagbag.py","lineno":593}
{"timestamp":"2025-12-29T12:21:07.071180Z","level":"warning","event":"The `airflow.decorators.dag` attribute is deprecated. Please use `'airflow.sdk.dag'`.","category":"DeprecatedImportWarning","filename":"/opt/airflow/dags/dag.py","lineno":3,"logger":"py.warnings"}
{"timestamp":"2025-12-29T12:21:07.071240Z","level":"warning","event":"The `airflow.decorators.task` attribute is deprecated. Please use `'airflow.sdk.task'`.","category":"DeprecatedImportWarning","filename":"/opt/airflow/dags/dag.py","lineno":4,"logger":"py.warnings"}
{"timestamp":"2025-12-29T12:21:07.071267Z","level":"warning","event":"The `airflow.operators.empty.EmptyOperator` attribute is deprecated. Please use `'airflow.providers.standard.operators.empty.EmptyOperator'`.","category":"DeprecatedImportWarning","filename":"/opt/airflow/dags/dag.py","lineno":5,"logger":"py.warnings"}
{"timestamp":"2025-12-29T12:21:07.071291Z","level":"warning","event":"The `airflow.operators.python.get_current_context` attribute is deprecated. Please use `'airflow.sdk.get_current_context'`.","category":"DeprecatedImportWarning","filename":"/opt/airflow/dags/dag.py","lineno":7,"logger":"py.warnings"}
{"timestamp":"2025-12-29T12:21:07.071314Z","level":"warning","event":"The `airflow.models.param.Param` attribute is deprecated. Please use `'airflow.sdk.Param'`.","category":"DeprecatedImportWarning","filename":"/opt/airflow/dags/dag.py","lineno":14,"logger":"py.warnings"}
{"timestamp":"2025-12-29T12:21:07.071335Z","level":"warning","event":"The `airflow.operators.python.get_current_context` attribute is deprecated. Please use `'airflow.sdk.get_current_context'`.","category":"DeprecatedImportWarning","filename":"/opt/airflow/dags/dag.py","lineno":22,"logger":"py.warnings"}
{"timestamp":"2025-12-29T12:21:37.512964Z","level":"info","event":"Filling up the DagBag from /opt/airflow/dags/dag.py","logger":"airflow.models.dagbag.DagBag","filename":"dagbag.py","lineno":593}
{"timestamp":"2025-12-29T12:21:37.543335Z","level":"warning","event":"The `airflow.decorators.dag` attribute is deprecated. Please use `'airflow.sdk.dag'`.","category":"DeprecatedImportWarning","filename":"/opt/airflow/dags/dag.py","lineno":3,"logger":"py.warnings"}
{"timestamp":"2025-12-29T12:21:37.543398Z","level":"warning","event":"The `airflow.decorators.task` attribute is deprecated. Please use `'airflow.sdk.task'`.","category":"DeprecatedImportWarning","filename":"/opt/airflow/dags/dag.py","lineno":4,"logger":"py.warnings"}
{"timestamp":"2025-12-29T12:21:37.543424Z","level":"warning","event":"The `airflow.operators.empty.EmptyOperator` attribute is deprecated. Please use `'airflow.providers.standard.operators.empty.EmptyOperator'`.","category":"DeprecatedImportWarning","filename":"/opt/airflow/dags/dag.py","lineno":5,"logger":"py.warnings"}
{"timestamp":"2025-12-29T12:21:37.543447Z","level":"warning","event":"The `airflow.operators.python.get_current_context` attribute is deprecated. Please use `'airflow.sdk.get_current_context'`.","category":"DeprecatedImportWarning","filename":"/opt/airflow/dags/dag.py","lineno":7,"logger":"py.warnings"}
{"timestamp":"2025-12-29T12:21:37.543470Z","level":"warning","event":"The `airflow.models.param.Param` attribute is deprecated. Please use `'airflow.sdk.Param'`.","category":"DeprecatedImportWarning","filename":"/opt/airflow/dags/dag.py","lineno":14,"logger":"py.warnings"}
{"timestamp":"2025-12-29T12:21:37.543491Z","level":"warning","event":"The `airflow.operators.python.get_current_context` attribute is deprecated. Please use `'airflow.sdk.get_current_context'`.","category":"DeprecatedImportWarning","filename":"/opt/airflow/dags/dag.py","lineno":22,"logger":"py.warnings"}
{"timestamp":"2025-12-29T12:22:08.042170Z","level":"info","event":"Filling up the DagBag from /opt/airflow/dags/dag.py","logger":"airflow.models.dagbag.DagBag","filename":"dagbag.py","lineno":593}
{"timestamp":"2025-12-29T12:22:08.074059Z","level":"warning","event":"The `airflow.decorators.dag` attribute is deprecated. Please use `'airflow.sdk.dag'`.","category":"DeprecatedImportWarning","filename":"/opt/airflow/dags/dag.py","lineno":3,"logger":"py.warnings"}
{"timestamp":"2025-12-29T12:22:08.074116Z","level":"warning","event":"The `airflow.decorators.task` attribute is deprecated. Please use `'airflow.sdk.task'`.","category":"DeprecatedImportWarning","filename":"/opt/airflow/dags/dag.py","lineno":4,"logger":"py.warnings"}
{"timestamp":"2025-12-29T12:22:08.074143Z","level":"warning","event":"The `airflow.operators.empty.EmptyOperator` attribute is deprecated. Please use `'airflow.providers.standard.operators.empty.EmptyOperator'`.","category":"DeprecatedImportWarning","filename":"/opt/airflow/dags/dag.py","lineno":5,"logger":"py.warnings"}
{"timestamp":"2025-12-29T12:22:08.074166Z","level":"warning","event":"The `airflow.operators.python.get_current_context` attribute is deprecated. Please use `'airflow.sdk.get_current_context'`.","category":"DeprecatedImportWarning","filename":"/opt/airflow/dags/dag.py","lineno":7,"logger":"py.warnings"}
{"timestamp":"2025-12-29T12:22:08.074204Z","level":"warning","event":"The `airflow.models.param.Param` attribute is deprecated. Please use `'airflow.sdk.Param'`.","category":"DeprecatedImportWarning","filename":"/opt/airflow/dags/dag.py","lineno":14,"logger":"py.warnings"}
{"timestamp":"2025-12-29T12:22:08.074226Z","level":"warning","event":"The `airflow.operators.python.get_current_context` attribute is deprecated. Please use `'airflow.sdk.get_current_context'`.","category":"DeprecatedImportWarning","filename":"/opt/airflow/dags/dag.py","lineno":22,"logger":"py.warnings"}
{"timestamp":"2025-12-29T12:22:38.541253Z","level":"info","event":"Filling up the DagBag from /opt/airflow/dags/dag.py","logger":"airflow.models.dagbag.DagBag","filename":"dagbag.py","lineno":593}
{"timestamp":"2025-12-29T12:22:38.587955Z","level":"warning","event":"The `airflow.decorators.dag` attribute is deprecated. Please use `'airflow.sdk.dag'`.","category":"DeprecatedImportWarning","filename":"/opt/airflow/dags/dag.py","lineno":3,"logger":"py.warnings"}
{"timestamp":"2025-12-29T12:22:38.588017Z","level":"warning","event":"The `airflow.decorators.task` attribute is deprecated. Please use `'airflow.sdk.task'`.","category":"DeprecatedImportWarning","filename":"/opt/airflow/dags/dag.py","lineno":4,"logger":"py.warnings"}
{"timestamp":"2025-12-29T12:22:38.588042Z","level":"warning","event":"The `airflow.operators.empty.EmptyOperator` attribute is deprecated. Please use `'airflow.providers.standard.operators.empty.EmptyOperator'`.","category":"DeprecatedImportWarning","filename":"/opt/airflow/dags/dag.py","lineno":5,"logger":"py.warnings"}
{"timestamp":"2025-12-29T12:22:38.588063Z","level":"warning","event":"The `airflow.operators.python.get_current_context` attribute is deprecated. Please use `'airflow.sdk.get_current_context'`.","category":"DeprecatedImportWarning","filename":"/opt/airflow/dags/dag.py","lineno":7,"logger":"py.warnings"}
{"timestamp":"2025-12-29T12:22:38.588084Z","level":"warning","event":"The `airflow.models.param.Param` attribute is deprecated. Please use `'airflow.sdk.Param'`.","category":"DeprecatedImportWarning","filename":"/opt/airflow/dags/dag.py","lineno":14,"logger":"py.warnings"}
{"timestamp":"2025-12-29T12:22:38.588101Z","level":"warning","event":"The `airflow.operators.python.get_current_context` attribute is deprecated. Please use `'airflow.sdk.get_current_context'`.","category":"DeprecatedImportWarning","filename":"/opt/airflow/dags/dag.py","lineno":22,"logger":"py.warnings"}
{"timestamp":"2025-12-29T12:23:09.075774Z","level":"info","event":"Filling up the DagBag from /opt/airflow/dags/dag.py","logger":"airflow.models.dagbag.DagBag","filename":"dagbag.py","lineno":593}
{"timestamp":"2025-12-29T12:23:09.105881Z","level":"warning","event":"The `airflow.decorators.dag` attribute is deprecated. Please use `'airflow.sdk.dag'`.","category":"DeprecatedImportWarning","filename":"/opt/airflow/dags/dag.py","lineno":3,"logger":"py.warnings"}
{"timestamp":"2025-12-29T12:23:09.106089Z","level":"warning","event":"The `airflow.decorators.task` attribute is deprecated. Please use `'airflow.sdk.task'`.","category":"DeprecatedImportWarning","filename":"/opt/airflow/dags/dag.py","lineno":4,"logger":"py.warnings"}
{"timestamp":"2025-12-29T12:23:09.106136Z","level":"warning","event":"The `airflow.operators.empty.EmptyOperator` attribute is deprecated. Please use `'airflow.providers.standard.operators.empty.EmptyOperator'`.","category":"DeprecatedImportWarning","filename":"/opt/airflow/dags/dag.py","lineno":5,"logger":"py.warnings"}
{"timestamp":"2025-12-29T12:23:09.106162Z","level":"warning","event":"The `airflow.operators.python.get_current_context` attribute is deprecated. Please use `'airflow.sdk.get_current_context'`.","category":"DeprecatedImportWarning","filename":"/opt/airflow/dags/dag.py","lineno":7,"logger":"py.warnings"}
{"timestamp":"2025-12-29T12:23:09.106186Z","level":"warning","event":"The `airflow.models.param.Param` attribute is deprecated. Please use `'airflow.sdk.Param'`.","category":"DeprecatedImportWarning","filename":"/opt/airflow/dags/dag.py","lineno":14,"logger":"py.warnings"}
{"timestamp":"2025-12-29T12:23:09.106207Z","level":"warning","event":"The `airflow.operators.python.get_current_context` attribute is deprecated. Please use `'airflow.sdk.get_current_context'`.","category":"DeprecatedImportWarning","filename":"/opt/airflow/dags/dag.py","lineno":22,"logger":"py.warnings"}
{"timestamp":"2025-12-29T12:23:39.540099Z","level":"info","event":"Filling up the DagBag from /opt/airflow/dags/dag.py","logger":"airflow.models.dagbag.DagBag","filename":"dagbag.py","lineno":593}
{"timestamp":"2025-12-29T12:23:39.574936Z","level":"warning","event":"The `airflow.decorators.dag` attribute is deprecated. Please use `'airflow.sdk.dag'`.","category":"DeprecatedImportWarning","filename":"/opt/airflow/dags/dag.py","lineno":3,"logger":"py.warnings"}
{"timestamp":"2025-12-29T12:23:39.575144Z","level":"warning","event":"The `airflow.decorators.task` attribute is deprecated. Please use `'airflow.sdk.task'`.","category":"DeprecatedImportWarning","filename":"/opt/airflow/dags/dag.py","lineno":4,"logger":"py.warnings"}
{"timestamp":"2025-12-29T12:23:39.575192Z","level":"warning","event":"The `airflow.operators.empty.EmptyOperator` attribute is deprecated. Please use `'airflow.providers.standard.operators.empty.EmptyOperator'`.","category":"DeprecatedImportWarning","filename":"/opt/airflow/dags/dag.py","lineno":5,"logger":"py.warnings"}
{"timestamp":"2025-12-29T12:23:39.575217Z","level":"warning","event":"The `airflow.operators.python.get_current_context` attribute is deprecated. Please use `'airflow.sdk.get_current_context'`.","category":"DeprecatedImportWarning","filename":"/opt/airflow/dags/dag.py","lineno":7,"logger":"py.warnings"}
{"timestamp":"2025-12-29T12:23:39.575239Z","level":"warning","event":"The `airflow.models.param.Param` attribute is deprecated. Please use `'airflow.sdk.Param'`.","category":"DeprecatedImportWarning","filename":"/opt/airflow/dags/dag.py","lineno":14,"logger":"py.warnings"}
{"timestamp":"2025-12-29T12:23:39.575260Z","level":"warning","event":"The `airflow.operators.python.get_current_context` attribute is deprecated. Please use `'airflow.sdk.get_current_context'`.","category":"DeprecatedImportWarning","filename":"/opt/airflow/dags/dag.py","lineno":22,"logger":"py.warnings"}
{"timestamp":"2025-12-29T12:24:10.039134Z","level":"info","event":"Filling up the DagBag from /opt/airflow/dags/dag.py","logger":"airflow.models.dagbag.DagBag","filename":"dagbag.py","lineno":593}
{"timestamp":"2025-12-29T12:24:10.067841Z","level":"warning","event":"The `airflow.decorators.dag` attribute is deprecated. Please use `'airflow.sdk.dag'`.","category":"DeprecatedImportWarning","filename":"/opt/airflow/dags/dag.py","lineno":3,"logger":"py.warnings"}
{"timestamp":"2025-12-29T12:24:10.068029Z","level":"warning","event":"The `airflow.decorators.task` attribute is deprecated. Please use `'airflow.sdk.task'`.","category":"DeprecatedImportWarning","filename":"/opt/airflow/dags/dag.py","lineno":4,"logger":"py.warnings"}
{"timestamp":"2025-12-29T12:24:10.068076Z","level":"warning","event":"The `airflow.operators.empty.EmptyOperator` attribute is deprecated. Please use `'airflow.providers.standard.operators.empty.EmptyOperator'`.","category":"DeprecatedImportWarning","filename":"/opt/airflow/dags/dag.py","lineno":5,"logger":"py.warnings"}
{"timestamp":"2025-12-29T12:24:10.068101Z","level":"warning","event":"The `airflow.operators.python.get_current_context` attribute is deprecated. Please use `'airflow.sdk.get_current_context'`.","category":"DeprecatedImportWarning","filename":"/opt/airflow/dags/dag.py","lineno":7,"logger":"py.warnings"}
{"timestamp":"2025-12-29T12:24:10.068123Z","level":"warning","event":"The `airflow.models.param.Param` attribute is deprecated. Please use `'airflow.sdk.Param'`.","category":"DeprecatedImportWarning","filename":"/opt/airflow/dags/dag.py","lineno":14,"logger":"py.warnings"}
{"timestamp":"2025-12-29T12:24:10.068153Z","level":"warning","event":"The `airflow.operators.python.get_current_context` attribute is deprecated. Please use `'airflow.sdk.get_current_context'`.","category":"DeprecatedImportWarning","filename":"/opt/airflow/dags/dag.py","lineno":22,"logger":"py.warnings"}
{"timestamp":"2025-12-29T12:24:40.564267Z","level":"info","event":"Filling up the DagBag from /opt/airflow/dags/dag.py","logger":"airflow.models.dagbag.DagBag","filename":"dagbag.py","lineno":593}
{"timestamp":"2025-12-29T12:24:40.596121Z","level":"warning","event":"The `airflow.decorators.dag` attribute is deprecated. Please use `'airflow.sdk.dag'`.","category":"DeprecatedImportWarning","filename":"/opt/airflow/dags/dag.py","lineno":3,"logger":"py.warnings"}
{"timestamp":"2025-12-29T12:24:40.596311Z","level":"warning","event":"The `airflow.decorators.task` attribute is deprecated. Please use `'airflow.sdk.task'`.","category":"DeprecatedImportWarning","filename":"/opt/airflow/dags/dag.py","lineno":4,"logger":"py.warnings"}
{"timestamp":"2025-12-29T12:24:40.596353Z","level":"warning","event":"The `airflow.operators.empty.EmptyOperator` attribute is deprecated. Please use `'airflow.providers.standard.operators.empty.EmptyOperator'`.","category":"DeprecatedImportWarning","filename":"/opt/airflow/dags/dag.py","lineno":5,"logger":"py.warnings"}
{"timestamp":"2025-12-29T12:24:40.596377Z","level":"warning","event":"The `airflow.operators.python.get_current_context` attribute is deprecated. Please use `'airflow.sdk.get_current_context'`.","category":"DeprecatedImportWarning","filename":"/opt/airflow/dags/dag.py","lineno":7,"logger":"py.warnings"}
{"timestamp":"2025-12-29T12:24:40.596398Z","level":"warning","event":"The `airflow.models.param.Param` attribute is deprecated. Please use `'airflow.sdk.Param'`.","category":"DeprecatedImportWarning","filename":"/opt/airflow/dags/dag.py","lineno":14,"logger":"py.warnings"}
{"timestamp":"2025-12-29T12:24:40.596417Z","level":"warning","event":"The `airflow.operators.python.get_current_context` attribute is deprecated. Please use `'airflow.sdk.get_current_context'`.","category":"DeprecatedImportWarning","filename":"/opt/airflow/dags/dag.py","lineno":22,"logger":"py.warnings"}
{"timestamp":"2025-12-29T12:25:11.056566Z","level":"info","event":"Filling up the DagBag from /opt/airflow/dags/dag.py","logger":"airflow.models.dagbag.DagBag","filename":"dagbag.py","lineno":593}
{"timestamp":"2025-12-29T12:25:11.089237Z","level":"warning","event":"The `airflow.decorators.dag` attribute is deprecated. Please use `'airflow.sdk.dag'`.","category":"DeprecatedImportWarning","filename":"/opt/airflow/dags/dag.py","lineno":3,"logger":"py.warnings"}
{"timestamp":"2025-12-29T12:25:11.089303Z","level":"warning","event":"The `airflow.decorators.task` attribute is deprecated. Please use `'airflow.sdk.task'`.","category":"DeprecatedImportWarning","filename":"/opt/airflow/dags/dag.py","lineno":4,"logger":"py.warnings"}
{"timestamp":"2025-12-29T12:25:11.089328Z","level":"warning","event":"The `airflow.operators.empty.EmptyOperator` attribute is deprecated. Please use `'airflow.providers.standard.operators.empty.EmptyOperator'`.","category":"DeprecatedImportWarning","filename":"/opt/airflow/dags/dag.py","lineno":5,"logger":"py.warnings"}
{"timestamp":"2025-12-29T12:25:11.089350Z","level":"warning","event":"The `airflow.operators.python.get_current_context` attribute is deprecated. Please use `'airflow.sdk.get_current_context'`.","category":"DeprecatedImportWarning","filename":"/opt/airflow/dags/dag.py","lineno":7,"logger":"py.warnings"}
{"timestamp":"2025-12-29T12:25:11.089370Z","level":"warning","event":"The `airflow.models.param.Param` attribute is deprecated. Please use `'airflow.sdk.Param'`.","category":"DeprecatedImportWarning","filename":"/opt/airflow/dags/dag.py","lineno":14,"logger":"py.warnings"}
{"timestamp":"2025-12-29T12:25:11.089389Z","level":"warning","event":"The `airflow.operators.python.get_current_context` attribute is deprecated. Please use `'airflow.sdk.get_current_context'`.","category":"DeprecatedImportWarning","filename":"/opt/airflow/dags/dag.py","lineno":22,"logger":"py.warnings"}
{"timestamp":"2025-12-29T12:25:41.569078Z","level":"info","event":"Filling up the DagBag from /opt/airflow/dags/dag.py","logger":"airflow.models.dagbag.DagBag","filename":"dagbag.py","lineno":593}
{"timestamp":"2025-12-29T12:25:41.598438Z","level":"warning","event":"The `airflow.decorators.dag` attribute is deprecated. Please use `'airflow.sdk.dag'`.","category":"DeprecatedImportWarning","filename":"/opt/airflow/dags/dag.py","lineno":3,"logger":"py.warnings"}
{"timestamp":"2025-12-29T12:25:41.598641Z","level":"warning","event":"The `airflow.decorators.task` attribute is deprecated. Please use `'airflow.sdk.task'`.","category":"DeprecatedImportWarning","filename":"/opt/airflow/dags/dag.py","lineno":4,"logger":"py.warnings"}
{"timestamp":"2025-12-29T12:25:41.598687Z","level":"warning","event":"The `airflow.operators.empty.EmptyOperator` attribute is deprecated. Please use `'airflow.providers.standard.operators.empty.EmptyOperator'`.","category":"DeprecatedImportWarning","filename":"/opt/airflow/dags/dag.py","lineno":5,"logger":"py.warnings"}
{"timestamp":"2025-12-29T12:25:41.598710Z","level":"warning","event":"The `airflow.operators.python.get_current_context` attribute is deprecated. Please use `'airflow.sdk.get_current_context'`.","category":"DeprecatedImportWarning","filename":"/opt/airflow/dags/dag.py","lineno":7,"logger":"py.warnings"}
{"timestamp":"2025-12-29T12:25:41.598730Z","level":"warning","event":"The `airflow.models.param.Param` attribute is deprecated. Please use `'airflow.sdk.Param'`.","category":"DeprecatedImportWarning","filename":"/opt/airflow/dags/dag.py","lineno":14,"logger":"py.warnings"}
{"timestamp":"2025-12-29T12:25:41.598749Z","level":"warning","event":"The `airflow.operators.python.get_current_context` attribute is deprecated. Please use `'airflow.sdk.get_current_context'`.","category":"DeprecatedImportWarning","filename":"/opt/airflow/dags/dag.py","lineno":22,"logger":"py.warnings"}
{"timestamp":"2025-12-29T12:26:12.067017Z","level":"info","event":"Filling up the DagBag from /opt/airflow/dags/dag.py","logger":"airflow.models.dagbag.DagBag","filename":"dagbag.py","lineno":593}
{"timestamp":"2025-12-29T12:26:12.102594Z","level":"warning","event":"The `airflow.decorators.dag` attribute is deprecated. Please use `'airflow.sdk.dag'`.","category":"DeprecatedImportWarning","filename":"/opt/airflow/dags/dag.py","lineno":3,"logger":"py.warnings"}
{"timestamp":"2025-12-29T12:26:12.102828Z","level":"warning","event":"The `airflow.decorators.task` attribute is deprecated. Please use `'airflow.sdk.task'`.","category":"DeprecatedImportWarning","filename":"/opt/airflow/dags/dag.py","lineno":4,"logger":"py.warnings"}
{"timestamp":"2025-12-29T12:26:12.103210Z","level":"warning","event":"The `airflow.operators.empty.EmptyOperator` attribute is deprecated. Please use `'airflow.providers.standard.operators.empty.EmptyOperator'`.","category":"DeprecatedImportWarning","filename":"/opt/airflow/dags/dag.py","lineno":5,"logger":"py.warnings"}
{"timestamp":"2025-12-29T12:26:12.103238Z","level":"warning","event":"The `airflow.operators.python.get_current_context` attribute is deprecated. Please use `'airflow.sdk.get_current_context'`.","category":"DeprecatedImportWarning","filename":"/opt/airflow/dags/dag.py","lineno":7,"logger":"py.warnings"}
{"timestamp":"2025-12-29T12:26:12.103261Z","level":"warning","event":"The `airflow.models.param.Param` attribute is deprecated. Please use `'airflow.sdk.Param'`.","category":"DeprecatedImportWarning","filename":"/opt/airflow/dags/dag.py","lineno":14,"logger":"py.warnings"}
{"timestamp":"2025-12-29T12:26:12.103280Z","level":"warning","event":"The `airflow.operators.python.get_current_context` attribute is deprecated. Please use `'airflow.sdk.get_current_context'`.","category":"DeprecatedImportWarning","filename":"/opt/airflow/dags/dag.py","lineno":22,"logger":"py.warnings"}
{"timestamp":"2025-12-29T12:26:42.579372Z","level":"info","event":"Filling up the DagBag from /opt/airflow/dags/dag.py","logger":"airflow.models.dagbag.DagBag","filename":"dagbag.py","lineno":593}
{"timestamp":"2025-12-29T12:26:42.612815Z","level":"warning","event":"The `airflow.decorators.dag` attribute is deprecated. Please use `'airflow.sdk.dag'`.","category":"DeprecatedImportWarning","filename":"/opt/airflow/dags/dag.py","lineno":3,"logger":"py.warnings"}
{"timestamp":"2025-12-29T12:26:42.612996Z","level":"warning","event":"The `airflow.decorators.task` attribute is deprecated. Please use `'airflow.sdk.task'`.","category":"DeprecatedImportWarning","filename":"/opt/airflow/dags/dag.py","lineno":4,"logger":"py.warnings"}
{"timestamp":"2025-12-29T12:26:42.613324Z","level":"warning","event":"The `airflow.operators.empty.EmptyOperator` attribute is deprecated. Please use `'airflow.providers.standard.operators.empty.EmptyOperator'`.","category":"DeprecatedImportWarning","filename":"/opt/airflow/dags/dag.py","lineno":5,"logger":"py.warnings"}
{"timestamp":"2025-12-29T12:26:42.613473Z","level":"warning","event":"The `airflow.operators.python.get_current_context` attribute is deprecated. Please use `'airflow.sdk.get_current_context'`.","category":"DeprecatedImportWarning","filename":"/opt/airflow/dags/dag.py","lineno":7,"logger":"py.warnings"}
{"timestamp":"2025-12-29T12:26:42.613518Z","level":"warning","event":"The `airflow.models.param.Param` attribute is deprecated. Please use `'airflow.sdk.Param'`.","category":"DeprecatedImportWarning","filename":"/opt/airflow/dags/dag.py","lineno":14,"logger":"py.warnings"}
{"timestamp":"2025-12-29T12:26:42.613540Z","level":"warning","event":"The `airflow.operators.python.get_current_context` attribute is deprecated. Please use `'airflow.sdk.get_current_context'`.","category":"DeprecatedImportWarning","filename":"/opt/airflow/dags/dag.py","lineno":22,"logger":"py.warnings"}
{"timestamp":"2025-12-29T12:27:13.101619Z","level":"info","event":"Filling up the DagBag from /opt/airflow/dags/dag.py","logger":"airflow.models.dagbag.DagBag","filename":"dagbag.py","lineno":593}
{"timestamp":"2025-12-29T12:27:13.132349Z","level":"warning","event":"The `airflow.decorators.dag` attribute is deprecated. Please use `'airflow.sdk.dag'`.","category":"DeprecatedImportWarning","filename":"/opt/airflow/dags/dag.py","lineno":3,"logger":"py.warnings"}
{"timestamp":"2025-12-29T12:27:13.132409Z","level":"warning","event":"The `airflow.decorators.task` attribute is deprecated. Please use `'airflow.sdk.task'`.","category":"DeprecatedImportWarning","filename":"/opt/airflow/dags/dag.py","lineno":4,"logger":"py.warnings"}
{"timestamp":"2025-12-29T12:27:13.132434Z","level":"warning","event":"The `airflow.operators.empty.EmptyOperator` attribute is deprecated. Please use `'airflow.providers.standard.operators.empty.EmptyOperator'`.","category":"DeprecatedImportWarning","filename":"/opt/airflow/dags/dag.py","lineno":5,"logger":"py.warnings"}
{"timestamp":"2025-12-29T12:27:13.132457Z","level":"warning","event":"The `airflow.operators.python.get_current_context` attribute is deprecated. Please use `'airflow.sdk.get_current_context'`.","category":"DeprecatedImportWarning","filename":"/opt/airflow/dags/dag.py","lineno":7,"logger":"py.warnings"}
{"timestamp":"2025-12-29T12:27:13.132478Z","level":"warning","event":"The `airflow.models.param.Param` attribute is deprecated. Please use `'airflow.sdk.Param'`.","category":"DeprecatedImportWarning","filename":"/opt/airflow/dags/dag.py","lineno":14,"logger":"py.warnings"}
{"timestamp":"2025-12-29T12:27:13.132498Z","level":"warning","event":"The `airflow.operators.python.get_current_context` attribute is deprecated. Please use `'airflow.sdk.get_current_context'`.","category":"DeprecatedImportWarning","filename":"/opt/airflow/dags/dag.py","lineno":22,"logger":"py.warnings"}
{"timestamp":"2025-12-29T12:27:43.558762Z","level":"info","event":"Filling up the DagBag from /opt/airflow/dags/dag.py","logger":"airflow.models.dagbag.DagBag","filename":"dagbag.py","lineno":593}
{"timestamp":"2025-12-29T12:27:43.589990Z","level":"warning","event":"The `airflow.decorators.dag` attribute is deprecated. Please use `'airflow.sdk.dag'`.","category":"DeprecatedImportWarning","filename":"/opt/airflow/dags/dag.py","lineno":3,"logger":"py.warnings"}
{"timestamp":"2025-12-29T12:27:43.590042Z","level":"warning","event":"The `airflow.decorators.task` attribute is deprecated. Please use `'airflow.sdk.task'`.","category":"DeprecatedImportWarning","filename":"/opt/airflow/dags/dag.py","lineno":4,"logger":"py.warnings"}
{"timestamp":"2025-12-29T12:27:43.590068Z","level":"warning","event":"The `airflow.operators.empty.EmptyOperator` attribute is deprecated. Please use `'airflow.providers.standard.operators.empty.EmptyOperator'`.","category":"DeprecatedImportWarning","filename":"/opt/airflow/dags/dag.py","lineno":5,"logger":"py.warnings"}
{"timestamp":"2025-12-29T12:27:43.590090Z","level":"warning","event":"The `airflow.operators.python.get_current_context` attribute is deprecated. Please use `'airflow.sdk.get_current_context'`.","category":"DeprecatedImportWarning","filename":"/opt/airflow/dags/dag.py","lineno":7,"logger":"py.warnings"}
{"timestamp":"2025-12-29T12:27:43.590111Z","level":"warning","event":"The `airflow.models.param.Param` attribute is deprecated. Please use `'airflow.sdk.Param'`.","category":"DeprecatedImportWarning","filename":"/opt/airflow/dags/dag.py","lineno":14,"logger":"py.warnings"}
{"timestamp":"2025-12-29T12:27:43.590131Z","level":"warning","event":"The `airflow.operators.python.get_current_context` attribute is deprecated. Please use `'airflow.sdk.get_current_context'`.","category":"DeprecatedImportWarning","filename":"/opt/airflow/dags/dag.py","lineno":22,"logger":"py.warnings"}
{"timestamp":"2025-12-29T12:28:14.037332Z","level":"info","event":"Filling up the DagBag from /opt/airflow/dags/dag.py","logger":"airflow.models.dagbag.DagBag","filename":"dagbag.py","lineno":593}
{"timestamp":"2025-12-29T12:28:14.068089Z","level":"warning","event":"The `airflow.decorators.dag` attribute is deprecated. Please use `'airflow.sdk.dag'`.","category":"DeprecatedImportWarning","filename":"/opt/airflow/dags/dag.py","lineno":3,"logger":"py.warnings"}
{"timestamp":"2025-12-29T12:28:14.068143Z","level":"warning","event":"The `airflow.decorators.task` attribute is deprecated. Please use `'airflow.sdk.task'`.","category":"DeprecatedImportWarning","filename":"/opt/airflow/dags/dag.py","lineno":4,"logger":"py.warnings"}
{"timestamp":"2025-12-29T12:28:14.068169Z","level":"warning","event":"The `airflow.operators.empty.EmptyOperator` attribute is deprecated. Please use `'airflow.providers.standard.operators.empty.EmptyOperator'`.","category":"DeprecatedImportWarning","filename":"/opt/airflow/dags/dag.py","lineno":5,"logger":"py.warnings"}
{"timestamp":"2025-12-29T12:28:14.068191Z","level":"warning","event":"The `airflow.operators.python.get_current_context` attribute is deprecated. Please use `'airflow.sdk.get_current_context'`.","category":"DeprecatedImportWarning","filename":"/opt/airflow/dags/dag.py","lineno":7,"logger":"py.warnings"}
{"timestamp":"2025-12-29T12:28:14.068212Z","level":"warning","event":"The `airflow.models.param.Param` attribute is deprecated. Please use `'airflow.sdk.Param'`.","category":"DeprecatedImportWarning","filename":"/opt/airflow/dags/dag.py","lineno":14,"logger":"py.warnings"}
{"timestamp":"2025-12-29T12:28:14.068232Z","level":"warning","event":"The `airflow.operators.python.get_current_context` attribute is deprecated. Please use `'airflow.sdk.get_current_context'`.","category":"DeprecatedImportWarning","filename":"/opt/airflow/dags/dag.py","lineno":22,"logger":"py.warnings"}
{"timestamp":"2025-12-29T12:28:44.490149Z","level":"info","event":"Filling up the DagBag from /opt/airflow/dags/dag.py","logger":"airflow.models.dagbag.DagBag","filename":"dagbag.py","lineno":593}
{"timestamp":"2025-12-29T12:28:44.513010Z","level":"warning","event":"The `airflow.decorators.dag` attribute is deprecated. Please use `'airflow.sdk.dag'`.","category":"DeprecatedImportWarning","filename":"/opt/airflow/dags/dag.py","lineno":3,"logger":"py.warnings"}
{"timestamp":"2025-12-29T12:28:44.513070Z","level":"warning","event":"The `airflow.decorators.task` attribute is deprecated. Please use `'airflow.sdk.task'`.","category":"DeprecatedImportWarning","filename":"/opt/airflow/dags/dag.py","lineno":4,"logger":"py.warnings"}
{"timestamp":"2025-12-29T12:28:44.513095Z","level":"warning","event":"The `airflow.operators.empty.EmptyOperator` attribute is deprecated. Please use `'airflow.providers.standard.operators.empty.EmptyOperator'`.","category":"DeprecatedImportWarning","filename":"/opt/airflow/dags/dag.py","lineno":5,"logger":"py.warnings"}
{"timestamp":"2025-12-29T12:28:44.513115Z","level":"warning","event":"The `airflow.operators.python.get_current_context` attribute is deprecated. Please use `'airflow.sdk.get_current_context'`.","category":"DeprecatedImportWarning","filename":"/opt/airflow/dags/dag.py","lineno":7,"logger":"py.warnings"}
{"timestamp":"2025-12-29T12:28:44.513135Z","level":"warning","event":"The `airflow.models.param.Param` attribute is deprecated. Please use `'airflow.sdk.Param'`.","category":"DeprecatedImportWarning","filename":"/opt/airflow/dags/dag.py","lineno":14,"logger":"py.warnings"}
{"timestamp":"2025-12-29T12:28:44.513153Z","level":"warning","event":"The `airflow.operators.python.get_current_context` attribute is deprecated. Please use `'airflow.sdk.get_current_context'`.","category":"DeprecatedImportWarning","filename":"/opt/airflow/dags/dag.py","lineno":22,"logger":"py.warnings"}
{"timestamp":"2025-12-29T12:29:14.984099Z","level":"info","event":"Filling up the DagBag from /opt/airflow/dags/dag.py","logger":"airflow.models.dagbag.DagBag","filename":"dagbag.py","lineno":593}
{"timestamp":"2025-12-29T12:29:15.017639Z","level":"warning","event":"The `airflow.decorators.dag` attribute is deprecated. Please use `'airflow.sdk.dag'`.","category":"DeprecatedImportWarning","filename":"/opt/airflow/dags/dag.py","lineno":3,"logger":"py.warnings"}
{"timestamp":"2025-12-29T12:29:15.017701Z","level":"warning","event":"The `airflow.decorators.task` attribute is deprecated. Please use `'airflow.sdk.task'`.","category":"DeprecatedImportWarning","filename":"/opt/airflow/dags/dag.py","lineno":4,"logger":"py.warnings"}
{"timestamp":"2025-12-29T12:29:15.017727Z","level":"warning","event":"The `airflow.operators.empty.EmptyOperator` attribute is deprecated. Please use `'airflow.providers.standard.operators.empty.EmptyOperator'`.","category":"DeprecatedImportWarning","filename":"/opt/airflow/dags/dag.py","lineno":5,"logger":"py.warnings"}
{"timestamp":"2025-12-29T12:29:15.017749Z","level":"warning","event":"The `airflow.operators.python.get_current_context` attribute is deprecated. Please use `'airflow.sdk.get_current_context'`.","category":"DeprecatedImportWarning","filename":"/opt/airflow/dags/dag.py","lineno":7,"logger":"py.warnings"}
{"timestamp":"2025-12-29T12:29:15.017771Z","level":"warning","event":"The `airflow.models.param.Param` attribute is deprecated. Please use `'airflow.sdk.Param'`.","category":"DeprecatedImportWarning","filename":"/opt/airflow/dags/dag.py","lineno":14,"logger":"py.warnings"}
{"timestamp":"2025-12-29T12:29:15.017790Z","level":"warning","event":"The `airflow.operators.python.get_current_context` attribute is deprecated. Please use `'airflow.sdk.get_current_context'`.","category":"DeprecatedImportWarning","filename":"/opt/airflow/dags/dag.py","lineno":22,"logger":"py.warnings"}
{"timestamp":"2025-12-29T12:29:45.515372Z","level":"info","event":"Filling up the DagBag from /opt/airflow/dags/dag.py","logger":"airflow.models.dagbag.DagBag","filename":"dagbag.py","lineno":593}
{"timestamp":"2025-12-29T12:29:45.546531Z","level":"warning","event":"The `airflow.decorators.dag` attribute is deprecated. Please use `'airflow.sdk.dag'`.","category":"DeprecatedImportWarning","filename":"/opt/airflow/dags/dag.py","lineno":3,"logger":"py.warnings"}
{"timestamp":"2025-12-29T12:29:45.546587Z","level":"warning","event":"The `airflow.decorators.task` attribute is deprecated. Please use `'airflow.sdk.task'`.","category":"DeprecatedImportWarning","filename":"/opt/airflow/dags/dag.py","lineno":4,"logger":"py.warnings"}
{"timestamp":"2025-12-29T12:29:45.546628Z","level":"warning","event":"The `airflow.operators.empty.EmptyOperator` attribute is deprecated. Please use `'airflow.providers.standard.operators.empty.EmptyOperator'`.","category":"DeprecatedImportWarning","filename":"/opt/airflow/dags/dag.py","lineno":5,"logger":"py.warnings"}
{"timestamp":"2025-12-29T12:29:45.546651Z","level":"warning","event":"The `airflow.operators.python.get_current_context` attribute is deprecated. Please use `'airflow.sdk.get_current_context'`.","category":"DeprecatedImportWarning","filename":"/opt/airflow/dags/dag.py","lineno":7,"logger":"py.warnings"}
{"timestamp":"2025-12-29T12:29:45.546673Z","level":"warning","event":"The `airflow.models.param.Param` attribute is deprecated. Please use `'airflow.sdk.Param'`.","category":"DeprecatedImportWarning","filename":"/opt/airflow/dags/dag.py","lineno":14,"logger":"py.warnings"}
{"timestamp":"2025-12-29T12:29:45.546691Z","level":"warning","event":"The `airflow.operators.python.get_current_context` attribute is deprecated. Please use `'airflow.sdk.get_current_context'`.","category":"DeprecatedImportWarning","filename":"/opt/airflow/dags/dag.py","lineno":22,"logger":"py.warnings"}
{"timestamp":"2025-12-29T12:30:16.014446Z","level":"info","event":"Filling up the DagBag from /opt/airflow/dags/dag.py","logger":"airflow.models.dagbag.DagBag","filename":"dagbag.py","lineno":593}
{"timestamp":"2025-12-29T12:30:16.046544Z","level":"warning","event":"The `airflow.decorators.dag` attribute is deprecated. Please use `'airflow.sdk.dag'`.","category":"DeprecatedImportWarning","filename":"/opt/airflow/dags/dag.py","lineno":3,"logger":"py.warnings"}
{"timestamp":"2025-12-29T12:30:16.046597Z","level":"warning","event":"The `airflow.decorators.task` attribute is deprecated. Please use `'airflow.sdk.task'`.","category":"DeprecatedImportWarning","filename":"/opt/airflow/dags/dag.py","lineno":4,"logger":"py.warnings"}
{"timestamp":"2025-12-29T12:30:16.046623Z","level":"warning","event":"The `airflow.operators.empty.EmptyOperator` attribute is deprecated. Please use `'airflow.providers.standard.operators.empty.EmptyOperator'`.","category":"DeprecatedImportWarning","filename":"/opt/airflow/dags/dag.py","lineno":5,"logger":"py.warnings"}
{"timestamp":"2025-12-29T12:30:16.046645Z","level":"warning","event":"The `airflow.operators.python.get_current_context` attribute is deprecated. Please use `'airflow.sdk.get_current_context'`.","category":"DeprecatedImportWarning","filename":"/opt/airflow/dags/dag.py","lineno":7,"logger":"py.warnings"}
{"timestamp":"2025-12-29T12:30:16.046666Z","level":"warning","event":"The `airflow.models.param.Param` attribute is deprecated. Please use `'airflow.sdk.Param'`.","category":"DeprecatedImportWarning","filename":"/opt/airflow/dags/dag.py","lineno":14,"logger":"py.warnings"}
{"timestamp":"2025-12-29T12:30:16.046685Z","level":"warning","event":"The `airflow.operators.python.get_current_context` attribute is deprecated. Please use `'airflow.sdk.get_current_context'`.","category":"DeprecatedImportWarning","filename":"/opt/airflow/dags/dag.py","lineno":22,"logger":"py.warnings"}
{"timestamp":"2025-12-29T12:30:46.516011Z","level":"info","event":"Filling up the DagBag from /opt/airflow/dags/dag.py","logger":"airflow.models.dagbag.DagBag","filename":"dagbag.py","lineno":593}
{"timestamp":"2025-12-29T12:30:46.544752Z","level":"warning","event":"The `airflow.decorators.dag` attribute is deprecated. Please use `'airflow.sdk.dag'`.","category":"DeprecatedImportWarning","filename":"/opt/airflow/dags/dag.py","lineno":3,"logger":"py.warnings"}
{"timestamp":"2025-12-29T12:30:46.544818Z","level":"warning","event":"The `airflow.decorators.task` attribute is deprecated. Please use `'airflow.sdk.task'`.","category":"DeprecatedImportWarning","filename":"/opt/airflow/dags/dag.py","lineno":4,"logger":"py.warnings"}
{"timestamp":"2025-12-29T12:30:46.544844Z","level":"warning","event":"The `airflow.operators.empty.EmptyOperator` attribute is deprecated. Please use `'airflow.providers.standard.operators.empty.EmptyOperator'`.","category":"DeprecatedImportWarning","filename":"/opt/airflow/dags/dag.py","lineno":5,"logger":"py.warnings"}
{"timestamp":"2025-12-29T12:30:46.544866Z","level":"warning","event":"The `airflow.operators.python.get_current_context` attribute is deprecated. Please use `'airflow.sdk.get_current_context'`.","category":"DeprecatedImportWarning","filename":"/opt/airflow/dags/dag.py","lineno":7,"logger":"py.warnings"}
{"timestamp":"2025-12-29T12:30:46.544887Z","level":"warning","event":"The `airflow.models.param.Param` attribute is deprecated. Please use `'airflow.sdk.Param'`.","category":"DeprecatedImportWarning","filename":"/opt/airflow/dags/dag.py","lineno":14,"logger":"py.warnings"}
{"timestamp":"2025-12-29T12:30:46.544907Z","level":"warning","event":"The `airflow.operators.python.get_current_context` attribute is deprecated. Please use `'airflow.sdk.get_current_context'`.","category":"DeprecatedImportWarning","filename":"/opt/airflow/dags/dag.py","lineno":22,"logger":"py.warnings"}
{"timestamp":"2025-12-29T12:31:17.043245Z","level":"info","event":"Filling up the DagBag from /opt/airflow/dags/dag.py","logger":"airflow.models.dagbag.DagBag","filename":"dagbag.py","lineno":593}
{"timestamp":"2025-12-29T12:31:17.075640Z","level":"warning","event":"The `airflow.decorators.dag` attribute is deprecated. Please use `'airflow.sdk.dag'`.","category":"DeprecatedImportWarning","filename":"/opt/airflow/dags/dag.py","lineno":3,"logger":"py.warnings"}
{"timestamp":"2025-12-29T12:31:17.075706Z","level":"warning","event":"The `airflow.decorators.task` attribute is deprecated. Please use `'airflow.sdk.task'`.","category":"DeprecatedImportWarning","filename":"/opt/airflow/dags/dag.py","lineno":4,"logger":"py.warnings"}
{"timestamp":"2025-12-29T12:31:17.075730Z","level":"warning","event":"The `airflow.operators.empty.EmptyOperator` attribute is deprecated. Please use `'airflow.providers.standard.operators.empty.EmptyOperator'`.","category":"DeprecatedImportWarning","filename":"/opt/airflow/dags/dag.py","lineno":5,"logger":"py.warnings"}
{"timestamp":"2025-12-29T12:31:17.075751Z","level":"warning","event":"The `airflow.operators.python.get_current_context` attribute is deprecated. Please use `'airflow.sdk.get_current_context'`.","category":"DeprecatedImportWarning","filename":"/opt/airflow/dags/dag.py","lineno":7,"logger":"py.warnings"}
{"timestamp":"2025-12-29T12:31:17.075770Z","level":"warning","event":"The `airflow.models.param.Param` attribute is deprecated. Please use `'airflow.sdk.Param'`.","category":"DeprecatedImportWarning","filename":"/opt/airflow/dags/dag.py","lineno":14,"logger":"py.warnings"}
{"timestamp":"2025-12-29T12:31:17.075788Z","level":"warning","event":"The `airflow.operators.python.get_current_context` attribute is deprecated. Please use `'airflow.sdk.get_current_context'`.","category":"DeprecatedImportWarning","filename":"/opt/airflow/dags/dag.py","lineno":22,"logger":"py.warnings"}
{"timestamp":"2025-12-29T12:31:47.581106Z","level":"info","event":"Filling up the DagBag from /opt/airflow/dags/dag.py","logger":"airflow.models.dagbag.DagBag","filename":"dagbag.py","lineno":593}
{"timestamp":"2025-12-29T12:31:47.612433Z","level":"warning","event":"The `airflow.decorators.dag` attribute is deprecated. Please use `'airflow.sdk.dag'`.","category":"DeprecatedImportWarning","filename":"/opt/airflow/dags/dag.py","lineno":3,"logger":"py.warnings"}
{"timestamp":"2025-12-29T12:31:47.612488Z","level":"warning","event":"The `airflow.decorators.task` attribute is deprecated. Please use `'airflow.sdk.task'`.","category":"DeprecatedImportWarning","filename":"/opt/airflow/dags/dag.py","lineno":4,"logger":"py.warnings"}
{"timestamp":"2025-12-29T12:31:47.612514Z","level":"warning","event":"The `airflow.operators.empty.EmptyOperator` attribute is deprecated. Please use `'airflow.providers.standard.operators.empty.EmptyOperator'`.","category":"DeprecatedImportWarning","filename":"/opt/airflow/dags/dag.py","lineno":5,"logger":"py.warnings"}
{"timestamp":"2025-12-29T12:31:47.612538Z","level":"warning","event":"The `airflow.operators.python.get_current_context` attribute is deprecated. Please use `'airflow.sdk.get_current_context'`.","category":"DeprecatedImportWarning","filename":"/opt/airflow/dags/dag.py","lineno":7,"logger":"py.warnings"}
{"timestamp":"2025-12-29T12:31:47.612559Z","level":"warning","event":"The `airflow.models.param.Param` attribute is deprecated. Please use `'airflow.sdk.Param'`.","category":"DeprecatedImportWarning","filename":"/opt/airflow/dags/dag.py","lineno":14,"logger":"py.warnings"}
{"timestamp":"2025-12-29T12:31:47.612580Z","level":"warning","event":"The `airflow.operators.python.get_current_context` attribute is deprecated. Please use `'airflow.sdk.get_current_context'`.","category":"DeprecatedImportWarning","filename":"/opt/airflow/dags/dag.py","lineno":22,"logger":"py.warnings"}
{"timestamp":"2025-12-29T12:32:18.057760Z","level":"info","event":"Filling up the DagBag from /opt/airflow/dags/dag.py","logger":"airflow.models.dagbag.DagBag","filename":"dagbag.py","lineno":593}
{"timestamp":"2025-12-29T12:32:18.085386Z","level":"warning","event":"The `airflow.decorators.dag` attribute is deprecated. Please use `'airflow.sdk.dag'`.","category":"DeprecatedImportWarning","filename":"/opt/airflow/dags/dag.py","lineno":3,"logger":"py.warnings"}
{"timestamp":"2025-12-29T12:32:18.085560Z","level":"warning","event":"The `airflow.decorators.task` attribute is deprecated. Please use `'airflow.sdk.task'`.","category":"DeprecatedImportWarning","filename":"/opt/airflow/dags/dag.py","lineno":4,"logger":"py.warnings"}
{"timestamp":"2025-12-29T12:32:18.085603Z","level":"warning","event":"The `airflow.operators.empty.EmptyOperator` attribute is deprecated. Please use `'airflow.providers.standard.operators.empty.EmptyOperator'`.","category":"DeprecatedImportWarning","filename":"/opt/airflow/dags/dag.py","lineno":5,"logger":"py.warnings"}
{"timestamp":"2025-12-29T12:32:18.085627Z","level":"warning","event":"The `airflow.operators.python.get_current_context` attribute is deprecated. Please use `'airflow.sdk.get_current_context'`.","category":"DeprecatedImportWarning","filename":"/opt/airflow/dags/dag.py","lineno":7,"logger":"py.warnings"}
{"timestamp":"2025-12-29T12:32:18.085648Z","level":"warning","event":"The `airflow.models.param.Param` attribute is deprecated. Please use `'airflow.sdk.Param'`.","category":"DeprecatedImportWarning","filename":"/opt/airflow/dags/dag.py","lineno":14,"logger":"py.warnings"}
{"timestamp":"2025-12-29T12:32:18.085668Z","level":"warning","event":"The `airflow.operators.python.get_current_context` attribute is deprecated. Please use `'airflow.sdk.get_current_context'`.","category":"DeprecatedImportWarning","filename":"/opt/airflow/dags/dag.py","lineno":22,"logger":"py.warnings"}
{"timestamp":"2025-12-29T12:32:48.560711Z","level":"info","event":"Filling up the DagBag from /opt/airflow/dags/dag.py","logger":"airflow.models.dagbag.DagBag","filename":"dagbag.py","lineno":593}
{"timestamp":"2025-12-29T12:32:48.590790Z","level":"warning","event":"The `airflow.decorators.dag` attribute is deprecated. Please use `'airflow.sdk.dag'`.","category":"DeprecatedImportWarning","filename":"/opt/airflow/dags/dag.py","lineno":3,"logger":"py.warnings"}
{"timestamp":"2025-12-29T12:32:48.590848Z","level":"warning","event":"The `airflow.decorators.task` attribute is deprecated. Please use `'airflow.sdk.task'`.","category":"DeprecatedImportWarning","filename":"/opt/airflow/dags/dag.py","lineno":4,"logger":"py.warnings"}
{"timestamp":"2025-12-29T12:32:48.590874Z","level":"warning","event":"The `airflow.operators.empty.EmptyOperator` attribute is deprecated. Please use `'airflow.providers.standard.operators.empty.EmptyOperator'`.","category":"DeprecatedImportWarning","filename":"/opt/airflow/dags/dag.py","lineno":5,"logger":"py.warnings"}
{"timestamp":"2025-12-29T12:32:48.590897Z","level":"warning","event":"The `airflow.operators.python.get_current_context` attribute is deprecated. Please use `'airflow.sdk.get_current_context'`.","category":"DeprecatedImportWarning","filename":"/opt/airflow/dags/dag.py","lineno":7,"logger":"py.warnings"}
{"timestamp":"2025-12-29T12:32:48.590919Z","level":"warning","event":"The `airflow.models.param.Param` attribute is deprecated. Please use `'airflow.sdk.Param'`.","category":"DeprecatedImportWarning","filename":"/opt/airflow/dags/dag.py","lineno":14,"logger":"py.warnings"}
{"timestamp":"2025-12-29T12:32:48.590939Z","level":"warning","event":"The `airflow.operators.python.get_current_context` attribute is deprecated. Please use `'airflow.sdk.get_current_context'`.","category":"DeprecatedImportWarning","filename":"/opt/airflow/dags/dag.py","lineno":22,"logger":"py.warnings"}
{"timestamp":"2025-12-29T12:33:18.978327Z","level":"info","event":"Filling up the DagBag from /opt/airflow/dags/dag.py","logger":"airflow.models.dagbag.DagBag","filename":"dagbag.py","lineno":593}
{"timestamp":"2025-12-29T12:33:19.008441Z","level":"warning","event":"The `airflow.decorators.dag` attribute is deprecated. Please use `'airflow.sdk.dag'`.","category":"DeprecatedImportWarning","filename":"/opt/airflow/dags/dag.py","lineno":3,"logger":"py.warnings"}
{"timestamp":"2025-12-29T12:33:19.008501Z","level":"warning","event":"The `airflow.decorators.task` attribute is deprecated. Please use `'airflow.sdk.task'`.","category":"DeprecatedImportWarning","filename":"/opt/airflow/dags/dag.py","lineno":4,"logger":"py.warnings"}
{"timestamp":"2025-12-29T12:33:19.008534Z","level":"warning","event":"The `airflow.operators.empty.EmptyOperator` attribute is deprecated. Please use `'airflow.providers.standard.operators.empty.EmptyOperator'`.","category":"DeprecatedImportWarning","filename":"/opt/airflow/dags/dag.py","lineno":5,"logger":"py.warnings"}
{"timestamp":"2025-12-29T12:33:19.008559Z","level":"warning","event":"The `airflow.operators.python.get_current_context` attribute is deprecated. Please use `'airflow.sdk.get_current_context'`.","category":"DeprecatedImportWarning","filename":"/opt/airflow/dags/dag.py","lineno":7,"logger":"py.warnings"}
{"timestamp":"2025-12-29T12:33:19.008582Z","level":"warning","event":"The `airflow.models.param.Param` attribute is deprecated. Please use `'airflow.sdk.Param'`.","category":"DeprecatedImportWarning","filename":"/opt/airflow/dags/dag.py","lineno":14,"logger":"py.warnings"}
{"timestamp":"2025-12-29T12:33:19.008617Z","level":"warning","event":"The `airflow.operators.python.get_current_context` attribute is deprecated. Please use `'airflow.sdk.get_current_context'`.","category":"DeprecatedImportWarning","filename":"/opt/airflow/dags/dag.py","lineno":22,"logger":"py.warnings"}
{"timestamp":"2025-12-29T12:33:49.453994Z","level":"info","event":"Filling up the DagBag from /opt/airflow/dags/dag.py","logger":"airflow.models.dagbag.DagBag","filename":"dagbag.py","lineno":593}
{"timestamp":"2025-12-29T12:33:49.491670Z","level":"warning","event":"The `airflow.decorators.dag` attribute is deprecated. Please use `'airflow.sdk.dag'`.","category":"DeprecatedImportWarning","filename":"/opt/airflow/dags/dag.py","lineno":3,"logger":"py.warnings"}
{"timestamp":"2025-12-29T12:33:49.491730Z","level":"warning","event":"The `airflow.decorators.task` attribute is deprecated. Please use `'airflow.sdk.task'`.","category":"DeprecatedImportWarning","filename":"/opt/airflow/dags/dag.py","lineno":4,"logger":"py.warnings"}
{"timestamp":"2025-12-29T12:33:49.491758Z","level":"warning","event":"The `airflow.operators.empty.EmptyOperator` attribute is deprecated. Please use `'airflow.providers.standard.operators.empty.EmptyOperator'`.","category":"DeprecatedImportWarning","filename":"/opt/airflow/dags/dag.py","lineno":5,"logger":"py.warnings"}
{"timestamp":"2025-12-29T12:33:49.491780Z","level":"warning","event":"The `airflow.operators.python.get_current_context` attribute is deprecated. Please use `'airflow.sdk.get_current_context'`.","category":"DeprecatedImportWarning","filename":"/opt/airflow/dags/dag.py","lineno":7,"logger":"py.warnings"}
{"timestamp":"2025-12-29T12:33:49.491801Z","level":"warning","event":"The `airflow.models.param.Param` attribute is deprecated. Please use `'airflow.sdk.Param'`.","category":"DeprecatedImportWarning","filename":"/opt/airflow/dags/dag.py","lineno":14,"logger":"py.warnings"}
{"timestamp":"2025-12-29T12:33:49.491820Z","level":"warning","event":"The `airflow.operators.python.get_current_context` attribute is deprecated. Please use `'airflow.sdk.get_current_context'`.","category":"DeprecatedImportWarning","filename":"/opt/airflow/dags/dag.py","lineno":22,"logger":"py.warnings"}
{"timestamp":"2025-12-29T12:34:19.973861Z","level":"info","event":"Filling up the DagBag from /opt/airflow/dags/dag.py","logger":"airflow.models.dagbag.DagBag","filename":"dagbag.py","lineno":593}
{"timestamp":"2025-12-29T12:34:20.004071Z","level":"warning","event":"The `airflow.decorators.dag` attribute is deprecated. Please use `'airflow.sdk.dag'`.","category":"DeprecatedImportWarning","filename":"/opt/airflow/dags/dag.py","lineno":3,"logger":"py.warnings"}
{"timestamp":"2025-12-29T12:34:20.004128Z","level":"warning","event":"The `airflow.decorators.task` attribute is deprecated. Please use `'airflow.sdk.task'`.","category":"DeprecatedImportWarning","filename":"/opt/airflow/dags/dag.py","lineno":4,"logger":"py.warnings"}
{"timestamp":"2025-12-29T12:34:20.004154Z","level":"warning","event":"The `airflow.operators.empty.EmptyOperator` attribute is deprecated. Please use `'airflow.providers.standard.operators.empty.EmptyOperator'`.","category":"DeprecatedImportWarning","filename":"/opt/airflow/dags/dag.py","lineno":5,"logger":"py.warnings"}
{"timestamp":"2025-12-29T12:34:20.004175Z","level":"warning","event":"The `airflow.operators.python.get_current_context` attribute is deprecated. Please use `'airflow.sdk.get_current_context'`.","category":"DeprecatedImportWarning","filename":"/opt/airflow/dags/dag.py","lineno":7,"logger":"py.warnings"}
{"timestamp":"2025-12-29T12:34:20.004195Z","level":"warning","event":"The `airflow.models.param.Param` attribute is deprecated. Please use `'airflow.sdk.Param'`.","category":"DeprecatedImportWarning","filename":"/opt/airflow/dags/dag.py","lineno":14,"logger":"py.warnings"}
{"timestamp":"2025-12-29T12:34:20.004214Z","level":"warning","event":"The `airflow.operators.python.get_current_context` attribute is deprecated. Please use `'airflow.sdk.get_current_context'`.","category":"DeprecatedImportWarning","filename":"/opt/airflow/dags/dag.py","lineno":22,"logger":"py.warnings"}
{"timestamp":"2025-12-29T12:34:50.462093Z","level":"info","event":"Filling up the DagBag from /opt/airflow/dags/dag.py","logger":"airflow.models.dagbag.DagBag","filename":"dagbag.py","lineno":593}
{"timestamp":"2025-12-29T12:34:50.493021Z","level":"warning","event":"The `airflow.decorators.dag` attribute is deprecated. Please use `'airflow.sdk.dag'`.","category":"DeprecatedImportWarning","filename":"/opt/airflow/dags/dag.py","lineno":3,"logger":"py.warnings"}
{"timestamp":"2025-12-29T12:34:50.493193Z","level":"warning","event":"The `airflow.decorators.task` attribute is deprecated. Please use `'airflow.sdk.task'`.","category":"DeprecatedImportWarning","filename":"/opt/airflow/dags/dag.py","lineno":4,"logger":"py.warnings"}
{"timestamp":"2025-12-29T12:34:50.493236Z","level":"warning","event":"The `airflow.operators.empty.EmptyOperator` attribute is deprecated. Please use `'airflow.providers.standard.operators.empty.EmptyOperator'`.","category":"DeprecatedImportWarning","filename":"/opt/airflow/dags/dag.py","lineno":5,"logger":"py.warnings"}
{"timestamp":"2025-12-29T12:34:50.493260Z","level":"warning","event":"The `airflow.operators.python.get_current_context` attribute is deprecated. Please use `'airflow.sdk.get_current_context'`.","category":"DeprecatedImportWarning","filename":"/opt/airflow/dags/dag.py","lineno":7,"logger":"py.warnings"}
{"timestamp":"2025-12-29T12:34:50.493283Z","level":"warning","event":"The `airflow.models.param.Param` attribute is deprecated. Please use `'airflow.sdk.Param'`.","category":"DeprecatedImportWarning","filename":"/opt/airflow/dags/dag.py","lineno":14,"logger":"py.warnings"}
{"timestamp":"2025-12-29T12:34:50.493304Z","level":"warning","event":"The `airflow.operators.python.get_current_context` attribute is deprecated. Please use `'airflow.sdk.get_current_context'`.","category":"DeprecatedImportWarning","filename":"/opt/airflow/dags/dag.py","lineno":22,"logger":"py.warnings"}
{"timestamp":"2025-12-29T12:35:20.955103Z","level":"info","event":"Filling up the DagBag from /opt/airflow/dags/dag.py","logger":"airflow.models.dagbag.DagBag","filename":"dagbag.py","lineno":593}
{"timestamp":"2025-12-29T12:35:20.987801Z","level":"warning","event":"The `airflow.decorators.dag` attribute is deprecated. Please use `'airflow.sdk.dag'`.","category":"DeprecatedImportWarning","filename":"/opt/airflow/dags/dag.py","lineno":3,"logger":"py.warnings"}
{"timestamp":"2025-12-29T12:35:20.987856Z","level":"warning","event":"The `airflow.decorators.task` attribute is deprecated. Please use `'airflow.sdk.task'`.","category":"DeprecatedImportWarning","filename":"/opt/airflow/dags/dag.py","lineno":4,"logger":"py.warnings"}
{"timestamp":"2025-12-29T12:35:20.987883Z","level":"warning","event":"The `airflow.operators.empty.EmptyOperator` attribute is deprecated. Please use `'airflow.providers.standard.operators.empty.EmptyOperator'`.","category":"DeprecatedImportWarning","filename":"/opt/airflow/dags/dag.py","lineno":5,"logger":"py.warnings"}
{"timestamp":"2025-12-29T12:35:20.987905Z","level":"warning","event":"The `airflow.operators.python.get_current_context` attribute is deprecated. Please use `'airflow.sdk.get_current_context'`.","category":"DeprecatedImportWarning","filename":"/opt/airflow/dags/dag.py","lineno":7,"logger":"py.warnings"}
{"timestamp":"2025-12-29T12:35:20.987927Z","level":"warning","event":"The `airflow.models.param.Param` attribute is deprecated. Please use `'airflow.sdk.Param'`.","category":"DeprecatedImportWarning","filename":"/opt/airflow/dags/dag.py","lineno":14,"logger":"py.warnings"}
{"timestamp":"2025-12-29T12:35:20.987947Z","level":"warning","event":"The `airflow.operators.python.get_current_context` attribute is deprecated. Please use `'airflow.sdk.get_current_context'`.","category":"DeprecatedImportWarning","filename":"/opt/airflow/dags/dag.py","lineno":22,"logger":"py.warnings"}
{"timestamp":"2025-12-29T12:35:51.366966Z","level":"info","event":"Filling up the DagBag from /opt/airflow/dags/dag.py","logger":"airflow.models.dagbag.DagBag","filename":"dagbag.py","lineno":593}
{"timestamp":"2025-12-29T12:35:51.391413Z","level":"warning","event":"The `airflow.decorators.dag` attribute is deprecated. Please use `'airflow.sdk.dag'`.","category":"DeprecatedImportWarning","filename":"/opt/airflow/dags/dag.py","lineno":3,"logger":"py.warnings"}
{"timestamp":"2025-12-29T12:35:51.391463Z","level":"warning","event":"The `airflow.decorators.task` attribute is deprecated. Please use `'airflow.sdk.task'`.","category":"DeprecatedImportWarning","filename":"/opt/airflow/dags/dag.py","lineno":4,"logger":"py.warnings"}
{"timestamp":"2025-12-29T12:35:51.391484Z","level":"warning","event":"The `airflow.operators.empty.EmptyOperator` attribute is deprecated. Please use `'airflow.providers.standard.operators.empty.EmptyOperator'`.","category":"DeprecatedImportWarning","filename":"/opt/airflow/dags/dag.py","lineno":5,"logger":"py.warnings"}
{"timestamp":"2025-12-29T12:35:51.391503Z","level":"warning","event":"The `airflow.operators.python.get_current_context` attribute is deprecated. Please use `'airflow.sdk.get_current_context'`.","category":"DeprecatedImportWarning","filename":"/opt/airflow/dags/dag.py","lineno":7,"logger":"py.warnings"}
{"timestamp":"2025-12-29T12:35:51.391521Z","level":"warning","event":"The `airflow.models.param.Param` attribute is deprecated. Please use `'airflow.sdk.Param'`.","category":"DeprecatedImportWarning","filename":"/opt/airflow/dags/dag.py","lineno":14,"logger":"py.warnings"}
{"timestamp":"2025-12-29T12:35:51.391537Z","level":"warning","event":"The `airflow.operators.python.get_current_context` attribute is deprecated. Please use `'airflow.sdk.get_current_context'`.","category":"DeprecatedImportWarning","filename":"/opt/airflow/dags/dag.py","lineno":22,"logger":"py.warnings"}
{"timestamp":"2025-12-29T12:36:21.836259Z","level":"info","event":"Filling up the DagBag from /opt/airflow/dags/dag.py","logger":"airflow.models.dagbag.DagBag","filename":"dagbag.py","lineno":593}
{"timestamp":"2025-12-29T12:36:21.870144Z","level":"warning","event":"The `airflow.decorators.dag` attribute is deprecated. Please use `'airflow.sdk.dag'`.","category":"DeprecatedImportWarning","filename":"/opt/airflow/dags/dag.py","lineno":3,"logger":"py.warnings"}
{"timestamp":"2025-12-29T12:36:21.870353Z","level":"warning","event":"The `airflow.decorators.task` attribute is deprecated. Please use `'airflow.sdk.task'`.","category":"DeprecatedImportWarning","filename":"/opt/airflow/dags/dag.py","lineno":4,"logger":"py.warnings"}
{"timestamp":"2025-12-29T12:36:21.870405Z","level":"warning","event":"The `airflow.operators.empty.EmptyOperator` attribute is deprecated. Please use `'airflow.providers.standard.operators.empty.EmptyOperator'`.","category":"DeprecatedImportWarning","filename":"/opt/airflow/dags/dag.py","lineno":5,"logger":"py.warnings"}
{"timestamp":"2025-12-29T12:36:21.870432Z","level":"warning","event":"The `airflow.operators.python.get_current_context` attribute is deprecated. Please use `'airflow.sdk.get_current_context'`.","category":"DeprecatedImportWarning","filename":"/opt/airflow/dags/dag.py","lineno":7,"logger":"py.warnings"}
{"timestamp":"2025-12-29T12:36:21.870456Z","level":"warning","event":"The `airflow.models.param.Param` attribute is deprecated. Please use `'airflow.sdk.Param'`.","category":"DeprecatedImportWarning","filename":"/opt/airflow/dags/dag.py","lineno":14,"logger":"py.warnings"}
{"timestamp":"2025-12-29T12:36:21.870480Z","level":"warning","event":"The `airflow.operators.python.get_current_context` attribute is deprecated. Please use `'airflow.sdk.get_current_context'`.","category":"DeprecatedImportWarning","filename":"/opt/airflow/dags/dag.py","lineno":22,"logger":"py.warnings"}
{"timestamp":"2025-12-29T12:36:52.302382Z","level":"info","event":"Filling up the DagBag from /opt/airflow/dags/dag.py","logger":"airflow.models.dagbag.DagBag","filename":"dagbag.py","lineno":593}
{"timestamp":"2025-12-29T12:36:52.338579Z","level":"warning","event":"The `airflow.decorators.dag` attribute is deprecated. Please use `'airflow.sdk.dag'`.","category":"DeprecatedImportWarning","filename":"/opt/airflow/dags/dag.py","lineno":3,"logger":"py.warnings"}
{"timestamp":"2025-12-29T12:36:52.338644Z","level":"warning","event":"The `airflow.decorators.task` attribute is deprecated. Please use `'airflow.sdk.task'`.","category":"DeprecatedImportWarning","filename":"/opt/airflow/dags/dag.py","lineno":4,"logger":"py.warnings"}
{"timestamp":"2025-12-29T12:36:52.338671Z","level":"warning","event":"The `airflow.operators.empty.EmptyOperator` attribute is deprecated. Please use `'airflow.providers.standard.operators.empty.EmptyOperator'`.","category":"DeprecatedImportWarning","filename":"/opt/airflow/dags/dag.py","lineno":5,"logger":"py.warnings"}
{"timestamp":"2025-12-29T12:36:52.338693Z","level":"warning","event":"The `airflow.operators.python.get_current_context` attribute is deprecated. Please use `'airflow.sdk.get_current_context'`.","category":"DeprecatedImportWarning","filename":"/opt/airflow/dags/dag.py","lineno":7,"logger":"py.warnings"}
{"timestamp":"2025-12-29T12:36:52.338715Z","level":"warning","event":"The `airflow.models.param.Param` attribute is deprecated. Please use `'airflow.sdk.Param'`.","category":"DeprecatedImportWarning","filename":"/opt/airflow/dags/dag.py","lineno":14,"logger":"py.warnings"}
{"timestamp":"2025-12-29T12:36:52.338734Z","level":"warning","event":"The `airflow.operators.python.get_current_context` attribute is deprecated. Please use `'airflow.sdk.get_current_context'`.","category":"DeprecatedImportWarning","filename":"/opt/airflow/dags/dag.py","lineno":22,"logger":"py.warnings"}
{"timestamp":"2025-12-29T12:37:22.866827Z","level":"info","event":"Filling up the DagBag from /opt/airflow/dags/dag.py","logger":"airflow.models.dagbag.DagBag","filename":"dagbag.py","lineno":593}
{"timestamp":"2025-12-29T12:37:22.900100Z","level":"warning","event":"The `airflow.decorators.dag` attribute is deprecated. Please use `'airflow.sdk.dag'`.","category":"DeprecatedImportWarning","filename":"/opt/airflow/dags/dag.py","lineno":3,"logger":"py.warnings"}
{"timestamp":"2025-12-29T12:37:22.900155Z","level":"warning","event":"The `airflow.decorators.task` attribute is deprecated. Please use `'airflow.sdk.task'`.","category":"DeprecatedImportWarning","filename":"/opt/airflow/dags/dag.py","lineno":4,"logger":"py.warnings"}
{"timestamp":"2025-12-29T12:37:22.900180Z","level":"warning","event":"The `airflow.operators.empty.EmptyOperator` attribute is deprecated. Please use `'airflow.providers.standard.operators.empty.EmptyOperator'`.","category":"DeprecatedImportWarning","filename":"/opt/airflow/dags/dag.py","lineno":5,"logger":"py.warnings"}
{"timestamp":"2025-12-29T12:37:22.900202Z","level":"warning","event":"The `airflow.operators.python.get_current_context` attribute is deprecated. Please use `'airflow.sdk.get_current_context'`.","category":"DeprecatedImportWarning","filename":"/opt/airflow/dags/dag.py","lineno":7,"logger":"py.warnings"}
{"timestamp":"2025-12-29T12:37:22.900223Z","level":"warning","event":"The `airflow.models.param.Param` attribute is deprecated. Please use `'airflow.sdk.Param'`.","category":"DeprecatedImportWarning","filename":"/opt/airflow/dags/dag.py","lineno":14,"logger":"py.warnings"}
{"timestamp":"2025-12-29T12:37:22.900243Z","level":"warning","event":"The `airflow.operators.python.get_current_context` attribute is deprecated. Please use `'airflow.sdk.get_current_context'`.","category":"DeprecatedImportWarning","filename":"/opt/airflow/dags/dag.py","lineno":22,"logger":"py.warnings"}
{"timestamp":"2025-12-29T12:37:53.376564Z","level":"info","event":"Filling up the DagBag from /opt/airflow/dags/dag.py","logger":"airflow.models.dagbag.DagBag","filename":"dagbag.py","lineno":593}
{"timestamp":"2025-12-29T12:37:53.409314Z","level":"warning","event":"The `airflow.decorators.dag` attribute is deprecated. Please use `'airflow.sdk.dag'`.","category":"DeprecatedImportWarning","filename":"/opt/airflow/dags/dag.py","lineno":3,"logger":"py.warnings"}
{"timestamp":"2025-12-29T12:37:53.409538Z","level":"warning","event":"The `airflow.decorators.task` attribute is deprecated. Please use `'airflow.sdk.task'`.","category":"DeprecatedImportWarning","filename":"/opt/airflow/dags/dag.py","lineno":4,"logger":"py.warnings"}
{"timestamp":"2025-12-29T12:37:53.409589Z","level":"warning","event":"The `airflow.operators.empty.EmptyOperator` attribute is deprecated. Please use `'airflow.providers.standard.operators.empty.EmptyOperator'`.","category":"DeprecatedImportWarning","filename":"/opt/airflow/dags/dag.py","lineno":5,"logger":"py.warnings"}
{"timestamp":"2025-12-29T12:37:53.409612Z","level":"warning","event":"The `airflow.operators.python.get_current_context` attribute is deprecated. Please use `'airflow.sdk.get_current_context'`.","category":"DeprecatedImportWarning","filename":"/opt/airflow/dags/dag.py","lineno":7,"logger":"py.warnings"}
{"timestamp":"2025-12-29T12:37:53.409633Z","level":"warning","event":"The `airflow.models.param.Param` attribute is deprecated. Please use `'airflow.sdk.Param'`.","category":"DeprecatedImportWarning","filename":"/opt/airflow/dags/dag.py","lineno":14,"logger":"py.warnings"}
{"timestamp":"2025-12-29T12:37:53.409652Z","level":"warning","event":"The `airflow.operators.python.get_current_context` attribute is deprecated. Please use `'airflow.sdk.get_current_context'`.","category":"DeprecatedImportWarning","filename":"/opt/airflow/dags/dag.py","lineno":22,"logger":"py.warnings"}
{"timestamp":"2025-12-29T12:38:23.887025Z","level":"info","event":"Filling up the DagBag from /opt/airflow/dags/dag.py","logger":"airflow.models.dagbag.DagBag","filename":"dagbag.py","lineno":593}
{"timestamp":"2025-12-29T12:38:23.916729Z","level":"warning","event":"The `airflow.decorators.dag` attribute is deprecated. Please use `'airflow.sdk.dag'`.","category":"DeprecatedImportWarning","filename":"/opt/airflow/dags/dag.py","lineno":3,"logger":"py.warnings"}
{"timestamp":"2025-12-29T12:38:23.916787Z","level":"warning","event":"The `airflow.decorators.task` attribute is deprecated. Please use `'airflow.sdk.task'`.","category":"DeprecatedImportWarning","filename":"/opt/airflow/dags/dag.py","lineno":4,"logger":"py.warnings"}
{"timestamp":"2025-12-29T12:38:23.916816Z","level":"warning","event":"The `airflow.operators.empty.EmptyOperator` attribute is deprecated. Please use `'airflow.providers.standard.operators.empty.EmptyOperator'`.","category":"DeprecatedImportWarning","filename":"/opt/airflow/dags/dag.py","lineno":5,"logger":"py.warnings"}
{"timestamp":"2025-12-29T12:38:23.916839Z","level":"warning","event":"The `airflow.operators.python.get_current_context` attribute is deprecated. Please use `'airflow.sdk.get_current_context'`.","category":"DeprecatedImportWarning","filename":"/opt/airflow/dags/dag.py","lineno":7,"logger":"py.warnings"}
{"timestamp":"2025-12-29T12:38:23.916862Z","level":"warning","event":"The `airflow.models.param.Param` attribute is deprecated. Please use `'airflow.sdk.Param'`.","category":"DeprecatedImportWarning","filename":"/opt/airflow/dags/dag.py","lineno":14,"logger":"py.warnings"}
{"timestamp":"2025-12-29T12:38:23.916882Z","level":"warning","event":"The `airflow.operators.python.get_current_context` attribute is deprecated. Please use `'airflow.sdk.get_current_context'`.","category":"DeprecatedImportWarning","filename":"/opt/airflow/dags/dag.py","lineno":22,"logger":"py.warnings"}
{"timestamp":"2025-12-29T12:38:54.368265Z","level":"info","event":"Filling up the DagBag from /opt/airflow/dags/dag.py","logger":"airflow.models.dagbag.DagBag","filename":"dagbag.py","lineno":593}
{"timestamp":"2025-12-29T12:38:54.396556Z","level":"warning","event":"The `airflow.decorators.dag` attribute is deprecated. Please use `'airflow.sdk.dag'`.","category":"DeprecatedImportWarning","filename":"/opt/airflow/dags/dag.py","lineno":3,"logger":"py.warnings"}
{"timestamp":"2025-12-29T12:38:54.396615Z","level":"warning","event":"The `airflow.decorators.task` attribute is deprecated. Please use `'airflow.sdk.task'`.","category":"DeprecatedImportWarning","filename":"/opt/airflow/dags/dag.py","lineno":4,"logger":"py.warnings"}
{"timestamp":"2025-12-29T12:38:54.396641Z","level":"warning","event":"The `airflow.operators.empty.EmptyOperator` attribute is deprecated. Please use `'airflow.providers.standard.operators.empty.EmptyOperator'`.","category":"DeprecatedImportWarning","filename":"/opt/airflow/dags/dag.py","lineno":5,"logger":"py.warnings"}
{"timestamp":"2025-12-29T12:38:54.396664Z","level":"warning","event":"The `airflow.operators.python.get_current_context` attribute is deprecated. Please use `'airflow.sdk.get_current_context'`.","category":"DeprecatedImportWarning","filename":"/opt/airflow/dags/dag.py","lineno":7,"logger":"py.warnings"}
{"timestamp":"2025-12-29T12:38:54.396685Z","level":"warning","event":"The `airflow.models.param.Param` attribute is deprecated. Please use `'airflow.sdk.Param'`.","category":"DeprecatedImportWarning","filename":"/opt/airflow/dags/dag.py","lineno":14,"logger":"py.warnings"}
{"timestamp":"2025-12-29T12:38:54.396706Z","level":"warning","event":"The `airflow.operators.python.get_current_context` attribute is deprecated. Please use `'airflow.sdk.get_current_context'`.","category":"DeprecatedImportWarning","filename":"/opt/airflow/dags/dag.py","lineno":22,"logger":"py.warnings"}
{"timestamp":"2025-12-29T12:39:24.819102Z","level":"info","event":"Filling up the DagBag from /opt/airflow/dags/dag.py","logger":"airflow.models.dagbag.DagBag","filename":"dagbag.py","lineno":593}
{"timestamp":"2025-12-29T12:39:24.851436Z","level":"warning","event":"The `airflow.decorators.dag` attribute is deprecated. Please use `'airflow.sdk.dag'`.","category":"DeprecatedImportWarning","filename":"/opt/airflow/dags/dag.py","lineno":3,"logger":"py.warnings"}
{"timestamp":"2025-12-29T12:39:24.851492Z","level":"warning","event":"The `airflow.decorators.task` attribute is deprecated. Please use `'airflow.sdk.task'`.","category":"DeprecatedImportWarning","filename":"/opt/airflow/dags/dag.py","lineno":4,"logger":"py.warnings"}
{"timestamp":"2025-12-29T12:39:24.851518Z","level":"warning","event":"The `airflow.operators.empty.EmptyOperator` attribute is deprecated. Please use `'airflow.providers.standard.operators.empty.EmptyOperator'`.","category":"DeprecatedImportWarning","filename":"/opt/airflow/dags/dag.py","lineno":5,"logger":"py.warnings"}
{"timestamp":"2025-12-29T12:39:24.851539Z","level":"warning","event":"The `airflow.operators.python.get_current_context` attribute is deprecated. Please use `'airflow.sdk.get_current_context'`.","category":"DeprecatedImportWarning","filename":"/opt/airflow/dags/dag.py","lineno":7,"logger":"py.warnings"}
{"timestamp":"2025-12-29T12:39:24.851560Z","level":"warning","event":"The `airflow.models.param.Param` attribute is deprecated. Please use `'airflow.sdk.Param'`.","category":"DeprecatedImportWarning","filename":"/opt/airflow/dags/dag.py","lineno":14,"logger":"py.warnings"}
{"timestamp":"2025-12-29T12:39:24.851579Z","level":"warning","event":"The `airflow.operators.python.get_current_context` attribute is deprecated. Please use `'airflow.sdk.get_current_context'`.","category":"DeprecatedImportWarning","filename":"/opt/airflow/dags/dag.py","lineno":22,"logger":"py.warnings"}
{"timestamp":"2025-12-29T12:39:55.333148Z","level":"info","event":"Filling up the DagBag from /opt/airflow/dags/dag.py","logger":"airflow.models.dagbag.DagBag","filename":"dagbag.py","lineno":593}
{"timestamp":"2025-12-29T12:39:55.369301Z","level":"warning","event":"The `airflow.decorators.dag` attribute is deprecated. Please use `'airflow.sdk.dag'`.","category":"DeprecatedImportWarning","filename":"/opt/airflow/dags/dag.py","lineno":3,"logger":"py.warnings"}
{"timestamp":"2025-12-29T12:39:55.369366Z","level":"warning","event":"The `airflow.decorators.task` attribute is deprecated. Please use `'airflow.sdk.task'`.","category":"DeprecatedImportWarning","filename":"/opt/airflow/dags/dag.py","lineno":4,"logger":"py.warnings"}
{"timestamp":"2025-12-29T12:39:55.369393Z","level":"warning","event":"The `airflow.operators.empty.EmptyOperator` attribute is deprecated. Please use `'airflow.providers.standard.operators.empty.EmptyOperator'`.","category":"DeprecatedImportWarning","filename":"/opt/airflow/dags/dag.py","lineno":5,"logger":"py.warnings"}
{"timestamp":"2025-12-29T12:39:55.369415Z","level":"warning","event":"The `airflow.operators.python.get_current_context` attribute is deprecated. Please use `'airflow.sdk.get_current_context'`.","category":"DeprecatedImportWarning","filename":"/opt/airflow/dags/dag.py","lineno":7,"logger":"py.warnings"}
{"timestamp":"2025-12-29T12:39:55.369437Z","level":"warning","event":"The `airflow.models.param.Param` attribute is deprecated. Please use `'airflow.sdk.Param'`.","category":"DeprecatedImportWarning","filename":"/opt/airflow/dags/dag.py","lineno":14,"logger":"py.warnings"}
{"timestamp":"2025-12-29T12:39:55.369457Z","level":"warning","event":"The `airflow.operators.python.get_current_context` attribute is deprecated. Please use `'airflow.sdk.get_current_context'`.","category":"DeprecatedImportWarning","filename":"/opt/airflow/dags/dag.py","lineno":22,"logger":"py.warnings"}
{"timestamp":"2025-12-29T12:40:25.840276Z","level":"info","event":"Filling up the DagBag from /opt/airflow/dags/dag.py","logger":"airflow.models.dagbag.DagBag","filename":"dagbag.py","lineno":593}
{"timestamp":"2025-12-29T12:40:25.871082Z","level":"warning","event":"The `airflow.decorators.dag` attribute is deprecated. Please use `'airflow.sdk.dag'`.","category":"DeprecatedImportWarning","filename":"/opt/airflow/dags/dag.py","lineno":3,"logger":"py.warnings"}
{"timestamp":"2025-12-29T12:40:25.871253Z","level":"warning","event":"The `airflow.decorators.task` attribute is deprecated. Please use `'airflow.sdk.task'`.","category":"DeprecatedImportWarning","filename":"/opt/airflow/dags/dag.py","lineno":4,"logger":"py.warnings"}
{"timestamp":"2025-12-29T12:40:25.871297Z","level":"warning","event":"The `airflow.operators.empty.EmptyOperator` attribute is deprecated. Please use `'airflow.providers.standard.operators.empty.EmptyOperator'`.","category":"DeprecatedImportWarning","filename":"/opt/airflow/dags/dag.py","lineno":5,"logger":"py.warnings"}
{"timestamp":"2025-12-29T12:40:25.871322Z","level":"warning","event":"The `airflow.operators.python.get_current_context` attribute is deprecated. Please use `'airflow.sdk.get_current_context'`.","category":"DeprecatedImportWarning","filename":"/opt/airflow/dags/dag.py","lineno":7,"logger":"py.warnings"}
{"timestamp":"2025-12-29T12:40:25.871345Z","level":"warning","event":"The `airflow.models.param.Param` attribute is deprecated. Please use `'airflow.sdk.Param'`.","category":"DeprecatedImportWarning","filename":"/opt/airflow/dags/dag.py","lineno":14,"logger":"py.warnings"}
{"timestamp":"2025-12-29T12:40:25.871366Z","level":"warning","event":"The `airflow.operators.python.get_current_context` attribute is deprecated. Please use `'airflow.sdk.get_current_context'`.","category":"DeprecatedImportWarning","filename":"/opt/airflow/dags/dag.py","lineno":22,"logger":"py.warnings"}
{"timestamp":"2025-12-29T12:40:56.353337Z","level":"info","event":"Filling up the DagBag from /opt/airflow/dags/dag.py","logger":"airflow.models.dagbag.DagBag","filename":"dagbag.py","lineno":593}
{"timestamp":"2025-12-29T12:40:56.447168Z","level":"warning","event":"The `airflow.decorators.dag` attribute is deprecated. Please use `'airflow.sdk.dag'`.","category":"DeprecatedImportWarning","filename":"/opt/airflow/dags/dag.py","lineno":3,"logger":"py.warnings"}
{"timestamp":"2025-12-29T12:40:56.447386Z","level":"warning","event":"The `airflow.decorators.task` attribute is deprecated. Please use `'airflow.sdk.task'`.","category":"DeprecatedImportWarning","filename":"/opt/airflow/dags/dag.py","lineno":4,"logger":"py.warnings"}
{"timestamp":"2025-12-29T12:40:56.447429Z","level":"warning","event":"The `airflow.operators.empty.EmptyOperator` attribute is deprecated. Please use `'airflow.providers.standard.operators.empty.EmptyOperator'`.","category":"DeprecatedImportWarning","filename":"/opt/airflow/dags/dag.py","lineno":5,"logger":"py.warnings"}
{"timestamp":"2025-12-29T12:40:56.447451Z","level":"warning","event":"The `airflow.operators.python.get_current_context` attribute is deprecated. Please use `'airflow.sdk.get_current_context'`.","category":"DeprecatedImportWarning","filename":"/opt/airflow/dags/dag.py","lineno":7,"logger":"py.warnings"}
{"timestamp":"2025-12-29T12:40:56.447468Z","level":"warning","event":"The `airflow.models.param.Param` attribute is deprecated. Please use `'airflow.sdk.Param'`.","category":"DeprecatedImportWarning","filename":"/opt/airflow/dags/dag.py","lineno":14,"logger":"py.warnings"}
{"timestamp":"2025-12-29T12:40:56.447485Z","level":"warning","event":"The `airflow.operators.python.get_current_context` attribute is deprecated. Please use `'airflow.sdk.get_current_context'`.","category":"DeprecatedImportWarning","filename":"/opt/airflow/dags/dag.py","lineno":22,"logger":"py.warnings"}
{"timestamp":"2025-12-29T12:41:26.910299Z","level":"info","event":"Filling up the DagBag from /opt/airflow/dags/dag.py","logger":"airflow.models.dagbag.DagBag","filename":"dagbag.py","lineno":593}
{"timestamp":"2025-12-29T12:41:26.942084Z","level":"warning","event":"The `airflow.decorators.dag` attribute is deprecated. Please use `'airflow.sdk.dag'`.","category":"DeprecatedImportWarning","filename":"/opt/airflow/dags/dag.py","lineno":3,"logger":"py.warnings"}
{"timestamp":"2025-12-29T12:41:26.942254Z","level":"warning","event":"The `airflow.decorators.task` attribute is deprecated. Please use `'airflow.sdk.task'`.","category":"DeprecatedImportWarning","filename":"/opt/airflow/dags/dag.py","lineno":4,"logger":"py.warnings"}
{"timestamp":"2025-12-29T12:41:26.942566Z","level":"warning","event":"The `airflow.operators.empty.EmptyOperator` attribute is deprecated. Please use `'airflow.providers.standard.operators.empty.EmptyOperator'`.","category":"DeprecatedImportWarning","filename":"/opt/airflow/dags/dag.py","lineno":5,"logger":"py.warnings"}
{"timestamp":"2025-12-29T12:41:26.942704Z","level":"warning","event":"The `airflow.operators.python.get_current_context` attribute is deprecated. Please use `'airflow.sdk.get_current_context'`.","category":"DeprecatedImportWarning","filename":"/opt/airflow/dags/dag.py","lineno":7,"logger":"py.warnings"}
{"timestamp":"2025-12-29T12:41:26.942749Z","level":"warning","event":"The `airflow.models.param.Param` attribute is deprecated. Please use `'airflow.sdk.Param'`.","category":"DeprecatedImportWarning","filename":"/opt/airflow/dags/dag.py","lineno":14,"logger":"py.warnings"}
{"timestamp":"2025-12-29T12:41:26.942771Z","level":"warning","event":"The `airflow.operators.python.get_current_context` attribute is deprecated. Please use `'airflow.sdk.get_current_context'`.","category":"DeprecatedImportWarning","filename":"/opt/airflow/dags/dag.py","lineno":22,"logger":"py.warnings"}
{"timestamp":"2025-12-29T12:41:57.410437Z","level":"info","event":"Filling up the DagBag from /opt/airflow/dags/dag.py","logger":"airflow.models.dagbag.DagBag","filename":"dagbag.py","lineno":593}
{"timestamp":"2025-12-29T12:41:57.439009Z","level":"warning","event":"The `airflow.decorators.dag` attribute is deprecated. Please use `'airflow.sdk.dag'`.","category":"DeprecatedImportWarning","filename":"/opt/airflow/dags/dag.py","lineno":3,"logger":"py.warnings"}
{"timestamp":"2025-12-29T12:41:57.439067Z","level":"warning","event":"The `airflow.decorators.task` attribute is deprecated. Please use `'airflow.sdk.task'`.","category":"DeprecatedImportWarning","filename":"/opt/airflow/dags/dag.py","lineno":4,"logger":"py.warnings"}
{"timestamp":"2025-12-29T12:41:57.439091Z","level":"warning","event":"The `airflow.operators.empty.EmptyOperator` attribute is deprecated. Please use `'airflow.providers.standard.operators.empty.EmptyOperator'`.","category":"DeprecatedImportWarning","filename":"/opt/airflow/dags/dag.py","lineno":5,"logger":"py.warnings"}
{"timestamp":"2025-12-29T12:41:57.439112Z","level":"warning","event":"The `airflow.operators.python.get_current_context` attribute is deprecated. Please use `'airflow.sdk.get_current_context'`.","category":"DeprecatedImportWarning","filename":"/opt/airflow/dags/dag.py","lineno":7,"logger":"py.warnings"}
{"timestamp":"2025-12-29T12:41:57.439132Z","level":"warning","event":"The `airflow.models.param.Param` attribute is deprecated. Please use `'airflow.sdk.Param'`.","category":"DeprecatedImportWarning","filename":"/opt/airflow/dags/dag.py","lineno":14,"logger":"py.warnings"}
{"timestamp":"2025-12-29T12:41:57.439151Z","level":"warning","event":"The `airflow.operators.python.get_current_context` attribute is deprecated. Please use `'airflow.sdk.get_current_context'`.","category":"DeprecatedImportWarning","filename":"/opt/airflow/dags/dag.py","lineno":22,"logger":"py.warnings"}
{"timestamp":"2025-12-29T12:42:27.858665Z","level":"info","event":"Filling up the DagBag from /opt/airflow/dags/dag.py","logger":"airflow.models.dagbag.DagBag","filename":"dagbag.py","lineno":593}
{"timestamp":"2025-12-29T12:42:27.887042Z","level":"warning","event":"The `airflow.decorators.dag` attribute is deprecated. Please use `'airflow.sdk.dag'`.","category":"DeprecatedImportWarning","filename":"/opt/airflow/dags/dag.py","lineno":3,"logger":"py.warnings"}
{"timestamp":"2025-12-29T12:42:27.887230Z","level":"warning","event":"The `airflow.decorators.task` attribute is deprecated. Please use `'airflow.sdk.task'`.","category":"DeprecatedImportWarning","filename":"/opt/airflow/dags/dag.py","lineno":4,"logger":"py.warnings"}
{"timestamp":"2025-12-29T12:42:27.887540Z","level":"warning","event":"The `airflow.operators.empty.EmptyOperator` attribute is deprecated. Please use `'airflow.providers.standard.operators.empty.EmptyOperator'`.","category":"DeprecatedImportWarning","filename":"/opt/airflow/dags/dag.py","lineno":5,"logger":"py.warnings"}
{"timestamp":"2025-12-29T12:42:27.887568Z","level":"warning","event":"The `airflow.operators.python.get_current_context` attribute is deprecated. Please use `'airflow.sdk.get_current_context'`.","category":"DeprecatedImportWarning","filename":"/opt/airflow/dags/dag.py","lineno":7,"logger":"py.warnings"}
{"timestamp":"2025-12-29T12:42:27.887591Z","level":"warning","event":"The `airflow.models.param.Param` attribute is deprecated. Please use `'airflow.sdk.Param'`.","category":"DeprecatedImportWarning","filename":"/opt/airflow/dags/dag.py","lineno":14,"logger":"py.warnings"}
{"timestamp":"2025-12-29T12:42:27.887613Z","level":"warning","event":"The `airflow.operators.python.get_current_context` attribute is deprecated. Please use `'airflow.sdk.get_current_context'`.","category":"DeprecatedImportWarning","filename":"/opt/airflow/dags/dag.py","lineno":22,"logger":"py.warnings"}
{"timestamp":"2025-12-29T12:42:58.346702Z","level":"info","event":"Filling up the DagBag from /opt/airflow/dags/dag.py","logger":"airflow.models.dagbag.DagBag","filename":"dagbag.py","lineno":593}
{"timestamp":"2025-12-29T12:42:58.379676Z","level":"warning","event":"The `airflow.decorators.dag` attribute is deprecated. Please use `'airflow.sdk.dag'`.","category":"DeprecatedImportWarning","filename":"/opt/airflow/dags/dag.py","lineno":3,"logger":"py.warnings"}
{"timestamp":"2025-12-29T12:42:58.379851Z","level":"warning","event":"The `airflow.decorators.task` attribute is deprecated. Please use `'airflow.sdk.task'`.","category":"DeprecatedImportWarning","filename":"/opt/airflow/dags/dag.py","lineno":4,"logger":"py.warnings"}
{"timestamp":"2025-12-29T12:42:58.380149Z","level":"warning","event":"The `airflow.operators.empty.EmptyOperator` attribute is deprecated. Please use `'airflow.providers.standard.operators.empty.EmptyOperator'`.","category":"DeprecatedImportWarning","filename":"/opt/airflow/dags/dag.py","lineno":5,"logger":"py.warnings"}
{"timestamp":"2025-12-29T12:42:58.380311Z","level":"warning","event":"The `airflow.operators.python.get_current_context` attribute is deprecated. Please use `'airflow.sdk.get_current_context'`.","category":"DeprecatedImportWarning","filename":"/opt/airflow/dags/dag.py","lineno":7,"logger":"py.warnings"}
{"timestamp":"2025-12-29T12:42:58.380338Z","level":"warning","event":"The `airflow.models.param.Param` attribute is deprecated. Please use `'airflow.sdk.Param'`.","category":"DeprecatedImportWarning","filename":"/opt/airflow/dags/dag.py","lineno":14,"logger":"py.warnings"}
{"timestamp":"2025-12-29T12:42:58.380361Z","level":"warning","event":"The `airflow.operators.python.get_current_context` attribute is deprecated. Please use `'airflow.sdk.get_current_context'`.","category":"DeprecatedImportWarning","filename":"/opt/airflow/dags/dag.py","lineno":22,"logger":"py.warnings"}
{"timestamp":"2025-12-29T12:43:28.831933Z","level":"info","event":"Filling up the DagBag from /opt/airflow/dags/dag.py","logger":"airflow.models.dagbag.DagBag","filename":"dagbag.py","lineno":593}
{"timestamp":"2025-12-29T12:43:28.863718Z","level":"warning","event":"The `airflow.decorators.dag` attribute is deprecated. Please use `'airflow.sdk.dag'`.","category":"DeprecatedImportWarning","filename":"/opt/airflow/dags/dag.py","lineno":3,"logger":"py.warnings"}
{"timestamp":"2025-12-29T12:43:28.863910Z","level":"warning","event":"The `airflow.decorators.task` attribute is deprecated. Please use `'airflow.sdk.task'`.","category":"DeprecatedImportWarning","filename":"/opt/airflow/dags/dag.py","lineno":4,"logger":"py.warnings"}
{"timestamp":"2025-12-29T12:43:28.864249Z","level":"warning","event":"The `airflow.operators.empty.EmptyOperator` attribute is deprecated. Please use `'airflow.providers.standard.operators.empty.EmptyOperator'`.","category":"DeprecatedImportWarning","filename":"/opt/airflow/dags/dag.py","lineno":5,"logger":"py.warnings"}
{"timestamp":"2025-12-29T12:43:28.864277Z","level":"warning","event":"The `airflow.operators.python.get_current_context` attribute is deprecated. Please use `'airflow.sdk.get_current_context'`.","category":"DeprecatedImportWarning","filename":"/opt/airflow/dags/dag.py","lineno":7,"logger":"py.warnings"}
{"timestamp":"2025-12-29T12:43:28.864471Z","level":"warning","event":"The `airflow.models.param.Param` attribute is deprecated. Please use `'airflow.sdk.Param'`.","category":"DeprecatedImportWarning","filename":"/opt/airflow/dags/dag.py","lineno":14,"logger":"py.warnings"}
{"timestamp":"2025-12-29T12:43:28.864496Z","level":"warning","event":"The `airflow.operators.python.get_current_context` attribute is deprecated. Please use `'airflow.sdk.get_current_context'`.","category":"DeprecatedImportWarning","filename":"/opt/airflow/dags/dag.py","lineno":22,"logger":"py.warnings"}
{"timestamp":"2025-12-29T12:43:59.321194Z","level":"info","event":"Filling up the DagBag from /opt/airflow/dags/dag.py","logger":"airflow.models.dagbag.DagBag","filename":"dagbag.py","lineno":593}
{"timestamp":"2025-12-29T12:43:59.353515Z","level":"warning","event":"The `airflow.decorators.dag` attribute is deprecated. Please use `'airflow.sdk.dag'`.","category":"DeprecatedImportWarning","filename":"/opt/airflow/dags/dag.py","lineno":3,"logger":"py.warnings"}
{"timestamp":"2025-12-29T12:43:59.353725Z","level":"warning","event":"The `airflow.decorators.task` attribute is deprecated. Please use `'airflow.sdk.task'`.","category":"DeprecatedImportWarning","filename":"/opt/airflow/dags/dag.py","lineno":4,"logger":"py.warnings"}
{"timestamp":"2025-12-29T12:43:59.353769Z","level":"warning","event":"The `airflow.operators.empty.EmptyOperator` attribute is deprecated. Please use `'airflow.providers.standard.operators.empty.EmptyOperator'`.","category":"DeprecatedImportWarning","filename":"/opt/airflow/dags/dag.py","lineno":5,"logger":"py.warnings"}
{"timestamp":"2025-12-29T12:43:59.353793Z","level":"warning","event":"The `airflow.operators.python.get_current_context` attribute is deprecated. Please use `'airflow.sdk.get_current_context'`.","category":"DeprecatedImportWarning","filename":"/opt/airflow/dags/dag.py","lineno":7,"logger":"py.warnings"}
{"timestamp":"2025-12-29T12:43:59.353818Z","level":"warning","event":"The `airflow.models.param.Param` attribute is deprecated. Please use `'airflow.sdk.Param'`.","category":"DeprecatedImportWarning","filename":"/opt/airflow/dags/dag.py","lineno":14,"logger":"py.warnings"}
{"timestamp":"2025-12-29T12:43:59.353838Z","level":"warning","event":"The `airflow.operators.python.get_current_context` attribute is deprecated. Please use `'airflow.sdk.get_current_context'`.","category":"DeprecatedImportWarning","filename":"/opt/airflow/dags/dag.py","lineno":22,"logger":"py.warnings"}
{"timestamp":"2025-12-29T12:44:29.825504Z","level":"info","event":"Filling up the DagBag from /opt/airflow/dags/dag.py","logger":"airflow.models.dagbag.DagBag","filename":"dagbag.py","lineno":593}
{"timestamp":"2025-12-29T12:44:29.855795Z","level":"warning","event":"The `airflow.decorators.dag` attribute is deprecated. Please use `'airflow.sdk.dag'`.","category":"DeprecatedImportWarning","filename":"/opt/airflow/dags/dag.py","lineno":3,"logger":"py.warnings"}
{"timestamp":"2025-12-29T12:44:29.855850Z","level":"warning","event":"The `airflow.decorators.task` attribute is deprecated. Please use `'airflow.sdk.task'`.","category":"DeprecatedImportWarning","filename":"/opt/airflow/dags/dag.py","lineno":4,"logger":"py.warnings"}
{"timestamp":"2025-12-29T12:44:29.855876Z","level":"warning","event":"The `airflow.operators.empty.EmptyOperator` attribute is deprecated. Please use `'airflow.providers.standard.operators.empty.EmptyOperator'`.","category":"DeprecatedImportWarning","filename":"/opt/airflow/dags/dag.py","lineno":5,"logger":"py.warnings"}
{"timestamp":"2025-12-29T12:44:29.855900Z","level":"warning","event":"The `airflow.operators.python.get_current_context` attribute is deprecated. Please use `'airflow.sdk.get_current_context'`.","category":"DeprecatedImportWarning","filename":"/opt/airflow/dags/dag.py","lineno":7,"logger":"py.warnings"}
{"timestamp":"2025-12-29T12:44:29.855922Z","level":"warning","event":"The `airflow.models.param.Param` attribute is deprecated. Please use `'airflow.sdk.Param'`.","category":"DeprecatedImportWarning","filename":"/opt/airflow/dags/dag.py","lineno":14,"logger":"py.warnings"}
{"timestamp":"2025-12-29T12:44:29.855943Z","level":"warning","event":"The `airflow.operators.python.get_current_context` attribute is deprecated. Please use `'airflow.sdk.get_current_context'`.","category":"DeprecatedImportWarning","filename":"/opt/airflow/dags/dag.py","lineno":22,"logger":"py.warnings"}
{"timestamp":"2025-12-29T12:45:00.343740Z","level":"info","event":"Filling up the DagBag from /opt/airflow/dags/dag.py","logger":"airflow.models.dagbag.DagBag","filename":"dagbag.py","lineno":593}
{"timestamp":"2025-12-29T12:45:00.374739Z","level":"warning","event":"The `airflow.decorators.dag` attribute is deprecated. Please use `'airflow.sdk.dag'`.","category":"DeprecatedImportWarning","filename":"/opt/airflow/dags/dag.py","lineno":3,"logger":"py.warnings"}
{"timestamp":"2025-12-29T12:45:00.374797Z","level":"warning","event":"The `airflow.decorators.task` attribute is deprecated. Please use `'airflow.sdk.task'`.","category":"DeprecatedImportWarning","filename":"/opt/airflow/dags/dag.py","lineno":4,"logger":"py.warnings"}
{"timestamp":"2025-12-29T12:45:00.374823Z","level":"warning","event":"The `airflow.operators.empty.EmptyOperator` attribute is deprecated. Please use `'airflow.providers.standard.operators.empty.EmptyOperator'`.","category":"DeprecatedImportWarning","filename":"/opt/airflow/dags/dag.py","lineno":5,"logger":"py.warnings"}
{"timestamp":"2025-12-29T12:45:00.374846Z","level":"warning","event":"The `airflow.operators.python.get_current_context` attribute is deprecated. Please use `'airflow.sdk.get_current_context'`.","category":"DeprecatedImportWarning","filename":"/opt/airflow/dags/dag.py","lineno":7,"logger":"py.warnings"}
{"timestamp":"2025-12-29T12:45:00.374868Z","level":"warning","event":"The `airflow.models.param.Param` attribute is deprecated. Please use `'airflow.sdk.Param'`.","category":"DeprecatedImportWarning","filename":"/opt/airflow/dags/dag.py","lineno":14,"logger":"py.warnings"}
{"timestamp":"2025-12-29T12:45:00.374888Z","level":"warning","event":"The `airflow.operators.python.get_current_context` attribute is deprecated. Please use `'airflow.sdk.get_current_context'`.","category":"DeprecatedImportWarning","filename":"/opt/airflow/dags/dag.py","lineno":22,"logger":"py.warnings"}
{"timestamp":"2025-12-29T12:45:30.858181Z","level":"info","event":"Filling up the DagBag from /opt/airflow/dags/dag.py","logger":"airflow.models.dagbag.DagBag","filename":"dagbag.py","lineno":593}
{"timestamp":"2025-12-29T12:45:30.886327Z","level":"warning","event":"The `airflow.decorators.dag` attribute is deprecated. Please use `'airflow.sdk.dag'`.","category":"DeprecatedImportWarning","filename":"/opt/airflow/dags/dag.py","lineno":3,"logger":"py.warnings"}
{"timestamp":"2025-12-29T12:45:30.886382Z","level":"warning","event":"The `airflow.decorators.task` attribute is deprecated. Please use `'airflow.sdk.task'`.","category":"DeprecatedImportWarning","filename":"/opt/airflow/dags/dag.py","lineno":4,"logger":"py.warnings"}
{"timestamp":"2025-12-29T12:45:30.886406Z","level":"warning","event":"The `airflow.operators.empty.EmptyOperator` attribute is deprecated. Please use `'airflow.providers.standard.operators.empty.EmptyOperator'`.","category":"DeprecatedImportWarning","filename":"/opt/airflow/dags/dag.py","lineno":5,"logger":"py.warnings"}
{"timestamp":"2025-12-29T12:45:30.886427Z","level":"warning","event":"The `airflow.operators.python.get_current_context` attribute is deprecated. Please use `'airflow.sdk.get_current_context'`.","category":"DeprecatedImportWarning","filename":"/opt/airflow/dags/dag.py","lineno":7,"logger":"py.warnings"}
{"timestamp":"2025-12-29T12:45:30.886448Z","level":"warning","event":"The `airflow.models.param.Param` attribute is deprecated. Please use `'airflow.sdk.Param'`.","category":"DeprecatedImportWarning","filename":"/opt/airflow/dags/dag.py","lineno":14,"logger":"py.warnings"}
{"timestamp":"2025-12-29T12:45:30.886467Z","level":"warning","event":"The `airflow.operators.python.get_current_context` attribute is deprecated. Please use `'airflow.sdk.get_current_context'`.","category":"DeprecatedImportWarning","filename":"/opt/airflow/dags/dag.py","lineno":22,"logger":"py.warnings"}
{"timestamp":"2025-12-29T12:46:01.383719Z","level":"info","event":"Filling up the DagBag from /opt/airflow/dags/dag.py","logger":"airflow.models.dagbag.DagBag","filename":"dagbag.py","lineno":593}
{"timestamp":"2025-12-29T12:46:01.417250Z","level":"warning","event":"The `airflow.decorators.dag` attribute is deprecated. Please use `'airflow.sdk.dag'`.","category":"DeprecatedImportWarning","filename":"/opt/airflow/dags/dag.py","lineno":3,"logger":"py.warnings"}
{"timestamp":"2025-12-29T12:46:01.417308Z","level":"warning","event":"The `airflow.decorators.task` attribute is deprecated. Please use `'airflow.sdk.task'`.","category":"DeprecatedImportWarning","filename":"/opt/airflow/dags/dag.py","lineno":4,"logger":"py.warnings"}
{"timestamp":"2025-12-29T12:46:01.417334Z","level":"warning","event":"The `airflow.operators.empty.EmptyOperator` attribute is deprecated. Please use `'airflow.providers.standard.operators.empty.EmptyOperator'`.","category":"DeprecatedImportWarning","filename":"/opt/airflow/dags/dag.py","lineno":5,"logger":"py.warnings"}
{"timestamp":"2025-12-29T12:46:01.417356Z","level":"warning","event":"The `airflow.operators.python.get_current_context` attribute is deprecated. Please use `'airflow.sdk.get_current_context'`.","category":"DeprecatedImportWarning","filename":"/opt/airflow/dags/dag.py","lineno":7,"logger":"py.warnings"}
{"timestamp":"2025-12-29T12:46:01.417378Z","level":"warning","event":"The `airflow.models.param.Param` attribute is deprecated. Please use `'airflow.sdk.Param'`.","category":"DeprecatedImportWarning","filename":"/opt/airflow/dags/dag.py","lineno":14,"logger":"py.warnings"}
{"timestamp":"2025-12-29T12:46:01.417398Z","level":"warning","event":"The `airflow.operators.python.get_current_context` attribute is deprecated. Please use `'airflow.sdk.get_current_context'`.","category":"DeprecatedImportWarning","filename":"/opt/airflow/dags/dag.py","lineno":22,"logger":"py.warnings"}
{"timestamp":"2025-12-29T12:46:31.821509Z","level":"info","event":"Filling up the DagBag from /opt/airflow/dags/dag.py","logger":"airflow.models.dagbag.DagBag","filename":"dagbag.py","lineno":593}
{"timestamp":"2025-12-29T12:46:31.849342Z","level":"warning","event":"The `airflow.decorators.dag` attribute is deprecated. Please use `'airflow.sdk.dag'`.","category":"DeprecatedImportWarning","filename":"/opt/airflow/dags/dag.py","lineno":3,"logger":"py.warnings"}
{"timestamp":"2025-12-29T12:46:31.849396Z","level":"warning","event":"The `airflow.decorators.task` attribute is deprecated. Please use `'airflow.sdk.task'`.","category":"DeprecatedImportWarning","filename":"/opt/airflow/dags/dag.py","lineno":4,"logger":"py.warnings"}
{"timestamp":"2025-12-29T12:46:31.849422Z","level":"warning","event":"The `airflow.operators.empty.EmptyOperator` attribute is deprecated. Please use `'airflow.providers.standard.operators.empty.EmptyOperator'`.","category":"DeprecatedImportWarning","filename":"/opt/airflow/dags/dag.py","lineno":5,"logger":"py.warnings"}
{"timestamp":"2025-12-29T12:46:31.849456Z","level":"warning","event":"The `airflow.operators.python.get_current_context` attribute is deprecated. Please use `'airflow.sdk.get_current_context'`.","category":"DeprecatedImportWarning","filename":"/opt/airflow/dags/dag.py","lineno":7,"logger":"py.warnings"}
{"timestamp":"2025-12-29T12:46:31.849478Z","level":"warning","event":"The `airflow.models.param.Param` attribute is deprecated. Please use `'airflow.sdk.Param'`.","category":"DeprecatedImportWarning","filename":"/opt/airflow/dags/dag.py","lineno":14,"logger":"py.warnings"}
{"timestamp":"2025-12-29T12:46:31.849498Z","level":"warning","event":"The `airflow.operators.python.get_current_context` attribute is deprecated. Please use `'airflow.sdk.get_current_context'`.","category":"DeprecatedImportWarning","filename":"/opt/airflow/dags/dag.py","lineno":22,"logger":"py.warnings"}
{"timestamp":"2025-12-29T12:47:02.328927Z","level":"info","event":"Filling up the DagBag from /opt/airflow/dags/dag.py","logger":"airflow.models.dagbag.DagBag","filename":"dagbag.py","lineno":593}
{"timestamp":"2025-12-29T12:47:02.359452Z","level":"warning","event":"The `airflow.decorators.dag` attribute is deprecated. Please use `'airflow.sdk.dag'`.","category":"DeprecatedImportWarning","filename":"/opt/airflow/dags/dag.py","lineno":3,"logger":"py.warnings"}
{"timestamp":"2025-12-29T12:47:02.359508Z","level":"warning","event":"The `airflow.decorators.task` attribute is deprecated. Please use `'airflow.sdk.task'`.","category":"DeprecatedImportWarning","filename":"/opt/airflow/dags/dag.py","lineno":4,"logger":"py.warnings"}
{"timestamp":"2025-12-29T12:47:02.359537Z","level":"warning","event":"The `airflow.operators.empty.EmptyOperator` attribute is deprecated. Please use `'airflow.providers.standard.operators.empty.EmptyOperator'`.","category":"DeprecatedImportWarning","filename":"/opt/airflow/dags/dag.py","lineno":5,"logger":"py.warnings"}
{"timestamp":"2025-12-29T12:47:02.359561Z","level":"warning","event":"The `airflow.operators.python.get_current_context` attribute is deprecated. Please use `'airflow.sdk.get_current_context'`.","category":"DeprecatedImportWarning","filename":"/opt/airflow/dags/dag.py","lineno":7,"logger":"py.warnings"}
{"timestamp":"2025-12-29T12:47:02.359583Z","level":"warning","event":"The `airflow.models.param.Param` attribute is deprecated. Please use `'airflow.sdk.Param'`.","category":"DeprecatedImportWarning","filename":"/opt/airflow/dags/dag.py","lineno":14,"logger":"py.warnings"}
{"timestamp":"2025-12-29T12:47:02.359604Z","level":"warning","event":"The `airflow.operators.python.get_current_context` attribute is deprecated. Please use `'airflow.sdk.get_current_context'`.","category":"DeprecatedImportWarning","filename":"/opt/airflow/dags/dag.py","lineno":22,"logger":"py.warnings"}
{"timestamp":"2025-12-29T12:47:32.789350Z","level":"info","event":"Filling up the DagBag from /opt/airflow/dags/dag.py","logger":"airflow.models.dagbag.DagBag","filename":"dagbag.py","lineno":593}
{"timestamp":"2025-12-29T12:47:32.819790Z","level":"warning","event":"The `airflow.decorators.dag` attribute is deprecated. Please use `'airflow.sdk.dag'`.","category":"DeprecatedImportWarning","filename":"/opt/airflow/dags/dag.py","lineno":3,"logger":"py.warnings"}
{"timestamp":"2025-12-29T12:47:32.819847Z","level":"warning","event":"The `airflow.decorators.task` attribute is deprecated. Please use `'airflow.sdk.task'`.","category":"DeprecatedImportWarning","filename":"/opt/airflow/dags/dag.py","lineno":4,"logger":"py.warnings"}
{"timestamp":"2025-12-29T12:47:32.819874Z","level":"warning","event":"The `airflow.operators.empty.EmptyOperator` attribute is deprecated. Please use `'airflow.providers.standard.operators.empty.EmptyOperator'`.","category":"DeprecatedImportWarning","filename":"/opt/airflow/dags/dag.py","lineno":5,"logger":"py.warnings"}
{"timestamp":"2025-12-29T12:47:32.819897Z","level":"warning","event":"The `airflow.operators.python.get_current_context` attribute is deprecated. Please use `'airflow.sdk.get_current_context'`.","category":"DeprecatedImportWarning","filename":"/opt/airflow/dags/dag.py","lineno":7,"logger":"py.warnings"}
{"timestamp":"2025-12-29T12:47:32.819918Z","level":"warning","event":"The `airflow.models.param.Param` attribute is deprecated. Please use `'airflow.sdk.Param'`.","category":"DeprecatedImportWarning","filename":"/opt/airflow/dags/dag.py","lineno":14,"logger":"py.warnings"}
{"timestamp":"2025-12-29T12:47:32.819938Z","level":"warning","event":"The `airflow.operators.python.get_current_context` attribute is deprecated. Please use `'airflow.sdk.get_current_context'`.","category":"DeprecatedImportWarning","filename":"/opt/airflow/dags/dag.py","lineno":22,"logger":"py.warnings"}
{"timestamp":"2025-12-29T12:48:03.264930Z","level":"info","event":"Filling up the DagBag from /opt/airflow/dags/dag.py","logger":"airflow.models.dagbag.DagBag","filename":"dagbag.py","lineno":593}
{"timestamp":"2025-12-29T12:48:03.307952Z","level":"warning","event":"The `airflow.decorators.dag` attribute is deprecated. Please use `'airflow.sdk.dag'`.","category":"DeprecatedImportWarning","filename":"/opt/airflow/dags/dag.py","lineno":3,"logger":"py.warnings"}
{"timestamp":"2025-12-29T12:48:03.308011Z","level":"warning","event":"The `airflow.decorators.task` attribute is deprecated. Please use `'airflow.sdk.task'`.","category":"DeprecatedImportWarning","filename":"/opt/airflow/dags/dag.py","lineno":4,"logger":"py.warnings"}
{"timestamp":"2025-12-29T12:48:03.308035Z","level":"warning","event":"The `airflow.operators.empty.EmptyOperator` attribute is deprecated. Please use `'airflow.providers.standard.operators.empty.EmptyOperator'`.","category":"DeprecatedImportWarning","filename":"/opt/airflow/dags/dag.py","lineno":5,"logger":"py.warnings"}
{"timestamp":"2025-12-29T12:48:03.308056Z","level":"warning","event":"The `airflow.operators.python.get_current_context` attribute is deprecated. Please use `'airflow.sdk.get_current_context'`.","category":"DeprecatedImportWarning","filename":"/opt/airflow/dags/dag.py","lineno":7,"logger":"py.warnings"}
{"timestamp":"2025-12-29T12:48:03.308077Z","level":"warning","event":"The `airflow.models.param.Param` attribute is deprecated. Please use `'airflow.sdk.Param'`.","category":"DeprecatedImportWarning","filename":"/opt/airflow/dags/dag.py","lineno":14,"logger":"py.warnings"}
{"timestamp":"2025-12-29T12:48:03.308096Z","level":"warning","event":"The `airflow.operators.python.get_current_context` attribute is deprecated. Please use `'airflow.sdk.get_current_context'`.","category":"DeprecatedImportWarning","filename":"/opt/airflow/dags/dag.py","lineno":22,"logger":"py.warnings"}
{"timestamp":"2025-12-29T12:48:33.752426Z","level":"info","event":"Filling up the DagBag from /opt/airflow/dags/dag.py","logger":"airflow.models.dagbag.DagBag","filename":"dagbag.py","lineno":593}
{"timestamp":"2025-12-29T12:48:33.779995Z","level":"warning","event":"The `airflow.decorators.dag` attribute is deprecated. Please use `'airflow.sdk.dag'`.","category":"DeprecatedImportWarning","filename":"/opt/airflow/dags/dag.py","lineno":3,"logger":"py.warnings"}
{"timestamp":"2025-12-29T12:48:33.780052Z","level":"warning","event":"The `airflow.decorators.task` attribute is deprecated. Please use `'airflow.sdk.task'`.","category":"DeprecatedImportWarning","filename":"/opt/airflow/dags/dag.py","lineno":4,"logger":"py.warnings"}
{"timestamp":"2025-12-29T12:48:33.780077Z","level":"warning","event":"The `airflow.operators.empty.EmptyOperator` attribute is deprecated. Please use `'airflow.providers.standard.operators.empty.EmptyOperator'`.","category":"DeprecatedImportWarning","filename":"/opt/airflow/dags/dag.py","lineno":5,"logger":"py.warnings"}
{"timestamp":"2025-12-29T12:48:33.780100Z","level":"warning","event":"The `airflow.operators.python.get_current_context` attribute is deprecated. Please use `'airflow.sdk.get_current_context'`.","category":"DeprecatedImportWarning","filename":"/opt/airflow/dags/dag.py","lineno":7,"logger":"py.warnings"}
{"timestamp":"2025-12-29T12:48:33.780121Z","level":"warning","event":"The `airflow.models.param.Param` attribute is deprecated. Please use `'airflow.sdk.Param'`.","category":"DeprecatedImportWarning","filename":"/opt/airflow/dags/dag.py","lineno":14,"logger":"py.warnings"}
{"timestamp":"2025-12-29T12:48:33.780141Z","level":"warning","event":"The `airflow.operators.python.get_current_context` attribute is deprecated. Please use `'airflow.sdk.get_current_context'`.","category":"DeprecatedImportWarning","filename":"/opt/airflow/dags/dag.py","lineno":22,"logger":"py.warnings"}
{"timestamp":"2025-12-29T12:49:04.213771Z","level":"info","event":"Filling up the DagBag from /opt/airflow/dags/dag.py","logger":"airflow.models.dagbag.DagBag","filename":"dagbag.py","lineno":593}
{"timestamp":"2025-12-29T12:49:04.237096Z","level":"warning","event":"The `airflow.decorators.dag` attribute is deprecated. Please use `'airflow.sdk.dag'`.","category":"DeprecatedImportWarning","filename":"/opt/airflow/dags/dag.py","lineno":3,"logger":"py.warnings"}
{"timestamp":"2025-12-29T12:49:04.237157Z","level":"warning","event":"The `airflow.decorators.task` attribute is deprecated. Please use `'airflow.sdk.task'`.","category":"DeprecatedImportWarning","filename":"/opt/airflow/dags/dag.py","lineno":4,"logger":"py.warnings"}
{"timestamp":"2025-12-29T12:49:04.237182Z","level":"warning","event":"The `airflow.operators.empty.EmptyOperator` attribute is deprecated. Please use `'airflow.providers.standard.operators.empty.EmptyOperator'`.","category":"DeprecatedImportWarning","filename":"/opt/airflow/dags/dag.py","lineno":5,"logger":"py.warnings"}
{"timestamp":"2025-12-29T12:49:04.237203Z","level":"warning","event":"The `airflow.operators.python.get_current_context` attribute is deprecated. Please use `'airflow.sdk.get_current_context'`.","category":"DeprecatedImportWarning","filename":"/opt/airflow/dags/dag.py","lineno":7,"logger":"py.warnings"}
{"timestamp":"2025-12-29T12:49:04.237223Z","level":"warning","event":"The `airflow.models.param.Param` attribute is deprecated. Please use `'airflow.sdk.Param'`.","category":"DeprecatedImportWarning","filename":"/opt/airflow/dags/dag.py","lineno":14,"logger":"py.warnings"}
{"timestamp":"2025-12-29T12:49:04.237241Z","level":"warning","event":"The `airflow.operators.python.get_current_context` attribute is deprecated. Please use `'airflow.sdk.get_current_context'`.","category":"DeprecatedImportWarning","filename":"/opt/airflow/dags/dag.py","lineno":22,"logger":"py.warnings"}
{"timestamp":"2025-12-29T12:49:34.713128Z","level":"info","event":"Filling up the DagBag from /opt/airflow/dags/dag.py","logger":"airflow.models.dagbag.DagBag","filename":"dagbag.py","lineno":593}
{"timestamp":"2025-12-29T12:49:34.754095Z","level":"warning","event":"The `airflow.decorators.dag` attribute is deprecated. Please use `'airflow.sdk.dag'`.","category":"DeprecatedImportWarning","filename":"/opt/airflow/dags/dag.py","lineno":3,"logger":"py.warnings"}
{"timestamp":"2025-12-29T12:49:34.754294Z","level":"warning","event":"The `airflow.decorators.task` attribute is deprecated. Please use `'airflow.sdk.task'`.","category":"DeprecatedImportWarning","filename":"/opt/airflow/dags/dag.py","lineno":4,"logger":"py.warnings"}
{"timestamp":"2025-12-29T12:49:34.754667Z","level":"warning","event":"The `airflow.operators.empty.EmptyOperator` attribute is deprecated. Please use `'airflow.providers.standard.operators.empty.EmptyOperator'`.","category":"DeprecatedImportWarning","filename":"/opt/airflow/dags/dag.py","lineno":5,"logger":"py.warnings"}
{"timestamp":"2025-12-29T12:49:34.754706Z","level":"warning","event":"The `airflow.operators.python.get_current_context` attribute is deprecated. Please use `'airflow.sdk.get_current_context'`.","category":"DeprecatedImportWarning","filename":"/opt/airflow/dags/dag.py","lineno":7,"logger":"py.warnings"}
{"timestamp":"2025-12-29T12:49:34.754746Z","level":"warning","event":"The `airflow.models.param.Param` attribute is deprecated. Please use `'airflow.sdk.Param'`.","category":"DeprecatedImportWarning","filename":"/opt/airflow/dags/dag.py","lineno":14,"logger":"py.warnings"}
{"timestamp":"2025-12-29T12:49:34.754774Z","level":"warning","event":"The `airflow.operators.python.get_current_context` attribute is deprecated. Please use `'airflow.sdk.get_current_context'`.","category":"DeprecatedImportWarning","filename":"/opt/airflow/dags/dag.py","lineno":22,"logger":"py.warnings"}
{"timestamp":"2025-12-29T12:50:05.197912Z","level":"info","event":"Filling up the DagBag from /opt/airflow/dags/dag.py","logger":"airflow.models.dagbag.DagBag","filename":"dagbag.py","lineno":593}
{"timestamp":"2025-12-29T12:50:05.232753Z","level":"warning","event":"The `airflow.decorators.dag` attribute is deprecated. Please use `'airflow.sdk.dag'`.","category":"DeprecatedImportWarning","filename":"/opt/airflow/dags/dag.py","lineno":3,"logger":"py.warnings"}
{"timestamp":"2025-12-29T12:50:05.232810Z","level":"warning","event":"The `airflow.decorators.task` attribute is deprecated. Please use `'airflow.sdk.task'`.","category":"DeprecatedImportWarning","filename":"/opt/airflow/dags/dag.py","lineno":4,"logger":"py.warnings"}
{"timestamp":"2025-12-29T12:50:05.232843Z","level":"warning","event":"The `airflow.operators.empty.EmptyOperator` attribute is deprecated. Please use `'airflow.providers.standard.operators.empty.EmptyOperator'`.","category":"DeprecatedImportWarning","filename":"/opt/airflow/dags/dag.py","lineno":5,"logger":"py.warnings"}
{"timestamp":"2025-12-29T12:50:05.232866Z","level":"warning","event":"The `airflow.operators.python.get_current_context` attribute is deprecated. Please use `'airflow.sdk.get_current_context'`.","category":"DeprecatedImportWarning","filename":"/opt/airflow/dags/dag.py","lineno":7,"logger":"py.warnings"}
{"timestamp":"2025-12-29T12:50:05.232888Z","level":"warning","event":"The `airflow.models.param.Param` attribute is deprecated. Please use `'airflow.sdk.Param'`.","category":"DeprecatedImportWarning","filename":"/opt/airflow/dags/dag.py","lineno":14,"logger":"py.warnings"}
{"timestamp":"2025-12-29T12:50:05.232909Z","level":"warning","event":"The `airflow.operators.python.get_current_context` attribute is deprecated. Please use `'airflow.sdk.get_current_context'`.","category":"DeprecatedImportWarning","filename":"/opt/airflow/dags/dag.py","lineno":22,"logger":"py.warnings"}
{"timestamp":"2025-12-29T12:50:35.805923Z","level":"info","event":"Filling up the DagBag from /opt/airflow/dags/dag.py","logger":"airflow.models.dagbag.DagBag","filename":"dagbag.py","lineno":593}
{"timestamp":"2025-12-29T12:50:35.923724Z","level":"warning","event":"The `airflow.decorators.dag` attribute is deprecated. Please use `'airflow.sdk.dag'`.","category":"DeprecatedImportWarning","filename":"/opt/airflow/dags/dag.py","lineno":3,"logger":"py.warnings"}
{"timestamp":"2025-12-29T12:50:35.924001Z","level":"warning","event":"The `airflow.decorators.task` attribute is deprecated. Please use `'airflow.sdk.task'`.","category":"DeprecatedImportWarning","filename":"/opt/airflow/dags/dag.py","lineno":4,"logger":"py.warnings"}
{"timestamp":"2025-12-29T12:50:35.924033Z","level":"warning","event":"The `airflow.operators.empty.EmptyOperator` attribute is deprecated. Please use `'airflow.providers.standard.operators.empty.EmptyOperator'`.","category":"DeprecatedImportWarning","filename":"/opt/airflow/dags/dag.py","lineno":5,"logger":"py.warnings"}
{"timestamp":"2025-12-29T12:50:35.924056Z","level":"warning","event":"The `airflow.operators.python.get_current_context` attribute is deprecated. Please use `'airflow.sdk.get_current_context'`.","category":"DeprecatedImportWarning","filename":"/opt/airflow/dags/dag.py","lineno":7,"logger":"py.warnings"}
{"timestamp":"2025-12-29T12:50:35.924077Z","level":"warning","event":"The `airflow.models.param.Param` attribute is deprecated. Please use `'airflow.sdk.Param'`.","category":"DeprecatedImportWarning","filename":"/opt/airflow/dags/dag.py","lineno":14,"logger":"py.warnings"}
{"timestamp":"2025-12-29T12:50:35.924095Z","level":"warning","event":"The `airflow.operators.python.get_current_context` attribute is deprecated. Please use `'airflow.sdk.get_current_context'`.","category":"DeprecatedImportWarning","filename":"/opt/airflow/dags/dag.py","lineno":22,"logger":"py.warnings"}
{"timestamp":"2025-12-29T12:51:06.481610Z","level":"info","event":"Filling up the DagBag from /opt/airflow/dags/dag.py","logger":"airflow.models.dagbag.DagBag","filename":"dagbag.py","lineno":593}
{"timestamp":"2025-12-29T12:51:06.510733Z","level":"warning","event":"The `airflow.decorators.dag` attribute is deprecated. Please use `'airflow.sdk.dag'`.","category":"DeprecatedImportWarning","filename":"/opt/airflow/dags/dag.py","lineno":3,"logger":"py.warnings"}
{"timestamp":"2025-12-29T12:51:06.510792Z","level":"warning","event":"The `airflow.decorators.task` attribute is deprecated. Please use `'airflow.sdk.task'`.","category":"DeprecatedImportWarning","filename":"/opt/airflow/dags/dag.py","lineno":4,"logger":"py.warnings"}
{"timestamp":"2025-12-29T12:51:06.510818Z","level":"warning","event":"The `airflow.operators.empty.EmptyOperator` attribute is deprecated. Please use `'airflow.providers.standard.operators.empty.EmptyOperator'`.","category":"DeprecatedImportWarning","filename":"/opt/airflow/dags/dag.py","lineno":5,"logger":"py.warnings"}
{"timestamp":"2025-12-29T12:51:06.510841Z","level":"warning","event":"The `airflow.operators.python.get_current_context` attribute is deprecated. Please use `'airflow.sdk.get_current_context'`.","category":"DeprecatedImportWarning","filename":"/opt/airflow/dags/dag.py","lineno":7,"logger":"py.warnings"}
{"timestamp":"2025-12-29T12:51:06.510863Z","level":"warning","event":"The `airflow.models.param.Param` attribute is deprecated. Please use `'airflow.sdk.Param'`.","category":"DeprecatedImportWarning","filename":"/opt/airflow/dags/dag.py","lineno":14,"logger":"py.warnings"}
{"timestamp":"2025-12-29T12:51:06.510883Z","level":"warning","event":"The `airflow.operators.python.get_current_context` attribute is deprecated. Please use `'airflow.sdk.get_current_context'`.","category":"DeprecatedImportWarning","filename":"/opt/airflow/dags/dag.py","lineno":22,"logger":"py.warnings"}
{"timestamp":"2025-12-29T12:51:37.066217Z","level":"info","event":"Filling up the DagBag from /opt/airflow/dags/dag.py","logger":"airflow.models.dagbag.DagBag","filename":"dagbag.py","lineno":593}
{"timestamp":"2025-12-29T12:51:37.098449Z","level":"warning","event":"The `airflow.decorators.dag` attribute is deprecated. Please use `'airflow.sdk.dag'`.","category":"DeprecatedImportWarning","filename":"/opt/airflow/dags/dag.py","lineno":3,"logger":"py.warnings"}
{"timestamp":"2025-12-29T12:51:37.098510Z","level":"warning","event":"The `airflow.decorators.task` attribute is deprecated. Please use `'airflow.sdk.task'`.","category":"DeprecatedImportWarning","filename":"/opt/airflow/dags/dag.py","lineno":4,"logger":"py.warnings"}
{"timestamp":"2025-12-29T12:51:37.098537Z","level":"warning","event":"The `airflow.operators.empty.EmptyOperator` attribute is deprecated. Please use `'airflow.providers.standard.operators.empty.EmptyOperator'`.","category":"DeprecatedImportWarning","filename":"/opt/airflow/dags/dag.py","lineno":5,"logger":"py.warnings"}
{"timestamp":"2025-12-29T12:51:37.098561Z","level":"warning","event":"The `airflow.operators.python.get_current_context` attribute is deprecated. Please use `'airflow.sdk.get_current_context'`.","category":"DeprecatedImportWarning","filename":"/opt/airflow/dags/dag.py","lineno":7,"logger":"py.warnings"}
{"timestamp":"2025-12-29T12:51:37.098584Z","level":"warning","event":"The `airflow.models.param.Param` attribute is deprecated. Please use `'airflow.sdk.Param'`.","category":"DeprecatedImportWarning","filename":"/opt/airflow/dags/dag.py","lineno":14,"logger":"py.warnings"}
{"timestamp":"2025-12-29T12:51:37.098605Z","level":"warning","event":"The `airflow.operators.python.get_current_context` attribute is deprecated. Please use `'airflow.sdk.get_current_context'`.","category":"DeprecatedImportWarning","filename":"/opt/airflow/dags/dag.py","lineno":22,"logger":"py.warnings"}
{"timestamp":"2025-12-29T12:52:07.585589Z","level":"info","event":"Filling up the DagBag from /opt/airflow/dags/dag.py","logger":"airflow.models.dagbag.DagBag","filename":"dagbag.py","lineno":593}
{"timestamp":"2025-12-29T12:52:07.616834Z","level":"warning","event":"The `airflow.decorators.dag` attribute is deprecated. Please use `'airflow.sdk.dag'`.","category":"DeprecatedImportWarning","filename":"/opt/airflow/dags/dag.py","lineno":3,"logger":"py.warnings"}
{"timestamp":"2025-12-29T12:52:07.616896Z","level":"warning","event":"The `airflow.decorators.task` attribute is deprecated. Please use `'airflow.sdk.task'`.","category":"DeprecatedImportWarning","filename":"/opt/airflow/dags/dag.py","lineno":4,"logger":"py.warnings"}
{"timestamp":"2025-12-29T12:52:07.616924Z","level":"warning","event":"The `airflow.operators.empty.EmptyOperator` attribute is deprecated. Please use `'airflow.providers.standard.operators.empty.EmptyOperator'`.","category":"DeprecatedImportWarning","filename":"/opt/airflow/dags/dag.py","lineno":5,"logger":"py.warnings"}
{"timestamp":"2025-12-29T12:52:07.616948Z","level":"warning","event":"The `airflow.operators.python.get_current_context` attribute is deprecated. Please use `'airflow.sdk.get_current_context'`.","category":"DeprecatedImportWarning","filename":"/opt/airflow/dags/dag.py","lineno":7,"logger":"py.warnings"}
{"timestamp":"2025-12-29T12:52:07.616971Z","level":"warning","event":"The `airflow.models.param.Param` attribute is deprecated. Please use `'airflow.sdk.Param'`.","category":"DeprecatedImportWarning","filename":"/opt/airflow/dags/dag.py","lineno":14,"logger":"py.warnings"}
{"timestamp":"2025-12-29T12:52:07.616993Z","level":"warning","event":"The `airflow.operators.python.get_current_context` attribute is deprecated. Please use `'airflow.sdk.get_current_context'`.","category":"DeprecatedImportWarning","filename":"/opt/airflow/dags/dag.py","lineno":22,"logger":"py.warnings"}
{"timestamp":"2025-12-29T12:52:38.156044Z","level":"info","event":"Filling up the DagBag from /opt/airflow/dags/dag.py","logger":"airflow.models.dagbag.DagBag","filename":"dagbag.py","lineno":593}
{"timestamp":"2025-12-29T12:52:38.189832Z","level":"warning","event":"The `airflow.decorators.dag` attribute is deprecated. Please use `'airflow.sdk.dag'`.","category":"DeprecatedImportWarning","filename":"/opt/airflow/dags/dag.py","lineno":3,"logger":"py.warnings"}
{"timestamp":"2025-12-29T12:52:38.189894Z","level":"warning","event":"The `airflow.decorators.task` attribute is deprecated. Please use `'airflow.sdk.task'`.","category":"DeprecatedImportWarning","filename":"/opt/airflow/dags/dag.py","lineno":4,"logger":"py.warnings"}
{"timestamp":"2025-12-29T12:52:38.189922Z","level":"warning","event":"The `airflow.operators.empty.EmptyOperator` attribute is deprecated. Please use `'airflow.providers.standard.operators.empty.EmptyOperator'`.","category":"DeprecatedImportWarning","filename":"/opt/airflow/dags/dag.py","lineno":5,"logger":"py.warnings"}
{"timestamp":"2025-12-29T12:52:38.189946Z","level":"warning","event":"The `airflow.operators.python.get_current_context` attribute is deprecated. Please use `'airflow.sdk.get_current_context'`.","category":"DeprecatedImportWarning","filename":"/opt/airflow/dags/dag.py","lineno":7,"logger":"py.warnings"}
{"timestamp":"2025-12-29T12:52:38.189969Z","level":"warning","event":"The `airflow.models.param.Param` attribute is deprecated. Please use `'airflow.sdk.Param'`.","category":"DeprecatedImportWarning","filename":"/opt/airflow/dags/dag.py","lineno":14,"logger":"py.warnings"}
{"timestamp":"2025-12-29T12:52:38.189990Z","level":"warning","event":"The `airflow.operators.python.get_current_context` attribute is deprecated. Please use `'airflow.sdk.get_current_context'`.","category":"DeprecatedImportWarning","filename":"/opt/airflow/dags/dag.py","lineno":22,"logger":"py.warnings"}
{"timestamp":"2025-12-29T12:53:08.723924Z","level":"info","event":"Filling up the DagBag from /opt/airflow/dags/dag.py","logger":"airflow.models.dagbag.DagBag","filename":"dagbag.py","lineno":593}
{"timestamp":"2025-12-29T12:53:08.758798Z","level":"warning","event":"The `airflow.decorators.dag` attribute is deprecated. Please use `'airflow.sdk.dag'`.","category":"DeprecatedImportWarning","filename":"/opt/airflow/dags/dag.py","lineno":3,"logger":"py.warnings"}
{"timestamp":"2025-12-29T12:53:08.758868Z","level":"warning","event":"The `airflow.decorators.task` attribute is deprecated. Please use `'airflow.sdk.task'`.","category":"DeprecatedImportWarning","filename":"/opt/airflow/dags/dag.py","lineno":4,"logger":"py.warnings"}
{"timestamp":"2025-12-29T12:53:08.758896Z","level":"warning","event":"The `airflow.operators.empty.EmptyOperator` attribute is deprecated. Please use `'airflow.providers.standard.operators.empty.EmptyOperator'`.","category":"DeprecatedImportWarning","filename":"/opt/airflow/dags/dag.py","lineno":5,"logger":"py.warnings"}
{"timestamp":"2025-12-29T12:53:08.758920Z","level":"warning","event":"The `airflow.operators.python.get_current_context` attribute is deprecated. Please use `'airflow.sdk.get_current_context'`.","category":"DeprecatedImportWarning","filename":"/opt/airflow/dags/dag.py","lineno":7,"logger":"py.warnings"}
{"timestamp":"2025-12-29T12:53:08.758941Z","level":"warning","event":"The `airflow.models.param.Param` attribute is deprecated. Please use `'airflow.sdk.Param'`.","category":"DeprecatedImportWarning","filename":"/opt/airflow/dags/dag.py","lineno":14,"logger":"py.warnings"}
{"timestamp":"2025-12-29T12:53:08.758960Z","level":"warning","event":"The `airflow.operators.python.get_current_context` attribute is deprecated. Please use `'airflow.sdk.get_current_context'`.","category":"DeprecatedImportWarning","filename":"/opt/airflow/dags/dag.py","lineno":22,"logger":"py.warnings"}
{"timestamp":"2025-12-29T12:53:39.399298Z","level":"info","event":"Filling up the DagBag from /opt/airflow/dags/dag.py","logger":"airflow.models.dagbag.DagBag","filename":"dagbag.py","lineno":593}
{"timestamp":"2025-12-29T12:53:39.431941Z","level":"warning","event":"The `airflow.decorators.dag` attribute is deprecated. Please use `'airflow.sdk.dag'`.","category":"DeprecatedImportWarning","filename":"/opt/airflow/dags/dag.py","lineno":3,"logger":"py.warnings"}
{"timestamp":"2025-12-29T12:53:39.432000Z","level":"warning","event":"The `airflow.decorators.task` attribute is deprecated. Please use `'airflow.sdk.task'`.","category":"DeprecatedImportWarning","filename":"/opt/airflow/dags/dag.py","lineno":4,"logger":"py.warnings"}
{"timestamp":"2025-12-29T12:53:39.432026Z","level":"warning","event":"The `airflow.operators.empty.EmptyOperator` attribute is deprecated. Please use `'airflow.providers.standard.operators.empty.EmptyOperator'`.","category":"DeprecatedImportWarning","filename":"/opt/airflow/dags/dag.py","lineno":5,"logger":"py.warnings"}
{"timestamp":"2025-12-29T12:53:39.432047Z","level":"warning","event":"The `airflow.operators.python.get_current_context` attribute is deprecated. Please use `'airflow.sdk.get_current_context'`.","category":"DeprecatedImportWarning","filename":"/opt/airflow/dags/dag.py","lineno":7,"logger":"py.warnings"}
{"timestamp":"2025-12-29T12:53:39.432081Z","level":"warning","event":"The `airflow.models.param.Param` attribute is deprecated. Please use `'airflow.sdk.Param'`.","category":"DeprecatedImportWarning","filename":"/opt/airflow/dags/dag.py","lineno":14,"logger":"py.warnings"}
{"timestamp":"2025-12-29T12:53:39.432100Z","level":"warning","event":"The `airflow.operators.python.get_current_context` attribute is deprecated. Please use `'airflow.sdk.get_current_context'`.","category":"DeprecatedImportWarning","filename":"/opt/airflow/dags/dag.py","lineno":22,"logger":"py.warnings"}
{"timestamp":"2025-12-29T12:54:09.986985Z","level":"info","event":"Filling up the DagBag from /opt/airflow/dags/dag.py","logger":"airflow.models.dagbag.DagBag","filename":"dagbag.py","lineno":593}
{"timestamp":"2025-12-29T12:54:10.019230Z","level":"warning","event":"The `airflow.decorators.dag` attribute is deprecated. Please use `'airflow.sdk.dag'`.","category":"DeprecatedImportWarning","filename":"/opt/airflow/dags/dag.py","lineno":3,"logger":"py.warnings"}
{"timestamp":"2025-12-29T12:54:10.019281Z","level":"warning","event":"The `airflow.decorators.task` attribute is deprecated. Please use `'airflow.sdk.task'`.","category":"DeprecatedImportWarning","filename":"/opt/airflow/dags/dag.py","lineno":4,"logger":"py.warnings"}
{"timestamp":"2025-12-29T12:54:10.019307Z","level":"warning","event":"The `airflow.operators.empty.EmptyOperator` attribute is deprecated. Please use `'airflow.providers.standard.operators.empty.EmptyOperator'`.","category":"DeprecatedImportWarning","filename":"/opt/airflow/dags/dag.py","lineno":5,"logger":"py.warnings"}
{"timestamp":"2025-12-29T12:54:10.019329Z","level":"warning","event":"The `airflow.operators.python.get_current_context` attribute is deprecated. Please use `'airflow.sdk.get_current_context'`.","category":"DeprecatedImportWarning","filename":"/opt/airflow/dags/dag.py","lineno":7,"logger":"py.warnings"}
{"timestamp":"2025-12-29T12:54:10.019351Z","level":"warning","event":"The `airflow.models.param.Param` attribute is deprecated. Please use `'airflow.sdk.Param'`.","category":"DeprecatedImportWarning","filename":"/opt/airflow/dags/dag.py","lineno":14,"logger":"py.warnings"}
{"timestamp":"2025-12-29T12:54:10.019371Z","level":"warning","event":"The `airflow.operators.python.get_current_context` attribute is deprecated. Please use `'airflow.sdk.get_current_context'`.","category":"DeprecatedImportWarning","filename":"/opt/airflow/dags/dag.py","lineno":22,"logger":"py.warnings"}
{"timestamp":"2025-12-29T12:54:40.580248Z","level":"info","event":"Filling up the DagBag from /opt/airflow/dags/dag.py","logger":"airflow.models.dagbag.DagBag","filename":"dagbag.py","lineno":593}
{"timestamp":"2025-12-29T12:54:40.611774Z","level":"warning","event":"The `airflow.decorators.dag` attribute is deprecated. Please use `'airflow.sdk.dag'`.","category":"DeprecatedImportWarning","filename":"/opt/airflow/dags/dag.py","lineno":3,"logger":"py.warnings"}
{"timestamp":"2025-12-29T12:54:40.611832Z","level":"warning","event":"The `airflow.decorators.task` attribute is deprecated. Please use `'airflow.sdk.task'`.","category":"DeprecatedImportWarning","filename":"/opt/airflow/dags/dag.py","lineno":4,"logger":"py.warnings"}
{"timestamp":"2025-12-29T12:54:40.611858Z","level":"warning","event":"The `airflow.operators.empty.EmptyOperator` attribute is deprecated. Please use `'airflow.providers.standard.operators.empty.EmptyOperator'`.","category":"DeprecatedImportWarning","filename":"/opt/airflow/dags/dag.py","lineno":5,"logger":"py.warnings"}
{"timestamp":"2025-12-29T12:54:40.611880Z","level":"warning","event":"The `airflow.operators.python.get_current_context` attribute is deprecated. Please use `'airflow.sdk.get_current_context'`.","category":"DeprecatedImportWarning","filename":"/opt/airflow/dags/dag.py","lineno":7,"logger":"py.warnings"}
{"timestamp":"2025-12-29T12:54:40.611901Z","level":"warning","event":"The `airflow.models.param.Param` attribute is deprecated. Please use `'airflow.sdk.Param'`.","category":"DeprecatedImportWarning","filename":"/opt/airflow/dags/dag.py","lineno":14,"logger":"py.warnings"}
{"timestamp":"2025-12-29T12:54:40.611921Z","level":"warning","event":"The `airflow.operators.python.get_current_context` attribute is deprecated. Please use `'airflow.sdk.get_current_context'`.","category":"DeprecatedImportWarning","filename":"/opt/airflow/dags/dag.py","lineno":22,"logger":"py.warnings"}
{"timestamp":"2025-12-29T12:55:11.104888Z","level":"info","event":"Filling up the DagBag from /opt/airflow/dags/dag.py","logger":"airflow.models.dagbag.DagBag","filename":"dagbag.py","lineno":593}
{"timestamp":"2025-12-29T12:55:11.136378Z","level":"warning","event":"The `airflow.decorators.dag` attribute is deprecated. Please use `'airflow.sdk.dag'`.","category":"DeprecatedImportWarning","filename":"/opt/airflow/dags/dag.py","lineno":3,"logger":"py.warnings"}
{"timestamp":"2025-12-29T12:55:11.136433Z","level":"warning","event":"The `airflow.decorators.task` attribute is deprecated. Please use `'airflow.sdk.task'`.","category":"DeprecatedImportWarning","filename":"/opt/airflow/dags/dag.py","lineno":4,"logger":"py.warnings"}
{"timestamp":"2025-12-29T12:55:11.136460Z","level":"warning","event":"The `airflow.operators.empty.EmptyOperator` attribute is deprecated. Please use `'airflow.providers.standard.operators.empty.EmptyOperator'`.","category":"DeprecatedImportWarning","filename":"/opt/airflow/dags/dag.py","lineno":5,"logger":"py.warnings"}
{"timestamp":"2025-12-29T12:55:11.136484Z","level":"warning","event":"The `airflow.operators.python.get_current_context` attribute is deprecated. Please use `'airflow.sdk.get_current_context'`.","category":"DeprecatedImportWarning","filename":"/opt/airflow/dags/dag.py","lineno":7,"logger":"py.warnings"}
{"timestamp":"2025-12-29T12:55:11.136505Z","level":"warning","event":"The `airflow.models.param.Param` attribute is deprecated. Please use `'airflow.sdk.Param'`.","category":"DeprecatedImportWarning","filename":"/opt/airflow/dags/dag.py","lineno":14,"logger":"py.warnings"}
{"timestamp":"2025-12-29T12:55:11.136525Z","level":"warning","event":"The `airflow.operators.python.get_current_context` attribute is deprecated. Please use `'airflow.sdk.get_current_context'`.","category":"DeprecatedImportWarning","filename":"/opt/airflow/dags/dag.py","lineno":22,"logger":"py.warnings"}
{"timestamp":"2025-12-29T12:55:41.574486Z","level":"info","event":"Filling up the DagBag from /opt/airflow/dags/dag.py","logger":"airflow.models.dagbag.DagBag","filename":"dagbag.py","lineno":593}
{"timestamp":"2025-12-29T12:55:41.606279Z","level":"warning","event":"The `airflow.decorators.dag` attribute is deprecated. Please use `'airflow.sdk.dag'`.","category":"DeprecatedImportWarning","filename":"/opt/airflow/dags/dag.py","lineno":3,"logger":"py.warnings"}
{"timestamp":"2025-12-29T12:55:41.606471Z","level":"warning","event":"The `airflow.decorators.task` attribute is deprecated. Please use `'airflow.sdk.task'`.","category":"DeprecatedImportWarning","filename":"/opt/airflow/dags/dag.py","lineno":4,"logger":"py.warnings"}
{"timestamp":"2025-12-29T12:55:41.606520Z","level":"warning","event":"The `airflow.operators.empty.EmptyOperator` attribute is deprecated. Please use `'airflow.providers.standard.operators.empty.EmptyOperator'`.","category":"DeprecatedImportWarning","filename":"/opt/airflow/dags/dag.py","lineno":5,"logger":"py.warnings"}
{"timestamp":"2025-12-29T12:55:41.606545Z","level":"warning","event":"The `airflow.operators.python.get_current_context` attribute is deprecated. Please use `'airflow.sdk.get_current_context'`.","category":"DeprecatedImportWarning","filename":"/opt/airflow/dags/dag.py","lineno":7,"logger":"py.warnings"}
{"timestamp":"2025-12-29T12:55:41.606567Z","level":"warning","event":"The `airflow.models.param.Param` attribute is deprecated. Please use `'airflow.sdk.Param'`.","category":"DeprecatedImportWarning","filename":"/opt/airflow/dags/dag.py","lineno":14,"logger":"py.warnings"}
{"timestamp":"2025-12-29T12:55:41.606589Z","level":"warning","event":"The `airflow.operators.python.get_current_context` attribute is deprecated. Please use `'airflow.sdk.get_current_context'`.","category":"DeprecatedImportWarning","filename":"/opt/airflow/dags/dag.py","lineno":22,"logger":"py.warnings"}
{"timestamp":"2025-12-29T12:56:12.071399Z","level":"info","event":"Filling up the DagBag from /opt/airflow/dags/dag.py","logger":"airflow.models.dagbag.DagBag","filename":"dagbag.py","lineno":593}
{"timestamp":"2025-12-29T12:56:12.103164Z","level":"warning","event":"The `airflow.decorators.dag` attribute is deprecated. Please use `'airflow.sdk.dag'`.","category":"DeprecatedImportWarning","filename":"/opt/airflow/dags/dag.py","lineno":3,"logger":"py.warnings"}
{"timestamp":"2025-12-29T12:56:12.103220Z","level":"warning","event":"The `airflow.decorators.task` attribute is deprecated. Please use `'airflow.sdk.task'`.","category":"DeprecatedImportWarning","filename":"/opt/airflow/dags/dag.py","lineno":4,"logger":"py.warnings"}
{"timestamp":"2025-12-29T12:56:12.103247Z","level":"warning","event":"The `airflow.operators.empty.EmptyOperator` attribute is deprecated. Please use `'airflow.providers.standard.operators.empty.EmptyOperator'`.","category":"DeprecatedImportWarning","filename":"/opt/airflow/dags/dag.py","lineno":5,"logger":"py.warnings"}
{"timestamp":"2025-12-29T12:56:12.103270Z","level":"warning","event":"The `airflow.operators.python.get_current_context` attribute is deprecated. Please use `'airflow.sdk.get_current_context'`.","category":"DeprecatedImportWarning","filename":"/opt/airflow/dags/dag.py","lineno":7,"logger":"py.warnings"}
{"timestamp":"2025-12-29T12:56:12.103292Z","level":"warning","event":"The `airflow.models.param.Param` attribute is deprecated. Please use `'airflow.sdk.Param'`.","category":"DeprecatedImportWarning","filename":"/opt/airflow/dags/dag.py","lineno":14,"logger":"py.warnings"}
{"timestamp":"2025-12-29T12:56:12.103313Z","level":"warning","event":"The `airflow.operators.python.get_current_context` attribute is deprecated. Please use `'airflow.sdk.get_current_context'`.","category":"DeprecatedImportWarning","filename":"/opt/airflow/dags/dag.py","lineno":22,"logger":"py.warnings"}
{"timestamp":"2025-12-29T12:56:42.543631Z","level":"info","event":"Filling up the DagBag from /opt/airflow/dags/dag.py","logger":"airflow.models.dagbag.DagBag","filename":"dagbag.py","lineno":593}
{"timestamp":"2025-12-29T12:56:42.574560Z","level":"warning","event":"The `airflow.decorators.dag` attribute is deprecated. Please use `'airflow.sdk.dag'`.","category":"DeprecatedImportWarning","filename":"/opt/airflow/dags/dag.py","lineno":3,"logger":"py.warnings"}
{"timestamp":"2025-12-29T12:56:42.574614Z","level":"warning","event":"The `airflow.decorators.task` attribute is deprecated. Please use `'airflow.sdk.task'`.","category":"DeprecatedImportWarning","filename":"/opt/airflow/dags/dag.py","lineno":4,"logger":"py.warnings"}
{"timestamp":"2025-12-29T12:56:42.574640Z","level":"warning","event":"The `airflow.operators.empty.EmptyOperator` attribute is deprecated. Please use `'airflow.providers.standard.operators.empty.EmptyOperator'`.","category":"DeprecatedImportWarning","filename":"/opt/airflow/dags/dag.py","lineno":5,"logger":"py.warnings"}
{"timestamp":"2025-12-29T12:56:42.574665Z","level":"warning","event":"The `airflow.operators.python.get_current_context` attribute is deprecated. Please use `'airflow.sdk.get_current_context'`.","category":"DeprecatedImportWarning","filename":"/opt/airflow/dags/dag.py","lineno":7,"logger":"py.warnings"}
{"timestamp":"2025-12-29T12:56:42.574688Z","level":"warning","event":"The `airflow.models.param.Param` attribute is deprecated. Please use `'airflow.sdk.Param'`.","category":"DeprecatedImportWarning","filename":"/opt/airflow/dags/dag.py","lineno":14,"logger":"py.warnings"}
{"timestamp":"2025-12-29T12:56:42.574709Z","level":"warning","event":"The `airflow.operators.python.get_current_context` attribute is deprecated. Please use `'airflow.sdk.get_current_context'`.","category":"DeprecatedImportWarning","filename":"/opt/airflow/dags/dag.py","lineno":22,"logger":"py.warnings"}
{"timestamp":"2025-12-29T12:57:13.008545Z","level":"info","event":"Filling up the DagBag from /opt/airflow/dags/dag.py","logger":"airflow.models.dagbag.DagBag","filename":"dagbag.py","lineno":593}
{"timestamp":"2025-12-29T12:57:13.043445Z","level":"warning","event":"The `airflow.decorators.dag` attribute is deprecated. Please use `'airflow.sdk.dag'`.","category":"DeprecatedImportWarning","filename":"/opt/airflow/dags/dag.py","lineno":3,"logger":"py.warnings"}
{"timestamp":"2025-12-29T12:57:13.043503Z","level":"warning","event":"The `airflow.decorators.task` attribute is deprecated. Please use `'airflow.sdk.task'`.","category":"DeprecatedImportWarning","filename":"/opt/airflow/dags/dag.py","lineno":4,"logger":"py.warnings"}
{"timestamp":"2025-12-29T12:57:13.043530Z","level":"warning","event":"The `airflow.operators.empty.EmptyOperator` attribute is deprecated. Please use `'airflow.providers.standard.operators.empty.EmptyOperator'`.","category":"DeprecatedImportWarning","filename":"/opt/airflow/dags/dag.py","lineno":5,"logger":"py.warnings"}
{"timestamp":"2025-12-29T12:57:13.043551Z","level":"warning","event":"The `airflow.operators.python.get_current_context` attribute is deprecated. Please use `'airflow.sdk.get_current_context'`.","category":"DeprecatedImportWarning","filename":"/opt/airflow/dags/dag.py","lineno":7,"logger":"py.warnings"}
{"timestamp":"2025-12-29T12:57:13.043573Z","level":"warning","event":"The `airflow.models.param.Param` attribute is deprecated. Please use `'airflow.sdk.Param'`.","category":"DeprecatedImportWarning","filename":"/opt/airflow/dags/dag.py","lineno":14,"logger":"py.warnings"}
{"timestamp":"2025-12-29T12:57:13.043592Z","level":"warning","event":"The `airflow.operators.python.get_current_context` attribute is deprecated. Please use `'airflow.sdk.get_current_context'`.","category":"DeprecatedImportWarning","filename":"/opt/airflow/dags/dag.py","lineno":22,"logger":"py.warnings"}
{"timestamp":"2025-12-29T12:57:43.469821Z","level":"info","event":"Filling up the DagBag from /opt/airflow/dags/dag.py","logger":"airflow.models.dagbag.DagBag","filename":"dagbag.py","lineno":593}
{"timestamp":"2025-12-29T12:57:43.497952Z","level":"warning","event":"The `airflow.decorators.dag` attribute is deprecated. Please use `'airflow.sdk.dag'`.","category":"DeprecatedImportWarning","filename":"/opt/airflow/dags/dag.py","lineno":3,"logger":"py.warnings"}
{"timestamp":"2025-12-29T12:57:43.498008Z","level":"warning","event":"The `airflow.decorators.task` attribute is deprecated. Please use `'airflow.sdk.task'`.","category":"DeprecatedImportWarning","filename":"/opt/airflow/dags/dag.py","lineno":4,"logger":"py.warnings"}
{"timestamp":"2025-12-29T12:57:43.498034Z","level":"warning","event":"The `airflow.operators.empty.EmptyOperator` attribute is deprecated. Please use `'airflow.providers.standard.operators.empty.EmptyOperator'`.","category":"DeprecatedImportWarning","filename":"/opt/airflow/dags/dag.py","lineno":5,"logger":"py.warnings"}
{"timestamp":"2025-12-29T12:57:43.498057Z","level":"warning","event":"The `airflow.operators.python.get_current_context` attribute is deprecated. Please use `'airflow.sdk.get_current_context'`.","category":"DeprecatedImportWarning","filename":"/opt/airflow/dags/dag.py","lineno":7,"logger":"py.warnings"}
{"timestamp":"2025-12-29T12:57:43.498078Z","level":"warning","event":"The `airflow.models.param.Param` attribute is deprecated. Please use `'airflow.sdk.Param'`.","category":"DeprecatedImportWarning","filename":"/opt/airflow/dags/dag.py","lineno":14,"logger":"py.warnings"}
{"timestamp":"2025-12-29T12:57:43.498097Z","level":"warning","event":"The `airflow.operators.python.get_current_context` attribute is deprecated. Please use `'airflow.sdk.get_current_context'`.","category":"DeprecatedImportWarning","filename":"/opt/airflow/dags/dag.py","lineno":22,"logger":"py.warnings"}
{"timestamp":"2025-12-29T12:58:13.974735Z","level":"info","event":"Filling up the DagBag from /opt/airflow/dags/dag.py","logger":"airflow.models.dagbag.DagBag","filename":"dagbag.py","lineno":593}
{"timestamp":"2025-12-29T12:58:14.002939Z","level":"warning","event":"The `airflow.decorators.dag` attribute is deprecated. Please use `'airflow.sdk.dag'`.","category":"DeprecatedImportWarning","filename":"/opt/airflow/dags/dag.py","lineno":3,"logger":"py.warnings"}
{"timestamp":"2025-12-29T12:58:14.002995Z","level":"warning","event":"The `airflow.decorators.task` attribute is deprecated. Please use `'airflow.sdk.task'`.","category":"DeprecatedImportWarning","filename":"/opt/airflow/dags/dag.py","lineno":4,"logger":"py.warnings"}
{"timestamp":"2025-12-29T12:58:14.003021Z","level":"warning","event":"The `airflow.operators.empty.EmptyOperator` attribute is deprecated. Please use `'airflow.providers.standard.operators.empty.EmptyOperator'`.","category":"DeprecatedImportWarning","filename":"/opt/airflow/dags/dag.py","lineno":5,"logger":"py.warnings"}
{"timestamp":"2025-12-29T12:58:14.003043Z","level":"warning","event":"The `airflow.operators.python.get_current_context` attribute is deprecated. Please use `'airflow.sdk.get_current_context'`.","category":"DeprecatedImportWarning","filename":"/opt/airflow/dags/dag.py","lineno":7,"logger":"py.warnings"}
{"timestamp":"2025-12-29T12:58:14.003064Z","level":"warning","event":"The `airflow.models.param.Param` attribute is deprecated. Please use `'airflow.sdk.Param'`.","category":"DeprecatedImportWarning","filename":"/opt/airflow/dags/dag.py","lineno":14,"logger":"py.warnings"}
{"timestamp":"2025-12-29T12:58:14.003083Z","level":"warning","event":"The `airflow.operators.python.get_current_context` attribute is deprecated. Please use `'airflow.sdk.get_current_context'`.","category":"DeprecatedImportWarning","filename":"/opt/airflow/dags/dag.py","lineno":22,"logger":"py.warnings"}
{"timestamp":"2025-12-29T12:58:44.456379Z","level":"info","event":"Filling up the DagBag from /opt/airflow/dags/dag.py","logger":"airflow.models.dagbag.DagBag","filename":"dagbag.py","lineno":593}
{"timestamp":"2025-12-29T12:58:44.486448Z","level":"warning","event":"The `airflow.decorators.dag` attribute is deprecated. Please use `'airflow.sdk.dag'`.","category":"DeprecatedImportWarning","filename":"/opt/airflow/dags/dag.py","lineno":3,"logger":"py.warnings"}
{"timestamp":"2025-12-29T12:58:44.486504Z","level":"warning","event":"The `airflow.decorators.task` attribute is deprecated. Please use `'airflow.sdk.task'`.","category":"DeprecatedImportWarning","filename":"/opt/airflow/dags/dag.py","lineno":4,"logger":"py.warnings"}
{"timestamp":"2025-12-29T12:58:44.486531Z","level":"warning","event":"The `airflow.operators.empty.EmptyOperator` attribute is deprecated. Please use `'airflow.providers.standard.operators.empty.EmptyOperator'`.","category":"DeprecatedImportWarning","filename":"/opt/airflow/dags/dag.py","lineno":5,"logger":"py.warnings"}
{"timestamp":"2025-12-29T12:58:44.486555Z","level":"warning","event":"The `airflow.operators.python.get_current_context` attribute is deprecated. Please use `'airflow.sdk.get_current_context'`.","category":"DeprecatedImportWarning","filename":"/opt/airflow/dags/dag.py","lineno":7,"logger":"py.warnings"}
{"timestamp":"2025-12-29T12:58:44.486577Z","level":"warning","event":"The `airflow.models.param.Param` attribute is deprecated. Please use `'airflow.sdk.Param'`.","category":"DeprecatedImportWarning","filename":"/opt/airflow/dags/dag.py","lineno":14,"logger":"py.warnings"}
{"timestamp":"2025-12-29T12:58:44.486598Z","level":"warning","event":"The `airflow.operators.python.get_current_context` attribute is deprecated. Please use `'airflow.sdk.get_current_context'`.","category":"DeprecatedImportWarning","filename":"/opt/airflow/dags/dag.py","lineno":22,"logger":"py.warnings"}
{"timestamp":"2025-12-29T12:59:14.929288Z","level":"info","event":"Filling up the DagBag from /opt/airflow/dags/dag.py","logger":"airflow.models.dagbag.DagBag","filename":"dagbag.py","lineno":593}
{"timestamp":"2025-12-29T12:59:14.961863Z","level":"warning","event":"The `airflow.decorators.dag` attribute is deprecated. Please use `'airflow.sdk.dag'`.","category":"DeprecatedImportWarning","filename":"/opt/airflow/dags/dag.py","lineno":3,"logger":"py.warnings"}
{"timestamp":"2025-12-29T12:59:14.961921Z","level":"warning","event":"The `airflow.decorators.task` attribute is deprecated. Please use `'airflow.sdk.task'`.","category":"DeprecatedImportWarning","filename":"/opt/airflow/dags/dag.py","lineno":4,"logger":"py.warnings"}
{"timestamp":"2025-12-29T12:59:14.961947Z","level":"warning","event":"The `airflow.operators.empty.EmptyOperator` attribute is deprecated. Please use `'airflow.providers.standard.operators.empty.EmptyOperator'`.","category":"DeprecatedImportWarning","filename":"/opt/airflow/dags/dag.py","lineno":5,"logger":"py.warnings"}
{"timestamp":"2025-12-29T12:59:14.961970Z","level":"warning","event":"The `airflow.operators.python.get_current_context` attribute is deprecated. Please use `'airflow.sdk.get_current_context'`.","category":"DeprecatedImportWarning","filename":"/opt/airflow/dags/dag.py","lineno":7,"logger":"py.warnings"}
{"timestamp":"2025-12-29T12:59:14.961993Z","level":"warning","event":"The `airflow.models.param.Param` attribute is deprecated. Please use `'airflow.sdk.Param'`.","category":"DeprecatedImportWarning","filename":"/opt/airflow/dags/dag.py","lineno":14,"logger":"py.warnings"}
{"timestamp":"2025-12-29T12:59:14.962014Z","level":"warning","event":"The `airflow.operators.python.get_current_context` attribute is deprecated. Please use `'airflow.sdk.get_current_context'`.","category":"DeprecatedImportWarning","filename":"/opt/airflow/dags/dag.py","lineno":22,"logger":"py.warnings"}
{"timestamp":"2025-12-29T12:59:45.393761Z","level":"info","event":"Filling up the DagBag from /opt/airflow/dags/dag.py","logger":"airflow.models.dagbag.DagBag","filename":"dagbag.py","lineno":593}
{"timestamp":"2025-12-29T12:59:45.424795Z","level":"warning","event":"The `airflow.decorators.dag` attribute is deprecated. Please use `'airflow.sdk.dag'`.","category":"DeprecatedImportWarning","filename":"/opt/airflow/dags/dag.py","lineno":3,"logger":"py.warnings"}
{"timestamp":"2025-12-29T12:59:45.424853Z","level":"warning","event":"The `airflow.decorators.task` attribute is deprecated. Please use `'airflow.sdk.task'`.","category":"DeprecatedImportWarning","filename":"/opt/airflow/dags/dag.py","lineno":4,"logger":"py.warnings"}
{"timestamp":"2025-12-29T12:59:45.424880Z","level":"warning","event":"The `airflow.operators.empty.EmptyOperator` attribute is deprecated. Please use `'airflow.providers.standard.operators.empty.EmptyOperator'`.","category":"DeprecatedImportWarning","filename":"/opt/airflow/dags/dag.py","lineno":5,"logger":"py.warnings"}
{"timestamp":"2025-12-29T12:59:45.424903Z","level":"warning","event":"The `airflow.operators.python.get_current_context` attribute is deprecated. Please use `'airflow.sdk.get_current_context'`.","category":"DeprecatedImportWarning","filename":"/opt/airflow/dags/dag.py","lineno":7,"logger":"py.warnings"}
{"timestamp":"2025-12-29T12:59:45.424925Z","level":"warning","event":"The `airflow.models.param.Param` attribute is deprecated. Please use `'airflow.sdk.Param'`.","category":"DeprecatedImportWarning","filename":"/opt/airflow/dags/dag.py","lineno":14,"logger":"py.warnings"}
{"timestamp":"2025-12-29T12:59:45.424946Z","level":"warning","event":"The `airflow.operators.python.get_current_context` attribute is deprecated. Please use `'airflow.sdk.get_current_context'`.","category":"DeprecatedImportWarning","filename":"/opt/airflow/dags/dag.py","lineno":22,"logger":"py.warnings"}
{"timestamp":"2025-12-29T13:00:15.875461Z","level":"info","event":"Filling up the DagBag from /opt/airflow/dags/dag.py","logger":"airflow.models.dagbag.DagBag","filename":"dagbag.py","lineno":593}
{"timestamp":"2025-12-29T13:00:15.905980Z","level":"warning","event":"The `airflow.decorators.dag` attribute is deprecated. Please use `'airflow.sdk.dag'`.","category":"DeprecatedImportWarning","filename":"/opt/airflow/dags/dag.py","lineno":3,"logger":"py.warnings"}
{"timestamp":"2025-12-29T13:00:15.906039Z","level":"warning","event":"The `airflow.decorators.task` attribute is deprecated. Please use `'airflow.sdk.task'`.","category":"DeprecatedImportWarning","filename":"/opt/airflow/dags/dag.py","lineno":4,"logger":"py.warnings"}
{"timestamp":"2025-12-29T13:00:15.906065Z","level":"warning","event":"The `airflow.operators.empty.EmptyOperator` attribute is deprecated. Please use `'airflow.providers.standard.operators.empty.EmptyOperator'`.","category":"DeprecatedImportWarning","filename":"/opt/airflow/dags/dag.py","lineno":5,"logger":"py.warnings"}
{"timestamp":"2025-12-29T13:00:15.906089Z","level":"warning","event":"The `airflow.operators.python.get_current_context` attribute is deprecated. Please use `'airflow.sdk.get_current_context'`.","category":"DeprecatedImportWarning","filename":"/opt/airflow/dags/dag.py","lineno":7,"logger":"py.warnings"}
{"timestamp":"2025-12-29T13:00:15.906111Z","level":"warning","event":"The `airflow.models.param.Param` attribute is deprecated. Please use `'airflow.sdk.Param'`.","category":"DeprecatedImportWarning","filename":"/opt/airflow/dags/dag.py","lineno":14,"logger":"py.warnings"}
{"timestamp":"2025-12-29T13:00:15.906131Z","level":"warning","event":"The `airflow.operators.python.get_current_context` attribute is deprecated. Please use `'airflow.sdk.get_current_context'`.","category":"DeprecatedImportWarning","filename":"/opt/airflow/dags/dag.py","lineno":22,"logger":"py.warnings"}
{"timestamp":"2025-12-29T13:00:46.432720Z","level":"info","event":"Filling up the DagBag from /opt/airflow/dags/dag.py","logger":"airflow.models.dagbag.DagBag","filename":"dagbag.py","lineno":593}
{"timestamp":"2025-12-29T13:00:46.465656Z","level":"warning","event":"The `airflow.decorators.dag` attribute is deprecated. Please use `'airflow.sdk.dag'`.","category":"DeprecatedImportWarning","filename":"/opt/airflow/dags/dag.py","lineno":3,"logger":"py.warnings"}
{"timestamp":"2025-12-29T13:00:46.465712Z","level":"warning","event":"The `airflow.decorators.task` attribute is deprecated. Please use `'airflow.sdk.task'`.","category":"DeprecatedImportWarning","filename":"/opt/airflow/dags/dag.py","lineno":4,"logger":"py.warnings"}
{"timestamp":"2025-12-29T13:00:46.465738Z","level":"warning","event":"The `airflow.operators.empty.EmptyOperator` attribute is deprecated. Please use `'airflow.providers.standard.operators.empty.EmptyOperator'`.","category":"DeprecatedImportWarning","filename":"/opt/airflow/dags/dag.py","lineno":5,"logger":"py.warnings"}
{"timestamp":"2025-12-29T13:00:46.465761Z","level":"warning","event":"The `airflow.operators.python.get_current_context` attribute is deprecated. Please use `'airflow.sdk.get_current_context'`.","category":"DeprecatedImportWarning","filename":"/opt/airflow/dags/dag.py","lineno":7,"logger":"py.warnings"}
{"timestamp":"2025-12-29T13:00:46.465782Z","level":"warning","event":"The `airflow.models.param.Param` attribute is deprecated. Please use `'airflow.sdk.Param'`.","category":"DeprecatedImportWarning","filename":"/opt/airflow/dags/dag.py","lineno":14,"logger":"py.warnings"}
{"timestamp":"2025-12-29T13:00:46.465802Z","level":"warning","event":"The `airflow.operators.python.get_current_context` attribute is deprecated. Please use `'airflow.sdk.get_current_context'`.","category":"DeprecatedImportWarning","filename":"/opt/airflow/dags/dag.py","lineno":22,"logger":"py.warnings"}
{"timestamp":"2025-12-29T13:01:16.940676Z","level":"info","event":"Filling up the DagBag from /opt/airflow/dags/dag.py","logger":"airflow.models.dagbag.DagBag","filename":"dagbag.py","lineno":593}
{"timestamp":"2025-12-29T13:01:16.967674Z","level":"warning","event":"The `airflow.decorators.dag` attribute is deprecated. Please use `'airflow.sdk.dag'`.","category":"DeprecatedImportWarning","filename":"/opt/airflow/dags/dag.py","lineno":3,"logger":"py.warnings"}
{"timestamp":"2025-12-29T13:01:16.967728Z","level":"warning","event":"The `airflow.decorators.task` attribute is deprecated. Please use `'airflow.sdk.task'`.","category":"DeprecatedImportWarning","filename":"/opt/airflow/dags/dag.py","lineno":4,"logger":"py.warnings"}
{"timestamp":"2025-12-29T13:01:16.967754Z","level":"warning","event":"The `airflow.operators.empty.EmptyOperator` attribute is deprecated. Please use `'airflow.providers.standard.operators.empty.EmptyOperator'`.","category":"DeprecatedImportWarning","filename":"/opt/airflow/dags/dag.py","lineno":5,"logger":"py.warnings"}
{"timestamp":"2025-12-29T13:01:16.967776Z","level":"warning","event":"The `airflow.operators.python.get_current_context` attribute is deprecated. Please use `'airflow.sdk.get_current_context'`.","category":"DeprecatedImportWarning","filename":"/opt/airflow/dags/dag.py","lineno":7,"logger":"py.warnings"}
{"timestamp":"2025-12-29T13:01:16.967797Z","level":"warning","event":"The `airflow.models.param.Param` attribute is deprecated. Please use `'airflow.sdk.Param'`.","category":"DeprecatedImportWarning","filename":"/opt/airflow/dags/dag.py","lineno":14,"logger":"py.warnings"}
{"timestamp":"2025-12-29T13:01:16.967817Z","level":"warning","event":"The `airflow.operators.python.get_current_context` attribute is deprecated. Please use `'airflow.sdk.get_current_context'`.","category":"DeprecatedImportWarning","filename":"/opt/airflow/dags/dag.py","lineno":22,"logger":"py.warnings"}
{"timestamp":"2025-12-29T13:01:47.469182Z","level":"info","event":"Filling up the DagBag from /opt/airflow/dags/dag.py","logger":"airflow.models.dagbag.DagBag","filename":"dagbag.py","lineno":593}
{"timestamp":"2025-12-29T13:01:47.498010Z","level":"warning","event":"The `airflow.decorators.dag` attribute is deprecated. Please use `'airflow.sdk.dag'`.","category":"DeprecatedImportWarning","filename":"/opt/airflow/dags/dag.py","lineno":3,"logger":"py.warnings"}
{"timestamp":"2025-12-29T13:01:47.498062Z","level":"warning","event":"The `airflow.decorators.task` attribute is deprecated. Please use `'airflow.sdk.task'`.","category":"DeprecatedImportWarning","filename":"/opt/airflow/dags/dag.py","lineno":4,"logger":"py.warnings"}
{"timestamp":"2025-12-29T13:01:47.498087Z","level":"warning","event":"The `airflow.operators.empty.EmptyOperator` attribute is deprecated. Please use `'airflow.providers.standard.operators.empty.EmptyOperator'`.","category":"DeprecatedImportWarning","filename":"/opt/airflow/dags/dag.py","lineno":5,"logger":"py.warnings"}
{"timestamp":"2025-12-29T13:01:47.498109Z","level":"warning","event":"The `airflow.operators.python.get_current_context` attribute is deprecated. Please use `'airflow.sdk.get_current_context'`.","category":"DeprecatedImportWarning","filename":"/opt/airflow/dags/dag.py","lineno":7,"logger":"py.warnings"}
{"timestamp":"2025-12-29T13:01:47.498130Z","level":"warning","event":"The `airflow.models.param.Param` attribute is deprecated. Please use `'airflow.sdk.Param'`.","category":"DeprecatedImportWarning","filename":"/opt/airflow/dags/dag.py","lineno":14,"logger":"py.warnings"}
{"timestamp":"2025-12-29T13:01:47.498149Z","level":"warning","event":"The `airflow.operators.python.get_current_context` attribute is deprecated. Please use `'airflow.sdk.get_current_context'`.","category":"DeprecatedImportWarning","filename":"/opt/airflow/dags/dag.py","lineno":22,"logger":"py.warnings"}
{"timestamp":"2025-12-29T13:02:18.002028Z","level":"info","event":"Filling up the DagBag from /opt/airflow/dags/dag.py","logger":"airflow.models.dagbag.DagBag","filename":"dagbag.py","lineno":593}
{"timestamp":"2025-12-29T13:02:18.032607Z","level":"warning","event":"The `airflow.decorators.dag` attribute is deprecated. Please use `'airflow.sdk.dag'`.","category":"DeprecatedImportWarning","filename":"/opt/airflow/dags/dag.py","lineno":3,"logger":"py.warnings"}
{"timestamp":"2025-12-29T13:02:18.032784Z","level":"warning","event":"The `airflow.decorators.task` attribute is deprecated. Please use `'airflow.sdk.task'`.","category":"DeprecatedImportWarning","filename":"/opt/airflow/dags/dag.py","lineno":4,"logger":"py.warnings"}
{"timestamp":"2025-12-29T13:02:18.032832Z","level":"warning","event":"The `airflow.operators.empty.EmptyOperator` attribute is deprecated. Please use `'airflow.providers.standard.operators.empty.EmptyOperator'`.","category":"DeprecatedImportWarning","filename":"/opt/airflow/dags/dag.py","lineno":5,"logger":"py.warnings"}
{"timestamp":"2025-12-29T13:02:18.032857Z","level":"warning","event":"The `airflow.operators.python.get_current_context` attribute is deprecated. Please use `'airflow.sdk.get_current_context'`.","category":"DeprecatedImportWarning","filename":"/opt/airflow/dags/dag.py","lineno":7,"logger":"py.warnings"}
{"timestamp":"2025-12-29T13:02:18.032879Z","level":"warning","event":"The `airflow.models.param.Param` attribute is deprecated. Please use `'airflow.sdk.Param'`.","category":"DeprecatedImportWarning","filename":"/opt/airflow/dags/dag.py","lineno":14,"logger":"py.warnings"}
{"timestamp":"2025-12-29T13:02:18.032901Z","level":"warning","event":"The `airflow.operators.python.get_current_context` attribute is deprecated. Please use `'airflow.sdk.get_current_context'`.","category":"DeprecatedImportWarning","filename":"/opt/airflow/dags/dag.py","lineno":22,"logger":"py.warnings"}
{"timestamp":"2025-12-29T13:02:48.600947Z","level":"info","event":"Filling up the DagBag from /opt/airflow/dags/dag.py","logger":"airflow.models.dagbag.DagBag","filename":"dagbag.py","lineno":593}
{"timestamp":"2025-12-29T13:02:48.632689Z","level":"warning","event":"The `airflow.decorators.dag` attribute is deprecated. Please use `'airflow.sdk.dag'`.","category":"DeprecatedImportWarning","filename":"/opt/airflow/dags/dag.py","lineno":3,"logger":"py.warnings"}
{"timestamp":"2025-12-29T13:02:48.632748Z","level":"warning","event":"The `airflow.decorators.task` attribute is deprecated. Please use `'airflow.sdk.task'`.","category":"DeprecatedImportWarning","filename":"/opt/airflow/dags/dag.py","lineno":4,"logger":"py.warnings"}
{"timestamp":"2025-12-29T13:02:48.632774Z","level":"warning","event":"The `airflow.operators.empty.EmptyOperator` attribute is deprecated. Please use `'airflow.providers.standard.operators.empty.EmptyOperator'`.","category":"DeprecatedImportWarning","filename":"/opt/airflow/dags/dag.py","lineno":5,"logger":"py.warnings"}
{"timestamp":"2025-12-29T13:02:48.632797Z","level":"warning","event":"The `airflow.operators.python.get_current_context` attribute is deprecated. Please use `'airflow.sdk.get_current_context'`.","category":"DeprecatedImportWarning","filename":"/opt/airflow/dags/dag.py","lineno":7,"logger":"py.warnings"}
{"timestamp":"2025-12-29T13:02:48.632819Z","level":"warning","event":"The `airflow.models.param.Param` attribute is deprecated. Please use `'airflow.sdk.Param'`.","category":"DeprecatedImportWarning","filename":"/opt/airflow/dags/dag.py","lineno":14,"logger":"py.warnings"}
{"timestamp":"2025-12-29T13:02:48.632839Z","level":"warning","event":"The `airflow.operators.python.get_current_context` attribute is deprecated. Please use `'airflow.sdk.get_current_context'`.","category":"DeprecatedImportWarning","filename":"/opt/airflow/dags/dag.py","lineno":22,"logger":"py.warnings"}
{"timestamp":"2025-12-29T13:03:19.061871Z","level":"info","event":"Filling up the DagBag from /opt/airflow/dags/dag.py","logger":"airflow.models.dagbag.DagBag","filename":"dagbag.py","lineno":593}
{"timestamp":"2025-12-29T13:03:19.093982Z","level":"warning","event":"The `airflow.decorators.dag` attribute is deprecated. Please use `'airflow.sdk.dag'`.","category":"DeprecatedImportWarning","filename":"/opt/airflow/dags/dag.py","lineno":3,"logger":"py.warnings"}
{"timestamp":"2025-12-29T13:03:19.094187Z","level":"warning","event":"The `airflow.decorators.task` attribute is deprecated. Please use `'airflow.sdk.task'`.","category":"DeprecatedImportWarning","filename":"/opt/airflow/dags/dag.py","lineno":4,"logger":"py.warnings"}
{"timestamp":"2025-12-29T13:03:19.094215Z","level":"warning","event":"The `airflow.operators.empty.EmptyOperator` attribute is deprecated. Please use `'airflow.providers.standard.operators.empty.EmptyOperator'`.","category":"DeprecatedImportWarning","filename":"/opt/airflow/dags/dag.py","lineno":5,"logger":"py.warnings"}
{"timestamp":"2025-12-29T13:03:19.094251Z","level":"warning","event":"The `airflow.operators.python.get_current_context` attribute is deprecated. Please use `'airflow.sdk.get_current_context'`.","category":"DeprecatedImportWarning","filename":"/opt/airflow/dags/dag.py","lineno":7,"logger":"py.warnings"}
{"timestamp":"2025-12-29T13:03:19.094272Z","level":"warning","event":"The `airflow.models.param.Param` attribute is deprecated. Please use `'airflow.sdk.Param'`.","category":"DeprecatedImportWarning","filename":"/opt/airflow/dags/dag.py","lineno":14,"logger":"py.warnings"}
{"timestamp":"2025-12-29T13:03:19.094292Z","level":"warning","event":"The `airflow.operators.python.get_current_context` attribute is deprecated. Please use `'airflow.sdk.get_current_context'`.","category":"DeprecatedImportWarning","filename":"/opt/airflow/dags/dag.py","lineno":22,"logger":"py.warnings"}
{"timestamp":"2025-12-29T13:03:49.615100Z","level":"info","event":"Filling up the DagBag from /opt/airflow/dags/dag.py","logger":"airflow.models.dagbag.DagBag","filename":"dagbag.py","lineno":593}
{"timestamp":"2025-12-29T13:03:49.649868Z","level":"warning","event":"The `airflow.decorators.dag` attribute is deprecated. Please use `'airflow.sdk.dag'`.","category":"DeprecatedImportWarning","filename":"/opt/airflow/dags/dag.py","lineno":3,"logger":"py.warnings"}
{"timestamp":"2025-12-29T13:03:49.649929Z","level":"warning","event":"The `airflow.decorators.task` attribute is deprecated. Please use `'airflow.sdk.task'`.","category":"DeprecatedImportWarning","filename":"/opt/airflow/dags/dag.py","lineno":4,"logger":"py.warnings"}
{"timestamp":"2025-12-29T13:03:49.649954Z","level":"warning","event":"The `airflow.operators.empty.EmptyOperator` attribute is deprecated. Please use `'airflow.providers.standard.operators.empty.EmptyOperator'`.","category":"DeprecatedImportWarning","filename":"/opt/airflow/dags/dag.py","lineno":5,"logger":"py.warnings"}
{"timestamp":"2025-12-29T13:03:49.649976Z","level":"warning","event":"The `airflow.operators.python.get_current_context` attribute is deprecated. Please use `'airflow.sdk.get_current_context'`.","category":"DeprecatedImportWarning","filename":"/opt/airflow/dags/dag.py","lineno":7,"logger":"py.warnings"}
{"timestamp":"2025-12-29T13:03:49.649997Z","level":"warning","event":"The `airflow.models.param.Param` attribute is deprecated. Please use `'airflow.sdk.Param'`.","category":"DeprecatedImportWarning","filename":"/opt/airflow/dags/dag.py","lineno":14,"logger":"py.warnings"}
{"timestamp":"2025-12-29T13:03:49.650015Z","level":"warning","event":"The `airflow.operators.python.get_current_context` attribute is deprecated. Please use `'airflow.sdk.get_current_context'`.","category":"DeprecatedImportWarning","filename":"/opt/airflow/dags/dag.py","lineno":22,"logger":"py.warnings"}
{"timestamp":"2025-12-29T13:04:20.143177Z","level":"info","event":"Filling up the DagBag from /opt/airflow/dags/dag.py","logger":"airflow.models.dagbag.DagBag","filename":"dagbag.py","lineno":593}
{"timestamp":"2025-12-29T13:04:20.179474Z","level":"warning","event":"The `airflow.decorators.dag` attribute is deprecated. Please use `'airflow.sdk.dag'`.","category":"DeprecatedImportWarning","filename":"/opt/airflow/dags/dag.py","lineno":3,"logger":"py.warnings"}
{"timestamp":"2025-12-29T13:04:20.179543Z","level":"warning","event":"The `airflow.decorators.task` attribute is deprecated. Please use `'airflow.sdk.task'`.","category":"DeprecatedImportWarning","filename":"/opt/airflow/dags/dag.py","lineno":4,"logger":"py.warnings"}
{"timestamp":"2025-12-29T13:04:20.179571Z","level":"warning","event":"The `airflow.operators.empty.EmptyOperator` attribute is deprecated. Please use `'airflow.providers.standard.operators.empty.EmptyOperator'`.","category":"DeprecatedImportWarning","filename":"/opt/airflow/dags/dag.py","lineno":5,"logger":"py.warnings"}
{"timestamp":"2025-12-29T13:04:20.179595Z","level":"warning","event":"The `airflow.operators.python.get_current_context` attribute is deprecated. Please use `'airflow.sdk.get_current_context'`.","category":"DeprecatedImportWarning","filename":"/opt/airflow/dags/dag.py","lineno":7,"logger":"py.warnings"}
{"timestamp":"2025-12-29T13:04:20.179616Z","level":"warning","event":"The `airflow.models.param.Param` attribute is deprecated. Please use `'airflow.sdk.Param'`.","category":"DeprecatedImportWarning","filename":"/opt/airflow/dags/dag.py","lineno":14,"logger":"py.warnings"}
{"timestamp":"2025-12-29T13:04:20.179636Z","level":"warning","event":"The `airflow.operators.python.get_current_context` attribute is deprecated. Please use `'airflow.sdk.get_current_context'`.","category":"DeprecatedImportWarning","filename":"/opt/airflow/dags/dag.py","lineno":22,"logger":"py.warnings"}
{"timestamp":"2025-12-29T13:04:50.673749Z","level":"info","event":"Filling up the DagBag from /opt/airflow/dags/dag.py","logger":"airflow.models.dagbag.DagBag","filename":"dagbag.py","lineno":593}
{"timestamp":"2025-12-29T13:04:50.704915Z","level":"warning","event":"The `airflow.decorators.dag` attribute is deprecated. Please use `'airflow.sdk.dag'`.","category":"DeprecatedImportWarning","filename":"/opt/airflow/dags/dag.py","lineno":3,"logger":"py.warnings"}
{"timestamp":"2025-12-29T13:04:50.704970Z","level":"warning","event":"The `airflow.decorators.task` attribute is deprecated. Please use `'airflow.sdk.task'`.","category":"DeprecatedImportWarning","filename":"/opt/airflow/dags/dag.py","lineno":4,"logger":"py.warnings"}
{"timestamp":"2025-12-29T13:04:50.704995Z","level":"warning","event":"The `airflow.operators.empty.EmptyOperator` attribute is deprecated. Please use `'airflow.providers.standard.operators.empty.EmptyOperator'`.","category":"DeprecatedImportWarning","filename":"/opt/airflow/dags/dag.py","lineno":5,"logger":"py.warnings"}
{"timestamp":"2025-12-29T13:04:50.705017Z","level":"warning","event":"The `airflow.operators.python.get_current_context` attribute is deprecated. Please use `'airflow.sdk.get_current_context'`.","category":"DeprecatedImportWarning","filename":"/opt/airflow/dags/dag.py","lineno":7,"logger":"py.warnings"}
{"timestamp":"2025-12-29T13:04:50.705037Z","level":"warning","event":"The `airflow.models.param.Param` attribute is deprecated. Please use `'airflow.sdk.Param'`.","category":"DeprecatedImportWarning","filename":"/opt/airflow/dags/dag.py","lineno":14,"logger":"py.warnings"}
{"timestamp":"2025-12-29T13:04:50.705056Z","level":"warning","event":"The `airflow.operators.python.get_current_context` attribute is deprecated. Please use `'airflow.sdk.get_current_context'`.","category":"DeprecatedImportWarning","filename":"/opt/airflow/dags/dag.py","lineno":22,"logger":"py.warnings"}
{"timestamp":"2025-12-29T13:05:21.196642Z","level":"info","event":"Filling up the DagBag from /opt/airflow/dags/dag.py","logger":"airflow.models.dagbag.DagBag","filename":"dagbag.py","lineno":593}
{"timestamp":"2025-12-29T13:05:21.229700Z","level":"warning","event":"The `airflow.decorators.dag` attribute is deprecated. Please use `'airflow.sdk.dag'`.","category":"DeprecatedImportWarning","filename":"/opt/airflow/dags/dag.py","lineno":3,"logger":"py.warnings"}
{"timestamp":"2025-12-29T13:05:21.229772Z","level":"warning","event":"The `airflow.decorators.task` attribute is deprecated. Please use `'airflow.sdk.task'`.","category":"DeprecatedImportWarning","filename":"/opt/airflow/dags/dag.py","lineno":4,"logger":"py.warnings"}
{"timestamp":"2025-12-29T13:05:21.229798Z","level":"warning","event":"The `airflow.operators.empty.EmptyOperator` attribute is deprecated. Please use `'airflow.providers.standard.operators.empty.EmptyOperator'`.","category":"DeprecatedImportWarning","filename":"/opt/airflow/dags/dag.py","lineno":5,"logger":"py.warnings"}
{"timestamp":"2025-12-29T13:05:21.229821Z","level":"warning","event":"The `airflow.operators.python.get_current_context` attribute is deprecated. Please use `'airflow.sdk.get_current_context'`.","category":"DeprecatedImportWarning","filename":"/opt/airflow/dags/dag.py","lineno":7,"logger":"py.warnings"}
{"timestamp":"2025-12-29T13:05:21.229843Z","level":"warning","event":"The `airflow.models.param.Param` attribute is deprecated. Please use `'airflow.sdk.Param'`.","category":"DeprecatedImportWarning","filename":"/opt/airflow/dags/dag.py","lineno":14,"logger":"py.warnings"}
{"timestamp":"2025-12-29T13:05:21.229863Z","level":"warning","event":"The `airflow.operators.python.get_current_context` attribute is deprecated. Please use `'airflow.sdk.get_current_context'`.","category":"DeprecatedImportWarning","filename":"/opt/airflow/dags/dag.py","lineno":22,"logger":"py.warnings"}
{"timestamp":"2025-12-29T13:05:51.785060Z","level":"info","event":"Filling up the DagBag from /opt/airflow/dags/dag.py","logger":"airflow.models.dagbag.DagBag","filename":"dagbag.py","lineno":593}
{"timestamp":"2025-12-29T13:05:51.865839Z","level":"warning","event":"The `airflow.decorators.dag` attribute is deprecated. Please use `'airflow.sdk.dag'`.","category":"DeprecatedImportWarning","filename":"/opt/airflow/dags/dag.py","lineno":3,"logger":"py.warnings"}
{"timestamp":"2025-12-29T13:05:51.865957Z","level":"warning","event":"The `airflow.decorators.task` attribute is deprecated. Please use `'airflow.sdk.task'`.","category":"DeprecatedImportWarning","filename":"/opt/airflow/dags/dag.py","lineno":4,"logger":"py.warnings"}
{"timestamp":"2025-12-29T13:05:51.865985Z","level":"warning","event":"The `airflow.operators.empty.EmptyOperator` attribute is deprecated. Please use `'airflow.providers.standard.operators.empty.EmptyOperator'`.","category":"DeprecatedImportWarning","filename":"/opt/airflow/dags/dag.py","lineno":5,"logger":"py.warnings"}
{"timestamp":"2025-12-29T13:05:51.866085Z","level":"warning","event":"The `airflow.operators.python.get_current_context` attribute is deprecated. Please use `'airflow.sdk.get_current_context'`.","category":"DeprecatedImportWarning","filename":"/opt/airflow/dags/dag.py","lineno":7,"logger":"py.warnings"}
{"timestamp":"2025-12-29T13:05:51.866137Z","level":"warning","event":"The `airflow.models.param.Param` attribute is deprecated. Please use `'airflow.sdk.Param'`.","category":"DeprecatedImportWarning","filename":"/opt/airflow/dags/dag.py","lineno":14,"logger":"py.warnings"}
{"timestamp":"2025-12-29T13:05:51.866165Z","level":"warning","event":"The `airflow.operators.python.get_current_context` attribute is deprecated. Please use `'airflow.sdk.get_current_context'`.","category":"DeprecatedImportWarning","filename":"/opt/airflow/dags/dag.py","lineno":22,"logger":"py.warnings"}
{"timestamp":"2025-12-29T13:06:22.362735Z","level":"info","event":"Filling up the DagBag from /opt/airflow/dags/dag.py","logger":"airflow.models.dagbag.DagBag","filename":"dagbag.py","lineno":593}
{"timestamp":"2025-12-29T13:06:22.407887Z","level":"warning","event":"The `airflow.decorators.dag` attribute is deprecated. Please use `'airflow.sdk.dag'`.","category":"DeprecatedImportWarning","filename":"/opt/airflow/dags/dag.py","lineno":3,"logger":"py.warnings"}
{"timestamp":"2025-12-29T13:06:22.408198Z","level":"warning","event":"The `airflow.decorators.task` attribute is deprecated. Please use `'airflow.sdk.task'`.","category":"DeprecatedImportWarning","filename":"/opt/airflow/dags/dag.py","lineno":4,"logger":"py.warnings"}
{"timestamp":"2025-12-29T13:06:22.408246Z","level":"warning","event":"The `airflow.operators.empty.EmptyOperator` attribute is deprecated. Please use `'airflow.providers.standard.operators.empty.EmptyOperator'`.","category":"DeprecatedImportWarning","filename":"/opt/airflow/dags/dag.py","lineno":5,"logger":"py.warnings"}
{"timestamp":"2025-12-29T13:06:22.408268Z","level":"warning","event":"The `airflow.operators.python.get_current_context` attribute is deprecated. Please use `'airflow.sdk.get_current_context'`.","category":"DeprecatedImportWarning","filename":"/opt/airflow/dags/dag.py","lineno":7,"logger":"py.warnings"}
{"timestamp":"2025-12-29T13:06:22.408288Z","level":"warning","event":"The `airflow.models.param.Param` attribute is deprecated. Please use `'airflow.sdk.Param'`.","category":"DeprecatedImportWarning","filename":"/opt/airflow/dags/dag.py","lineno":14,"logger":"py.warnings"}
{"timestamp":"2025-12-29T13:06:22.408306Z","level":"warning","event":"The `airflow.operators.python.get_current_context` attribute is deprecated. Please use `'airflow.sdk.get_current_context'`.","category":"DeprecatedImportWarning","filename":"/opt/airflow/dags/dag.py","lineno":22,"logger":"py.warnings"}
{"timestamp":"2025-12-29T13:06:52.859971Z","level":"info","event":"Filling up the DagBag from /opt/airflow/dags/dag.py","logger":"airflow.models.dagbag.DagBag","filename":"dagbag.py","lineno":593}
{"timestamp":"2025-12-29T13:06:52.898087Z","level":"warning","event":"The `airflow.decorators.dag` attribute is deprecated. Please use `'airflow.sdk.dag'`.","category":"DeprecatedImportWarning","filename":"/opt/airflow/dags/dag.py","lineno":3,"logger":"py.warnings"}
{"timestamp":"2025-12-29T13:06:52.898164Z","level":"warning","event":"The `airflow.decorators.task` attribute is deprecated. Please use `'airflow.sdk.task'`.","category":"DeprecatedImportWarning","filename":"/opt/airflow/dags/dag.py","lineno":4,"logger":"py.warnings"}
{"timestamp":"2025-12-29T13:06:52.898189Z","level":"warning","event":"The `airflow.operators.empty.EmptyOperator` attribute is deprecated. Please use `'airflow.providers.standard.operators.empty.EmptyOperator'`.","category":"DeprecatedImportWarning","filename":"/opt/airflow/dags/dag.py","lineno":5,"logger":"py.warnings"}
{"timestamp":"2025-12-29T13:06:52.898209Z","level":"warning","event":"The `airflow.operators.python.get_current_context` attribute is deprecated. Please use `'airflow.sdk.get_current_context'`.","category":"DeprecatedImportWarning","filename":"/opt/airflow/dags/dag.py","lineno":7,"logger":"py.warnings"}
{"timestamp":"2025-12-29T13:06:52.898230Z","level":"warning","event":"The `airflow.models.param.Param` attribute is deprecated. Please use `'airflow.sdk.Param'`.","category":"DeprecatedImportWarning","filename":"/opt/airflow/dags/dag.py","lineno":14,"logger":"py.warnings"}
{"timestamp":"2025-12-29T13:06:52.898248Z","level":"warning","event":"The `airflow.operators.python.get_current_context` attribute is deprecated. Please use `'airflow.sdk.get_current_context'`.","category":"DeprecatedImportWarning","filename":"/opt/airflow/dags/dag.py","lineno":22,"logger":"py.warnings"}
{"timestamp":"2025-12-29T13:07:23.391756Z","level":"info","event":"Filling up the DagBag from /opt/airflow/dags/dag.py","logger":"airflow.models.dagbag.DagBag","filename":"dagbag.py","lineno":593}
{"timestamp":"2025-12-29T13:07:23.424695Z","level":"warning","event":"The `airflow.decorators.dag` attribute is deprecated. Please use `'airflow.sdk.dag'`.","category":"DeprecatedImportWarning","filename":"/opt/airflow/dags/dag.py","lineno":3,"logger":"py.warnings"}
{"timestamp":"2025-12-29T13:07:23.424756Z","level":"warning","event":"The `airflow.decorators.task` attribute is deprecated. Please use `'airflow.sdk.task'`.","category":"DeprecatedImportWarning","filename":"/opt/airflow/dags/dag.py","lineno":4,"logger":"py.warnings"}
{"timestamp":"2025-12-29T13:07:23.424784Z","level":"warning","event":"The `airflow.operators.empty.EmptyOperator` attribute is deprecated. Please use `'airflow.providers.standard.operators.empty.EmptyOperator'`.","category":"DeprecatedImportWarning","filename":"/opt/airflow/dags/dag.py","lineno":5,"logger":"py.warnings"}
{"timestamp":"2025-12-29T13:07:23.424809Z","level":"warning","event":"The `airflow.operators.python.get_current_context` attribute is deprecated. Please use `'airflow.sdk.get_current_context'`.","category":"DeprecatedImportWarning","filename":"/opt/airflow/dags/dag.py","lineno":7,"logger":"py.warnings"}
{"timestamp":"2025-12-29T13:07:23.424832Z","level":"warning","event":"The `airflow.models.param.Param` attribute is deprecated. Please use `'airflow.sdk.Param'`.","category":"DeprecatedImportWarning","filename":"/opt/airflow/dags/dag.py","lineno":14,"logger":"py.warnings"}
{"timestamp":"2025-12-29T13:07:23.424853Z","level":"warning","event":"The `airflow.operators.python.get_current_context` attribute is deprecated. Please use `'airflow.sdk.get_current_context'`.","category":"DeprecatedImportWarning","filename":"/opt/airflow/dags/dag.py","lineno":22,"logger":"py.warnings"}
{"timestamp":"2025-12-29T13:07:53.908218Z","level":"info","event":"Filling up the DagBag from /opt/airflow/dags/dag.py","logger":"airflow.models.dagbag.DagBag","filename":"dagbag.py","lineno":593}
{"timestamp":"2025-12-29T13:07:53.943828Z","level":"warning","event":"The `airflow.decorators.dag` attribute is deprecated. Please use `'airflow.sdk.dag'`.","category":"DeprecatedImportWarning","filename":"/opt/airflow/dags/dag.py","lineno":3,"logger":"py.warnings"}
{"timestamp":"2025-12-29T13:07:53.943894Z","level":"warning","event":"The `airflow.decorators.task` attribute is deprecated. Please use `'airflow.sdk.task'`.","category":"DeprecatedImportWarning","filename":"/opt/airflow/dags/dag.py","lineno":4,"logger":"py.warnings"}
{"timestamp":"2025-12-29T13:07:53.943919Z","level":"warning","event":"The `airflow.operators.empty.EmptyOperator` attribute is deprecated. Please use `'airflow.providers.standard.operators.empty.EmptyOperator'`.","category":"DeprecatedImportWarning","filename":"/opt/airflow/dags/dag.py","lineno":5,"logger":"py.warnings"}
{"timestamp":"2025-12-29T13:07:53.943939Z","level":"warning","event":"The `airflow.operators.python.get_current_context` attribute is deprecated. Please use `'airflow.sdk.get_current_context'`.","category":"DeprecatedImportWarning","filename":"/opt/airflow/dags/dag.py","lineno":7,"logger":"py.warnings"}
{"timestamp":"2025-12-29T13:07:53.943959Z","level":"warning","event":"The `airflow.models.param.Param` attribute is deprecated. Please use `'airflow.sdk.Param'`.","category":"DeprecatedImportWarning","filename":"/opt/airflow/dags/dag.py","lineno":14,"logger":"py.warnings"}
{"timestamp":"2025-12-29T13:07:53.943977Z","level":"warning","event":"The `airflow.operators.python.get_current_context` attribute is deprecated. Please use `'airflow.sdk.get_current_context'`.","category":"DeprecatedImportWarning","filename":"/opt/airflow/dags/dag.py","lineno":22,"logger":"py.warnings"}
{"timestamp":"2025-12-29T13:08:24.422217Z","level":"info","event":"Filling up the DagBag from /opt/airflow/dags/dag.py","logger":"airflow.models.dagbag.DagBag","filename":"dagbag.py","lineno":593}
{"timestamp":"2025-12-29T13:08:24.451451Z","level":"warning","event":"The `airflow.decorators.dag` attribute is deprecated. Please use `'airflow.sdk.dag'`.","category":"DeprecatedImportWarning","filename":"/opt/airflow/dags/dag.py","lineno":3,"logger":"py.warnings"}
{"timestamp":"2025-12-29T13:08:24.451951Z","level":"warning","event":"The `airflow.decorators.task` attribute is deprecated. Please use `'airflow.sdk.task'`.","category":"DeprecatedImportWarning","filename":"/opt/airflow/dags/dag.py","lineno":4,"logger":"py.warnings"}
{"timestamp":"2025-12-29T13:08:24.451999Z","level":"warning","event":"The `airflow.operators.empty.EmptyOperator` attribute is deprecated. Please use `'airflow.providers.standard.operators.empty.EmptyOperator'`.","category":"DeprecatedImportWarning","filename":"/opt/airflow/dags/dag.py","lineno":5,"logger":"py.warnings"}
{"timestamp":"2025-12-29T13:08:24.452189Z","level":"warning","event":"The `airflow.operators.python.get_current_context` attribute is deprecated. Please use `'airflow.sdk.get_current_context'`.","category":"DeprecatedImportWarning","filename":"/opt/airflow/dags/dag.py","lineno":7,"logger":"py.warnings"}
{"timestamp":"2025-12-29T13:08:24.452228Z","level":"warning","event":"The `airflow.models.param.Param` attribute is deprecated. Please use `'airflow.sdk.Param'`.","category":"DeprecatedImportWarning","filename":"/opt/airflow/dags/dag.py","lineno":14,"logger":"py.warnings"}
{"timestamp":"2025-12-29T13:08:24.452550Z","level":"warning","event":"The `airflow.operators.python.get_current_context` attribute is deprecated. Please use `'airflow.sdk.get_current_context'`.","category":"DeprecatedImportWarning","filename":"/opt/airflow/dags/dag.py","lineno":22,"logger":"py.warnings"}
{"timestamp":"2025-12-29T13:08:54.889452Z","level":"info","event":"Filling up the DagBag from /opt/airflow/dags/dag.py","logger":"airflow.models.dagbag.DagBag","filename":"dagbag.py","lineno":593}
{"timestamp":"2025-12-29T13:08:54.918925Z","level":"warning","event":"The `airflow.decorators.dag` attribute is deprecated. Please use `'airflow.sdk.dag'`.","category":"DeprecatedImportWarning","filename":"/opt/airflow/dags/dag.py","lineno":3,"logger":"py.warnings"}
{"timestamp":"2025-12-29T13:08:54.918981Z","level":"warning","event":"The `airflow.decorators.task` attribute is deprecated. Please use `'airflow.sdk.task'`.","category":"DeprecatedImportWarning","filename":"/opt/airflow/dags/dag.py","lineno":4,"logger":"py.warnings"}
{"timestamp":"2025-12-29T13:08:54.919007Z","level":"warning","event":"The `airflow.operators.empty.EmptyOperator` attribute is deprecated. Please use `'airflow.providers.standard.operators.empty.EmptyOperator'`.","category":"DeprecatedImportWarning","filename":"/opt/airflow/dags/dag.py","lineno":5,"logger":"py.warnings"}
{"timestamp":"2025-12-29T13:08:54.919030Z","level":"warning","event":"The `airflow.operators.python.get_current_context` attribute is deprecated. Please use `'airflow.sdk.get_current_context'`.","category":"DeprecatedImportWarning","filename":"/opt/airflow/dags/dag.py","lineno":7,"logger":"py.warnings"}
{"timestamp":"2025-12-29T13:08:54.919067Z","level":"warning","event":"The `airflow.models.param.Param` attribute is deprecated. Please use `'airflow.sdk.Param'`.","category":"DeprecatedImportWarning","filename":"/opt/airflow/dags/dag.py","lineno":14,"logger":"py.warnings"}
{"timestamp":"2025-12-29T13:08:54.919088Z","level":"warning","event":"The `airflow.operators.python.get_current_context` attribute is deprecated. Please use `'airflow.sdk.get_current_context'`.","category":"DeprecatedImportWarning","filename":"/opt/airflow/dags/dag.py","lineno":22,"logger":"py.warnings"}
{"timestamp":"2025-12-29T13:09:25.406449Z","level":"info","event":"Filling up the DagBag from /opt/airflow/dags/dag.py","logger":"airflow.models.dagbag.DagBag","filename":"dagbag.py","lineno":593}
{"timestamp":"2025-12-29T13:09:25.436882Z","level":"warning","event":"The `airflow.decorators.dag` attribute is deprecated. Please use `'airflow.sdk.dag'`.","category":"DeprecatedImportWarning","filename":"/opt/airflow/dags/dag.py","lineno":3,"logger":"py.warnings"}
{"timestamp":"2025-12-29T13:09:25.436940Z","level":"warning","event":"The `airflow.decorators.task` attribute is deprecated. Please use `'airflow.sdk.task'`.","category":"DeprecatedImportWarning","filename":"/opt/airflow/dags/dag.py","lineno":4,"logger":"py.warnings"}
{"timestamp":"2025-12-29T13:09:25.436966Z","level":"warning","event":"The `airflow.operators.empty.EmptyOperator` attribute is deprecated. Please use `'airflow.providers.standard.operators.empty.EmptyOperator'`.","category":"DeprecatedImportWarning","filename":"/opt/airflow/dags/dag.py","lineno":5,"logger":"py.warnings"}
{"timestamp":"2025-12-29T13:09:25.436989Z","level":"warning","event":"The `airflow.operators.python.get_current_context` attribute is deprecated. Please use `'airflow.sdk.get_current_context'`.","category":"DeprecatedImportWarning","filename":"/opt/airflow/dags/dag.py","lineno":7,"logger":"py.warnings"}
{"timestamp":"2025-12-29T13:09:25.437011Z","level":"warning","event":"The `airflow.models.param.Param` attribute is deprecated. Please use `'airflow.sdk.Param'`.","category":"DeprecatedImportWarning","filename":"/opt/airflow/dags/dag.py","lineno":14,"logger":"py.warnings"}
{"timestamp":"2025-12-29T13:09:25.437032Z","level":"warning","event":"The `airflow.operators.python.get_current_context` attribute is deprecated. Please use `'airflow.sdk.get_current_context'`.","category":"DeprecatedImportWarning","filename":"/opt/airflow/dags/dag.py","lineno":22,"logger":"py.warnings"}
{"timestamp":"2025-12-29T13:09:55.935099Z","level":"info","event":"Filling up the DagBag from /opt/airflow/dags/dag.py","logger":"airflow.models.dagbag.DagBag","filename":"dagbag.py","lineno":593}
{"timestamp":"2025-12-29T13:09:55.964658Z","level":"warning","event":"The `airflow.decorators.dag` attribute is deprecated. Please use `'airflow.sdk.dag'`.","category":"DeprecatedImportWarning","filename":"/opt/airflow/dags/dag.py","lineno":3,"logger":"py.warnings"}
{"timestamp":"2025-12-29T13:09:55.964711Z","level":"warning","event":"The `airflow.decorators.task` attribute is deprecated. Please use `'airflow.sdk.task'`.","category":"DeprecatedImportWarning","filename":"/opt/airflow/dags/dag.py","lineno":4,"logger":"py.warnings"}
{"timestamp":"2025-12-29T13:09:55.964738Z","level":"warning","event":"The `airflow.operators.empty.EmptyOperator` attribute is deprecated. Please use `'airflow.providers.standard.operators.empty.EmptyOperator'`.","category":"DeprecatedImportWarning","filename":"/opt/airflow/dags/dag.py","lineno":5,"logger":"py.warnings"}
{"timestamp":"2025-12-29T13:09:55.964761Z","level":"warning","event":"The `airflow.operators.python.get_current_context` attribute is deprecated. Please use `'airflow.sdk.get_current_context'`.","category":"DeprecatedImportWarning","filename":"/opt/airflow/dags/dag.py","lineno":7,"logger":"py.warnings"}
{"timestamp":"2025-12-29T13:09:55.964784Z","level":"warning","event":"The `airflow.models.param.Param` attribute is deprecated. Please use `'airflow.sdk.Param'`.","category":"DeprecatedImportWarning","filename":"/opt/airflow/dags/dag.py","lineno":14,"logger":"py.warnings"}
{"timestamp":"2025-12-29T13:09:55.964804Z","level":"warning","event":"The `airflow.operators.python.get_current_context` attribute is deprecated. Please use `'airflow.sdk.get_current_context'`.","category":"DeprecatedImportWarning","filename":"/opt/airflow/dags/dag.py","lineno":22,"logger":"py.warnings"}
{"timestamp":"2025-12-29T13:10:26.365631Z","level":"info","event":"Filling up the DagBag from /opt/airflow/dags/dag.py","logger":"airflow.models.dagbag.DagBag","filename":"dagbag.py","lineno":593}
{"timestamp":"2025-12-29T13:10:26.396073Z","level":"warning","event":"The `airflow.decorators.dag` attribute is deprecated. Please use `'airflow.sdk.dag'`.","category":"DeprecatedImportWarning","filename":"/opt/airflow/dags/dag.py","lineno":3,"logger":"py.warnings"}
{"timestamp":"2025-12-29T13:10:26.396131Z","level":"warning","event":"The `airflow.decorators.task` attribute is deprecated. Please use `'airflow.sdk.task'`.","category":"DeprecatedImportWarning","filename":"/opt/airflow/dags/dag.py","lineno":4,"logger":"py.warnings"}
{"timestamp":"2025-12-29T13:10:26.396158Z","level":"warning","event":"The `airflow.operators.empty.EmptyOperator` attribute is deprecated. Please use `'airflow.providers.standard.operators.empty.EmptyOperator'`.","category":"DeprecatedImportWarning","filename":"/opt/airflow/dags/dag.py","lineno":5,"logger":"py.warnings"}
{"timestamp":"2025-12-29T13:10:26.396181Z","level":"warning","event":"The `airflow.operators.python.get_current_context` attribute is deprecated. Please use `'airflow.sdk.get_current_context'`.","category":"DeprecatedImportWarning","filename":"/opt/airflow/dags/dag.py","lineno":7,"logger":"py.warnings"}
{"timestamp":"2025-12-29T13:10:26.396205Z","level":"warning","event":"The `airflow.models.param.Param` attribute is deprecated. Please use `'airflow.sdk.Param'`.","category":"DeprecatedImportWarning","filename":"/opt/airflow/dags/dag.py","lineno":14,"logger":"py.warnings"}
{"timestamp":"2025-12-29T13:10:26.396225Z","level":"warning","event":"The `airflow.operators.python.get_current_context` attribute is deprecated. Please use `'airflow.sdk.get_current_context'`.","category":"DeprecatedImportWarning","filename":"/opt/airflow/dags/dag.py","lineno":22,"logger":"py.warnings"}
{"timestamp":"2025-12-29T13:10:56.824333Z","level":"info","event":"Filling up the DagBag from /opt/airflow/dags/dag.py","logger":"airflow.models.dagbag.DagBag","filename":"dagbag.py","lineno":593}
{"timestamp":"2025-12-29T13:10:56.851163Z","level":"warning","event":"The `airflow.decorators.dag` attribute is deprecated. Please use `'airflow.sdk.dag'`.","category":"DeprecatedImportWarning","filename":"/opt/airflow/dags/dag.py","lineno":3,"logger":"py.warnings"}
{"timestamp":"2025-12-29T13:10:56.851221Z","level":"warning","event":"The `airflow.decorators.task` attribute is deprecated. Please use `'airflow.sdk.task'`.","category":"DeprecatedImportWarning","filename":"/opt/airflow/dags/dag.py","lineno":4,"logger":"py.warnings"}
{"timestamp":"2025-12-29T13:10:56.851247Z","level":"warning","event":"The `airflow.operators.empty.EmptyOperator` attribute is deprecated. Please use `'airflow.providers.standard.operators.empty.EmptyOperator'`.","category":"DeprecatedImportWarning","filename":"/opt/airflow/dags/dag.py","lineno":5,"logger":"py.warnings"}
{"timestamp":"2025-12-29T13:10:56.851269Z","level":"warning","event":"The `airflow.operators.python.get_current_context` attribute is deprecated. Please use `'airflow.sdk.get_current_context'`.","category":"DeprecatedImportWarning","filename":"/opt/airflow/dags/dag.py","lineno":7,"logger":"py.warnings"}
{"timestamp":"2025-12-29T13:10:56.851290Z","level":"warning","event":"The `airflow.models.param.Param` attribute is deprecated. Please use `'airflow.sdk.Param'`.","category":"DeprecatedImportWarning","filename":"/opt/airflow/dags/dag.py","lineno":14,"logger":"py.warnings"}
{"timestamp":"2025-12-29T13:10:56.851310Z","level":"warning","event":"The `airflow.operators.python.get_current_context` attribute is deprecated. Please use `'airflow.sdk.get_current_context'`.","category":"DeprecatedImportWarning","filename":"/opt/airflow/dags/dag.py","lineno":22,"logger":"py.warnings"}
{"timestamp":"2025-12-29T13:11:27.300781Z","level":"info","event":"Filling up the DagBag from /opt/airflow/dags/dag.py","logger":"airflow.models.dagbag.DagBag","filename":"dagbag.py","lineno":593}
{"timestamp":"2025-12-29T13:11:27.333901Z","level":"warning","event":"The `airflow.decorators.dag` attribute is deprecated. Please use `'airflow.sdk.dag'`.","category":"DeprecatedImportWarning","filename":"/opt/airflow/dags/dag.py","lineno":3,"logger":"py.warnings"}
{"timestamp":"2025-12-29T13:11:27.334067Z","level":"warning","event":"The `airflow.decorators.task` attribute is deprecated. Please use `'airflow.sdk.task'`.","category":"DeprecatedImportWarning","filename":"/opt/airflow/dags/dag.py","lineno":4,"logger":"py.warnings"}
{"timestamp":"2025-12-29T13:11:27.334352Z","level":"warning","event":"The `airflow.operators.empty.EmptyOperator` attribute is deprecated. Please use `'airflow.providers.standard.operators.empty.EmptyOperator'`.","category":"DeprecatedImportWarning","filename":"/opt/airflow/dags/dag.py","lineno":5,"logger":"py.warnings"}
{"timestamp":"2025-12-29T13:11:27.334515Z","level":"warning","event":"The `airflow.operators.python.get_current_context` attribute is deprecated. Please use `'airflow.sdk.get_current_context'`.","category":"DeprecatedImportWarning","filename":"/opt/airflow/dags/dag.py","lineno":7,"logger":"py.warnings"}
{"timestamp":"2025-12-29T13:11:27.334551Z","level":"warning","event":"The `airflow.models.param.Param` attribute is deprecated. Please use `'airflow.sdk.Param'`.","category":"DeprecatedImportWarning","filename":"/opt/airflow/dags/dag.py","lineno":14,"logger":"py.warnings"}
{"timestamp":"2025-12-29T13:11:27.334650Z","level":"warning","event":"The `airflow.operators.python.get_current_context` attribute is deprecated. Please use `'airflow.sdk.get_current_context'`.","category":"DeprecatedImportWarning","filename":"/opt/airflow/dags/dag.py","lineno":22,"logger":"py.warnings"}
{"timestamp":"2025-12-29T13:11:57.759794Z","level":"info","event":"Filling up the DagBag from /opt/airflow/dags/dag.py","logger":"airflow.models.dagbag.DagBag","filename":"dagbag.py","lineno":593}
{"timestamp":"2025-12-29T13:11:57.789384Z","level":"warning","event":"The `airflow.decorators.dag` attribute is deprecated. Please use `'airflow.sdk.dag'`.","category":"DeprecatedImportWarning","filename":"/opt/airflow/dags/dag.py","lineno":3,"logger":"py.warnings"}
{"timestamp":"2025-12-29T13:11:57.789445Z","level":"warning","event":"The `airflow.decorators.task` attribute is deprecated. Please use `'airflow.sdk.task'`.","category":"DeprecatedImportWarning","filename":"/opt/airflow/dags/dag.py","lineno":4,"logger":"py.warnings"}
{"timestamp":"2025-12-29T13:11:57.789471Z","level":"warning","event":"The `airflow.operators.empty.EmptyOperator` attribute is deprecated. Please use `'airflow.providers.standard.operators.empty.EmptyOperator'`.","category":"DeprecatedImportWarning","filename":"/opt/airflow/dags/dag.py","lineno":5,"logger":"py.warnings"}
{"timestamp":"2025-12-29T13:11:57.789493Z","level":"warning","event":"The `airflow.operators.python.get_current_context` attribute is deprecated. Please use `'airflow.sdk.get_current_context'`.","category":"DeprecatedImportWarning","filename":"/opt/airflow/dags/dag.py","lineno":7,"logger":"py.warnings"}
{"timestamp":"2025-12-29T13:11:57.789514Z","level":"warning","event":"The `airflow.models.param.Param` attribute is deprecated. Please use `'airflow.sdk.Param'`.","category":"DeprecatedImportWarning","filename":"/opt/airflow/dags/dag.py","lineno":14,"logger":"py.warnings"}
{"timestamp":"2025-12-29T13:11:57.789534Z","level":"warning","event":"The `airflow.operators.python.get_current_context` attribute is deprecated. Please use `'airflow.sdk.get_current_context'`.","category":"DeprecatedImportWarning","filename":"/opt/airflow/dags/dag.py","lineno":22,"logger":"py.warnings"}
{"timestamp":"2025-12-29T13:12:28.182491Z","level":"info","event":"Filling up the DagBag from /opt/airflow/dags/dag.py","logger":"airflow.models.dagbag.DagBag","filename":"dagbag.py","lineno":593}
{"timestamp":"2025-12-29T13:12:28.214255Z","level":"warning","event":"The `airflow.decorators.dag` attribute is deprecated. Please use `'airflow.sdk.dag'`.","category":"DeprecatedImportWarning","filename":"/opt/airflow/dags/dag.py","lineno":3,"logger":"py.warnings"}
{"timestamp":"2025-12-29T13:12:28.214313Z","level":"warning","event":"The `airflow.decorators.task` attribute is deprecated. Please use `'airflow.sdk.task'`.","category":"DeprecatedImportWarning","filename":"/opt/airflow/dags/dag.py","lineno":4,"logger":"py.warnings"}
{"timestamp":"2025-12-29T13:12:28.214341Z","level":"warning","event":"The `airflow.operators.empty.EmptyOperator` attribute is deprecated. Please use `'airflow.providers.standard.operators.empty.EmptyOperator'`.","category":"DeprecatedImportWarning","filename":"/opt/airflow/dags/dag.py","lineno":5,"logger":"py.warnings"}
{"timestamp":"2025-12-29T13:12:28.214365Z","level":"warning","event":"The `airflow.operators.python.get_current_context` attribute is deprecated. Please use `'airflow.sdk.get_current_context'`.","category":"DeprecatedImportWarning","filename":"/opt/airflow/dags/dag.py","lineno":7,"logger":"py.warnings"}
{"timestamp":"2025-12-29T13:12:28.214387Z","level":"warning","event":"The `airflow.models.param.Param` attribute is deprecated. Please use `'airflow.sdk.Param'`.","category":"DeprecatedImportWarning","filename":"/opt/airflow/dags/dag.py","lineno":14,"logger":"py.warnings"}
{"timestamp":"2025-12-29T13:12:28.214408Z","level":"warning","event":"The `airflow.operators.python.get_current_context` attribute is deprecated. Please use `'airflow.sdk.get_current_context'`.","category":"DeprecatedImportWarning","filename":"/opt/airflow/dags/dag.py","lineno":22,"logger":"py.warnings"}
{"timestamp":"2025-12-29T13:12:58.648023Z","level":"info","event":"Filling up the DagBag from /opt/airflow/dags/dag.py","logger":"airflow.models.dagbag.DagBag","filename":"dagbag.py","lineno":593}
{"timestamp":"2025-12-29T13:12:58.675236Z","level":"warning","event":"The `airflow.decorators.dag` attribute is deprecated. Please use `'airflow.sdk.dag'`.","category":"DeprecatedImportWarning","filename":"/opt/airflow/dags/dag.py","lineno":3,"logger":"py.warnings"}
{"timestamp":"2025-12-29T13:12:58.675290Z","level":"warning","event":"The `airflow.decorators.task` attribute is deprecated. Please use `'airflow.sdk.task'`.","category":"DeprecatedImportWarning","filename":"/opt/airflow/dags/dag.py","lineno":4,"logger":"py.warnings"}
{"timestamp":"2025-12-29T13:12:58.675316Z","level":"warning","event":"The `airflow.operators.empty.EmptyOperator` attribute is deprecated. Please use `'airflow.providers.standard.operators.empty.EmptyOperator'`.","category":"DeprecatedImportWarning","filename":"/opt/airflow/dags/dag.py","lineno":5,"logger":"py.warnings"}
{"timestamp":"2025-12-29T13:12:58.675339Z","level":"warning","event":"The `airflow.operators.python.get_current_context` attribute is deprecated. Please use `'airflow.sdk.get_current_context'`.","category":"DeprecatedImportWarning","filename":"/opt/airflow/dags/dag.py","lineno":7,"logger":"py.warnings"}
{"timestamp":"2025-12-29T13:12:58.675361Z","level":"warning","event":"The `airflow.models.param.Param` attribute is deprecated. Please use `'airflow.sdk.Param'`.","category":"DeprecatedImportWarning","filename":"/opt/airflow/dags/dag.py","lineno":14,"logger":"py.warnings"}
{"timestamp":"2025-12-29T13:12:58.675381Z","level":"warning","event":"The `airflow.operators.python.get_current_context` attribute is deprecated. Please use `'airflow.sdk.get_current_context'`.","category":"DeprecatedImportWarning","filename":"/opt/airflow/dags/dag.py","lineno":22,"logger":"py.warnings"}
{"timestamp":"2025-12-29T13:13:29.121776Z","level":"info","event":"Filling up the DagBag from /opt/airflow/dags/dag.py","logger":"airflow.models.dagbag.DagBag","filename":"dagbag.py","lineno":593}
{"timestamp":"2025-12-29T13:13:29.153931Z","level":"warning","event":"The `airflow.decorators.dag` attribute is deprecated. Please use `'airflow.sdk.dag'`.","category":"DeprecatedImportWarning","filename":"/opt/airflow/dags/dag.py","lineno":3,"logger":"py.warnings"}
{"timestamp":"2025-12-29T13:13:29.154133Z","level":"warning","event":"The `airflow.decorators.task` attribute is deprecated. Please use `'airflow.sdk.task'`.","category":"DeprecatedImportWarning","filename":"/opt/airflow/dags/dag.py","lineno":4,"logger":"py.warnings"}
{"timestamp":"2025-12-29T13:13:29.154179Z","level":"warning","event":"The `airflow.operators.empty.EmptyOperator` attribute is deprecated. Please use `'airflow.providers.standard.operators.empty.EmptyOperator'`.","category":"DeprecatedImportWarning","filename":"/opt/airflow/dags/dag.py","lineno":5,"logger":"py.warnings"}
{"timestamp":"2025-12-29T13:13:29.154204Z","level":"warning","event":"The `airflow.operators.python.get_current_context` attribute is deprecated. Please use `'airflow.sdk.get_current_context'`.","category":"DeprecatedImportWarning","filename":"/opt/airflow/dags/dag.py","lineno":7,"logger":"py.warnings"}
{"timestamp":"2025-12-29T13:13:29.154227Z","level":"warning","event":"The `airflow.models.param.Param` attribute is deprecated. Please use `'airflow.sdk.Param'`.","category":"DeprecatedImportWarning","filename":"/opt/airflow/dags/dag.py","lineno":14,"logger":"py.warnings"}
{"timestamp":"2025-12-29T13:13:29.154248Z","level":"warning","event":"The `airflow.operators.python.get_current_context` attribute is deprecated. Please use `'airflow.sdk.get_current_context'`.","category":"DeprecatedImportWarning","filename":"/opt/airflow/dags/dag.py","lineno":22,"logger":"py.warnings"}
{"timestamp":"2025-12-29T13:13:59.581486Z","level":"info","event":"Filling up the DagBag from /opt/airflow/dags/dag.py","logger":"airflow.models.dagbag.DagBag","filename":"dagbag.py","lineno":593}
{"timestamp":"2025-12-29T13:13:59.612500Z","level":"warning","event":"The `airflow.decorators.dag` attribute is deprecated. Please use `'airflow.sdk.dag'`.","category":"DeprecatedImportWarning","filename":"/opt/airflow/dags/dag.py","lineno":3,"logger":"py.warnings"}
{"timestamp":"2025-12-29T13:13:59.612562Z","level":"warning","event":"The `airflow.decorators.task` attribute is deprecated. Please use `'airflow.sdk.task'`.","category":"DeprecatedImportWarning","filename":"/opt/airflow/dags/dag.py","lineno":4,"logger":"py.warnings"}
{"timestamp":"2025-12-29T13:13:59.612589Z","level":"warning","event":"The `airflow.operators.empty.EmptyOperator` attribute is deprecated. Please use `'airflow.providers.standard.operators.empty.EmptyOperator'`.","category":"DeprecatedImportWarning","filename":"/opt/airflow/dags/dag.py","lineno":5,"logger":"py.warnings"}
{"timestamp":"2025-12-29T13:13:59.612613Z","level":"warning","event":"The `airflow.operators.python.get_current_context` attribute is deprecated. Please use `'airflow.sdk.get_current_context'`.","category":"DeprecatedImportWarning","filename":"/opt/airflow/dags/dag.py","lineno":7,"logger":"py.warnings"}
{"timestamp":"2025-12-29T13:13:59.612636Z","level":"warning","event":"The `airflow.models.param.Param` attribute is deprecated. Please use `'airflow.sdk.Param'`.","category":"DeprecatedImportWarning","filename":"/opt/airflow/dags/dag.py","lineno":14,"logger":"py.warnings"}
{"timestamp":"2025-12-29T13:13:59.612657Z","level":"warning","event":"The `airflow.operators.python.get_current_context` attribute is deprecated. Please use `'airflow.sdk.get_current_context'`.","category":"DeprecatedImportWarning","filename":"/opt/airflow/dags/dag.py","lineno":22,"logger":"py.warnings"}
{"timestamp":"2025-12-29T13:14:30.039969Z","level":"info","event":"Filling up the DagBag from /opt/airflow/dags/dag.py","logger":"airflow.models.dagbag.DagBag","filename":"dagbag.py","lineno":593}
{"timestamp":"2025-12-29T13:14:30.070763Z","level":"warning","event":"The `airflow.decorators.dag` attribute is deprecated. Please use `'airflow.sdk.dag'`.","category":"DeprecatedImportWarning","filename":"/opt/airflow/dags/dag.py","lineno":3,"logger":"py.warnings"}
{"timestamp":"2025-12-29T13:14:30.070819Z","level":"warning","event":"The `airflow.decorators.task` attribute is deprecated. Please use `'airflow.sdk.task'`.","category":"DeprecatedImportWarning","filename":"/opt/airflow/dags/dag.py","lineno":4,"logger":"py.warnings"}
{"timestamp":"2025-12-29T13:14:30.070847Z","level":"warning","event":"The `airflow.operators.empty.EmptyOperator` attribute is deprecated. Please use `'airflow.providers.standard.operators.empty.EmptyOperator'`.","category":"DeprecatedImportWarning","filename":"/opt/airflow/dags/dag.py","lineno":5,"logger":"py.warnings"}
{"timestamp":"2025-12-29T13:14:30.070871Z","level":"warning","event":"The `airflow.operators.python.get_current_context` attribute is deprecated. Please use `'airflow.sdk.get_current_context'`.","category":"DeprecatedImportWarning","filename":"/opt/airflow/dags/dag.py","lineno":7,"logger":"py.warnings"}
{"timestamp":"2025-12-29T13:14:30.070893Z","level":"warning","event":"The `airflow.models.param.Param` attribute is deprecated. Please use `'airflow.sdk.Param'`.","category":"DeprecatedImportWarning","filename":"/opt/airflow/dags/dag.py","lineno":14,"logger":"py.warnings"}
{"timestamp":"2025-12-29T13:14:30.070913Z","level":"warning","event":"The `airflow.operators.python.get_current_context` attribute is deprecated. Please use `'airflow.sdk.get_current_context'`.","category":"DeprecatedImportWarning","filename":"/opt/airflow/dags/dag.py","lineno":22,"logger":"py.warnings"}
{"timestamp":"2025-12-29T13:15:00.494166Z","level":"info","event":"Filling up the DagBag from /opt/airflow/dags/dag.py","logger":"airflow.models.dagbag.DagBag","filename":"dagbag.py","lineno":593}
{"timestamp":"2025-12-29T13:15:00.527745Z","level":"warning","event":"The `airflow.decorators.dag` attribute is deprecated. Please use `'airflow.sdk.dag'`.","category":"DeprecatedImportWarning","filename":"/opt/airflow/dags/dag.py","lineno":3,"logger":"py.warnings"}
{"timestamp":"2025-12-29T13:15:00.527799Z","level":"warning","event":"The `airflow.decorators.task` attribute is deprecated. Please use `'airflow.sdk.task'`.","category":"DeprecatedImportWarning","filename":"/opt/airflow/dags/dag.py","lineno":4,"logger":"py.warnings"}
{"timestamp":"2025-12-29T13:15:00.527825Z","level":"warning","event":"The `airflow.operators.empty.EmptyOperator` attribute is deprecated. Please use `'airflow.providers.standard.operators.empty.EmptyOperator'`.","category":"DeprecatedImportWarning","filename":"/opt/airflow/dags/dag.py","lineno":5,"logger":"py.warnings"}
{"timestamp":"2025-12-29T13:15:00.527847Z","level":"warning","event":"The `airflow.operators.python.get_current_context` attribute is deprecated. Please use `'airflow.sdk.get_current_context'`.","category":"DeprecatedImportWarning","filename":"/opt/airflow/dags/dag.py","lineno":7,"logger":"py.warnings"}
{"timestamp":"2025-12-29T13:15:00.527869Z","level":"warning","event":"The `airflow.models.param.Param` attribute is deprecated. Please use `'airflow.sdk.Param'`.","category":"DeprecatedImportWarning","filename":"/opt/airflow/dags/dag.py","lineno":14,"logger":"py.warnings"}
{"timestamp":"2025-12-29T13:15:00.527888Z","level":"warning","event":"The `airflow.operators.python.get_current_context` attribute is deprecated. Please use `'airflow.sdk.get_current_context'`.","category":"DeprecatedImportWarning","filename":"/opt/airflow/dags/dag.py","lineno":22,"logger":"py.warnings"}
{"timestamp":"2025-12-29T13:15:30.968093Z","level":"info","event":"Filling up the DagBag from /opt/airflow/dags/dag.py","logger":"airflow.models.dagbag.DagBag","filename":"dagbag.py","lineno":593}
{"timestamp":"2025-12-29T13:15:31.008232Z","level":"warning","event":"The `airflow.decorators.dag` attribute is deprecated. Please use `'airflow.sdk.dag'`.","category":"DeprecatedImportWarning","filename":"/opt/airflow/dags/dag.py","lineno":3,"logger":"py.warnings"}
{"timestamp":"2025-12-29T13:15:31.008479Z","level":"warning","event":"The `airflow.decorators.task` attribute is deprecated. Please use `'airflow.sdk.task'`.","category":"DeprecatedImportWarning","filename":"/opt/airflow/dags/dag.py","lineno":4,"logger":"py.warnings"}
{"timestamp":"2025-12-29T13:15:31.008921Z","level":"warning","event":"The `airflow.operators.empty.EmptyOperator` attribute is deprecated. Please use `'airflow.providers.standard.operators.empty.EmptyOperator'`.","category":"DeprecatedImportWarning","filename":"/opt/airflow/dags/dag.py","lineno":5,"logger":"py.warnings"}
{"timestamp":"2025-12-29T13:15:31.008965Z","level":"warning","event":"The `airflow.operators.python.get_current_context` attribute is deprecated. Please use `'airflow.sdk.get_current_context'`.","category":"DeprecatedImportWarning","filename":"/opt/airflow/dags/dag.py","lineno":7,"logger":"py.warnings"}
{"timestamp":"2025-12-29T13:15:31.008988Z","level":"warning","event":"The `airflow.models.param.Param` attribute is deprecated. Please use `'airflow.sdk.Param'`.","category":"DeprecatedImportWarning","filename":"/opt/airflow/dags/dag.py","lineno":14,"logger":"py.warnings"}
{"timestamp":"2025-12-29T13:15:31.009009Z","level":"warning","event":"The `airflow.operators.python.get_current_context` attribute is deprecated. Please use `'airflow.sdk.get_current_context'`.","category":"DeprecatedImportWarning","filename":"/opt/airflow/dags/dag.py","lineno":22,"logger":"py.warnings"}
{"timestamp":"2025-12-29T13:16:01.498566Z","level":"info","event":"Filling up the DagBag from /opt/airflow/dags/dag.py","logger":"airflow.models.dagbag.DagBag","filename":"dagbag.py","lineno":593}
{"timestamp":"2025-12-29T13:16:01.533029Z","level":"warning","event":"The `airflow.decorators.dag` attribute is deprecated. Please use `'airflow.sdk.dag'`.","category":"DeprecatedImportWarning","filename":"/opt/airflow/dags/dag.py","lineno":3,"logger":"py.warnings"}
{"timestamp":"2025-12-29T13:16:01.533105Z","level":"warning","event":"The `airflow.decorators.task` attribute is deprecated. Please use `'airflow.sdk.task'`.","category":"DeprecatedImportWarning","filename":"/opt/airflow/dags/dag.py","lineno":4,"logger":"py.warnings"}
{"timestamp":"2025-12-29T13:16:01.533139Z","level":"warning","event":"The `airflow.operators.empty.EmptyOperator` attribute is deprecated. Please use `'airflow.providers.standard.operators.empty.EmptyOperator'`.","category":"DeprecatedImportWarning","filename":"/opt/airflow/dags/dag.py","lineno":5,"logger":"py.warnings"}
{"timestamp":"2025-12-29T13:16:01.533163Z","level":"warning","event":"The `airflow.operators.python.get_current_context` attribute is deprecated. Please use `'airflow.sdk.get_current_context'`.","category":"DeprecatedImportWarning","filename":"/opt/airflow/dags/dag.py","lineno":7,"logger":"py.warnings"}
{"timestamp":"2025-12-29T13:16:01.533189Z","level":"warning","event":"The `airflow.models.param.Param` attribute is deprecated. Please use `'airflow.sdk.Param'`.","category":"DeprecatedImportWarning","filename":"/opt/airflow/dags/dag.py","lineno":14,"logger":"py.warnings"}
{"timestamp":"2025-12-29T13:16:01.533208Z","level":"warning","event":"The `airflow.operators.python.get_current_context` attribute is deprecated. Please use `'airflow.sdk.get_current_context'`.","category":"DeprecatedImportWarning","filename":"/opt/airflow/dags/dag.py","lineno":22,"logger":"py.warnings"}
{"timestamp":"2025-12-29T13:16:32.019132Z","level":"info","event":"Filling up the DagBag from /opt/airflow/dags/dag.py","logger":"airflow.models.dagbag.DagBag","filename":"dagbag.py","lineno":593}
{"timestamp":"2025-12-29T13:16:32.053831Z","level":"warning","event":"The `airflow.decorators.dag` attribute is deprecated. Please use `'airflow.sdk.dag'`.","category":"DeprecatedImportWarning","filename":"/opt/airflow/dags/dag.py","lineno":3,"logger":"py.warnings"}
{"timestamp":"2025-12-29T13:16:32.053891Z","level":"warning","event":"The `airflow.decorators.task` attribute is deprecated. Please use `'airflow.sdk.task'`.","category":"DeprecatedImportWarning","filename":"/opt/airflow/dags/dag.py","lineno":4,"logger":"py.warnings"}
{"timestamp":"2025-12-29T13:16:32.053928Z","level":"warning","event":"The `airflow.operators.empty.EmptyOperator` attribute is deprecated. Please use `'airflow.providers.standard.operators.empty.EmptyOperator'`.","category":"DeprecatedImportWarning","filename":"/opt/airflow/dags/dag.py","lineno":5,"logger":"py.warnings"}
{"timestamp":"2025-12-29T13:16:32.053952Z","level":"warning","event":"The `airflow.operators.python.get_current_context` attribute is deprecated. Please use `'airflow.sdk.get_current_context'`.","category":"DeprecatedImportWarning","filename":"/opt/airflow/dags/dag.py","lineno":7,"logger":"py.warnings"}
{"timestamp":"2025-12-29T13:16:32.053972Z","level":"warning","event":"The `airflow.models.param.Param` attribute is deprecated. Please use `'airflow.sdk.Param'`.","category":"DeprecatedImportWarning","filename":"/opt/airflow/dags/dag.py","lineno":14,"logger":"py.warnings"}
{"timestamp":"2025-12-29T13:16:32.053991Z","level":"warning","event":"The `airflow.operators.python.get_current_context` attribute is deprecated. Please use `'airflow.sdk.get_current_context'`.","category":"DeprecatedImportWarning","filename":"/opt/airflow/dags/dag.py","lineno":22,"logger":"py.warnings"}
{"timestamp":"2025-12-29T13:17:02.559729Z","level":"info","event":"Filling up the DagBag from /opt/airflow/dags/dag.py","logger":"airflow.models.dagbag.DagBag","filename":"dagbag.py","lineno":593}
{"timestamp":"2025-12-29T13:17:02.600192Z","level":"warning","event":"The `airflow.decorators.dag` attribute is deprecated. Please use `'airflow.sdk.dag'`.","category":"DeprecatedImportWarning","filename":"/opt/airflow/dags/dag.py","lineno":3,"logger":"py.warnings"}
{"timestamp":"2025-12-29T13:17:02.600255Z","level":"warning","event":"The `airflow.decorators.task` attribute is deprecated. Please use `'airflow.sdk.task'`.","category":"DeprecatedImportWarning","filename":"/opt/airflow/dags/dag.py","lineno":4,"logger":"py.warnings"}
{"timestamp":"2025-12-29T13:17:02.600283Z","level":"warning","event":"The `airflow.operators.empty.EmptyOperator` attribute is deprecated. Please use `'airflow.providers.standard.operators.empty.EmptyOperator'`.","category":"DeprecatedImportWarning","filename":"/opt/airflow/dags/dag.py","lineno":5,"logger":"py.warnings"}
{"timestamp":"2025-12-29T13:17:02.600306Z","level":"warning","event":"The `airflow.operators.python.get_current_context` attribute is deprecated. Please use `'airflow.sdk.get_current_context'`.","category":"DeprecatedImportWarning","filename":"/opt/airflow/dags/dag.py","lineno":7,"logger":"py.warnings"}
{"timestamp":"2025-12-29T13:17:02.600328Z","level":"warning","event":"The `airflow.models.param.Param` attribute is deprecated. Please use `'airflow.sdk.Param'`.","category":"DeprecatedImportWarning","filename":"/opt/airflow/dags/dag.py","lineno":14,"logger":"py.warnings"}
{"timestamp":"2025-12-29T13:17:02.600348Z","level":"warning","event":"The `airflow.operators.python.get_current_context` attribute is deprecated. Please use `'airflow.sdk.get_current_context'`.","category":"DeprecatedImportWarning","filename":"/opt/airflow/dags/dag.py","lineno":22,"logger":"py.warnings"}
{"timestamp":"2025-12-29T13:17:33.084604Z","level":"info","event":"Filling up the DagBag from /opt/airflow/dags/dag.py","logger":"airflow.models.dagbag.DagBag","filename":"dagbag.py","lineno":593}
{"timestamp":"2025-12-29T13:17:33.114970Z","level":"warning","event":"The `airflow.decorators.dag` attribute is deprecated. Please use `'airflow.sdk.dag'`.","category":"DeprecatedImportWarning","filename":"/opt/airflow/dags/dag.py","lineno":3,"logger":"py.warnings"}
{"timestamp":"2025-12-29T13:17:33.115033Z","level":"warning","event":"The `airflow.decorators.task` attribute is deprecated. Please use `'airflow.sdk.task'`.","category":"DeprecatedImportWarning","filename":"/opt/airflow/dags/dag.py","lineno":4,"logger":"py.warnings"}
{"timestamp":"2025-12-29T13:17:33.115064Z","level":"warning","event":"The `airflow.operators.empty.EmptyOperator` attribute is deprecated. Please use `'airflow.providers.standard.operators.empty.EmptyOperator'`.","category":"DeprecatedImportWarning","filename":"/opt/airflow/dags/dag.py","lineno":5,"logger":"py.warnings"}
{"timestamp":"2025-12-29T13:17:33.115085Z","level":"warning","event":"The `airflow.operators.python.get_current_context` attribute is deprecated. Please use `'airflow.sdk.get_current_context'`.","category":"DeprecatedImportWarning","filename":"/opt/airflow/dags/dag.py","lineno":7,"logger":"py.warnings"}
{"timestamp":"2025-12-29T13:17:33.115107Z","level":"warning","event":"The `airflow.models.param.Param` attribute is deprecated. Please use `'airflow.sdk.Param'`.","category":"DeprecatedImportWarning","filename":"/opt/airflow/dags/dag.py","lineno":14,"logger":"py.warnings"}
{"timestamp":"2025-12-29T13:17:33.115126Z","level":"warning","event":"The `airflow.operators.python.get_current_context` attribute is deprecated. Please use `'airflow.sdk.get_current_context'`.","category":"DeprecatedImportWarning","filename":"/opt/airflow/dags/dag.py","lineno":22,"logger":"py.warnings"}
{"timestamp":"2025-12-29T13:18:03.643416Z","level":"info","event":"Filling up the DagBag from /opt/airflow/dags/dag.py","logger":"airflow.models.dagbag.DagBag","filename":"dagbag.py","lineno":593}
{"timestamp":"2025-12-29T13:18:03.678158Z","level":"warning","event":"The `airflow.decorators.dag` attribute is deprecated. Please use `'airflow.sdk.dag'`.","category":"DeprecatedImportWarning","filename":"/opt/airflow/dags/dag.py","lineno":3,"logger":"py.warnings"}
{"timestamp":"2025-12-29T13:18:03.678360Z","level":"warning","event":"The `airflow.decorators.task` attribute is deprecated. Please use `'airflow.sdk.task'`.","category":"DeprecatedImportWarning","filename":"/opt/airflow/dags/dag.py","lineno":4,"logger":"py.warnings"}
{"timestamp":"2025-12-29T13:18:03.678404Z","level":"warning","event":"The `airflow.operators.empty.EmptyOperator` attribute is deprecated. Please use `'airflow.providers.standard.operators.empty.EmptyOperator'`.","category":"DeprecatedImportWarning","filename":"/opt/airflow/dags/dag.py","lineno":5,"logger":"py.warnings"}
{"timestamp":"2025-12-29T13:18:03.678429Z","level":"warning","event":"The `airflow.operators.python.get_current_context` attribute is deprecated. Please use `'airflow.sdk.get_current_context'`.","category":"DeprecatedImportWarning","filename":"/opt/airflow/dags/dag.py","lineno":7,"logger":"py.warnings"}
{"timestamp":"2025-12-29T13:18:03.678451Z","level":"warning","event":"The `airflow.models.param.Param` attribute is deprecated. Please use `'airflow.sdk.Param'`.","category":"DeprecatedImportWarning","filename":"/opt/airflow/dags/dag.py","lineno":14,"logger":"py.warnings"}
{"timestamp":"2025-12-29T13:18:03.678471Z","level":"warning","event":"The `airflow.operators.python.get_current_context` attribute is deprecated. Please use `'airflow.sdk.get_current_context'`.","category":"DeprecatedImportWarning","filename":"/opt/airflow/dags/dag.py","lineno":22,"logger":"py.warnings"}
{"timestamp":"2025-12-29T13:18:34.211692Z","level":"info","event":"Filling up the DagBag from /opt/airflow/dags/dag.py","logger":"airflow.models.dagbag.DagBag","filename":"dagbag.py","lineno":593}
{"timestamp":"2025-12-29T13:18:34.253817Z","level":"warning","event":"The `airflow.decorators.dag` attribute is deprecated. Please use `'airflow.sdk.dag'`.","category":"DeprecatedImportWarning","filename":"/opt/airflow/dags/dag.py","lineno":3,"logger":"py.warnings"}
{"timestamp":"2025-12-29T13:18:34.254158Z","level":"warning","event":"The `airflow.decorators.task` attribute is deprecated. Please use `'airflow.sdk.task'`.","category":"DeprecatedImportWarning","filename":"/opt/airflow/dags/dag.py","lineno":4,"logger":"py.warnings"}
{"timestamp":"2025-12-29T13:18:34.254208Z","level":"warning","event":"The `airflow.operators.empty.EmptyOperator` attribute is deprecated. Please use `'airflow.providers.standard.operators.empty.EmptyOperator'`.","category":"DeprecatedImportWarning","filename":"/opt/airflow/dags/dag.py","lineno":5,"logger":"py.warnings"}
{"timestamp":"2025-12-29T13:18:34.254231Z","level":"warning","event":"The `airflow.operators.python.get_current_context` attribute is deprecated. Please use `'airflow.sdk.get_current_context'`.","category":"DeprecatedImportWarning","filename":"/opt/airflow/dags/dag.py","lineno":7,"logger":"py.warnings"}
{"timestamp":"2025-12-29T13:18:34.254251Z","level":"warning","event":"The `airflow.models.param.Param` attribute is deprecated. Please use `'airflow.sdk.Param'`.","category":"DeprecatedImportWarning","filename":"/opt/airflow/dags/dag.py","lineno":14,"logger":"py.warnings"}
{"timestamp":"2025-12-29T13:18:34.254270Z","level":"warning","event":"The `airflow.operators.python.get_current_context` attribute is deprecated. Please use `'airflow.sdk.get_current_context'`.","category":"DeprecatedImportWarning","filename":"/opt/airflow/dags/dag.py","lineno":22,"logger":"py.warnings"}
{"timestamp":"2025-12-29T13:19:04.792118Z","level":"info","event":"Filling up the DagBag from /opt/airflow/dags/dag.py","logger":"airflow.models.dagbag.DagBag","filename":"dagbag.py","lineno":593}
{"timestamp":"2025-12-29T13:19:04.832531Z","level":"warning","event":"The `airflow.decorators.dag` attribute is deprecated. Please use `'airflow.sdk.dag'`.","category":"DeprecatedImportWarning","filename":"/opt/airflow/dags/dag.py","lineno":3,"logger":"py.warnings"}
{"timestamp":"2025-12-29T13:19:04.832782Z","level":"warning","event":"The `airflow.decorators.task` attribute is deprecated. Please use `'airflow.sdk.task'`.","category":"DeprecatedImportWarning","filename":"/opt/airflow/dags/dag.py","lineno":4,"logger":"py.warnings"}
{"timestamp":"2025-12-29T13:19:04.833221Z","level":"warning","event":"The `airflow.operators.empty.EmptyOperator` attribute is deprecated. Please use `'airflow.providers.standard.operators.empty.EmptyOperator'`.","category":"DeprecatedImportWarning","filename":"/opt/airflow/dags/dag.py","lineno":5,"logger":"py.warnings"}
{"timestamp":"2025-12-29T13:19:04.833263Z","level":"warning","event":"The `airflow.operators.python.get_current_context` attribute is deprecated. Please use `'airflow.sdk.get_current_context'`.","category":"DeprecatedImportWarning","filename":"/opt/airflow/dags/dag.py","lineno":7,"logger":"py.warnings"}
{"timestamp":"2025-12-29T13:19:04.833288Z","level":"warning","event":"The `airflow.models.param.Param` attribute is deprecated. Please use `'airflow.sdk.Param'`.","category":"DeprecatedImportWarning","filename":"/opt/airflow/dags/dag.py","lineno":14,"logger":"py.warnings"}
{"timestamp":"2025-12-29T13:19:04.833329Z","level":"warning","event":"The `airflow.operators.python.get_current_context` attribute is deprecated. Please use `'airflow.sdk.get_current_context'`.","category":"DeprecatedImportWarning","filename":"/opt/airflow/dags/dag.py","lineno":22,"logger":"py.warnings"}
{"timestamp":"2025-12-29T13:19:35.343431Z","level":"info","event":"Filling up the DagBag from /opt/airflow/dags/dag.py","logger":"airflow.models.dagbag.DagBag","filename":"dagbag.py","lineno":593}
{"timestamp":"2025-12-29T13:19:35.377884Z","level":"warning","event":"The `airflow.decorators.dag` attribute is deprecated. Please use `'airflow.sdk.dag'`.","category":"DeprecatedImportWarning","filename":"/opt/airflow/dags/dag.py","lineno":3,"logger":"py.warnings"}
{"timestamp":"2025-12-29T13:19:35.378070Z","level":"warning","event":"The `airflow.decorators.task` attribute is deprecated. Please use `'airflow.sdk.task'`.","category":"DeprecatedImportWarning","filename":"/opt/airflow/dags/dag.py","lineno":4,"logger":"py.warnings"}
{"timestamp":"2025-12-29T13:19:35.378401Z","level":"warning","event":"The `airflow.operators.empty.EmptyOperator` attribute is deprecated. Please use `'airflow.providers.standard.operators.empty.EmptyOperator'`.","category":"DeprecatedImportWarning","filename":"/opt/airflow/dags/dag.py","lineno":5,"logger":"py.warnings"}
{"timestamp":"2025-12-29T13:19:35.378427Z","level":"warning","event":"The `airflow.operators.python.get_current_context` attribute is deprecated. Please use `'airflow.sdk.get_current_context'`.","category":"DeprecatedImportWarning","filename":"/opt/airflow/dags/dag.py","lineno":7,"logger":"py.warnings"}
{"timestamp":"2025-12-29T13:19:35.378570Z","level":"warning","event":"The `airflow.models.param.Param` attribute is deprecated. Please use `'airflow.sdk.Param'`.","category":"DeprecatedImportWarning","filename":"/opt/airflow/dags/dag.py","lineno":14,"logger":"py.warnings"}
{"timestamp":"2025-12-29T13:19:35.378613Z","level":"warning","event":"The `airflow.operators.python.get_current_context` attribute is deprecated. Please use `'airflow.sdk.get_current_context'`.","category":"DeprecatedImportWarning","filename":"/opt/airflow/dags/dag.py","lineno":22,"logger":"py.warnings"}
{"timestamp":"2025-12-29T13:20:05.843463Z","level":"info","event":"Filling up the DagBag from /opt/airflow/dags/dag.py","logger":"airflow.models.dagbag.DagBag","filename":"dagbag.py","lineno":593}
{"timestamp":"2025-12-29T13:20:05.877303Z","level":"warning","event":"The `airflow.decorators.dag` attribute is deprecated. Please use `'airflow.sdk.dag'`.","category":"DeprecatedImportWarning","filename":"/opt/airflow/dags/dag.py","lineno":3,"logger":"py.warnings"}
{"timestamp":"2025-12-29T13:20:05.877528Z","level":"warning","event":"The `airflow.decorators.task` attribute is deprecated. Please use `'airflow.sdk.task'`.","category":"DeprecatedImportWarning","filename":"/opt/airflow/dags/dag.py","lineno":4,"logger":"py.warnings"}
{"timestamp":"2025-12-29T13:20:05.877910Z","level":"warning","event":"The `airflow.operators.empty.EmptyOperator` attribute is deprecated. Please use `'airflow.providers.standard.operators.empty.EmptyOperator'`.","category":"DeprecatedImportWarning","filename":"/opt/airflow/dags/dag.py","lineno":5,"logger":"py.warnings"}
{"timestamp":"2025-12-29T13:20:05.877940Z","level":"warning","event":"The `airflow.operators.python.get_current_context` attribute is deprecated. Please use `'airflow.sdk.get_current_context'`.","category":"DeprecatedImportWarning","filename":"/opt/airflow/dags/dag.py","lineno":7,"logger":"py.warnings"}
{"timestamp":"2025-12-29T13:20:05.878108Z","level":"warning","event":"The `airflow.models.param.Param` attribute is deprecated. Please use `'airflow.sdk.Param'`.","category":"DeprecatedImportWarning","filename":"/opt/airflow/dags/dag.py","lineno":14,"logger":"py.warnings"}
{"timestamp":"2025-12-29T13:20:05.878150Z","level":"warning","event":"The `airflow.operators.python.get_current_context` attribute is deprecated. Please use `'airflow.sdk.get_current_context'`.","category":"DeprecatedImportWarning","filename":"/opt/airflow/dags/dag.py","lineno":22,"logger":"py.warnings"}
{"timestamp":"2025-12-29T13:20:36.417878Z","level":"info","event":"Filling up the DagBag from /opt/airflow/dags/dag.py","logger":"airflow.models.dagbag.DagBag","filename":"dagbag.py","lineno":593}
{"timestamp":"2025-12-29T13:20:36.448826Z","level":"warning","event":"The `airflow.decorators.dag` attribute is deprecated. Please use `'airflow.sdk.dag'`.","category":"DeprecatedImportWarning","filename":"/opt/airflow/dags/dag.py","lineno":3,"logger":"py.warnings"}
{"timestamp":"2025-12-29T13:20:36.449030Z","level":"warning","event":"The `airflow.decorators.task` attribute is deprecated. Please use `'airflow.sdk.task'`.","category":"DeprecatedImportWarning","filename":"/opt/airflow/dags/dag.py","lineno":4,"logger":"py.warnings"}
{"timestamp":"2025-12-29T13:20:36.449380Z","level":"warning","event":"The `airflow.operators.empty.EmptyOperator` attribute is deprecated. Please use `'airflow.providers.standard.operators.empty.EmptyOperator'`.","category":"DeprecatedImportWarning","filename":"/opt/airflow/dags/dag.py","lineno":5,"logger":"py.warnings"}
{"timestamp":"2025-12-29T13:20:36.449406Z","level":"warning","event":"The `airflow.operators.python.get_current_context` attribute is deprecated. Please use `'airflow.sdk.get_current_context'`.","category":"DeprecatedImportWarning","filename":"/opt/airflow/dags/dag.py","lineno":7,"logger":"py.warnings"}
{"timestamp":"2025-12-29T13:20:36.449569Z","level":"warning","event":"The `airflow.models.param.Param` attribute is deprecated. Please use `'airflow.sdk.Param'`.","category":"DeprecatedImportWarning","filename":"/opt/airflow/dags/dag.py","lineno":14,"logger":"py.warnings"}
{"timestamp":"2025-12-29T13:20:36.449593Z","level":"warning","event":"The `airflow.operators.python.get_current_context` attribute is deprecated. Please use `'airflow.sdk.get_current_context'`.","category":"DeprecatedImportWarning","filename":"/opt/airflow/dags/dag.py","lineno":22,"logger":"py.warnings"}
{"timestamp":"2025-12-29T13:21:06.940363Z","level":"info","event":"Filling up the DagBag from /opt/airflow/dags/dag.py","logger":"airflow.models.dagbag.DagBag","filename":"dagbag.py","lineno":593}
{"timestamp":"2025-12-29T13:21:06.971259Z","level":"warning","event":"The `airflow.decorators.dag` attribute is deprecated. Please use `'airflow.sdk.dag'`.","category":"DeprecatedImportWarning","filename":"/opt/airflow/dags/dag.py","lineno":3,"logger":"py.warnings"}
{"timestamp":"2025-12-29T13:21:06.971454Z","level":"warning","event":"The `airflow.decorators.task` attribute is deprecated. Please use `'airflow.sdk.task'`.","category":"DeprecatedImportWarning","filename":"/opt/airflow/dags/dag.py","lineno":4,"logger":"py.warnings"}
{"timestamp":"2025-12-29T13:21:06.971498Z","level":"warning","event":"The `airflow.operators.empty.EmptyOperator` attribute is deprecated. Please use `'airflow.providers.standard.operators.empty.EmptyOperator'`.","category":"DeprecatedImportWarning","filename":"/opt/airflow/dags/dag.py","lineno":5,"logger":"py.warnings"}
{"timestamp":"2025-12-29T13:21:06.971521Z","level":"warning","event":"The `airflow.operators.python.get_current_context` attribute is deprecated. Please use `'airflow.sdk.get_current_context'`.","category":"DeprecatedImportWarning","filename":"/opt/airflow/dags/dag.py","lineno":7,"logger":"py.warnings"}
{"timestamp":"2025-12-29T13:21:06.971543Z","level":"warning","event":"The `airflow.models.param.Param` attribute is deprecated. Please use `'airflow.sdk.Param'`.","category":"DeprecatedImportWarning","filename":"/opt/airflow/dags/dag.py","lineno":14,"logger":"py.warnings"}
{"timestamp":"2025-12-29T13:21:06.971564Z","level":"warning","event":"The `airflow.operators.python.get_current_context` attribute is deprecated. Please use `'airflow.sdk.get_current_context'`.","category":"DeprecatedImportWarning","filename":"/opt/airflow/dags/dag.py","lineno":22,"logger":"py.warnings"}
{"timestamp":"2025-12-29T13:21:37.477907Z","level":"info","event":"Filling up the DagBag from /opt/airflow/dags/dag.py","logger":"airflow.models.dagbag.DagBag","filename":"dagbag.py","lineno":593}
{"timestamp":"2025-12-29T13:21:37.508380Z","level":"warning","event":"The `airflow.decorators.dag` attribute is deprecated. Please use `'airflow.sdk.dag'`.","category":"DeprecatedImportWarning","filename":"/opt/airflow/dags/dag.py","lineno":3,"logger":"py.warnings"}
{"timestamp":"2025-12-29T13:21:37.508541Z","level":"warning","event":"The `airflow.decorators.task` attribute is deprecated. Please use `'airflow.sdk.task'`.","category":"DeprecatedImportWarning","filename":"/opt/airflow/dags/dag.py","lineno":4,"logger":"py.warnings"}
{"timestamp":"2025-12-29T13:21:37.508809Z","level":"warning","event":"The `airflow.operators.empty.EmptyOperator` attribute is deprecated. Please use `'airflow.providers.standard.operators.empty.EmptyOperator'`.","category":"DeprecatedImportWarning","filename":"/opt/airflow/dags/dag.py","lineno":5,"logger":"py.warnings"}
{"timestamp":"2025-12-29T13:21:37.508840Z","level":"warning","event":"The `airflow.operators.python.get_current_context` attribute is deprecated. Please use `'airflow.sdk.get_current_context'`.","category":"DeprecatedImportWarning","filename":"/opt/airflow/dags/dag.py","lineno":7,"logger":"py.warnings"}
{"timestamp":"2025-12-29T13:21:37.508862Z","level":"warning","event":"The `airflow.models.param.Param` attribute is deprecated. Please use `'airflow.sdk.Param'`.","category":"DeprecatedImportWarning","filename":"/opt/airflow/dags/dag.py","lineno":14,"logger":"py.warnings"}
{"timestamp":"2025-12-29T13:21:37.508881Z","level":"warning","event":"The `airflow.operators.python.get_current_context` attribute is deprecated. Please use `'airflow.sdk.get_current_context'`.","category":"DeprecatedImportWarning","filename":"/opt/airflow/dags/dag.py","lineno":22,"logger":"py.warnings"}
{"timestamp":"2025-12-29T13:22:07.924720Z","level":"info","event":"Filling up the DagBag from /opt/airflow/dags/dag.py","logger":"airflow.models.dagbag.DagBag","filename":"dagbag.py","lineno":593}
{"timestamp":"2025-12-29T13:22:07.956148Z","level":"warning","event":"The `airflow.decorators.dag` attribute is deprecated. Please use `'airflow.sdk.dag'`.","category":"DeprecatedImportWarning","filename":"/opt/airflow/dags/dag.py","lineno":3,"logger":"py.warnings"}
{"timestamp":"2025-12-29T13:22:07.956331Z","level":"warning","event":"The `airflow.decorators.task` attribute is deprecated. Please use `'airflow.sdk.task'`.","category":"DeprecatedImportWarning","filename":"/opt/airflow/dags/dag.py","lineno":4,"logger":"py.warnings"}
{"timestamp":"2025-12-29T13:22:07.956375Z","level":"warning","event":"The `airflow.operators.empty.EmptyOperator` attribute is deprecated. Please use `'airflow.providers.standard.operators.empty.EmptyOperator'`.","category":"DeprecatedImportWarning","filename":"/opt/airflow/dags/dag.py","lineno":5,"logger":"py.warnings"}
{"timestamp":"2025-12-29T13:22:07.956400Z","level":"warning","event":"The `airflow.operators.python.get_current_context` attribute is deprecated. Please use `'airflow.sdk.get_current_context'`.","category":"DeprecatedImportWarning","filename":"/opt/airflow/dags/dag.py","lineno":7,"logger":"py.warnings"}
{"timestamp":"2025-12-29T13:22:07.956422Z","level":"warning","event":"The `airflow.models.param.Param` attribute is deprecated. Please use `'airflow.sdk.Param'`.","category":"DeprecatedImportWarning","filename":"/opt/airflow/dags/dag.py","lineno":14,"logger":"py.warnings"}
{"timestamp":"2025-12-29T13:22:07.956443Z","level":"warning","event":"The `airflow.operators.python.get_current_context` attribute is deprecated. Please use `'airflow.sdk.get_current_context'`.","category":"DeprecatedImportWarning","filename":"/opt/airflow/dags/dag.py","lineno":22,"logger":"py.warnings"}
{"timestamp":"2025-12-29T13:22:38.401168Z","level":"info","event":"Filling up the DagBag from /opt/airflow/dags/dag.py","logger":"airflow.models.dagbag.DagBag","filename":"dagbag.py","lineno":593}
{"timestamp":"2025-12-29T13:22:38.437816Z","level":"warning","event":"The `airflow.decorators.dag` attribute is deprecated. Please use `'airflow.sdk.dag'`.","category":"DeprecatedImportWarning","filename":"/opt/airflow/dags/dag.py","lineno":3,"logger":"py.warnings"}
{"timestamp":"2025-12-29T13:22:38.437874Z","level":"warning","event":"The `airflow.decorators.task` attribute is deprecated. Please use `'airflow.sdk.task'`.","category":"DeprecatedImportWarning","filename":"/opt/airflow/dags/dag.py","lineno":4,"logger":"py.warnings"}
{"timestamp":"2025-12-29T13:22:38.437901Z","level":"warning","event":"The `airflow.operators.empty.EmptyOperator` attribute is deprecated. Please use `'airflow.providers.standard.operators.empty.EmptyOperator'`.","category":"DeprecatedImportWarning","filename":"/opt/airflow/dags/dag.py","lineno":5,"logger":"py.warnings"}
{"timestamp":"2025-12-29T13:22:38.437923Z","level":"warning","event":"The `airflow.operators.python.get_current_context` attribute is deprecated. Please use `'airflow.sdk.get_current_context'`.","category":"DeprecatedImportWarning","filename":"/opt/airflow/dags/dag.py","lineno":7,"logger":"py.warnings"}
{"timestamp":"2025-12-29T13:22:38.437944Z","level":"warning","event":"The `airflow.models.param.Param` attribute is deprecated. Please use `'airflow.sdk.Param'`.","category":"DeprecatedImportWarning","filename":"/opt/airflow/dags/dag.py","lineno":14,"logger":"py.warnings"}
{"timestamp":"2025-12-29T13:22:38.437969Z","level":"warning","event":"The `airflow.operators.python.get_current_context` attribute is deprecated. Please use `'airflow.sdk.get_current_context'`.","category":"DeprecatedImportWarning","filename":"/opt/airflow/dags/dag.py","lineno":22,"logger":"py.warnings"}
{"timestamp":"2025-12-29T13:23:08.889173Z","level":"info","event":"Filling up the DagBag from /opt/airflow/dags/dag.py","logger":"airflow.models.dagbag.DagBag","filename":"dagbag.py","lineno":593}
{"timestamp":"2025-12-29T13:23:08.919081Z","level":"warning","event":"The `airflow.decorators.dag` attribute is deprecated. Please use `'airflow.sdk.dag'`.","category":"DeprecatedImportWarning","filename":"/opt/airflow/dags/dag.py","lineno":3,"logger":"py.warnings"}
{"timestamp":"2025-12-29T13:23:08.919260Z","level":"warning","event":"The `airflow.decorators.task` attribute is deprecated. Please use `'airflow.sdk.task'`.","category":"DeprecatedImportWarning","filename":"/opt/airflow/dags/dag.py","lineno":4,"logger":"py.warnings"}
{"timestamp":"2025-12-29T13:23:08.919614Z","level":"warning","event":"The `airflow.operators.empty.EmptyOperator` attribute is deprecated. Please use `'airflow.providers.standard.operators.empty.EmptyOperator'`.","category":"DeprecatedImportWarning","filename":"/opt/airflow/dags/dag.py","lineno":5,"logger":"py.warnings"}
{"timestamp":"2025-12-29T13:23:08.919641Z","level":"warning","event":"The `airflow.operators.python.get_current_context` attribute is deprecated. Please use `'airflow.sdk.get_current_context'`.","category":"DeprecatedImportWarning","filename":"/opt/airflow/dags/dag.py","lineno":7,"logger":"py.warnings"}
{"timestamp":"2025-12-29T13:23:08.919665Z","level":"warning","event":"The `airflow.models.param.Param` attribute is deprecated. Please use `'airflow.sdk.Param'`.","category":"DeprecatedImportWarning","filename":"/opt/airflow/dags/dag.py","lineno":14,"logger":"py.warnings"}
{"timestamp":"2025-12-29T13:23:08.919686Z","level":"warning","event":"The `airflow.operators.python.get_current_context` attribute is deprecated. Please use `'airflow.sdk.get_current_context'`.","category":"DeprecatedImportWarning","filename":"/opt/airflow/dags/dag.py","lineno":22,"logger":"py.warnings"}
{"timestamp":"2025-12-29T13:23:39.427978Z","level":"info","event":"Filling up the DagBag from /opt/airflow/dags/dag.py","logger":"airflow.models.dagbag.DagBag","filename":"dagbag.py","lineno":593}
{"timestamp":"2025-12-29T13:23:39.463164Z","level":"warning","event":"The `airflow.decorators.dag` attribute is deprecated. Please use `'airflow.sdk.dag'`.","category":"DeprecatedImportWarning","filename":"/opt/airflow/dags/dag.py","lineno":3,"logger":"py.warnings"}
{"timestamp":"2025-12-29T13:23:39.463239Z","level":"warning","event":"The `airflow.decorators.task` attribute is deprecated. Please use `'airflow.sdk.task'`.","category":"DeprecatedImportWarning","filename":"/opt/airflow/dags/dag.py","lineno":4,"logger":"py.warnings"}
{"timestamp":"2025-12-29T13:23:39.463268Z","level":"warning","event":"The `airflow.operators.empty.EmptyOperator` attribute is deprecated. Please use `'airflow.providers.standard.operators.empty.EmptyOperator'`.","category":"DeprecatedImportWarning","filename":"/opt/airflow/dags/dag.py","lineno":5,"logger":"py.warnings"}
{"timestamp":"2025-12-29T13:23:39.463293Z","level":"warning","event":"The `airflow.operators.python.get_current_context` attribute is deprecated. Please use `'airflow.sdk.get_current_context'`.","category":"DeprecatedImportWarning","filename":"/opt/airflow/dags/dag.py","lineno":7,"logger":"py.warnings"}
{"timestamp":"2025-12-29T13:23:39.463316Z","level":"warning","event":"The `airflow.models.param.Param` attribute is deprecated. Please use `'airflow.sdk.Param'`.","category":"DeprecatedImportWarning","filename":"/opt/airflow/dags/dag.py","lineno":14,"logger":"py.warnings"}
{"timestamp":"2025-12-29T13:23:39.463336Z","level":"warning","event":"The `airflow.operators.python.get_current_context` attribute is deprecated. Please use `'airflow.sdk.get_current_context'`.","category":"DeprecatedImportWarning","filename":"/opt/airflow/dags/dag.py","lineno":22,"logger":"py.warnings"}
{"timestamp":"2025-12-29T13:24:09.992938Z","level":"info","event":"Filling up the DagBag from /opt/airflow/dags/dag.py","logger":"airflow.models.dagbag.DagBag","filename":"dagbag.py","lineno":593}
{"timestamp":"2025-12-29T13:24:10.090111Z","level":"warning","event":"The `airflow.decorators.dag` attribute is deprecated. Please use `'airflow.sdk.dag'`.","category":"DeprecatedImportWarning","filename":"/opt/airflow/dags/dag.py","lineno":3,"logger":"py.warnings"}
{"timestamp":"2025-12-29T13:24:10.090183Z","level":"warning","event":"The `airflow.decorators.task` attribute is deprecated. Please use `'airflow.sdk.task'`.","category":"DeprecatedImportWarning","filename":"/opt/airflow/dags/dag.py","lineno":4,"logger":"py.warnings"}
{"timestamp":"2025-12-29T13:24:10.090207Z","level":"warning","event":"The `airflow.operators.empty.EmptyOperator` attribute is deprecated. Please use `'airflow.providers.standard.operators.empty.EmptyOperator'`.","category":"DeprecatedImportWarning","filename":"/opt/airflow/dags/dag.py","lineno":5,"logger":"py.warnings"}
{"timestamp":"2025-12-29T13:24:10.090240Z","level":"warning","event":"The `airflow.operators.python.get_current_context` attribute is deprecated. Please use `'airflow.sdk.get_current_context'`.","category":"DeprecatedImportWarning","filename":"/opt/airflow/dags/dag.py","lineno":7,"logger":"py.warnings"}
{"timestamp":"2025-12-29T13:24:10.090266Z","level":"warning","event":"The `airflow.models.param.Param` attribute is deprecated. Please use `'airflow.sdk.Param'`.","category":"DeprecatedImportWarning","filename":"/opt/airflow/dags/dag.py","lineno":14,"logger":"py.warnings"}
{"timestamp":"2025-12-29T13:24:10.090288Z","level":"warning","event":"The `airflow.operators.python.get_current_context` attribute is deprecated. Please use `'airflow.sdk.get_current_context'`.","category":"DeprecatedImportWarning","filename":"/opt/airflow/dags/dag.py","lineno":22,"logger":"py.warnings"}
{"timestamp":"2025-12-29T13:24:40.549489Z","level":"info","event":"Filling up the DagBag from /opt/airflow/dags/dag.py","logger":"airflow.models.dagbag.DagBag","filename":"dagbag.py","lineno":593}
{"timestamp":"2025-12-29T13:24:40.579923Z","level":"warning","event":"The `airflow.decorators.dag` attribute is deprecated. Please use `'airflow.sdk.dag'`.","category":"DeprecatedImportWarning","filename":"/opt/airflow/dags/dag.py","lineno":3,"logger":"py.warnings"}
{"timestamp":"2025-12-29T13:24:40.579981Z","level":"warning","event":"The `airflow.decorators.task` attribute is deprecated. Please use `'airflow.sdk.task'`.","category":"DeprecatedImportWarning","filename":"/opt/airflow/dags/dag.py","lineno":4,"logger":"py.warnings"}
{"timestamp":"2025-12-29T13:24:40.580007Z","level":"warning","event":"The `airflow.operators.empty.EmptyOperator` attribute is deprecated. Please use `'airflow.providers.standard.operators.empty.EmptyOperator'`.","category":"DeprecatedImportWarning","filename":"/opt/airflow/dags/dag.py","lineno":5,"logger":"py.warnings"}
{"timestamp":"2025-12-29T13:24:40.580030Z","level":"warning","event":"The `airflow.operators.python.get_current_context` attribute is deprecated. Please use `'airflow.sdk.get_current_context'`.","category":"DeprecatedImportWarning","filename":"/opt/airflow/dags/dag.py","lineno":7,"logger":"py.warnings"}
{"timestamp":"2025-12-29T13:24:40.580052Z","level":"warning","event":"The `airflow.models.param.Param` attribute is deprecated. Please use `'airflow.sdk.Param'`.","category":"DeprecatedImportWarning","filename":"/opt/airflow/dags/dag.py","lineno":14,"logger":"py.warnings"}
{"timestamp":"2025-12-29T13:24:40.580073Z","level":"warning","event":"The `airflow.operators.python.get_current_context` attribute is deprecated. Please use `'airflow.sdk.get_current_context'`.","category":"DeprecatedImportWarning","filename":"/opt/airflow/dags/dag.py","lineno":22,"logger":"py.warnings"}
{"timestamp":"2025-12-29T13:25:11.094589Z","level":"info","event":"Filling up the DagBag from /opt/airflow/dags/dag.py","logger":"airflow.models.dagbag.DagBag","filename":"dagbag.py","lineno":593}
{"timestamp":"2025-12-29T13:25:11.127128Z","level":"warning","event":"The `airflow.decorators.dag` attribute is deprecated. Please use `'airflow.sdk.dag'`.","category":"DeprecatedImportWarning","filename":"/opt/airflow/dags/dag.py","lineno":3,"logger":"py.warnings"}
{"timestamp":"2025-12-29T13:25:11.127181Z","level":"warning","event":"The `airflow.decorators.task` attribute is deprecated. Please use `'airflow.sdk.task'`.","category":"DeprecatedImportWarning","filename":"/opt/airflow/dags/dag.py","lineno":4,"logger":"py.warnings"}
{"timestamp":"2025-12-29T13:25:11.127207Z","level":"warning","event":"The `airflow.operators.empty.EmptyOperator` attribute is deprecated. Please use `'airflow.providers.standard.operators.empty.EmptyOperator'`.","category":"DeprecatedImportWarning","filename":"/opt/airflow/dags/dag.py","lineno":5,"logger":"py.warnings"}
{"timestamp":"2025-12-29T13:25:11.127229Z","level":"warning","event":"The `airflow.operators.python.get_current_context` attribute is deprecated. Please use `'airflow.sdk.get_current_context'`.","category":"DeprecatedImportWarning","filename":"/opt/airflow/dags/dag.py","lineno":7,"logger":"py.warnings"}
{"timestamp":"2025-12-29T13:25:11.127251Z","level":"warning","event":"The `airflow.models.param.Param` attribute is deprecated. Please use `'airflow.sdk.Param'`.","category":"DeprecatedImportWarning","filename":"/opt/airflow/dags/dag.py","lineno":14,"logger":"py.warnings"}
{"timestamp":"2025-12-29T13:25:11.127271Z","level":"warning","event":"The `airflow.operators.python.get_current_context` attribute is deprecated. Please use `'airflow.sdk.get_current_context'`.","category":"DeprecatedImportWarning","filename":"/opt/airflow/dags/dag.py","lineno":22,"logger":"py.warnings"}
{"timestamp":"2025-12-29T13:25:41.554553Z","level":"info","event":"Filling up the DagBag from /opt/airflow/dags/dag.py","logger":"airflow.models.dagbag.DagBag","filename":"dagbag.py","lineno":593}
{"timestamp":"2025-12-29T13:25:41.585110Z","level":"warning","event":"The `airflow.decorators.dag` attribute is deprecated. Please use `'airflow.sdk.dag'`.","category":"DeprecatedImportWarning","filename":"/opt/airflow/dags/dag.py","lineno":3,"logger":"py.warnings"}
{"timestamp":"2025-12-29T13:25:41.585164Z","level":"warning","event":"The `airflow.decorators.task` attribute is deprecated. Please use `'airflow.sdk.task'`.","category":"DeprecatedImportWarning","filename":"/opt/airflow/dags/dag.py","lineno":4,"logger":"py.warnings"}
{"timestamp":"2025-12-29T13:25:41.585190Z","level":"warning","event":"The `airflow.operators.empty.EmptyOperator` attribute is deprecated. Please use `'airflow.providers.standard.operators.empty.EmptyOperator'`.","category":"DeprecatedImportWarning","filename":"/opt/airflow/dags/dag.py","lineno":5,"logger":"py.warnings"}
{"timestamp":"2025-12-29T13:25:41.585213Z","level":"warning","event":"The `airflow.operators.python.get_current_context` attribute is deprecated. Please use `'airflow.sdk.get_current_context'`.","category":"DeprecatedImportWarning","filename":"/opt/airflow/dags/dag.py","lineno":7,"logger":"py.warnings"}
{"timestamp":"2025-12-29T13:25:41.585235Z","level":"warning","event":"The `airflow.models.param.Param` attribute is deprecated. Please use `'airflow.sdk.Param'`.","category":"DeprecatedImportWarning","filename":"/opt/airflow/dags/dag.py","lineno":14,"logger":"py.warnings"}
{"timestamp":"2025-12-29T13:25:41.585255Z","level":"warning","event":"The `airflow.operators.python.get_current_context` attribute is deprecated. Please use `'airflow.sdk.get_current_context'`.","category":"DeprecatedImportWarning","filename":"/opt/airflow/dags/dag.py","lineno":22,"logger":"py.warnings"}
{"timestamp":"2025-12-29T13:26:12.232630Z","level":"info","event":"Filling up the DagBag from /opt/airflow/dags/dag.py","logger":"airflow.models.dagbag.DagBag","filename":"dagbag.py","lineno":593}
{"timestamp":"2025-12-29T13:26:12.254963Z","level":"warning","event":"The `airflow.decorators.dag` attribute is deprecated. Please use `'airflow.sdk.dag'`.","category":"DeprecatedImportWarning","filename":"/opt/airflow/dags/dag.py","lineno":3,"logger":"py.warnings"}
{"timestamp":"2025-12-29T13:26:12.255007Z","level":"warning","event":"The `airflow.decorators.task` attribute is deprecated. Please use `'airflow.sdk.task'`.","category":"DeprecatedImportWarning","filename":"/opt/airflow/dags/dag.py","lineno":4,"logger":"py.warnings"}
{"timestamp":"2025-12-29T13:26:12.255027Z","level":"warning","event":"The `airflow.operators.empty.EmptyOperator` attribute is deprecated. Please use `'airflow.providers.standard.operators.empty.EmptyOperator'`.","category":"DeprecatedImportWarning","filename":"/opt/airflow/dags/dag.py","lineno":5,"logger":"py.warnings"}
{"timestamp":"2025-12-29T13:26:12.255046Z","level":"warning","event":"The `airflow.operators.python.get_current_context` attribute is deprecated. Please use `'airflow.sdk.get_current_context'`.","category":"DeprecatedImportWarning","filename":"/opt/airflow/dags/dag.py","lineno":7,"logger":"py.warnings"}
{"timestamp":"2025-12-29T13:26:12.255064Z","level":"warning","event":"The `airflow.models.param.Param` attribute is deprecated. Please use `'airflow.sdk.Param'`.","category":"DeprecatedImportWarning","filename":"/opt/airflow/dags/dag.py","lineno":14,"logger":"py.warnings"}
{"timestamp":"2025-12-29T13:26:12.255080Z","level":"warning","event":"The `airflow.operators.python.get_current_context` attribute is deprecated. Please use `'airflow.sdk.get_current_context'`.","category":"DeprecatedImportWarning","filename":"/opt/airflow/dags/dag.py","lineno":22,"logger":"py.warnings"}
{"timestamp":"2025-12-29T13:26:42.727234Z","level":"info","event":"Filling up the DagBag from /opt/airflow/dags/dag.py","logger":"airflow.models.dagbag.DagBag","filename":"dagbag.py","lineno":593}
{"timestamp":"2025-12-29T13:26:42.755315Z","level":"warning","event":"The `airflow.decorators.dag` attribute is deprecated. Please use `'airflow.sdk.dag'`.","category":"DeprecatedImportWarning","filename":"/opt/airflow/dags/dag.py","lineno":3,"logger":"py.warnings"}
{"timestamp":"2025-12-29T13:26:42.755500Z","level":"warning","event":"The `airflow.decorators.task` attribute is deprecated. Please use `'airflow.sdk.task'`.","category":"DeprecatedImportWarning","filename":"/opt/airflow/dags/dag.py","lineno":4,"logger":"py.warnings"}
{"timestamp":"2025-12-29T13:26:42.755547Z","level":"warning","event":"The `airflow.operators.empty.EmptyOperator` attribute is deprecated. Please use `'airflow.providers.standard.operators.empty.EmptyOperator'`.","category":"DeprecatedImportWarning","filename":"/opt/airflow/dags/dag.py","lineno":5,"logger":"py.warnings"}
{"timestamp":"2025-12-29T13:26:42.755572Z","level":"warning","event":"The `airflow.operators.python.get_current_context` attribute is deprecated. Please use `'airflow.sdk.get_current_context'`.","category":"DeprecatedImportWarning","filename":"/opt/airflow/dags/dag.py","lineno":7,"logger":"py.warnings"}
{"timestamp":"2025-12-29T13:26:42.755594Z","level":"warning","event":"The `airflow.models.param.Param` attribute is deprecated. Please use `'airflow.sdk.Param'`.","category":"DeprecatedImportWarning","filename":"/opt/airflow/dags/dag.py","lineno":14,"logger":"py.warnings"}
{"timestamp":"2025-12-29T13:26:42.755614Z","level":"warning","event":"The `airflow.operators.python.get_current_context` attribute is deprecated. Please use `'airflow.sdk.get_current_context'`.","category":"DeprecatedImportWarning","filename":"/opt/airflow/dags/dag.py","lineno":22,"logger":"py.warnings"}
{"timestamp":"2025-12-29T13:27:13.173496Z","level":"info","event":"Filling up the DagBag from /opt/airflow/dags/dag.py","logger":"airflow.models.dagbag.DagBag","filename":"dagbag.py","lineno":593}
{"timestamp":"2025-12-29T13:27:13.203652Z","level":"warning","event":"The `airflow.decorators.dag` attribute is deprecated. Please use `'airflow.sdk.dag'`.","category":"DeprecatedImportWarning","filename":"/opt/airflow/dags/dag.py","lineno":3,"logger":"py.warnings"}
{"timestamp":"2025-12-29T13:27:13.203713Z","level":"warning","event":"The `airflow.decorators.task` attribute is deprecated. Please use `'airflow.sdk.task'`.","category":"DeprecatedImportWarning","filename":"/opt/airflow/dags/dag.py","lineno":4,"logger":"py.warnings"}
{"timestamp":"2025-12-29T13:27:13.203741Z","level":"warning","event":"The `airflow.operators.empty.EmptyOperator` attribute is deprecated. Please use `'airflow.providers.standard.operators.empty.EmptyOperator'`.","category":"DeprecatedImportWarning","filename":"/opt/airflow/dags/dag.py","lineno":5,"logger":"py.warnings"}
{"timestamp":"2025-12-29T13:27:13.203765Z","level":"warning","event":"The `airflow.operators.python.get_current_context` attribute is deprecated. Please use `'airflow.sdk.get_current_context'`.","category":"DeprecatedImportWarning","filename":"/opt/airflow/dags/dag.py","lineno":7,"logger":"py.warnings"}
{"timestamp":"2025-12-29T13:27:13.203787Z","level":"warning","event":"The `airflow.models.param.Param` attribute is deprecated. Please use `'airflow.sdk.Param'`.","category":"DeprecatedImportWarning","filename":"/opt/airflow/dags/dag.py","lineno":14,"logger":"py.warnings"}
{"timestamp":"2025-12-29T13:27:13.203809Z","level":"warning","event":"The `airflow.operators.python.get_current_context` attribute is deprecated. Please use `'airflow.sdk.get_current_context'`.","category":"DeprecatedImportWarning","filename":"/opt/airflow/dags/dag.py","lineno":22,"logger":"py.warnings"}
{"timestamp":"2025-12-29T13:27:43.608468Z","level":"info","event":"Filling up the DagBag from /opt/airflow/dags/dag.py","logger":"airflow.models.dagbag.DagBag","filename":"dagbag.py","lineno":593}
{"timestamp":"2025-12-29T13:27:43.635948Z","level":"warning","event":"The `airflow.decorators.dag` attribute is deprecated. Please use `'airflow.sdk.dag'`.","category":"DeprecatedImportWarning","filename":"/opt/airflow/dags/dag.py","lineno":3,"logger":"py.warnings"}
{"timestamp":"2025-12-29T13:27:43.636003Z","level":"warning","event":"The `airflow.decorators.task` attribute is deprecated. Please use `'airflow.sdk.task'`.","category":"DeprecatedImportWarning","filename":"/opt/airflow/dags/dag.py","lineno":4,"logger":"py.warnings"}
{"timestamp":"2025-12-29T13:27:43.636029Z","level":"warning","event":"The `airflow.operators.empty.EmptyOperator` attribute is deprecated. Please use `'airflow.providers.standard.operators.empty.EmptyOperator'`.","category":"DeprecatedImportWarning","filename":"/opt/airflow/dags/dag.py","lineno":5,"logger":"py.warnings"}
{"timestamp":"2025-12-29T13:27:43.636051Z","level":"warning","event":"The `airflow.operators.python.get_current_context` attribute is deprecated. Please use `'airflow.sdk.get_current_context'`.","category":"DeprecatedImportWarning","filename":"/opt/airflow/dags/dag.py","lineno":7,"logger":"py.warnings"}
{"timestamp":"2025-12-29T13:27:43.636073Z","level":"warning","event":"The `airflow.models.param.Param` attribute is deprecated. Please use `'airflow.sdk.Param'`.","category":"DeprecatedImportWarning","filename":"/opt/airflow/dags/dag.py","lineno":14,"logger":"py.warnings"}
{"timestamp":"2025-12-29T13:27:43.636093Z","level":"warning","event":"The `airflow.operators.python.get_current_context` attribute is deprecated. Please use `'airflow.sdk.get_current_context'`.","category":"DeprecatedImportWarning","filename":"/opt/airflow/dags/dag.py","lineno":22,"logger":"py.warnings"}
{"timestamp":"2025-12-29T13:28:14.048525Z","level":"info","event":"Filling up the DagBag from /opt/airflow/dags/dag.py","logger":"airflow.models.dagbag.DagBag","filename":"dagbag.py","lineno":593}
{"timestamp":"2025-12-29T13:28:14.073752Z","level":"warning","event":"The `airflow.decorators.dag` attribute is deprecated. Please use `'airflow.sdk.dag'`.","category":"DeprecatedImportWarning","filename":"/opt/airflow/dags/dag.py","lineno":3,"logger":"py.warnings"}
{"timestamp":"2025-12-29T13:28:14.073813Z","level":"warning","event":"The `airflow.decorators.task` attribute is deprecated. Please use `'airflow.sdk.task'`.","category":"DeprecatedImportWarning","filename":"/opt/airflow/dags/dag.py","lineno":4,"logger":"py.warnings"}
{"timestamp":"2025-12-29T13:28:14.073838Z","level":"warning","event":"The `airflow.operators.empty.EmptyOperator` attribute is deprecated. Please use `'airflow.providers.standard.operators.empty.EmptyOperator'`.","category":"DeprecatedImportWarning","filename":"/opt/airflow/dags/dag.py","lineno":5,"logger":"py.warnings"}
{"timestamp":"2025-12-29T13:28:14.073859Z","level":"warning","event":"The `airflow.operators.python.get_current_context` attribute is deprecated. Please use `'airflow.sdk.get_current_context'`.","category":"DeprecatedImportWarning","filename":"/opt/airflow/dags/dag.py","lineno":7,"logger":"py.warnings"}
{"timestamp":"2025-12-29T13:28:14.073879Z","level":"warning","event":"The `airflow.models.param.Param` attribute is deprecated. Please use `'airflow.sdk.Param'`.","category":"DeprecatedImportWarning","filename":"/opt/airflow/dags/dag.py","lineno":14,"logger":"py.warnings"}
{"timestamp":"2025-12-29T13:28:14.073898Z","level":"warning","event":"The `airflow.operators.python.get_current_context` attribute is deprecated. Please use `'airflow.sdk.get_current_context'`.","category":"DeprecatedImportWarning","filename":"/opt/airflow/dags/dag.py","lineno":22,"logger":"py.warnings"}
{"timestamp":"2025-12-29T13:28:44.511340Z","level":"info","event":"Filling up the DagBag from /opt/airflow/dags/dag.py","logger":"airflow.models.dagbag.DagBag","filename":"dagbag.py","lineno":593}
{"timestamp":"2025-12-29T13:28:44.538644Z","level":"warning","event":"The `airflow.decorators.dag` attribute is deprecated. Please use `'airflow.sdk.dag'`.","category":"DeprecatedImportWarning","filename":"/opt/airflow/dags/dag.py","lineno":3,"logger":"py.warnings"}
{"timestamp":"2025-12-29T13:28:44.538828Z","level":"warning","event":"The `airflow.decorators.task` attribute is deprecated. Please use `'airflow.sdk.task'`.","category":"DeprecatedImportWarning","filename":"/opt/airflow/dags/dag.py","lineno":4,"logger":"py.warnings"}
{"timestamp":"2025-12-29T13:28:44.539163Z","level":"warning","event":"The `airflow.operators.empty.EmptyOperator` attribute is deprecated. Please use `'airflow.providers.standard.operators.empty.EmptyOperator'`.","category":"DeprecatedImportWarning","filename":"/opt/airflow/dags/dag.py","lineno":5,"logger":"py.warnings"}
{"timestamp":"2025-12-29T13:28:44.539198Z","level":"warning","event":"The `airflow.operators.python.get_current_context` attribute is deprecated. Please use `'airflow.sdk.get_current_context'`.","category":"DeprecatedImportWarning","filename":"/opt/airflow/dags/dag.py","lineno":7,"logger":"py.warnings"}
{"timestamp":"2025-12-29T13:28:44.539221Z","level":"warning","event":"The `airflow.models.param.Param` attribute is deprecated. Please use `'airflow.sdk.Param'`.","category":"DeprecatedImportWarning","filename":"/opt/airflow/dags/dag.py","lineno":14,"logger":"py.warnings"}
{"timestamp":"2025-12-29T13:28:44.539369Z","level":"warning","event":"The `airflow.operators.python.get_current_context` attribute is deprecated. Please use `'airflow.sdk.get_current_context'`.","category":"DeprecatedImportWarning","filename":"/opt/airflow/dags/dag.py","lineno":22,"logger":"py.warnings"}
{"timestamp":"2025-12-29T13:29:15.178758Z","level":"info","event":"Filling up the DagBag from /opt/airflow/dags/dag.py","logger":"airflow.models.dagbag.DagBag","filename":"dagbag.py","lineno":593}
{"timestamp":"2025-12-29T13:29:15.212309Z","level":"warning","event":"The `airflow.decorators.dag` attribute is deprecated. Please use `'airflow.sdk.dag'`.","category":"DeprecatedImportWarning","filename":"/opt/airflow/dags/dag.py","lineno":3,"logger":"py.warnings"}
{"timestamp":"2025-12-29T13:29:15.212369Z","level":"warning","event":"The `airflow.decorators.task` attribute is deprecated. Please use `'airflow.sdk.task'`.","category":"DeprecatedImportWarning","filename":"/opt/airflow/dags/dag.py","lineno":4,"logger":"py.warnings"}
{"timestamp":"2025-12-29T13:29:15.212395Z","level":"warning","event":"The `airflow.operators.empty.EmptyOperator` attribute is deprecated. Please use `'airflow.providers.standard.operators.empty.EmptyOperator'`.","category":"DeprecatedImportWarning","filename":"/opt/airflow/dags/dag.py","lineno":5,"logger":"py.warnings"}
{"timestamp":"2025-12-29T13:29:15.212417Z","level":"warning","event":"The `airflow.operators.python.get_current_context` attribute is deprecated. Please use `'airflow.sdk.get_current_context'`.","category":"DeprecatedImportWarning","filename":"/opt/airflow/dags/dag.py","lineno":7,"logger":"py.warnings"}
{"timestamp":"2025-12-29T13:29:15.212438Z","level":"warning","event":"The `airflow.models.param.Param` attribute is deprecated. Please use `'airflow.sdk.Param'`.","category":"DeprecatedImportWarning","filename":"/opt/airflow/dags/dag.py","lineno":14,"logger":"py.warnings"}
{"timestamp":"2025-12-29T13:29:15.212458Z","level":"warning","event":"The `airflow.operators.python.get_current_context` attribute is deprecated. Please use `'airflow.sdk.get_current_context'`.","category":"DeprecatedImportWarning","filename":"/opt/airflow/dags/dag.py","lineno":22,"logger":"py.warnings"}
{"timestamp":"2025-12-29T13:29:45.747982Z","level":"info","event":"Filling up the DagBag from /opt/airflow/dags/dag.py","logger":"airflow.models.dagbag.DagBag","filename":"dagbag.py","lineno":593}
{"timestamp":"2025-12-29T13:29:45.779429Z","level":"warning","event":"The `airflow.decorators.dag` attribute is deprecated. Please use `'airflow.sdk.dag'`.","category":"DeprecatedImportWarning","filename":"/opt/airflow/dags/dag.py","lineno":3,"logger":"py.warnings"}
{"timestamp":"2025-12-29T13:29:45.779494Z","level":"warning","event":"The `airflow.decorators.task` attribute is deprecated. Please use `'airflow.sdk.task'`.","category":"DeprecatedImportWarning","filename":"/opt/airflow/dags/dag.py","lineno":4,"logger":"py.warnings"}
{"timestamp":"2025-12-29T13:29:45.779523Z","level":"warning","event":"The `airflow.operators.empty.EmptyOperator` attribute is deprecated. Please use `'airflow.providers.standard.operators.empty.EmptyOperator'`.","category":"DeprecatedImportWarning","filename":"/opt/airflow/dags/dag.py","lineno":5,"logger":"py.warnings"}
{"timestamp":"2025-12-29T13:29:45.779545Z","level":"warning","event":"The `airflow.operators.python.get_current_context` attribute is deprecated. Please use `'airflow.sdk.get_current_context'`.","category":"DeprecatedImportWarning","filename":"/opt/airflow/dags/dag.py","lineno":7,"logger":"py.warnings"}
{"timestamp":"2025-12-29T13:29:45.779568Z","level":"warning","event":"The `airflow.models.param.Param` attribute is deprecated. Please use `'airflow.sdk.Param'`.","category":"DeprecatedImportWarning","filename":"/opt/airflow/dags/dag.py","lineno":14,"logger":"py.warnings"}
{"timestamp":"2025-12-29T13:29:45.779601Z","level":"warning","event":"The `airflow.operators.python.get_current_context` attribute is deprecated. Please use `'airflow.sdk.get_current_context'`.","category":"DeprecatedImportWarning","filename":"/opt/airflow/dags/dag.py","lineno":22,"logger":"py.warnings"}
{"timestamp":"2025-12-29T13:30:16.233096Z","level":"info","event":"Filling up the DagBag from /opt/airflow/dags/dag.py","logger":"airflow.models.dagbag.DagBag","filename":"dagbag.py","lineno":593}
{"timestamp":"2025-12-29T13:30:16.260415Z","level":"warning","event":"The `airflow.decorators.dag` attribute is deprecated. Please use `'airflow.sdk.dag'`.","category":"DeprecatedImportWarning","filename":"/opt/airflow/dags/dag.py","lineno":3,"logger":"py.warnings"}
{"timestamp":"2025-12-29T13:30:16.260470Z","level":"warning","event":"The `airflow.decorators.task` attribute is deprecated. Please use `'airflow.sdk.task'`.","category":"DeprecatedImportWarning","filename":"/opt/airflow/dags/dag.py","lineno":4,"logger":"py.warnings"}
{"timestamp":"2025-12-29T13:30:16.260495Z","level":"warning","event":"The `airflow.operators.empty.EmptyOperator` attribute is deprecated. Please use `'airflow.providers.standard.operators.empty.EmptyOperator'`.","category":"DeprecatedImportWarning","filename":"/opt/airflow/dags/dag.py","lineno":5,"logger":"py.warnings"}
{"timestamp":"2025-12-29T13:30:16.260517Z","level":"warning","event":"The `airflow.operators.python.get_current_context` attribute is deprecated. Please use `'airflow.sdk.get_current_context'`.","category":"DeprecatedImportWarning","filename":"/opt/airflow/dags/dag.py","lineno":7,"logger":"py.warnings"}
{"timestamp":"2025-12-29T13:30:16.260538Z","level":"warning","event":"The `airflow.models.param.Param` attribute is deprecated. Please use `'airflow.sdk.Param'`.","category":"DeprecatedImportWarning","filename":"/opt/airflow/dags/dag.py","lineno":14,"logger":"py.warnings"}
{"timestamp":"2025-12-29T13:30:16.260558Z","level":"warning","event":"The `airflow.operators.python.get_current_context` attribute is deprecated. Please use `'airflow.sdk.get_current_context'`.","category":"DeprecatedImportWarning","filename":"/opt/airflow/dags/dag.py","lineno":22,"logger":"py.warnings"}
{"timestamp":"2025-12-29T13:30:46.791198Z","level":"info","event":"Filling up the DagBag from /opt/airflow/dags/dag.py","logger":"airflow.models.dagbag.DagBag","filename":"dagbag.py","lineno":593}
{"timestamp":"2025-12-29T13:30:46.823415Z","level":"warning","event":"The `airflow.decorators.dag` attribute is deprecated. Please use `'airflow.sdk.dag'`.","category":"DeprecatedImportWarning","filename":"/opt/airflow/dags/dag.py","lineno":3,"logger":"py.warnings"}
{"timestamp":"2025-12-29T13:30:46.823471Z","level":"warning","event":"The `airflow.decorators.task` attribute is deprecated. Please use `'airflow.sdk.task'`.","category":"DeprecatedImportWarning","filename":"/opt/airflow/dags/dag.py","lineno":4,"logger":"py.warnings"}
{"timestamp":"2025-12-29T13:30:46.823504Z","level":"warning","event":"The `airflow.operators.empty.EmptyOperator` attribute is deprecated. Please use `'airflow.providers.standard.operators.empty.EmptyOperator'`.","category":"DeprecatedImportWarning","filename":"/opt/airflow/dags/dag.py","lineno":5,"logger":"py.warnings"}
{"timestamp":"2025-12-29T13:30:46.823526Z","level":"warning","event":"The `airflow.operators.python.get_current_context` attribute is deprecated. Please use `'airflow.sdk.get_current_context'`.","category":"DeprecatedImportWarning","filename":"/opt/airflow/dags/dag.py","lineno":7,"logger":"py.warnings"}
{"timestamp":"2025-12-29T13:30:46.823548Z","level":"warning","event":"The `airflow.models.param.Param` attribute is deprecated. Please use `'airflow.sdk.Param'`.","category":"DeprecatedImportWarning","filename":"/opt/airflow/dags/dag.py","lineno":14,"logger":"py.warnings"}
{"timestamp":"2025-12-29T13:30:46.823568Z","level":"warning","event":"The `airflow.operators.python.get_current_context` attribute is deprecated. Please use `'airflow.sdk.get_current_context'`.","category":"DeprecatedImportWarning","filename":"/opt/airflow/dags/dag.py","lineno":22,"logger":"py.warnings"}
{"timestamp":"2025-12-29T13:31:17.317000Z","level":"info","event":"Filling up the DagBag from /opt/airflow/dags/dag.py","logger":"airflow.models.dagbag.DagBag","filename":"dagbag.py","lineno":593}
{"timestamp":"2025-12-29T13:31:17.347481Z","level":"warning","event":"The `airflow.decorators.dag` attribute is deprecated. Please use `'airflow.sdk.dag'`.","category":"DeprecatedImportWarning","filename":"/opt/airflow/dags/dag.py","lineno":3,"logger":"py.warnings"}
{"timestamp":"2025-12-29T13:31:17.347537Z","level":"warning","event":"The `airflow.decorators.task` attribute is deprecated. Please use `'airflow.sdk.task'`.","category":"DeprecatedImportWarning","filename":"/opt/airflow/dags/dag.py","lineno":4,"logger":"py.warnings"}
{"timestamp":"2025-12-29T13:31:17.347563Z","level":"warning","event":"The `airflow.operators.empty.EmptyOperator` attribute is deprecated. Please use `'airflow.providers.standard.operators.empty.EmptyOperator'`.","category":"DeprecatedImportWarning","filename":"/opt/airflow/dags/dag.py","lineno":5,"logger":"py.warnings"}
{"timestamp":"2025-12-29T13:31:17.347586Z","level":"warning","event":"The `airflow.operators.python.get_current_context` attribute is deprecated. Please use `'airflow.sdk.get_current_context'`.","category":"DeprecatedImportWarning","filename":"/opt/airflow/dags/dag.py","lineno":7,"logger":"py.warnings"}
{"timestamp":"2025-12-29T13:31:17.347608Z","level":"warning","event":"The `airflow.models.param.Param` attribute is deprecated. Please use `'airflow.sdk.Param'`.","category":"DeprecatedImportWarning","filename":"/opt/airflow/dags/dag.py","lineno":14,"logger":"py.warnings"}
{"timestamp":"2025-12-29T13:31:17.347628Z","level":"warning","event":"The `airflow.operators.python.get_current_context` attribute is deprecated. Please use `'airflow.sdk.get_current_context'`.","category":"DeprecatedImportWarning","filename":"/opt/airflow/dags/dag.py","lineno":22,"logger":"py.warnings"}
{"timestamp":"2025-12-29T13:31:47.931937Z","level":"info","event":"Filling up the DagBag from /opt/airflow/dags/dag.py","logger":"airflow.models.dagbag.DagBag","filename":"dagbag.py","lineno":593}
{"timestamp":"2025-12-29T13:31:47.960864Z","level":"warning","event":"The `airflow.decorators.dag` attribute is deprecated. Please use `'airflow.sdk.dag'`.","category":"DeprecatedImportWarning","filename":"/opt/airflow/dags/dag.py","lineno":3,"logger":"py.warnings"}
{"timestamp":"2025-12-29T13:31:47.960921Z","level":"warning","event":"The `airflow.decorators.task` attribute is deprecated. Please use `'airflow.sdk.task'`.","category":"DeprecatedImportWarning","filename":"/opt/airflow/dags/dag.py","lineno":4,"logger":"py.warnings"}
{"timestamp":"2025-12-29T13:31:47.960947Z","level":"warning","event":"The `airflow.operators.empty.EmptyOperator` attribute is deprecated. Please use `'airflow.providers.standard.operators.empty.EmptyOperator'`.","category":"DeprecatedImportWarning","filename":"/opt/airflow/dags/dag.py","lineno":5,"logger":"py.warnings"}
{"timestamp":"2025-12-29T13:31:47.960969Z","level":"warning","event":"The `airflow.operators.python.get_current_context` attribute is deprecated. Please use `'airflow.sdk.get_current_context'`.","category":"DeprecatedImportWarning","filename":"/opt/airflow/dags/dag.py","lineno":7,"logger":"py.warnings"}
{"timestamp":"2025-12-29T13:31:47.960991Z","level":"warning","event":"The `airflow.models.param.Param` attribute is deprecated. Please use `'airflow.sdk.Param'`.","category":"DeprecatedImportWarning","filename":"/opt/airflow/dags/dag.py","lineno":14,"logger":"py.warnings"}
{"timestamp":"2025-12-29T13:31:47.961012Z","level":"warning","event":"The `airflow.operators.python.get_current_context` attribute is deprecated. Please use `'airflow.sdk.get_current_context'`.","category":"DeprecatedImportWarning","filename":"/opt/airflow/dags/dag.py","lineno":22,"logger":"py.warnings"}
{"timestamp":"2025-12-29T13:32:18.460172Z","level":"info","event":"Filling up the DagBag from /opt/airflow/dags/dag.py","logger":"airflow.models.dagbag.DagBag","filename":"dagbag.py","lineno":593}
{"timestamp":"2025-12-29T13:32:18.492544Z","level":"warning","event":"The `airflow.decorators.dag` attribute is deprecated. Please use `'airflow.sdk.dag'`.","category":"DeprecatedImportWarning","filename":"/opt/airflow/dags/dag.py","lineno":3,"logger":"py.warnings"}
{"timestamp":"2025-12-29T13:32:18.492598Z","level":"warning","event":"The `airflow.decorators.task` attribute is deprecated. Please use `'airflow.sdk.task'`.","category":"DeprecatedImportWarning","filename":"/opt/airflow/dags/dag.py","lineno":4,"logger":"py.warnings"}
{"timestamp":"2025-12-29T13:32:18.492623Z","level":"warning","event":"The `airflow.operators.empty.EmptyOperator` attribute is deprecated. Please use `'airflow.providers.standard.operators.empty.EmptyOperator'`.","category":"DeprecatedImportWarning","filename":"/opt/airflow/dags/dag.py","lineno":5,"logger":"py.warnings"}
{"timestamp":"2025-12-29T13:32:18.492646Z","level":"warning","event":"The `airflow.operators.python.get_current_context` attribute is deprecated. Please use `'airflow.sdk.get_current_context'`.","category":"DeprecatedImportWarning","filename":"/opt/airflow/dags/dag.py","lineno":7,"logger":"py.warnings"}
{"timestamp":"2025-12-29T13:32:18.492668Z","level":"warning","event":"The `airflow.models.param.Param` attribute is deprecated. Please use `'airflow.sdk.Param'`.","category":"DeprecatedImportWarning","filename":"/opt/airflow/dags/dag.py","lineno":14,"logger":"py.warnings"}
{"timestamp":"2025-12-29T13:32:18.492688Z","level":"warning","event":"The `airflow.operators.python.get_current_context` attribute is deprecated. Please use `'airflow.sdk.get_current_context'`.","category":"DeprecatedImportWarning","filename":"/opt/airflow/dags/dag.py","lineno":22,"logger":"py.warnings"}
{"timestamp":"2025-12-29T13:32:48.947213Z","level":"info","event":"Filling up the DagBag from /opt/airflow/dags/dag.py","logger":"airflow.models.dagbag.DagBag","filename":"dagbag.py","lineno":593}
{"timestamp":"2025-12-29T13:32:48.978850Z","level":"warning","event":"The `airflow.decorators.dag` attribute is deprecated. Please use `'airflow.sdk.dag'`.","category":"DeprecatedImportWarning","filename":"/opt/airflow/dags/dag.py","lineno":3,"logger":"py.warnings"}
{"timestamp":"2025-12-29T13:32:48.978909Z","level":"warning","event":"The `airflow.decorators.task` attribute is deprecated. Please use `'airflow.sdk.task'`.","category":"DeprecatedImportWarning","filename":"/opt/airflow/dags/dag.py","lineno":4,"logger":"py.warnings"}
{"timestamp":"2025-12-29T13:32:48.978937Z","level":"warning","event":"The `airflow.operators.empty.EmptyOperator` attribute is deprecated. Please use `'airflow.providers.standard.operators.empty.EmptyOperator'`.","category":"DeprecatedImportWarning","filename":"/opt/airflow/dags/dag.py","lineno":5,"logger":"py.warnings"}
{"timestamp":"2025-12-29T13:32:48.978961Z","level":"warning","event":"The `airflow.operators.python.get_current_context` attribute is deprecated. Please use `'airflow.sdk.get_current_context'`.","category":"DeprecatedImportWarning","filename":"/opt/airflow/dags/dag.py","lineno":7,"logger":"py.warnings"}
{"timestamp":"2025-12-29T13:32:48.978983Z","level":"warning","event":"The `airflow.models.param.Param` attribute is deprecated. Please use `'airflow.sdk.Param'`.","category":"DeprecatedImportWarning","filename":"/opt/airflow/dags/dag.py","lineno":14,"logger":"py.warnings"}
{"timestamp":"2025-12-29T13:32:48.979005Z","level":"warning","event":"The `airflow.operators.python.get_current_context` attribute is deprecated. Please use `'airflow.sdk.get_current_context'`.","category":"DeprecatedImportWarning","filename":"/opt/airflow/dags/dag.py","lineno":22,"logger":"py.warnings"}
{"timestamp":"2025-12-29T13:33:19.448584Z","level":"info","event":"Filling up the DagBag from /opt/airflow/dags/dag.py","logger":"airflow.models.dagbag.DagBag","filename":"dagbag.py","lineno":593}
{"timestamp":"2025-12-29T13:33:19.477213Z","level":"warning","event":"The `airflow.decorators.dag` attribute is deprecated. Please use `'airflow.sdk.dag'`.","category":"DeprecatedImportWarning","filename":"/opt/airflow/dags/dag.py","lineno":3,"logger":"py.warnings"}
{"timestamp":"2025-12-29T13:33:19.477374Z","level":"warning","event":"The `airflow.decorators.task` attribute is deprecated. Please use `'airflow.sdk.task'`.","category":"DeprecatedImportWarning","filename":"/opt/airflow/dags/dag.py","lineno":4,"logger":"py.warnings"}
{"timestamp":"2025-12-29T13:33:19.477417Z","level":"warning","event":"The `airflow.operators.empty.EmptyOperator` attribute is deprecated. Please use `'airflow.providers.standard.operators.empty.EmptyOperator'`.","category":"DeprecatedImportWarning","filename":"/opt/airflow/dags/dag.py","lineno":5,"logger":"py.warnings"}
{"timestamp":"2025-12-29T13:33:19.477441Z","level":"warning","event":"The `airflow.operators.python.get_current_context` attribute is deprecated. Please use `'airflow.sdk.get_current_context'`.","category":"DeprecatedImportWarning","filename":"/opt/airflow/dags/dag.py","lineno":7,"logger":"py.warnings"}
{"timestamp":"2025-12-29T13:33:19.477462Z","level":"warning","event":"The `airflow.models.param.Param` attribute is deprecated. Please use `'airflow.sdk.Param'`.","category":"DeprecatedImportWarning","filename":"/opt/airflow/dags/dag.py","lineno":14,"logger":"py.warnings"}
{"timestamp":"2025-12-29T13:33:19.477482Z","level":"warning","event":"The `airflow.operators.python.get_current_context` attribute is deprecated. Please use `'airflow.sdk.get_current_context'`.","category":"DeprecatedImportWarning","filename":"/opt/airflow/dags/dag.py","lineno":22,"logger":"py.warnings"}
{"timestamp":"2025-12-29T13:33:49.892747Z","level":"info","event":"Filling up the DagBag from /opt/airflow/dags/dag.py","logger":"airflow.models.dagbag.DagBag","filename":"dagbag.py","lineno":593}
{"timestamp":"2025-12-29T13:33:49.927683Z","level":"warning","event":"The `airflow.decorators.dag` attribute is deprecated. Please use `'airflow.sdk.dag'`.","category":"DeprecatedImportWarning","filename":"/opt/airflow/dags/dag.py","lineno":3,"logger":"py.warnings"}
{"timestamp":"2025-12-29T13:33:49.927754Z","level":"warning","event":"The `airflow.decorators.task` attribute is deprecated. Please use `'airflow.sdk.task'`.","category":"DeprecatedImportWarning","filename":"/opt/airflow/dags/dag.py","lineno":4,"logger":"py.warnings"}
{"timestamp":"2025-12-29T13:33:49.927783Z","level":"warning","event":"The `airflow.operators.empty.EmptyOperator` attribute is deprecated. Please use `'airflow.providers.standard.operators.empty.EmptyOperator'`.","category":"DeprecatedImportWarning","filename":"/opt/airflow/dags/dag.py","lineno":5,"logger":"py.warnings"}
{"timestamp":"2025-12-29T13:33:49.927807Z","level":"warning","event":"The `airflow.operators.python.get_current_context` attribute is deprecated. Please use `'airflow.sdk.get_current_context'`.","category":"DeprecatedImportWarning","filename":"/opt/airflow/dags/dag.py","lineno":7,"logger":"py.warnings"}
{"timestamp":"2025-12-29T13:33:49.927828Z","level":"warning","event":"The `airflow.models.param.Param` attribute is deprecated. Please use `'airflow.sdk.Param'`.","category":"DeprecatedImportWarning","filename":"/opt/airflow/dags/dag.py","lineno":14,"logger":"py.warnings"}
{"timestamp":"2025-12-29T13:33:49.927848Z","level":"warning","event":"The `airflow.operators.python.get_current_context` attribute is deprecated. Please use `'airflow.sdk.get_current_context'`.","category":"DeprecatedImportWarning","filename":"/opt/airflow/dags/dag.py","lineno":22,"logger":"py.warnings"}
{"timestamp":"2025-12-29T13:34:20.405773Z","level":"info","event":"Filling up the DagBag from /opt/airflow/dags/dag.py","logger":"airflow.models.dagbag.DagBag","filename":"dagbag.py","lineno":593}
{"timestamp":"2025-12-29T13:34:20.435170Z","level":"warning","event":"The `airflow.decorators.dag` attribute is deprecated. Please use `'airflow.sdk.dag'`.","category":"DeprecatedImportWarning","filename":"/opt/airflow/dags/dag.py","lineno":3,"logger":"py.warnings"}
{"timestamp":"2025-12-29T13:34:20.435228Z","level":"warning","event":"The `airflow.decorators.task` attribute is deprecated. Please use `'airflow.sdk.task'`.","category":"DeprecatedImportWarning","filename":"/opt/airflow/dags/dag.py","lineno":4,"logger":"py.warnings"}
{"timestamp":"2025-12-29T13:34:20.435255Z","level":"warning","event":"The `airflow.operators.empty.EmptyOperator` attribute is deprecated. Please use `'airflow.providers.standard.operators.empty.EmptyOperator'`.","category":"DeprecatedImportWarning","filename":"/opt/airflow/dags/dag.py","lineno":5,"logger":"py.warnings"}
{"timestamp":"2025-12-29T13:34:20.435278Z","level":"warning","event":"The `airflow.operators.python.get_current_context` attribute is deprecated. Please use `'airflow.sdk.get_current_context'`.","category":"DeprecatedImportWarning","filename":"/opt/airflow/dags/dag.py","lineno":7,"logger":"py.warnings"}
{"timestamp":"2025-12-29T13:34:20.435301Z","level":"warning","event":"The `airflow.models.param.Param` attribute is deprecated. Please use `'airflow.sdk.Param'`.","category":"DeprecatedImportWarning","filename":"/opt/airflow/dags/dag.py","lineno":14,"logger":"py.warnings"}
{"timestamp":"2025-12-29T13:34:20.435322Z","level":"warning","event":"The `airflow.operators.python.get_current_context` attribute is deprecated. Please use `'airflow.sdk.get_current_context'`.","category":"DeprecatedImportWarning","filename":"/opt/airflow/dags/dag.py","lineno":22,"logger":"py.warnings"}
{"timestamp":"2025-12-29T13:34:50.894196Z","level":"info","event":"Filling up the DagBag from /opt/airflow/dags/dag.py","logger":"airflow.models.dagbag.DagBag","filename":"dagbag.py","lineno":593}
{"timestamp":"2025-12-29T13:34:50.925379Z","level":"warning","event":"The `airflow.decorators.dag` attribute is deprecated. Please use `'airflow.sdk.dag'`.","category":"DeprecatedImportWarning","filename":"/opt/airflow/dags/dag.py","lineno":3,"logger":"py.warnings"}
{"timestamp":"2025-12-29T13:34:50.925436Z","level":"warning","event":"The `airflow.decorators.task` attribute is deprecated. Please use `'airflow.sdk.task'`.","category":"DeprecatedImportWarning","filename":"/opt/airflow/dags/dag.py","lineno":4,"logger":"py.warnings"}
{"timestamp":"2025-12-29T13:34:50.925463Z","level":"warning","event":"The `airflow.operators.empty.EmptyOperator` attribute is deprecated. Please use `'airflow.providers.standard.operators.empty.EmptyOperator'`.","category":"DeprecatedImportWarning","filename":"/opt/airflow/dags/dag.py","lineno":5,"logger":"py.warnings"}
{"timestamp":"2025-12-29T13:34:50.925487Z","level":"warning","event":"The `airflow.operators.python.get_current_context` attribute is deprecated. Please use `'airflow.sdk.get_current_context'`.","category":"DeprecatedImportWarning","filename":"/opt/airflow/dags/dag.py","lineno":7,"logger":"py.warnings"}
{"timestamp":"2025-12-29T13:34:50.925510Z","level":"warning","event":"The `airflow.models.param.Param` attribute is deprecated. Please use `'airflow.sdk.Param'`.","category":"DeprecatedImportWarning","filename":"/opt/airflow/dags/dag.py","lineno":14,"logger":"py.warnings"}
{"timestamp":"2025-12-29T13:34:50.925530Z","level":"warning","event":"The `airflow.operators.python.get_current_context` attribute is deprecated. Please use `'airflow.sdk.get_current_context'`.","category":"DeprecatedImportWarning","filename":"/opt/airflow/dags/dag.py","lineno":22,"logger":"py.warnings"}
{"timestamp":"2025-12-29T13:35:21.326876Z","level":"info","event":"Filling up the DagBag from /opt/airflow/dags/dag.py","logger":"airflow.models.dagbag.DagBag","filename":"dagbag.py","lineno":593}
{"timestamp":"2025-12-29T13:35:21.358716Z","level":"warning","event":"The `airflow.decorators.dag` attribute is deprecated. Please use `'airflow.sdk.dag'`.","category":"DeprecatedImportWarning","filename":"/opt/airflow/dags/dag.py","lineno":3,"logger":"py.warnings"}
{"timestamp":"2025-12-29T13:35:21.358770Z","level":"warning","event":"The `airflow.decorators.task` attribute is deprecated. Please use `'airflow.sdk.task'`.","category":"DeprecatedImportWarning","filename":"/opt/airflow/dags/dag.py","lineno":4,"logger":"py.warnings"}
{"timestamp":"2025-12-29T13:35:21.358809Z","level":"warning","event":"The `airflow.operators.empty.EmptyOperator` attribute is deprecated. Please use `'airflow.providers.standard.operators.empty.EmptyOperator'`.","category":"DeprecatedImportWarning","filename":"/opt/airflow/dags/dag.py","lineno":5,"logger":"py.warnings"}
{"timestamp":"2025-12-29T13:35:21.358833Z","level":"warning","event":"The `airflow.operators.python.get_current_context` attribute is deprecated. Please use `'airflow.sdk.get_current_context'`.","category":"DeprecatedImportWarning","filename":"/opt/airflow/dags/dag.py","lineno":7,"logger":"py.warnings"}
{"timestamp":"2025-12-29T13:35:21.358854Z","level":"warning","event":"The `airflow.models.param.Param` attribute is deprecated. Please use `'airflow.sdk.Param'`.","category":"DeprecatedImportWarning","filename":"/opt/airflow/dags/dag.py","lineno":14,"logger":"py.warnings"}
{"timestamp":"2025-12-29T13:35:21.358874Z","level":"warning","event":"The `airflow.operators.python.get_current_context` attribute is deprecated. Please use `'airflow.sdk.get_current_context'`.","category":"DeprecatedImportWarning","filename":"/opt/airflow/dags/dag.py","lineno":22,"logger":"py.warnings"}
{"timestamp":"2025-12-29T13:35:51.773254Z","level":"info","event":"Filling up the DagBag from /opt/airflow/dags/dag.py","logger":"airflow.models.dagbag.DagBag","filename":"dagbag.py","lineno":593}
{"timestamp":"2025-12-29T13:35:51.799507Z","level":"warning","event":"The `airflow.decorators.dag` attribute is deprecated. Please use `'airflow.sdk.dag'`.","category":"DeprecatedImportWarning","filename":"/opt/airflow/dags/dag.py","lineno":3,"logger":"py.warnings"}
{"timestamp":"2025-12-29T13:35:51.799698Z","level":"warning","event":"The `airflow.decorators.task` attribute is deprecated. Please use `'airflow.sdk.task'`.","category":"DeprecatedImportWarning","filename":"/opt/airflow/dags/dag.py","lineno":4,"logger":"py.warnings"}
{"timestamp":"2025-12-29T13:35:51.799737Z","level":"warning","event":"The `airflow.operators.empty.EmptyOperator` attribute is deprecated. Please use `'airflow.providers.standard.operators.empty.EmptyOperator'`.","category":"DeprecatedImportWarning","filename":"/opt/airflow/dags/dag.py","lineno":5,"logger":"py.warnings"}
{"timestamp":"2025-12-29T13:35:51.799756Z","level":"warning","event":"The `airflow.operators.python.get_current_context` attribute is deprecated. Please use `'airflow.sdk.get_current_context'`.","category":"DeprecatedImportWarning","filename":"/opt/airflow/dags/dag.py","lineno":7,"logger":"py.warnings"}
{"timestamp":"2025-12-29T13:35:51.799775Z","level":"warning","event":"The `airflow.models.param.Param` attribute is deprecated. Please use `'airflow.sdk.Param'`.","category":"DeprecatedImportWarning","filename":"/opt/airflow/dags/dag.py","lineno":14,"logger":"py.warnings"}
{"timestamp":"2025-12-29T13:35:51.799792Z","level":"warning","event":"The `airflow.operators.python.get_current_context` attribute is deprecated. Please use `'airflow.sdk.get_current_context'`.","category":"DeprecatedImportWarning","filename":"/opt/airflow/dags/dag.py","lineno":22,"logger":"py.warnings"}
{"timestamp":"2025-12-29T13:36:22.245457Z","level":"info","event":"Filling up the DagBag from /opt/airflow/dags/dag.py","logger":"airflow.models.dagbag.DagBag","filename":"dagbag.py","lineno":593}
{"timestamp":"2025-12-29T13:36:22.280199Z","level":"warning","event":"The `airflow.decorators.dag` attribute is deprecated. Please use `'airflow.sdk.dag'`.","category":"DeprecatedImportWarning","filename":"/opt/airflow/dags/dag.py","lineno":3,"logger":"py.warnings"}
{"timestamp":"2025-12-29T13:36:22.280419Z","level":"warning","event":"The `airflow.decorators.task` attribute is deprecated. Please use `'airflow.sdk.task'`.","category":"DeprecatedImportWarning","filename":"/opt/airflow/dags/dag.py","lineno":4,"logger":"py.warnings"}
{"timestamp":"2025-12-29T13:36:22.280448Z","level":"warning","event":"The `airflow.operators.empty.EmptyOperator` attribute is deprecated. Please use `'airflow.providers.standard.operators.empty.EmptyOperator'`.","category":"DeprecatedImportWarning","filename":"/opt/airflow/dags/dag.py","lineno":5,"logger":"py.warnings"}
{"timestamp":"2025-12-29T13:36:22.280471Z","level":"warning","event":"The `airflow.operators.python.get_current_context` attribute is deprecated. Please use `'airflow.sdk.get_current_context'`.","category":"DeprecatedImportWarning","filename":"/opt/airflow/dags/dag.py","lineno":7,"logger":"py.warnings"}
{"timestamp":"2025-12-29T13:36:22.280493Z","level":"warning","event":"The `airflow.models.param.Param` attribute is deprecated. Please use `'airflow.sdk.Param'`.","category":"DeprecatedImportWarning","filename":"/opt/airflow/dags/dag.py","lineno":14,"logger":"py.warnings"}
{"timestamp":"2025-12-29T13:36:22.280513Z","level":"warning","event":"The `airflow.operators.python.get_current_context` attribute is deprecated. Please use `'airflow.sdk.get_current_context'`.","category":"DeprecatedImportWarning","filename":"/opt/airflow/dags/dag.py","lineno":22,"logger":"py.warnings"}
{"timestamp":"2025-12-29T13:36:52.714120Z","level":"info","event":"Filling up the DagBag from /opt/airflow/dags/dag.py","logger":"airflow.models.dagbag.DagBag","filename":"dagbag.py","lineno":593}
{"timestamp":"2025-12-29T13:36:52.744923Z","level":"warning","event":"The `airflow.decorators.dag` attribute is deprecated. Please use `'airflow.sdk.dag'`.","category":"DeprecatedImportWarning","filename":"/opt/airflow/dags/dag.py","lineno":3,"logger":"py.warnings"}
{"timestamp":"2025-12-29T13:36:52.744978Z","level":"warning","event":"The `airflow.decorators.task` attribute is deprecated. Please use `'airflow.sdk.task'`.","category":"DeprecatedImportWarning","filename":"/opt/airflow/dags/dag.py","lineno":4,"logger":"py.warnings"}
{"timestamp":"2025-12-29T13:36:52.745004Z","level":"warning","event":"The `airflow.operators.empty.EmptyOperator` attribute is deprecated. Please use `'airflow.providers.standard.operators.empty.EmptyOperator'`.","category":"DeprecatedImportWarning","filename":"/opt/airflow/dags/dag.py","lineno":5,"logger":"py.warnings"}
{"timestamp":"2025-12-29T13:36:52.745027Z","level":"warning","event":"The `airflow.operators.python.get_current_context` attribute is deprecated. Please use `'airflow.sdk.get_current_context'`.","category":"DeprecatedImportWarning","filename":"/opt/airflow/dags/dag.py","lineno":7,"logger":"py.warnings"}
{"timestamp":"2025-12-29T13:36:52.745048Z","level":"warning","event":"The `airflow.models.param.Param` attribute is deprecated. Please use `'airflow.sdk.Param'`.","category":"DeprecatedImportWarning","filename":"/opt/airflow/dags/dag.py","lineno":14,"logger":"py.warnings"}
{"timestamp":"2025-12-29T13:36:52.745068Z","level":"warning","event":"The `airflow.operators.python.get_current_context` attribute is deprecated. Please use `'airflow.sdk.get_current_context'`.","category":"DeprecatedImportWarning","filename":"/opt/airflow/dags/dag.py","lineno":22,"logger":"py.warnings"}
{"timestamp":"2025-12-29T13:37:23.207833Z","level":"info","event":"Filling up the DagBag from /opt/airflow/dags/dag.py","logger":"airflow.models.dagbag.DagBag","filename":"dagbag.py","lineno":593}
{"timestamp":"2025-12-29T13:37:23.240961Z","level":"warning","event":"The `airflow.decorators.dag` attribute is deprecated. Please use `'airflow.sdk.dag'`.","category":"DeprecatedImportWarning","filename":"/opt/airflow/dags/dag.py","lineno":3,"logger":"py.warnings"}
{"timestamp":"2025-12-29T13:37:23.241016Z","level":"warning","event":"The `airflow.decorators.task` attribute is deprecated. Please use `'airflow.sdk.task'`.","category":"DeprecatedImportWarning","filename":"/opt/airflow/dags/dag.py","lineno":4,"logger":"py.warnings"}
{"timestamp":"2025-12-29T13:37:23.241042Z","level":"warning","event":"The `airflow.operators.empty.EmptyOperator` attribute is deprecated. Please use `'airflow.providers.standard.operators.empty.EmptyOperator'`.","category":"DeprecatedImportWarning","filename":"/opt/airflow/dags/dag.py","lineno":5,"logger":"py.warnings"}
{"timestamp":"2025-12-29T13:37:23.241065Z","level":"warning","event":"The `airflow.operators.python.get_current_context` attribute is deprecated. Please use `'airflow.sdk.get_current_context'`.","category":"DeprecatedImportWarning","filename":"/opt/airflow/dags/dag.py","lineno":7,"logger":"py.warnings"}
{"timestamp":"2025-12-29T13:37:23.241087Z","level":"warning","event":"The `airflow.models.param.Param` attribute is deprecated. Please use `'airflow.sdk.Param'`.","category":"DeprecatedImportWarning","filename":"/opt/airflow/dags/dag.py","lineno":14,"logger":"py.warnings"}
{"timestamp":"2025-12-29T13:37:23.241107Z","level":"warning","event":"The `airflow.operators.python.get_current_context` attribute is deprecated. Please use `'airflow.sdk.get_current_context'`.","category":"DeprecatedImportWarning","filename":"/opt/airflow/dags/dag.py","lineno":22,"logger":"py.warnings"}
{"timestamp":"2025-12-29T13:37:53.701708Z","level":"info","event":"Filling up the DagBag from /opt/airflow/dags/dag.py","logger":"airflow.models.dagbag.DagBag","filename":"dagbag.py","lineno":593}
{"timestamp":"2025-12-29T13:37:53.734095Z","level":"warning","event":"The `airflow.decorators.dag` attribute is deprecated. Please use `'airflow.sdk.dag'`.","category":"DeprecatedImportWarning","filename":"/opt/airflow/dags/dag.py","lineno":3,"logger":"py.warnings"}
{"timestamp":"2025-12-29T13:37:53.734148Z","level":"warning","event":"The `airflow.decorators.task` attribute is deprecated. Please use `'airflow.sdk.task'`.","category":"DeprecatedImportWarning","filename":"/opt/airflow/dags/dag.py","lineno":4,"logger":"py.warnings"}
{"timestamp":"2025-12-29T13:37:53.734173Z","level":"warning","event":"The `airflow.operators.empty.EmptyOperator` attribute is deprecated. Please use `'airflow.providers.standard.operators.empty.EmptyOperator'`.","category":"DeprecatedImportWarning","filename":"/opt/airflow/dags/dag.py","lineno":5,"logger":"py.warnings"}
{"timestamp":"2025-12-29T13:37:53.734196Z","level":"warning","event":"The `airflow.operators.python.get_current_context` attribute is deprecated. Please use `'airflow.sdk.get_current_context'`.","category":"DeprecatedImportWarning","filename":"/opt/airflow/dags/dag.py","lineno":7,"logger":"py.warnings"}
{"timestamp":"2025-12-29T13:37:53.734218Z","level":"warning","event":"The `airflow.models.param.Param` attribute is deprecated. Please use `'airflow.sdk.Param'`.","category":"DeprecatedImportWarning","filename":"/opt/airflow/dags/dag.py","lineno":14,"logger":"py.warnings"}
{"timestamp":"2025-12-29T13:37:53.734238Z","level":"warning","event":"The `airflow.operators.python.get_current_context` attribute is deprecated. Please use `'airflow.sdk.get_current_context'`.","category":"DeprecatedImportWarning","filename":"/opt/airflow/dags/dag.py","lineno":22,"logger":"py.warnings"}
{"timestamp":"2025-12-29T13:38:24.152810Z","level":"info","event":"Filling up the DagBag from /opt/airflow/dags/dag.py","logger":"airflow.models.dagbag.DagBag","filename":"dagbag.py","lineno":593}
{"timestamp":"2025-12-29T13:38:24.184640Z","level":"warning","event":"The `airflow.decorators.dag` attribute is deprecated. Please use `'airflow.sdk.dag'`.","category":"DeprecatedImportWarning","filename":"/opt/airflow/dags/dag.py","lineno":3,"logger":"py.warnings"}
{"timestamp":"2025-12-29T13:38:24.184827Z","level":"warning","event":"The `airflow.decorators.task` attribute is deprecated. Please use `'airflow.sdk.task'`.","category":"DeprecatedImportWarning","filename":"/opt/airflow/dags/dag.py","lineno":4,"logger":"py.warnings"}
{"timestamp":"2025-12-29T13:38:24.184877Z","level":"warning","event":"The `airflow.operators.empty.EmptyOperator` attribute is deprecated. Please use `'airflow.providers.standard.operators.empty.EmptyOperator'`.","category":"DeprecatedImportWarning","filename":"/opt/airflow/dags/dag.py","lineno":5,"logger":"py.warnings"}
{"timestamp":"2025-12-29T13:38:24.184903Z","level":"warning","event":"The `airflow.operators.python.get_current_context` attribute is deprecated. Please use `'airflow.sdk.get_current_context'`.","category":"DeprecatedImportWarning","filename":"/opt/airflow/dags/dag.py","lineno":7,"logger":"py.warnings"}
{"timestamp":"2025-12-29T13:38:24.184926Z","level":"warning","event":"The `airflow.models.param.Param` attribute is deprecated. Please use `'airflow.sdk.Param'`.","category":"DeprecatedImportWarning","filename":"/opt/airflow/dags/dag.py","lineno":14,"logger":"py.warnings"}
{"timestamp":"2025-12-29T13:38:24.184947Z","level":"warning","event":"The `airflow.operators.python.get_current_context` attribute is deprecated. Please use `'airflow.sdk.get_current_context'`.","category":"DeprecatedImportWarning","filename":"/opt/airflow/dags/dag.py","lineno":22,"logger":"py.warnings"}
{"timestamp":"2025-12-29T13:38:54.684578Z","level":"info","event":"Filling up the DagBag from /opt/airflow/dags/dag.py","logger":"airflow.models.dagbag.DagBag","filename":"dagbag.py","lineno":593}
{"timestamp":"2025-12-29T13:38:54.717653Z","level":"warning","event":"The `airflow.decorators.dag` attribute is deprecated. Please use `'airflow.sdk.dag'`.","category":"DeprecatedImportWarning","filename":"/opt/airflow/dags/dag.py","lineno":3,"logger":"py.warnings"}
{"timestamp":"2025-12-29T13:38:54.717708Z","level":"warning","event":"The `airflow.decorators.task` attribute is deprecated. Please use `'airflow.sdk.task'`.","category":"DeprecatedImportWarning","filename":"/opt/airflow/dags/dag.py","lineno":4,"logger":"py.warnings"}
{"timestamp":"2025-12-29T13:38:54.717734Z","level":"warning","event":"The `airflow.operators.empty.EmptyOperator` attribute is deprecated. Please use `'airflow.providers.standard.operators.empty.EmptyOperator'`.","category":"DeprecatedImportWarning","filename":"/opt/airflow/dags/dag.py","lineno":5,"logger":"py.warnings"}
{"timestamp":"2025-12-29T13:38:54.717756Z","level":"warning","event":"The `airflow.operators.python.get_current_context` attribute is deprecated. Please use `'airflow.sdk.get_current_context'`.","category":"DeprecatedImportWarning","filename":"/opt/airflow/dags/dag.py","lineno":7,"logger":"py.warnings"}
{"timestamp":"2025-12-29T13:38:54.717778Z","level":"warning","event":"The `airflow.models.param.Param` attribute is deprecated. Please use `'airflow.sdk.Param'`.","category":"DeprecatedImportWarning","filename":"/opt/airflow/dags/dag.py","lineno":14,"logger":"py.warnings"}
{"timestamp":"2025-12-29T13:38:54.717798Z","level":"warning","event":"The `airflow.operators.python.get_current_context` attribute is deprecated. Please use `'airflow.sdk.get_current_context'`.","category":"DeprecatedImportWarning","filename":"/opt/airflow/dags/dag.py","lineno":22,"logger":"py.warnings"}
{"timestamp":"2025-12-29T13:39:25.248390Z","level":"info","event":"Filling up the DagBag from /opt/airflow/dags/dag.py","logger":"airflow.models.dagbag.DagBag","filename":"dagbag.py","lineno":593}
{"timestamp":"2025-12-29T13:39:25.280281Z","level":"warning","event":"The `airflow.decorators.dag` attribute is deprecated. Please use `'airflow.sdk.dag'`.","category":"DeprecatedImportWarning","filename":"/opt/airflow/dags/dag.py","lineno":3,"logger":"py.warnings"}
{"timestamp":"2025-12-29T13:39:25.280335Z","level":"warning","event":"The `airflow.decorators.task` attribute is deprecated. Please use `'airflow.sdk.task'`.","category":"DeprecatedImportWarning","filename":"/opt/airflow/dags/dag.py","lineno":4,"logger":"py.warnings"}
{"timestamp":"2025-12-29T13:39:25.280361Z","level":"warning","event":"The `airflow.operators.empty.EmptyOperator` attribute is deprecated. Please use `'airflow.providers.standard.operators.empty.EmptyOperator'`.","category":"DeprecatedImportWarning","filename":"/opt/airflow/dags/dag.py","lineno":5,"logger":"py.warnings"}
{"timestamp":"2025-12-29T13:39:25.280384Z","level":"warning","event":"The `airflow.operators.python.get_current_context` attribute is deprecated. Please use `'airflow.sdk.get_current_context'`.","category":"DeprecatedImportWarning","filename":"/opt/airflow/dags/dag.py","lineno":7,"logger":"py.warnings"}
{"timestamp":"2025-12-29T13:39:25.280418Z","level":"warning","event":"The `airflow.models.param.Param` attribute is deprecated. Please use `'airflow.sdk.Param'`.","category":"DeprecatedImportWarning","filename":"/opt/airflow/dags/dag.py","lineno":14,"logger":"py.warnings"}
{"timestamp":"2025-12-29T13:39:25.280455Z","level":"warning","event":"The `airflow.operators.python.get_current_context` attribute is deprecated. Please use `'airflow.sdk.get_current_context'`.","category":"DeprecatedImportWarning","filename":"/opt/airflow/dags/dag.py","lineno":22,"logger":"py.warnings"}
{"timestamp":"2025-12-29T13:39:55.782741Z","level":"info","event":"Filling up the DagBag from /opt/airflow/dags/dag.py","logger":"airflow.models.dagbag.DagBag","filename":"dagbag.py","lineno":593}
{"timestamp":"2025-12-29T13:39:55.818528Z","level":"warning","event":"The `airflow.decorators.dag` attribute is deprecated. Please use `'airflow.sdk.dag'`.","category":"DeprecatedImportWarning","filename":"/opt/airflow/dags/dag.py","lineno":3,"logger":"py.warnings"}
{"timestamp":"2025-12-29T13:39:55.818585Z","level":"warning","event":"The `airflow.decorators.task` attribute is deprecated. Please use `'airflow.sdk.task'`.","category":"DeprecatedImportWarning","filename":"/opt/airflow/dags/dag.py","lineno":4,"logger":"py.warnings"}
{"timestamp":"2025-12-29T13:39:55.818611Z","level":"warning","event":"The `airflow.operators.empty.EmptyOperator` attribute is deprecated. Please use `'airflow.providers.standard.operators.empty.EmptyOperator'`.","category":"DeprecatedImportWarning","filename":"/opt/airflow/dags/dag.py","lineno":5,"logger":"py.warnings"}
{"timestamp":"2025-12-29T13:39:55.818634Z","level":"warning","event":"The `airflow.operators.python.get_current_context` attribute is deprecated. Please use `'airflow.sdk.get_current_context'`.","category":"DeprecatedImportWarning","filename":"/opt/airflow/dags/dag.py","lineno":7,"logger":"py.warnings"}
{"timestamp":"2025-12-29T13:39:55.818674Z","level":"warning","event":"The `airflow.models.param.Param` attribute is deprecated. Please use `'airflow.sdk.Param'`.","category":"DeprecatedImportWarning","filename":"/opt/airflow/dags/dag.py","lineno":14,"logger":"py.warnings"}
{"timestamp":"2025-12-29T13:39:55.818697Z","level":"warning","event":"The `airflow.operators.python.get_current_context` attribute is deprecated. Please use `'airflow.sdk.get_current_context'`.","category":"DeprecatedImportWarning","filename":"/opt/airflow/dags/dag.py","lineno":22,"logger":"py.warnings"}
{"timestamp":"2025-12-29T13:40:26.295620Z","level":"info","event":"Filling up the DagBag from /opt/airflow/dags/dag.py","logger":"airflow.models.dagbag.DagBag","filename":"dagbag.py","lineno":593}
{"timestamp":"2025-12-29T13:40:26.322947Z","level":"warning","event":"The `airflow.decorators.dag` attribute is deprecated. Please use `'airflow.sdk.dag'`.","category":"DeprecatedImportWarning","filename":"/opt/airflow/dags/dag.py","lineno":3,"logger":"py.warnings"}
{"timestamp":"2025-12-29T13:40:26.323002Z","level":"warning","event":"The `airflow.decorators.task` attribute is deprecated. Please use `'airflow.sdk.task'`.","category":"DeprecatedImportWarning","filename":"/opt/airflow/dags/dag.py","lineno":4,"logger":"py.warnings"}
{"timestamp":"2025-12-29T13:40:26.323028Z","level":"warning","event":"The `airflow.operators.empty.EmptyOperator` attribute is deprecated. Please use `'airflow.providers.standard.operators.empty.EmptyOperator'`.","category":"DeprecatedImportWarning","filename":"/opt/airflow/dags/dag.py","lineno":5,"logger":"py.warnings"}
{"timestamp":"2025-12-29T13:40:26.323050Z","level":"warning","event":"The `airflow.operators.python.get_current_context` attribute is deprecated. Please use `'airflow.sdk.get_current_context'`.","category":"DeprecatedImportWarning","filename":"/opt/airflow/dags/dag.py","lineno":7,"logger":"py.warnings"}
{"timestamp":"2025-12-29T13:40:26.323072Z","level":"warning","event":"The `airflow.models.param.Param` attribute is deprecated. Please use `'airflow.sdk.Param'`.","category":"DeprecatedImportWarning","filename":"/opt/airflow/dags/dag.py","lineno":14,"logger":"py.warnings"}
{"timestamp":"2025-12-29T13:40:26.323092Z","level":"warning","event":"The `airflow.operators.python.get_current_context` attribute is deprecated. Please use `'airflow.sdk.get_current_context'`.","category":"DeprecatedImportWarning","filename":"/opt/airflow/dags/dag.py","lineno":22,"logger":"py.warnings"}
{"timestamp":"2025-12-29T13:40:56.824422Z","level":"info","event":"Filling up the DagBag from /opt/airflow/dags/dag.py","logger":"airflow.models.dagbag.DagBag","filename":"dagbag.py","lineno":593}
{"timestamp":"2025-12-29T13:40:56.858025Z","level":"warning","event":"The `airflow.decorators.dag` attribute is deprecated. Please use `'airflow.sdk.dag'`.","category":"DeprecatedImportWarning","filename":"/opt/airflow/dags/dag.py","lineno":3,"logger":"py.warnings"}
{"timestamp":"2025-12-29T13:40:56.858078Z","level":"warning","event":"The `airflow.decorators.task` attribute is deprecated. Please use `'airflow.sdk.task'`.","category":"DeprecatedImportWarning","filename":"/opt/airflow/dags/dag.py","lineno":4,"logger":"py.warnings"}
{"timestamp":"2025-12-29T13:40:56.858104Z","level":"warning","event":"The `airflow.operators.empty.EmptyOperator` attribute is deprecated. Please use `'airflow.providers.standard.operators.empty.EmptyOperator'`.","category":"DeprecatedImportWarning","filename":"/opt/airflow/dags/dag.py","lineno":5,"logger":"py.warnings"}
{"timestamp":"2025-12-29T13:40:56.858138Z","level":"warning","event":"The `airflow.operators.python.get_current_context` attribute is deprecated. Please use `'airflow.sdk.get_current_context'`.","category":"DeprecatedImportWarning","filename":"/opt/airflow/dags/dag.py","lineno":7,"logger":"py.warnings"}
{"timestamp":"2025-12-29T13:40:56.858175Z","level":"warning","event":"The `airflow.models.param.Param` attribute is deprecated. Please use `'airflow.sdk.Param'`.","category":"DeprecatedImportWarning","filename":"/opt/airflow/dags/dag.py","lineno":14,"logger":"py.warnings"}
{"timestamp":"2025-12-29T13:40:56.858197Z","level":"warning","event":"The `airflow.operators.python.get_current_context` attribute is deprecated. Please use `'airflow.sdk.get_current_context'`.","category":"DeprecatedImportWarning","filename":"/opt/airflow/dags/dag.py","lineno":22,"logger":"py.warnings"}
{"timestamp":"2025-12-29T13:41:27.370609Z","level":"info","event":"Filling up the DagBag from /opt/airflow/dags/dag.py","logger":"airflow.models.dagbag.DagBag","filename":"dagbag.py","lineno":593}
{"timestamp":"2025-12-29T13:41:27.407994Z","level":"warning","event":"The `airflow.decorators.dag` attribute is deprecated. Please use `'airflow.sdk.dag'`.","category":"DeprecatedImportWarning","filename":"/opt/airflow/dags/dag.py","lineno":3,"logger":"py.warnings"}
{"timestamp":"2025-12-29T13:41:27.408189Z","level":"warning","event":"The `airflow.decorators.task` attribute is deprecated. Please use `'airflow.sdk.task'`.","category":"DeprecatedImportWarning","filename":"/opt/airflow/dags/dag.py","lineno":4,"logger":"py.warnings"}
{"timestamp":"2025-12-29T13:41:27.408233Z","level":"warning","event":"The `airflow.operators.empty.EmptyOperator` attribute is deprecated. Please use `'airflow.providers.standard.operators.empty.EmptyOperator'`.","category":"DeprecatedImportWarning","filename":"/opt/airflow/dags/dag.py","lineno":5,"logger":"py.warnings"}
{"timestamp":"2025-12-29T13:41:27.408259Z","level":"warning","event":"The `airflow.operators.python.get_current_context` attribute is deprecated. Please use `'airflow.sdk.get_current_context'`.","category":"DeprecatedImportWarning","filename":"/opt/airflow/dags/dag.py","lineno":7,"logger":"py.warnings"}
{"timestamp":"2025-12-29T13:41:27.408281Z","level":"warning","event":"The `airflow.models.param.Param` attribute is deprecated. Please use `'airflow.sdk.Param'`.","category":"DeprecatedImportWarning","filename":"/opt/airflow/dags/dag.py","lineno":14,"logger":"py.warnings"}
{"timestamp":"2025-12-29T13:41:27.408302Z","level":"warning","event":"The `airflow.operators.python.get_current_context` attribute is deprecated. Please use `'airflow.sdk.get_current_context'`.","category":"DeprecatedImportWarning","filename":"/opt/airflow/dags/dag.py","lineno":22,"logger":"py.warnings"}
{"timestamp":"2025-12-29T13:41:57.907257Z","level":"info","event":"Filling up the DagBag from /opt/airflow/dags/dag.py","logger":"airflow.models.dagbag.DagBag","filename":"dagbag.py","lineno":593}
{"timestamp":"2025-12-29T13:41:57.939784Z","level":"warning","event":"The `airflow.decorators.dag` attribute is deprecated. Please use `'airflow.sdk.dag'`.","category":"DeprecatedImportWarning","filename":"/opt/airflow/dags/dag.py","lineno":3,"logger":"py.warnings"}
{"timestamp":"2025-12-29T13:41:57.939995Z","level":"warning","event":"The `airflow.decorators.task` attribute is deprecated. Please use `'airflow.sdk.task'`.","category":"DeprecatedImportWarning","filename":"/opt/airflow/dags/dag.py","lineno":4,"logger":"py.warnings"}
{"timestamp":"2025-12-29T13:41:57.940044Z","level":"warning","event":"The `airflow.operators.empty.EmptyOperator` attribute is deprecated. Please use `'airflow.providers.standard.operators.empty.EmptyOperator'`.","category":"DeprecatedImportWarning","filename":"/opt/airflow/dags/dag.py","lineno":5,"logger":"py.warnings"}
{"timestamp":"2025-12-29T13:41:57.940069Z","level":"warning","event":"The `airflow.operators.python.get_current_context` attribute is deprecated. Please use `'airflow.sdk.get_current_context'`.","category":"DeprecatedImportWarning","filename":"/opt/airflow/dags/dag.py","lineno":7,"logger":"py.warnings"}
{"timestamp":"2025-12-29T13:41:57.940092Z","level":"warning","event":"The `airflow.models.param.Param` attribute is deprecated. Please use `'airflow.sdk.Param'`.","category":"DeprecatedImportWarning","filename":"/opt/airflow/dags/dag.py","lineno":14,"logger":"py.warnings"}
{"timestamp":"2025-12-29T13:41:57.940114Z","level":"warning","event":"The `airflow.operators.python.get_current_context` attribute is deprecated. Please use `'airflow.sdk.get_current_context'`.","category":"DeprecatedImportWarning","filename":"/opt/airflow/dags/dag.py","lineno":22,"logger":"py.warnings"}
{"timestamp":"2025-12-29T13:42:28.399620Z","level":"info","event":"Filling up the DagBag from /opt/airflow/dags/dag.py","logger":"airflow.models.dagbag.DagBag","filename":"dagbag.py","lineno":593}
{"timestamp":"2025-12-29T13:42:28.423713Z","level":"warning","event":"The `airflow.decorators.dag` attribute is deprecated. Please use `'airflow.sdk.dag'`.","category":"DeprecatedImportWarning","filename":"/opt/airflow/dags/dag.py","lineno":3,"logger":"py.warnings"}
{"timestamp":"2025-12-29T13:42:28.423767Z","level":"warning","event":"The `airflow.decorators.task` attribute is deprecated. Please use `'airflow.sdk.task'`.","category":"DeprecatedImportWarning","filename":"/opt/airflow/dags/dag.py","lineno":4,"logger":"py.warnings"}
{"timestamp":"2025-12-29T13:42:28.423790Z","level":"warning","event":"The `airflow.operators.empty.EmptyOperator` attribute is deprecated. Please use `'airflow.providers.standard.operators.empty.EmptyOperator'`.","category":"DeprecatedImportWarning","filename":"/opt/airflow/dags/dag.py","lineno":5,"logger":"py.warnings"}
{"timestamp":"2025-12-29T13:42:28.423808Z","level":"warning","event":"The `airflow.operators.python.get_current_context` attribute is deprecated. Please use `'airflow.sdk.get_current_context'`.","category":"DeprecatedImportWarning","filename":"/opt/airflow/dags/dag.py","lineno":7,"logger":"py.warnings"}
{"timestamp":"2025-12-29T13:42:28.423825Z","level":"warning","event":"The `airflow.models.param.Param` attribute is deprecated. Please use `'airflow.sdk.Param'`.","category":"DeprecatedImportWarning","filename":"/opt/airflow/dags/dag.py","lineno":14,"logger":"py.warnings"}
{"timestamp":"2025-12-29T13:42:28.423841Z","level":"warning","event":"The `airflow.operators.python.get_current_context` attribute is deprecated. Please use `'airflow.sdk.get_current_context'`.","category":"DeprecatedImportWarning","filename":"/opt/airflow/dags/dag.py","lineno":22,"logger":"py.warnings"}
{"timestamp":"2025-12-29T13:42:58.937055Z","level":"info","event":"Filling up the DagBag from /opt/airflow/dags/dag.py","logger":"airflow.models.dagbag.DagBag","filename":"dagbag.py","lineno":593}
{"timestamp":"2025-12-29T13:42:58.974054Z","level":"warning","event":"The `airflow.decorators.dag` attribute is deprecated. Please use `'airflow.sdk.dag'`.","category":"DeprecatedImportWarning","filename":"/opt/airflow/dags/dag.py","lineno":3,"logger":"py.warnings"}
{"timestamp":"2025-12-29T13:42:58.974778Z","level":"warning","event":"The `airflow.decorators.task` attribute is deprecated. Please use `'airflow.sdk.task'`.","category":"DeprecatedImportWarning","filename":"/opt/airflow/dags/dag.py","lineno":4,"logger":"py.warnings"}
{"timestamp":"2025-12-29T13:42:58.974869Z","level":"warning","event":"The `airflow.operators.empty.EmptyOperator` attribute is deprecated. Please use `'airflow.providers.standard.operators.empty.EmptyOperator'`.","category":"DeprecatedImportWarning","filename":"/opt/airflow/dags/dag.py","lineno":5,"logger":"py.warnings"}
{"timestamp":"2025-12-29T13:42:58.974951Z","level":"warning","event":"The `airflow.operators.python.get_current_context` attribute is deprecated. Please use `'airflow.sdk.get_current_context'`.","category":"DeprecatedImportWarning","filename":"/opt/airflow/dags/dag.py","lineno":7,"logger":"py.warnings"}
{"timestamp":"2025-12-29T13:42:58.975021Z","level":"warning","event":"The `airflow.models.param.Param` attribute is deprecated. Please use `'airflow.sdk.Param'`.","category":"DeprecatedImportWarning","filename":"/opt/airflow/dags/dag.py","lineno":14,"logger":"py.warnings"}
{"timestamp":"2025-12-29T13:42:58.975091Z","level":"warning","event":"The `airflow.operators.python.get_current_context` attribute is deprecated. Please use `'airflow.sdk.get_current_context'`.","category":"DeprecatedImportWarning","filename":"/opt/airflow/dags/dag.py","lineno":22,"logger":"py.warnings"}
{"timestamp":"2025-12-29T13:43:29.417185Z","level":"info","event":"Filling up the DagBag from /opt/airflow/dags/dag.py","logger":"airflow.models.dagbag.DagBag","filename":"dagbag.py","lineno":593}
{"timestamp":"2025-12-29T13:43:29.447554Z","level":"warning","event":"The `airflow.decorators.dag` attribute is deprecated. Please use `'airflow.sdk.dag'`.","category":"DeprecatedImportWarning","filename":"/opt/airflow/dags/dag.py","lineno":3,"logger":"py.warnings"}
{"timestamp":"2025-12-29T13:43:29.447606Z","level":"warning","event":"The `airflow.decorators.task` attribute is deprecated. Please use `'airflow.sdk.task'`.","category":"DeprecatedImportWarning","filename":"/opt/airflow/dags/dag.py","lineno":4,"logger":"py.warnings"}
{"timestamp":"2025-12-29T13:43:29.447632Z","level":"warning","event":"The `airflow.operators.empty.EmptyOperator` attribute is deprecated. Please use `'airflow.providers.standard.operators.empty.EmptyOperator'`.","category":"DeprecatedImportWarning","filename":"/opt/airflow/dags/dag.py","lineno":5,"logger":"py.warnings"}
{"timestamp":"2025-12-29T13:43:29.447655Z","level":"warning","event":"The `airflow.operators.python.get_current_context` attribute is deprecated. Please use `'airflow.sdk.get_current_context'`.","category":"DeprecatedImportWarning","filename":"/opt/airflow/dags/dag.py","lineno":7,"logger":"py.warnings"}
{"timestamp":"2025-12-29T13:43:29.447677Z","level":"warning","event":"The `airflow.models.param.Param` attribute is deprecated. Please use `'airflow.sdk.Param'`.","category":"DeprecatedImportWarning","filename":"/opt/airflow/dags/dag.py","lineno":14,"logger":"py.warnings"}
{"timestamp":"2025-12-29T13:43:29.447697Z","level":"warning","event":"The `airflow.operators.python.get_current_context` attribute is deprecated. Please use `'airflow.sdk.get_current_context'`.","category":"DeprecatedImportWarning","filename":"/opt/airflow/dags/dag.py","lineno":22,"logger":"py.warnings"}
{"timestamp":"2025-12-29T13:43:59.999079Z","level":"info","event":"Filling up the DagBag from /opt/airflow/dags/dag.py","logger":"airflow.models.dagbag.DagBag","filename":"dagbag.py","lineno":593}
{"timestamp":"2025-12-29T13:44:00.032138Z","level":"warning","event":"The `airflow.decorators.dag` attribute is deprecated. Please use `'airflow.sdk.dag'`.","category":"DeprecatedImportWarning","filename":"/opt/airflow/dags/dag.py","lineno":3,"logger":"py.warnings"}
{"timestamp":"2025-12-29T13:44:00.032193Z","level":"warning","event":"The `airflow.decorators.task` attribute is deprecated. Please use `'airflow.sdk.task'`.","category":"DeprecatedImportWarning","filename":"/opt/airflow/dags/dag.py","lineno":4,"logger":"py.warnings"}
{"timestamp":"2025-12-29T13:44:00.032219Z","level":"warning","event":"The `airflow.operators.empty.EmptyOperator` attribute is deprecated. Please use `'airflow.providers.standard.operators.empty.EmptyOperator'`.","category":"DeprecatedImportWarning","filename":"/opt/airflow/dags/dag.py","lineno":5,"logger":"py.warnings"}
{"timestamp":"2025-12-29T13:44:00.032241Z","level":"warning","event":"The `airflow.operators.python.get_current_context` attribute is deprecated. Please use `'airflow.sdk.get_current_context'`.","category":"DeprecatedImportWarning","filename":"/opt/airflow/dags/dag.py","lineno":7,"logger":"py.warnings"}
{"timestamp":"2025-12-29T13:44:00.032263Z","level":"warning","event":"The `airflow.models.param.Param` attribute is deprecated. Please use `'airflow.sdk.Param'`.","category":"DeprecatedImportWarning","filename":"/opt/airflow/dags/dag.py","lineno":14,"logger":"py.warnings"}
{"timestamp":"2025-12-29T13:44:00.032284Z","level":"warning","event":"The `airflow.operators.python.get_current_context` attribute is deprecated. Please use `'airflow.sdk.get_current_context'`.","category":"DeprecatedImportWarning","filename":"/opt/airflow/dags/dag.py","lineno":22,"logger":"py.warnings"}
{"timestamp":"2025-12-29T13:45:01.136758Z","level":"info","event":"Filling up the DagBag from /opt/airflow/dags/dag.py","logger":"airflow.models.dagbag.DagBag","filename":"dagbag.py","lineno":593}
{"timestamp":"2025-12-29T13:45:01.191441Z","level":"warning","event":"The `airflow.decorators.dag` attribute is deprecated. Please use `'airflow.sdk.dag'`.","category":"DeprecatedImportWarning","filename":"/opt/airflow/dags/dag.py","lineno":3,"logger":"py.warnings"}
{"timestamp":"2025-12-29T13:45:01.191509Z","level":"warning","event":"The `airflow.decorators.task` attribute is deprecated. Please use `'airflow.sdk.task'`.","category":"DeprecatedImportWarning","filename":"/opt/airflow/dags/dag.py","lineno":4,"logger":"py.warnings"}
{"timestamp":"2025-12-29T13:45:01.191534Z","level":"warning","event":"The `airflow.operators.empty.EmptyOperator` attribute is deprecated. Please use `'airflow.providers.standard.operators.empty.EmptyOperator'`.","category":"DeprecatedImportWarning","filename":"/opt/airflow/dags/dag.py","lineno":5,"logger":"py.warnings"}
{"timestamp":"2025-12-29T13:45:01.191555Z","level":"warning","event":"The `airflow.operators.python.get_current_context` attribute is deprecated. Please use `'airflow.sdk.get_current_context'`.","category":"DeprecatedImportWarning","filename":"/opt/airflow/dags/dag.py","lineno":7,"logger":"py.warnings"}
{"timestamp":"2025-12-29T13:45:01.191575Z","level":"warning","event":"The `airflow.models.param.Param` attribute is deprecated. Please use `'airflow.sdk.Param'`.","category":"DeprecatedImportWarning","filename":"/opt/airflow/dags/dag.py","lineno":14,"logger":"py.warnings"}
{"timestamp":"2025-12-29T13:45:01.191593Z","level":"warning","event":"The `airflow.operators.python.get_current_context` attribute is deprecated. Please use `'airflow.sdk.get_current_context'`.","category":"DeprecatedImportWarning","filename":"/opt/airflow/dags/dag.py","lineno":22,"logger":"py.warnings"}
{"timestamp":"2025-12-29T13:45:31.620059Z","level":"info","event":"Filling up the DagBag from /opt/airflow/dags/dag.py","logger":"airflow.models.dagbag.DagBag","filename":"dagbag.py","lineno":593}
{"timestamp":"2025-12-29T13:45:31.663357Z","level":"warning","event":"The `airflow.decorators.dag` attribute is deprecated. Please use `'airflow.sdk.dag'`.","category":"DeprecatedImportWarning","filename":"/opt/airflow/dags/dag.py","lineno":3,"logger":"py.warnings"}
{"timestamp":"2025-12-29T13:45:31.663617Z","level":"warning","event":"The `airflow.decorators.task` attribute is deprecated. Please use `'airflow.sdk.task'`.","category":"DeprecatedImportWarning","filename":"/opt/airflow/dags/dag.py","lineno":4,"logger":"py.warnings"}
{"timestamp":"2025-12-29T13:45:31.663667Z","level":"warning","event":"The `airflow.operators.empty.EmptyOperator` attribute is deprecated. Please use `'airflow.providers.standard.operators.empty.EmptyOperator'`.","category":"DeprecatedImportWarning","filename":"/opt/airflow/dags/dag.py","lineno":5,"logger":"py.warnings"}
{"timestamp":"2025-12-29T13:45:31.663696Z","level":"warning","event":"The `airflow.operators.python.get_current_context` attribute is deprecated. Please use `'airflow.sdk.get_current_context'`.","category":"DeprecatedImportWarning","filename":"/opt/airflow/dags/dag.py","lineno":7,"logger":"py.warnings"}
{"timestamp":"2025-12-29T13:45:31.663715Z","level":"warning","event":"The `airflow.models.param.Param` attribute is deprecated. Please use `'airflow.sdk.Param'`.","category":"DeprecatedImportWarning","filename":"/opt/airflow/dags/dag.py","lineno":14,"logger":"py.warnings"}
{"timestamp":"2025-12-29T13:45:31.663732Z","level":"warning","event":"The `airflow.operators.python.get_current_context` attribute is deprecated. Please use `'airflow.sdk.get_current_context'`.","category":"DeprecatedImportWarning","filename":"/opt/airflow/dags/dag.py","lineno":22,"logger":"py.warnings"}
{"timestamp":"2025-12-29T13:47:28.740184Z","level":"info","event":"Filling up the DagBag from /opt/airflow/dags/dag.py","logger":"airflow.models.dagbag.DagBag","filename":"dagbag.py","lineno":593}
{"timestamp":"2025-12-29T13:47:28.780112Z","level":"warning","event":"The `airflow.decorators.dag` attribute is deprecated. Please use `'airflow.sdk.dag'`.","category":"DeprecatedImportWarning","filename":"/opt/airflow/dags/dag.py","lineno":3,"logger":"py.warnings"}
{"timestamp":"2025-12-29T13:47:28.780188Z","level":"warning","event":"The `airflow.decorators.task` attribute is deprecated. Please use `'airflow.sdk.task'`.","category":"DeprecatedImportWarning","filename":"/opt/airflow/dags/dag.py","lineno":4,"logger":"py.warnings"}
{"timestamp":"2025-12-29T13:47:28.780215Z","level":"warning","event":"The `airflow.operators.empty.EmptyOperator` attribute is deprecated. Please use `'airflow.providers.standard.operators.empty.EmptyOperator'`.","category":"DeprecatedImportWarning","filename":"/opt/airflow/dags/dag.py","lineno":5,"logger":"py.warnings"}
{"timestamp":"2025-12-29T13:47:28.780236Z","level":"warning","event":"The `airflow.operators.python.get_current_context` attribute is deprecated. Please use `'airflow.sdk.get_current_context'`.","category":"DeprecatedImportWarning","filename":"/opt/airflow/dags/dag.py","lineno":7,"logger":"py.warnings"}
{"timestamp":"2025-12-29T13:47:28.780257Z","level":"warning","event":"The `airflow.models.param.Param` attribute is deprecated. Please use `'airflow.sdk.Param'`.","category":"DeprecatedImportWarning","filename":"/opt/airflow/dags/dag.py","lineno":14,"logger":"py.warnings"}
{"timestamp":"2025-12-29T13:47:28.780276Z","level":"warning","event":"The `airflow.operators.python.get_current_context` attribute is deprecated. Please use `'airflow.sdk.get_current_context'`.","category":"DeprecatedImportWarning","filename":"/opt/airflow/dags/dag.py","lineno":22,"logger":"py.warnings"}
{"timestamp":"2025-12-29T13:55:01.529370Z","level":"info","event":"Filling up the DagBag from /opt/airflow/dags/dag.py","logger":"airflow.models.dagbag.DagBag","filename":"dagbag.py","lineno":593}
{"timestamp":"2025-12-29T13:55:01.569820Z","level":"warning","event":"The `airflow.decorators.dag` attribute is deprecated. Please use `'airflow.sdk.dag'`.","category":"DeprecatedImportWarning","filename":"/opt/airflow/dags/dag.py","lineno":3,"logger":"py.warnings"}
{"timestamp":"2025-12-29T13:55:01.570208Z","level":"warning","event":"The `airflow.decorators.task` attribute is deprecated. Please use `'airflow.sdk.task'`.","category":"DeprecatedImportWarning","filename":"/opt/airflow/dags/dag.py","lineno":4,"logger":"py.warnings"}
{"timestamp":"2025-12-29T13:55:01.570377Z","level":"warning","event":"The `airflow.operators.empty.EmptyOperator` attribute is deprecated. Please use `'airflow.providers.standard.operators.empty.EmptyOperator'`.","category":"DeprecatedImportWarning","filename":"/opt/airflow/dags/dag.py","lineno":5,"logger":"py.warnings"}
{"timestamp":"2025-12-29T13:55:01.570630Z","level":"warning","event":"The `airflow.operators.python.get_current_context` attribute is deprecated. Please use `'airflow.sdk.get_current_context'`.","category":"DeprecatedImportWarning","filename":"/opt/airflow/dags/dag.py","lineno":7,"logger":"py.warnings"}
{"timestamp":"2025-12-29T13:55:01.570754Z","level":"warning","event":"The `airflow.models.param.Param` attribute is deprecated. Please use `'airflow.sdk.Param'`.","category":"DeprecatedImportWarning","filename":"/opt/airflow/dags/dag.py","lineno":14,"logger":"py.warnings"}
{"timestamp":"2025-12-29T13:55:01.570776Z","level":"warning","event":"The `airflow.operators.python.get_current_context` attribute is deprecated. Please use `'airflow.sdk.get_current_context'`.","category":"DeprecatedImportWarning","filename":"/opt/airflow/dags/dag.py","lineno":22,"logger":"py.warnings"}
{"timestamp":"2025-12-29T13:55:31.978501Z","level":"info","event":"Filling up the DagBag from /opt/airflow/dags/dag.py","logger":"airflow.models.dagbag.DagBag","filename":"dagbag.py","lineno":593}
{"timestamp":"2025-12-29T13:55:32.006524Z","level":"warning","event":"The `airflow.decorators.dag` attribute is deprecated. Please use `'airflow.sdk.dag'`.","category":"DeprecatedImportWarning","filename":"/opt/airflow/dags/dag.py","lineno":3,"logger":"py.warnings"}
{"timestamp":"2025-12-29T13:55:32.006573Z","level":"warning","event":"The `airflow.decorators.task` attribute is deprecated. Please use `'airflow.sdk.task'`.","category":"DeprecatedImportWarning","filename":"/opt/airflow/dags/dag.py","lineno":4,"logger":"py.warnings"}
{"timestamp":"2025-12-29T13:55:32.006599Z","level":"warning","event":"The `airflow.operators.empty.EmptyOperator` attribute is deprecated. Please use `'airflow.providers.standard.operators.empty.EmptyOperator'`.","category":"DeprecatedImportWarning","filename":"/opt/airflow/dags/dag.py","lineno":5,"logger":"py.warnings"}
{"timestamp":"2025-12-29T13:55:32.006622Z","level":"warning","event":"The `airflow.operators.python.get_current_context` attribute is deprecated. Please use `'airflow.sdk.get_current_context'`.","category":"DeprecatedImportWarning","filename":"/opt/airflow/dags/dag.py","lineno":7,"logger":"py.warnings"}
{"timestamp":"2025-12-29T13:55:32.006644Z","level":"warning","event":"The `airflow.models.param.Param` attribute is deprecated. Please use `'airflow.sdk.Param'`.","category":"DeprecatedImportWarning","filename":"/opt/airflow/dags/dag.py","lineno":14,"logger":"py.warnings"}
{"timestamp":"2025-12-29T13:55:32.006664Z","level":"warning","event":"The `airflow.operators.python.get_current_context` attribute is deprecated. Please use `'airflow.sdk.get_current_context'`.","category":"DeprecatedImportWarning","filename":"/opt/airflow/dags/dag.py","lineno":22,"logger":"py.warnings"}
{"timestamp":"2025-12-29T13:59:03.202095Z","level":"info","event":"Filling up the DagBag from /opt/airflow/dags/dag.py","logger":"airflow.models.dagbag.DagBag","filename":"dagbag.py","lineno":593}
{"timestamp":"2025-12-29T13:59:03.252490Z","level":"warning","event":"The `airflow.decorators.dag` attribute is deprecated. Please use `'airflow.sdk.dag'`.","category":"DeprecatedImportWarning","filename":"/opt/airflow/dags/dag.py","lineno":3,"logger":"py.warnings"}
{"timestamp":"2025-12-29T13:59:03.252559Z","level":"warning","event":"The `airflow.decorators.task` attribute is deprecated. Please use `'airflow.sdk.task'`.","category":"DeprecatedImportWarning","filename":"/opt/airflow/dags/dag.py","lineno":4,"logger":"py.warnings"}
{"timestamp":"2025-12-29T13:59:03.252586Z","level":"warning","event":"The `airflow.operators.empty.EmptyOperator` attribute is deprecated. Please use `'airflow.providers.standard.operators.empty.EmptyOperator'`.","category":"DeprecatedImportWarning","filename":"/opt/airflow/dags/dag.py","lineno":5,"logger":"py.warnings"}
{"timestamp":"2025-12-29T13:59:03.252607Z","level":"warning","event":"The `airflow.operators.python.get_current_context` attribute is deprecated. Please use `'airflow.sdk.get_current_context'`.","category":"DeprecatedImportWarning","filename":"/opt/airflow/dags/dag.py","lineno":7,"logger":"py.warnings"}
{"timestamp":"2025-12-29T13:59:03.252628Z","level":"warning","event":"The `airflow.models.param.Param` attribute is deprecated. Please use `'airflow.sdk.Param'`.","category":"DeprecatedImportWarning","filename":"/opt/airflow/dags/dag.py","lineno":14,"logger":"py.warnings"}
{"timestamp":"2025-12-29T13:59:03.252648Z","level":"warning","event":"The `airflow.operators.python.get_current_context` attribute is deprecated. Please use `'airflow.sdk.get_current_context'`.","category":"DeprecatedImportWarning","filename":"/opt/airflow/dags/dag.py","lineno":22,"logger":"py.warnings"}
{"timestamp":"2025-12-29T14:04:59.122397Z","level":"info","event":"Filling up the DagBag from /opt/airflow/dags/dag.py","logger":"airflow.models.dagbag.DagBag","filename":"dagbag.py","lineno":593}
{"timestamp":"2025-12-29T14:04:59.163342Z","level":"warning","event":"The `airflow.decorators.dag` attribute is deprecated. Please use `'airflow.sdk.dag'`.","category":"DeprecatedImportWarning","filename":"/opt/airflow/dags/dag.py","lineno":3,"logger":"py.warnings"}
{"timestamp":"2025-12-29T14:04:59.163417Z","level":"warning","event":"The `airflow.decorators.task` attribute is deprecated. Please use `'airflow.sdk.task'`.","category":"DeprecatedImportWarning","filename":"/opt/airflow/dags/dag.py","lineno":4,"logger":"py.warnings"}
{"timestamp":"2025-12-29T14:04:59.163440Z","level":"warning","event":"The `airflow.operators.empty.EmptyOperator` attribute is deprecated. Please use `'airflow.providers.standard.operators.empty.EmptyOperator'`.","category":"DeprecatedImportWarning","filename":"/opt/airflow/dags/dag.py","lineno":5,"logger":"py.warnings"}
{"timestamp":"2025-12-29T14:04:59.163459Z","level":"warning","event":"The `airflow.operators.python.get_current_context` attribute is deprecated. Please use `'airflow.sdk.get_current_context'`.","category":"DeprecatedImportWarning","filename":"/opt/airflow/dags/dag.py","lineno":7,"logger":"py.warnings"}
{"timestamp":"2025-12-29T14:04:59.163477Z","level":"warning","event":"The `airflow.models.param.Param` attribute is deprecated. Please use `'airflow.sdk.Param'`.","category":"DeprecatedImportWarning","filename":"/opt/airflow/dags/dag.py","lineno":14,"logger":"py.warnings"}
{"timestamp":"2025-12-29T14:04:59.163497Z","level":"warning","event":"The `airflow.operators.python.get_current_context` attribute is deprecated. Please use `'airflow.sdk.get_current_context'`.","category":"DeprecatedImportWarning","filename":"/opt/airflow/dags/dag.py","lineno":22,"logger":"py.warnings"}
