{"timestamp":"2025-12-28T20:59:42.607297Z","level":"info","event":"Filling up the DagBag from /opt/airflow/dags/dag_2.py","logger":"airflow.models.dagbag.DagBag","filename":"dagbag.py","lineno":593}
{"timestamp":"2025-12-28T20:59:42.659647Z","level":"warning","event":"The `airflow.decorators.dag` attribute is deprecated. Please use `'airflow.sdk.dag'`.","category":"DeprecatedImportWarning","filename":"/opt/airflow/dags/dag_2.py","lineno":3,"logger":"py.warnings"}
{"timestamp":"2025-12-28T20:59:42.659727Z","level":"warning","event":"The `airflow.decorators.task` attribute is deprecated. Please use `'airflow.sdk.task'`.","category":"DeprecatedImportWarning","filename":"/opt/airflow/dags/dag_2.py","lineno":4,"logger":"py.warnings"}
{"timestamp":"2025-12-28T20:59:42.659757Z","level":"warning","event":"The `airflow.operators.empty.EmptyOperator` attribute is deprecated. Please use `'airflow.providers.standard.operators.empty.EmptyOperator'`.","category":"DeprecatedImportWarning","filename":"/opt/airflow/dags/dag_2.py","lineno":5,"logger":"py.warnings"}
{"timestamp":"2025-12-28T20:59:42.659784Z","level":"warning","event":"The `airflow.operators.python.get_current_context` attribute is deprecated. Please use `'airflow.sdk.get_current_context'`.","category":"DeprecatedImportWarning","filename":"/opt/airflow/dags/dag_2.py","lineno":7,"logger":"py.warnings"}
{"timestamp":"2025-12-28T20:59:42.659805Z","level":"warning","event":"The `airflow.models.param.Param` attribute is deprecated. Please use `'airflow.sdk.Param'`.","category":"DeprecatedImportWarning","filename":"/opt/airflow/dags/dag_2.py","lineno":14,"logger":"py.warnings"}
{"timestamp":"2025-12-28T20:59:42.659824Z","level":"warning","event":"The `airflow.operators.python.get_current_context` attribute is deprecated. Please use `'airflow.sdk.get_current_context'`.","category":"DeprecatedImportWarning","filename":"/opt/airflow/dags/dag_2.py","lineno":22,"logger":"py.warnings"}
{"timestamp":"2025-12-28T21:00:13.118330Z","level":"info","event":"Filling up the DagBag from /opt/airflow/dags/dag_2.py","logger":"airflow.models.dagbag.DagBag","filename":"dagbag.py","lineno":593}
{"timestamp":"2025-12-28T21:00:13.154823Z","level":"warning","event":"The `airflow.decorators.dag` attribute is deprecated. Please use `'airflow.sdk.dag'`.","category":"DeprecatedImportWarning","filename":"/opt/airflow/dags/dag_2.py","lineno":3,"logger":"py.warnings"}
{"timestamp":"2025-12-28T21:00:13.155027Z","level":"warning","event":"The `airflow.decorators.task` attribute is deprecated. Please use `'airflow.sdk.task'`.","category":"DeprecatedImportWarning","filename":"/opt/airflow/dags/dag_2.py","lineno":4,"logger":"py.warnings"}
{"timestamp":"2025-12-28T21:00:13.155075Z","level":"warning","event":"The `airflow.operators.empty.EmptyOperator` attribute is deprecated. Please use `'airflow.providers.standard.operators.empty.EmptyOperator'`.","category":"DeprecatedImportWarning","filename":"/opt/airflow/dags/dag_2.py","lineno":5,"logger":"py.warnings"}
{"timestamp":"2025-12-28T21:00:13.155096Z","level":"warning","event":"The `airflow.operators.python.get_current_context` attribute is deprecated. Please use `'airflow.sdk.get_current_context'`.","category":"DeprecatedImportWarning","filename":"/opt/airflow/dags/dag_2.py","lineno":7,"logger":"py.warnings"}
{"timestamp":"2025-12-28T21:00:13.155116Z","level":"warning","event":"The `airflow.models.param.Param` attribute is deprecated. Please use `'airflow.sdk.Param'`.","category":"DeprecatedImportWarning","filename":"/opt/airflow/dags/dag_2.py","lineno":14,"logger":"py.warnings"}
{"timestamp":"2025-12-28T21:00:13.155134Z","level":"warning","event":"The `airflow.operators.python.get_current_context` attribute is deprecated. Please use `'airflow.sdk.get_current_context'`.","category":"DeprecatedImportWarning","filename":"/opt/airflow/dags/dag_2.py","lineno":22,"logger":"py.warnings"}
{"timestamp":"2025-12-28T21:00:43.610290Z","level":"info","event":"Filling up the DagBag from /opt/airflow/dags/dag_2.py","logger":"airflow.models.dagbag.DagBag","filename":"dagbag.py","lineno":593}
{"timestamp":"2025-12-28T21:00:43.646120Z","level":"warning","event":"The `airflow.decorators.dag` attribute is deprecated. Please use `'airflow.sdk.dag'`.","category":"DeprecatedImportWarning","filename":"/opt/airflow/dags/dag_2.py","lineno":3,"logger":"py.warnings"}
{"timestamp":"2025-12-28T21:00:43.646353Z","level":"warning","event":"The `airflow.decorators.task` attribute is deprecated. Please use `'airflow.sdk.task'`.","category":"DeprecatedImportWarning","filename":"/opt/airflow/dags/dag_2.py","lineno":4,"logger":"py.warnings"}
{"timestamp":"2025-12-28T21:00:43.646383Z","level":"warning","event":"The `airflow.operators.empty.EmptyOperator` attribute is deprecated. Please use `'airflow.providers.standard.operators.empty.EmptyOperator'`.","category":"DeprecatedImportWarning","filename":"/opt/airflow/dags/dag_2.py","lineno":5,"logger":"py.warnings"}
{"timestamp":"2025-12-28T21:00:43.646403Z","level":"warning","event":"The `airflow.operators.python.get_current_context` attribute is deprecated. Please use `'airflow.sdk.get_current_context'`.","category":"DeprecatedImportWarning","filename":"/opt/airflow/dags/dag_2.py","lineno":7,"logger":"py.warnings"}
{"timestamp":"2025-12-28T21:00:43.646422Z","level":"warning","event":"The `airflow.models.param.Param` attribute is deprecated. Please use `'airflow.sdk.Param'`.","category":"DeprecatedImportWarning","filename":"/opt/airflow/dags/dag_2.py","lineno":14,"logger":"py.warnings"}
{"timestamp":"2025-12-28T21:00:43.646440Z","level":"warning","event":"The `airflow.operators.python.get_current_context` attribute is deprecated. Please use `'airflow.sdk.get_current_context'`.","category":"DeprecatedImportWarning","filename":"/opt/airflow/dags/dag_2.py","lineno":22,"logger":"py.warnings"}
{"timestamp":"2025-12-28T21:01:14.168084Z","level":"info","event":"Filling up the DagBag from /opt/airflow/dags/dag_2.py","logger":"airflow.models.dagbag.DagBag","filename":"dagbag.py","lineno":593}
{"timestamp":"2025-12-28T21:01:14.210538Z","level":"warning","event":"The `airflow.decorators.dag` attribute is deprecated. Please use `'airflow.sdk.dag'`.","category":"DeprecatedImportWarning","filename":"/opt/airflow/dags/dag_2.py","lineno":3,"logger":"py.warnings"}
{"timestamp":"2025-12-28T21:01:14.210602Z","level":"warning","event":"The `airflow.decorators.task` attribute is deprecated. Please use `'airflow.sdk.task'`.","category":"DeprecatedImportWarning","filename":"/opt/airflow/dags/dag_2.py","lineno":4,"logger":"py.warnings"}
{"timestamp":"2025-12-28T21:01:14.210625Z","level":"warning","event":"The `airflow.operators.empty.EmptyOperator` attribute is deprecated. Please use `'airflow.providers.standard.operators.empty.EmptyOperator'`.","category":"DeprecatedImportWarning","filename":"/opt/airflow/dags/dag_2.py","lineno":5,"logger":"py.warnings"}
{"timestamp":"2025-12-28T21:01:14.210647Z","level":"warning","event":"The `airflow.operators.python.get_current_context` attribute is deprecated. Please use `'airflow.sdk.get_current_context'`.","category":"DeprecatedImportWarning","filename":"/opt/airflow/dags/dag_2.py","lineno":7,"logger":"py.warnings"}
{"timestamp":"2025-12-28T21:01:14.210669Z","level":"warning","event":"The `airflow.models.param.Param` attribute is deprecated. Please use `'airflow.sdk.Param'`.","category":"DeprecatedImportWarning","filename":"/opt/airflow/dags/dag_2.py","lineno":14,"logger":"py.warnings"}
{"timestamp":"2025-12-28T21:01:14.210688Z","level":"warning","event":"The `airflow.operators.python.get_current_context` attribute is deprecated. Please use `'airflow.sdk.get_current_context'`.","category":"DeprecatedImportWarning","filename":"/opt/airflow/dags/dag_2.py","lineno":22,"logger":"py.warnings"}
{"timestamp":"2025-12-28T21:01:44.716186Z","level":"info","event":"Filling up the DagBag from /opt/airflow/dags/dag_2.py","logger":"airflow.models.dagbag.DagBag","filename":"dagbag.py","lineno":593}
{"timestamp":"2025-12-28T21:01:44.751431Z","level":"warning","event":"The `airflow.decorators.dag` attribute is deprecated. Please use `'airflow.sdk.dag'`.","category":"DeprecatedImportWarning","filename":"/opt/airflow/dags/dag_2.py","lineno":3,"logger":"py.warnings"}
{"timestamp":"2025-12-28T21:01:44.751490Z","level":"warning","event":"The `airflow.decorators.task` attribute is deprecated. Please use `'airflow.sdk.task'`.","category":"DeprecatedImportWarning","filename":"/opt/airflow/dags/dag_2.py","lineno":4,"logger":"py.warnings"}
{"timestamp":"2025-12-28T21:01:44.751515Z","level":"warning","event":"The `airflow.operators.empty.EmptyOperator` attribute is deprecated. Please use `'airflow.providers.standard.operators.empty.EmptyOperator'`.","category":"DeprecatedImportWarning","filename":"/opt/airflow/dags/dag_2.py","lineno":5,"logger":"py.warnings"}
{"timestamp":"2025-12-28T21:01:44.751536Z","level":"warning","event":"The `airflow.operators.python.get_current_context` attribute is deprecated. Please use `'airflow.sdk.get_current_context'`.","category":"DeprecatedImportWarning","filename":"/opt/airflow/dags/dag_2.py","lineno":7,"logger":"py.warnings"}
{"timestamp":"2025-12-28T21:01:44.751557Z","level":"warning","event":"The `airflow.models.param.Param` attribute is deprecated. Please use `'airflow.sdk.Param'`.","category":"DeprecatedImportWarning","filename":"/opt/airflow/dags/dag_2.py","lineno":14,"logger":"py.warnings"}
{"timestamp":"2025-12-28T21:01:44.751576Z","level":"warning","event":"The `airflow.operators.python.get_current_context` attribute is deprecated. Please use `'airflow.sdk.get_current_context'`.","category":"DeprecatedImportWarning","filename":"/opt/airflow/dags/dag_2.py","lineno":22,"logger":"py.warnings"}
{"timestamp":"2025-12-28T21:02:15.295929Z","level":"info","event":"Filling up the DagBag from /opt/airflow/dags/dag_2.py","logger":"airflow.models.dagbag.DagBag","filename":"dagbag.py","lineno":593}
{"timestamp":"2025-12-28T21:02:15.328383Z","level":"warning","event":"The `airflow.decorators.dag` attribute is deprecated. Please use `'airflow.sdk.dag'`.","category":"DeprecatedImportWarning","filename":"/opt/airflow/dags/dag_2.py","lineno":3,"logger":"py.warnings"}
{"timestamp":"2025-12-28T21:02:15.328569Z","level":"warning","event":"The `airflow.decorators.task` attribute is deprecated. Please use `'airflow.sdk.task'`.","category":"DeprecatedImportWarning","filename":"/opt/airflow/dags/dag_2.py","lineno":4,"logger":"py.warnings"}
{"timestamp":"2025-12-28T21:02:15.328610Z","level":"warning","event":"The `airflow.operators.empty.EmptyOperator` attribute is deprecated. Please use `'airflow.providers.standard.operators.empty.EmptyOperator'`.","category":"DeprecatedImportWarning","filename":"/opt/airflow/dags/dag_2.py","lineno":5,"logger":"py.warnings"}
{"timestamp":"2025-12-28T21:02:15.328632Z","level":"warning","event":"The `airflow.operators.python.get_current_context` attribute is deprecated. Please use `'airflow.sdk.get_current_context'`.","category":"DeprecatedImportWarning","filename":"/opt/airflow/dags/dag_2.py","lineno":7,"logger":"py.warnings"}
{"timestamp":"2025-12-28T21:02:15.328651Z","level":"warning","event":"The `airflow.models.param.Param` attribute is deprecated. Please use `'airflow.sdk.Param'`.","category":"DeprecatedImportWarning","filename":"/opt/airflow/dags/dag_2.py","lineno":14,"logger":"py.warnings"}
{"timestamp":"2025-12-28T21:02:15.328670Z","level":"warning","event":"The `airflow.operators.python.get_current_context` attribute is deprecated. Please use `'airflow.sdk.get_current_context'`.","category":"DeprecatedImportWarning","filename":"/opt/airflow/dags/dag_2.py","lineno":22,"logger":"py.warnings"}
{"timestamp":"2025-12-28T21:02:45.855905Z","level":"info","event":"Filling up the DagBag from /opt/airflow/dags/dag_2.py","logger":"airflow.models.dagbag.DagBag","filename":"dagbag.py","lineno":593}
{"timestamp":"2025-12-28T21:02:45.892279Z","level":"warning","event":"The `airflow.decorators.dag` attribute is deprecated. Please use `'airflow.sdk.dag'`.","category":"DeprecatedImportWarning","filename":"/opt/airflow/dags/dag_2.py","lineno":3,"logger":"py.warnings"}
{"timestamp":"2025-12-28T21:02:45.892331Z","level":"warning","event":"The `airflow.decorators.task` attribute is deprecated. Please use `'airflow.sdk.task'`.","category":"DeprecatedImportWarning","filename":"/opt/airflow/dags/dag_2.py","lineno":4,"logger":"py.warnings"}
{"timestamp":"2025-12-28T21:02:45.892354Z","level":"warning","event":"The `airflow.operators.empty.EmptyOperator` attribute is deprecated. Please use `'airflow.providers.standard.operators.empty.EmptyOperator'`.","category":"DeprecatedImportWarning","filename":"/opt/airflow/dags/dag_2.py","lineno":5,"logger":"py.warnings"}
{"timestamp":"2025-12-28T21:02:45.892374Z","level":"warning","event":"The `airflow.operators.python.get_current_context` attribute is deprecated. Please use `'airflow.sdk.get_current_context'`.","category":"DeprecatedImportWarning","filename":"/opt/airflow/dags/dag_2.py","lineno":7,"logger":"py.warnings"}
{"timestamp":"2025-12-28T21:02:45.892395Z","level":"warning","event":"The `airflow.models.param.Param` attribute is deprecated. Please use `'airflow.sdk.Param'`.","category":"DeprecatedImportWarning","filename":"/opt/airflow/dags/dag_2.py","lineno":14,"logger":"py.warnings"}
{"timestamp":"2025-12-28T21:02:45.892413Z","level":"warning","event":"The `airflow.operators.python.get_current_context` attribute is deprecated. Please use `'airflow.sdk.get_current_context'`.","category":"DeprecatedImportWarning","filename":"/opt/airflow/dags/dag_2.py","lineno":22,"logger":"py.warnings"}
{"timestamp":"2025-12-28T21:03:16.312694Z","level":"info","event":"Filling up the DagBag from /opt/airflow/dags/dag_2.py","logger":"airflow.models.dagbag.DagBag","filename":"dagbag.py","lineno":593}
{"timestamp":"2025-12-28T21:03:16.355195Z","level":"warning","event":"The `airflow.decorators.dag` attribute is deprecated. Please use `'airflow.sdk.dag'`.","category":"DeprecatedImportWarning","filename":"/opt/airflow/dags/dag_2.py","lineno":3,"logger":"py.warnings"}
{"timestamp":"2025-12-28T21:03:16.355392Z","level":"warning","event":"The `airflow.decorators.task` attribute is deprecated. Please use `'airflow.sdk.task'`.","category":"DeprecatedImportWarning","filename":"/opt/airflow/dags/dag_2.py","lineno":4,"logger":"py.warnings"}
{"timestamp":"2025-12-28T21:03:16.355733Z","level":"warning","event":"The `airflow.operators.empty.EmptyOperator` attribute is deprecated. Please use `'airflow.providers.standard.operators.empty.EmptyOperator'`.","category":"DeprecatedImportWarning","filename":"/opt/airflow/dags/dag_2.py","lineno":5,"logger":"py.warnings"}
{"timestamp":"2025-12-28T21:03:16.355765Z","level":"warning","event":"The `airflow.operators.python.get_current_context` attribute is deprecated. Please use `'airflow.sdk.get_current_context'`.","category":"DeprecatedImportWarning","filename":"/opt/airflow/dags/dag_2.py","lineno":7,"logger":"py.warnings"}
{"timestamp":"2025-12-28T21:03:16.355787Z","level":"warning","event":"The `airflow.models.param.Param` attribute is deprecated. Please use `'airflow.sdk.Param'`.","category":"DeprecatedImportWarning","filename":"/opt/airflow/dags/dag_2.py","lineno":14,"logger":"py.warnings"}
{"timestamp":"2025-12-28T21:03:16.355806Z","level":"warning","event":"The `airflow.operators.python.get_current_context` attribute is deprecated. Please use `'airflow.sdk.get_current_context'`.","category":"DeprecatedImportWarning","filename":"/opt/airflow/dags/dag_2.py","lineno":22,"logger":"py.warnings"}
{"timestamp":"2025-12-28T21:03:46.844200Z","level":"info","event":"Filling up the DagBag from /opt/airflow/dags/dag_2.py","logger":"airflow.models.dagbag.DagBag","filename":"dagbag.py","lineno":593}
{"timestamp":"2025-12-28T21:03:46.883540Z","level":"warning","event":"The `airflow.decorators.dag` attribute is deprecated. Please use `'airflow.sdk.dag'`.","category":"DeprecatedImportWarning","filename":"/opt/airflow/dags/dag_2.py","lineno":3,"logger":"py.warnings"}
{"timestamp":"2025-12-28T21:03:46.883594Z","level":"warning","event":"The `airflow.decorators.task` attribute is deprecated. Please use `'airflow.sdk.task'`.","category":"DeprecatedImportWarning","filename":"/opt/airflow/dags/dag_2.py","lineno":4,"logger":"py.warnings"}
{"timestamp":"2025-12-28T21:03:46.883618Z","level":"warning","event":"The `airflow.operators.empty.EmptyOperator` attribute is deprecated. Please use `'airflow.providers.standard.operators.empty.EmptyOperator'`.","category":"DeprecatedImportWarning","filename":"/opt/airflow/dags/dag_2.py","lineno":5,"logger":"py.warnings"}
{"timestamp":"2025-12-28T21:03:46.883640Z","level":"warning","event":"The `airflow.operators.python.get_current_context` attribute is deprecated. Please use `'airflow.sdk.get_current_context'`.","category":"DeprecatedImportWarning","filename":"/opt/airflow/dags/dag_2.py","lineno":7,"logger":"py.warnings"}
{"timestamp":"2025-12-28T21:03:46.883659Z","level":"warning","event":"The `airflow.models.param.Param` attribute is deprecated. Please use `'airflow.sdk.Param'`.","category":"DeprecatedImportWarning","filename":"/opt/airflow/dags/dag_2.py","lineno":14,"logger":"py.warnings"}
{"timestamp":"2025-12-28T21:03:46.883677Z","level":"warning","event":"The `airflow.operators.python.get_current_context` attribute is deprecated. Please use `'airflow.sdk.get_current_context'`.","category":"DeprecatedImportWarning","filename":"/opt/airflow/dags/dag_2.py","lineno":22,"logger":"py.warnings"}
{"timestamp":"2025-12-28T21:04:17.357246Z","level":"info","event":"Filling up the DagBag from /opt/airflow/dags/dag_2.py","logger":"airflow.models.dagbag.DagBag","filename":"dagbag.py","lineno":593}
{"timestamp":"2025-12-28T21:04:17.393390Z","level":"warning","event":"The `airflow.decorators.dag` attribute is deprecated. Please use `'airflow.sdk.dag'`.","category":"DeprecatedImportWarning","filename":"/opt/airflow/dags/dag_2.py","lineno":3,"logger":"py.warnings"}
{"timestamp":"2025-12-28T21:04:17.393561Z","level":"warning","event":"The `airflow.decorators.task` attribute is deprecated. Please use `'airflow.sdk.task'`.","category":"DeprecatedImportWarning","filename":"/opt/airflow/dags/dag_2.py","lineno":4,"logger":"py.warnings"}
{"timestamp":"2025-12-28T21:04:17.393855Z","level":"warning","event":"The `airflow.operators.empty.EmptyOperator` attribute is deprecated. Please use `'airflow.providers.standard.operators.empty.EmptyOperator'`.","category":"DeprecatedImportWarning","filename":"/opt/airflow/dags/dag_2.py","lineno":5,"logger":"py.warnings"}
{"timestamp":"2025-12-28T21:04:17.393878Z","level":"warning","event":"The `airflow.operators.python.get_current_context` attribute is deprecated. Please use `'airflow.sdk.get_current_context'`.","category":"DeprecatedImportWarning","filename":"/opt/airflow/dags/dag_2.py","lineno":7,"logger":"py.warnings"}
{"timestamp":"2025-12-28T21:04:17.394036Z","level":"warning","event":"The `airflow.models.param.Param` attribute is deprecated. Please use `'airflow.sdk.Param'`.","category":"DeprecatedImportWarning","filename":"/opt/airflow/dags/dag_2.py","lineno":14,"logger":"py.warnings"}
{"timestamp":"2025-12-28T21:04:17.394060Z","level":"warning","event":"The `airflow.operators.python.get_current_context` attribute is deprecated. Please use `'airflow.sdk.get_current_context'`.","category":"DeprecatedImportWarning","filename":"/opt/airflow/dags/dag_2.py","lineno":22,"logger":"py.warnings"}
{"timestamp":"2025-12-28T21:04:47.912419Z","level":"info","event":"Filling up the DagBag from /opt/airflow/dags/dag_2.py","logger":"airflow.models.dagbag.DagBag","filename":"dagbag.py","lineno":593}
{"timestamp":"2025-12-28T21:04:47.959150Z","level":"warning","event":"The `airflow.decorators.dag` attribute is deprecated. Please use `'airflow.sdk.dag'`.","category":"DeprecatedImportWarning","filename":"/opt/airflow/dags/dag_2.py","lineno":3,"logger":"py.warnings"}
{"timestamp":"2025-12-28T21:04:47.959228Z","level":"warning","event":"The `airflow.decorators.task` attribute is deprecated. Please use `'airflow.sdk.task'`.","category":"DeprecatedImportWarning","filename":"/opt/airflow/dags/dag_2.py","lineno":4,"logger":"py.warnings"}
{"timestamp":"2025-12-28T21:04:47.959254Z","level":"warning","event":"The `airflow.operators.empty.EmptyOperator` attribute is deprecated. Please use `'airflow.providers.standard.operators.empty.EmptyOperator'`.","category":"DeprecatedImportWarning","filename":"/opt/airflow/dags/dag_2.py","lineno":5,"logger":"py.warnings"}
{"timestamp":"2025-12-28T21:04:47.959280Z","level":"warning","event":"The `airflow.operators.python.get_current_context` attribute is deprecated. Please use `'airflow.sdk.get_current_context'`.","category":"DeprecatedImportWarning","filename":"/opt/airflow/dags/dag_2.py","lineno":7,"logger":"py.warnings"}
{"timestamp":"2025-12-28T21:04:47.959307Z","level":"warning","event":"The `airflow.models.param.Param` attribute is deprecated. Please use `'airflow.sdk.Param'`.","category":"DeprecatedImportWarning","filename":"/opt/airflow/dags/dag_2.py","lineno":14,"logger":"py.warnings"}
{"timestamp":"2025-12-28T21:04:47.959325Z","level":"warning","event":"The `airflow.operators.python.get_current_context` attribute is deprecated. Please use `'airflow.sdk.get_current_context'`.","category":"DeprecatedImportWarning","filename":"/opt/airflow/dags/dag_2.py","lineno":22,"logger":"py.warnings"}
{"timestamp":"2025-12-28T21:05:18.411600Z","level":"info","event":"Filling up the DagBag from /opt/airflow/dags/dag_2.py","logger":"airflow.models.dagbag.DagBag","filename":"dagbag.py","lineno":593}
{"timestamp":"2025-12-28T21:05:18.446257Z","level":"warning","event":"The `airflow.decorators.dag` attribute is deprecated. Please use `'airflow.sdk.dag'`.","category":"DeprecatedImportWarning","filename":"/opt/airflow/dags/dag_2.py","lineno":3,"logger":"py.warnings"}
{"timestamp":"2025-12-28T21:05:18.446307Z","level":"warning","event":"The `airflow.decorators.task` attribute is deprecated. Please use `'airflow.sdk.task'`.","category":"DeprecatedImportWarning","filename":"/opt/airflow/dags/dag_2.py","lineno":4,"logger":"py.warnings"}
{"timestamp":"2025-12-28T21:05:18.446331Z","level":"warning","event":"The `airflow.operators.empty.EmptyOperator` attribute is deprecated. Please use `'airflow.providers.standard.operators.empty.EmptyOperator'`.","category":"DeprecatedImportWarning","filename":"/opt/airflow/dags/dag_2.py","lineno":5,"logger":"py.warnings"}
{"timestamp":"2025-12-28T21:05:18.446352Z","level":"warning","event":"The `airflow.operators.python.get_current_context` attribute is deprecated. Please use `'airflow.sdk.get_current_context'`.","category":"DeprecatedImportWarning","filename":"/opt/airflow/dags/dag_2.py","lineno":7,"logger":"py.warnings"}
{"timestamp":"2025-12-28T21:05:18.446373Z","level":"warning","event":"The `airflow.models.param.Param` attribute is deprecated. Please use `'airflow.sdk.Param'`.","category":"DeprecatedImportWarning","filename":"/opt/airflow/dags/dag_2.py","lineno":14,"logger":"py.warnings"}
{"timestamp":"2025-12-28T21:05:18.446391Z","level":"warning","event":"The `airflow.operators.python.get_current_context` attribute is deprecated. Please use `'airflow.sdk.get_current_context'`.","category":"DeprecatedImportWarning","filename":"/opt/airflow/dags/dag_2.py","lineno":22,"logger":"py.warnings"}
{"timestamp":"2025-12-28T21:05:48.883706Z","level":"info","event":"Filling up the DagBag from /opt/airflow/dags/dag_2.py","logger":"airflow.models.dagbag.DagBag","filename":"dagbag.py","lineno":593}
{"timestamp":"2025-12-28T21:05:48.919774Z","level":"warning","event":"The `airflow.decorators.dag` attribute is deprecated. Please use `'airflow.sdk.dag'`.","category":"DeprecatedImportWarning","filename":"/opt/airflow/dags/dag_2.py","lineno":3,"logger":"py.warnings"}
{"timestamp":"2025-12-28T21:05:48.919828Z","level":"warning","event":"The `airflow.decorators.task` attribute is deprecated. Please use `'airflow.sdk.task'`.","category":"DeprecatedImportWarning","filename":"/opt/airflow/dags/dag_2.py","lineno":4,"logger":"py.warnings"}
{"timestamp":"2025-12-28T21:05:48.919853Z","level":"warning","event":"The `airflow.operators.empty.EmptyOperator` attribute is deprecated. Please use `'airflow.providers.standard.operators.empty.EmptyOperator'`.","category":"DeprecatedImportWarning","filename":"/opt/airflow/dags/dag_2.py","lineno":5,"logger":"py.warnings"}
{"timestamp":"2025-12-28T21:05:48.919874Z","level":"warning","event":"The `airflow.operators.python.get_current_context` attribute is deprecated. Please use `'airflow.sdk.get_current_context'`.","category":"DeprecatedImportWarning","filename":"/opt/airflow/dags/dag_2.py","lineno":7,"logger":"py.warnings"}
{"timestamp":"2025-12-28T21:05:48.919894Z","level":"warning","event":"The `airflow.models.param.Param` attribute is deprecated. Please use `'airflow.sdk.Param'`.","category":"DeprecatedImportWarning","filename":"/opt/airflow/dags/dag_2.py","lineno":14,"logger":"py.warnings"}
{"timestamp":"2025-12-28T21:05:48.919913Z","level":"warning","event":"The `airflow.operators.python.get_current_context` attribute is deprecated. Please use `'airflow.sdk.get_current_context'`.","category":"DeprecatedImportWarning","filename":"/opt/airflow/dags/dag_2.py","lineno":22,"logger":"py.warnings"}
{"timestamp":"2025-12-28T21:06:19.361004Z","level":"info","event":"Filling up the DagBag from /opt/airflow/dags/dag_2.py","logger":"airflow.models.dagbag.DagBag","filename":"dagbag.py","lineno":593}
{"timestamp":"2025-12-28T21:06:19.395612Z","level":"warning","event":"The `airflow.decorators.dag` attribute is deprecated. Please use `'airflow.sdk.dag'`.","category":"DeprecatedImportWarning","filename":"/opt/airflow/dags/dag_2.py","lineno":3,"logger":"py.warnings"}
{"timestamp":"2025-12-28T21:06:19.395832Z","level":"warning","event":"The `airflow.decorators.task` attribute is deprecated. Please use `'airflow.sdk.task'`.","category":"DeprecatedImportWarning","filename":"/opt/airflow/dags/dag_2.py","lineno":4,"logger":"py.warnings"}
{"timestamp":"2025-12-28T21:06:19.395866Z","level":"warning","event":"The `airflow.operators.empty.EmptyOperator` attribute is deprecated. Please use `'airflow.providers.standard.operators.empty.EmptyOperator'`.","category":"DeprecatedImportWarning","filename":"/opt/airflow/dags/dag_2.py","lineno":5,"logger":"py.warnings"}
{"timestamp":"2025-12-28T21:06:19.395888Z","level":"warning","event":"The `airflow.operators.python.get_current_context` attribute is deprecated. Please use `'airflow.sdk.get_current_context'`.","category":"DeprecatedImportWarning","filename":"/opt/airflow/dags/dag_2.py","lineno":7,"logger":"py.warnings"}
{"timestamp":"2025-12-28T21:06:19.395908Z","level":"warning","event":"The `airflow.models.param.Param` attribute is deprecated. Please use `'airflow.sdk.Param'`.","category":"DeprecatedImportWarning","filename":"/opt/airflow/dags/dag_2.py","lineno":14,"logger":"py.warnings"}
{"timestamp":"2025-12-28T21:06:19.395927Z","level":"warning","event":"The `airflow.operators.python.get_current_context` attribute is deprecated. Please use `'airflow.sdk.get_current_context'`.","category":"DeprecatedImportWarning","filename":"/opt/airflow/dags/dag_2.py","lineno":22,"logger":"py.warnings"}
{"timestamp":"2025-12-28T21:06:49.887223Z","level":"info","event":"Filling up the DagBag from /opt/airflow/dags/dag_2.py","logger":"airflow.models.dagbag.DagBag","filename":"dagbag.py","lineno":593}
{"timestamp":"2025-12-28T21:06:49.919178Z","level":"warning","event":"The `airflow.decorators.dag` attribute is deprecated. Please use `'airflow.sdk.dag'`.","category":"DeprecatedImportWarning","filename":"/opt/airflow/dags/dag_2.py","lineno":3,"logger":"py.warnings"}
{"timestamp":"2025-12-28T21:06:49.919233Z","level":"warning","event":"The `airflow.decorators.task` attribute is deprecated. Please use `'airflow.sdk.task'`.","category":"DeprecatedImportWarning","filename":"/opt/airflow/dags/dag_2.py","lineno":4,"logger":"py.warnings"}
{"timestamp":"2025-12-28T21:06:49.919259Z","level":"warning","event":"The `airflow.operators.empty.EmptyOperator` attribute is deprecated. Please use `'airflow.providers.standard.operators.empty.EmptyOperator'`.","category":"DeprecatedImportWarning","filename":"/opt/airflow/dags/dag_2.py","lineno":5,"logger":"py.warnings"}
{"timestamp":"2025-12-28T21:06:49.919283Z","level":"warning","event":"The `airflow.operators.python.get_current_context` attribute is deprecated. Please use `'airflow.sdk.get_current_context'`.","category":"DeprecatedImportWarning","filename":"/opt/airflow/dags/dag_2.py","lineno":7,"logger":"py.warnings"}
{"timestamp":"2025-12-28T21:06:49.919304Z","level":"warning","event":"The `airflow.models.param.Param` attribute is deprecated. Please use `'airflow.sdk.Param'`.","category":"DeprecatedImportWarning","filename":"/opt/airflow/dags/dag_2.py","lineno":14,"logger":"py.warnings"}
{"timestamp":"2025-12-28T21:06:49.919336Z","level":"warning","event":"The `airflow.operators.python.get_current_context` attribute is deprecated. Please use `'airflow.sdk.get_current_context'`.","category":"DeprecatedImportWarning","filename":"/opt/airflow/dags/dag_2.py","lineno":22,"logger":"py.warnings"}
{"timestamp":"2025-12-28T21:07:20.384093Z","level":"info","event":"Filling up the DagBag from /opt/airflow/dags/dag_2.py","logger":"airflow.models.dagbag.DagBag","filename":"dagbag.py","lineno":593}
{"timestamp":"2025-12-28T21:07:20.418732Z","level":"warning","event":"The `airflow.decorators.dag` attribute is deprecated. Please use `'airflow.sdk.dag'`.","category":"DeprecatedImportWarning","filename":"/opt/airflow/dags/dag_2.py","lineno":3,"logger":"py.warnings"}
{"timestamp":"2025-12-28T21:07:20.418800Z","level":"warning","event":"The `airflow.decorators.task` attribute is deprecated. Please use `'airflow.sdk.task'`.","category":"DeprecatedImportWarning","filename":"/opt/airflow/dags/dag_2.py","lineno":4,"logger":"py.warnings"}
{"timestamp":"2025-12-28T21:07:20.418827Z","level":"warning","event":"The `airflow.operators.empty.EmptyOperator` attribute is deprecated. Please use `'airflow.providers.standard.operators.empty.EmptyOperator'`.","category":"DeprecatedImportWarning","filename":"/opt/airflow/dags/dag_2.py","lineno":5,"logger":"py.warnings"}
{"timestamp":"2025-12-28T21:07:20.418851Z","level":"warning","event":"The `airflow.operators.python.get_current_context` attribute is deprecated. Please use `'airflow.sdk.get_current_context'`.","category":"DeprecatedImportWarning","filename":"/opt/airflow/dags/dag_2.py","lineno":7,"logger":"py.warnings"}
{"timestamp":"2025-12-28T21:07:20.418873Z","level":"warning","event":"The `airflow.models.param.Param` attribute is deprecated. Please use `'airflow.sdk.Param'`.","category":"DeprecatedImportWarning","filename":"/opt/airflow/dags/dag_2.py","lineno":14,"logger":"py.warnings"}
{"timestamp":"2025-12-28T21:07:20.418892Z","level":"warning","event":"The `airflow.operators.python.get_current_context` attribute is deprecated. Please use `'airflow.sdk.get_current_context'`.","category":"DeprecatedImportWarning","filename":"/opt/airflow/dags/dag_2.py","lineno":22,"logger":"py.warnings"}
{"timestamp":"2025-12-28T21:15:44.342447Z","level":"info","event":"Filling up the DagBag from /opt/airflow/dags/dag_2.py","logger":"airflow.models.dagbag.DagBag","filename":"dagbag.py","lineno":593}
{"timestamp":"2025-12-28T21:15:44.400091Z","level":"warning","event":"The `airflow.decorators.dag` attribute is deprecated. Please use `'airflow.sdk.dag'`.","category":"DeprecatedImportWarning","filename":"/opt/airflow/dags/dag_2.py","lineno":3,"logger":"py.warnings"}
{"timestamp":"2025-12-28T21:15:44.400175Z","level":"warning","event":"The `airflow.decorators.task` attribute is deprecated. Please use `'airflow.sdk.task'`.","category":"DeprecatedImportWarning","filename":"/opt/airflow/dags/dag_2.py","lineno":4,"logger":"py.warnings"}
{"timestamp":"2025-12-28T21:15:44.400202Z","level":"warning","event":"The `airflow.operators.empty.EmptyOperator` attribute is deprecated. Please use `'airflow.providers.standard.operators.empty.EmptyOperator'`.","category":"DeprecatedImportWarning","filename":"/opt/airflow/dags/dag_2.py","lineno":5,"logger":"py.warnings"}
{"timestamp":"2025-12-28T21:15:44.400224Z","level":"warning","event":"The `airflow.operators.python.get_current_context` attribute is deprecated. Please use `'airflow.sdk.get_current_context'`.","category":"DeprecatedImportWarning","filename":"/opt/airflow/dags/dag_2.py","lineno":7,"logger":"py.warnings"}
{"timestamp":"2025-12-28T21:15:44.400244Z","level":"warning","event":"The `airflow.models.param.Param` attribute is deprecated. Please use `'airflow.sdk.Param'`.","category":"DeprecatedImportWarning","filename":"/opt/airflow/dags/dag_2.py","lineno":14,"logger":"py.warnings"}
{"timestamp":"2025-12-28T21:15:44.400263Z","level":"warning","event":"The `airflow.operators.python.get_current_context` attribute is deprecated. Please use `'airflow.sdk.get_current_context'`.","category":"DeprecatedImportWarning","filename":"/opt/airflow/dags/dag_2.py","lineno":22,"logger":"py.warnings"}
{"timestamp":"2025-12-28T21:28:08.797068Z","level":"info","event":"Filling up the DagBag from /opt/airflow/dags/dag_2.py","logger":"airflow.models.dagbag.DagBag","filename":"dagbag.py","lineno":593}
{"timestamp":"2025-12-28T21:28:08.841508Z","level":"warning","event":"The `airflow.decorators.dag` attribute is deprecated. Please use `'airflow.sdk.dag'`.","category":"DeprecatedImportWarning","filename":"/opt/airflow/dags/dag_2.py","lineno":3,"logger":"py.warnings"}
{"timestamp":"2025-12-28T21:28:08.841583Z","level":"warning","event":"The `airflow.decorators.task` attribute is deprecated. Please use `'airflow.sdk.task'`.","category":"DeprecatedImportWarning","filename":"/opt/airflow/dags/dag_2.py","lineno":4,"logger":"py.warnings"}
{"timestamp":"2025-12-28T21:28:08.841621Z","level":"warning","event":"The `airflow.operators.empty.EmptyOperator` attribute is deprecated. Please use `'airflow.providers.standard.operators.empty.EmptyOperator'`.","category":"DeprecatedImportWarning","filename":"/opt/airflow/dags/dag_2.py","lineno":5,"logger":"py.warnings"}
{"timestamp":"2025-12-28T21:28:08.841644Z","level":"warning","event":"The `airflow.operators.python.get_current_context` attribute is deprecated. Please use `'airflow.sdk.get_current_context'`.","category":"DeprecatedImportWarning","filename":"/opt/airflow/dags/dag_2.py","lineno":7,"logger":"py.warnings"}
{"timestamp":"2025-12-28T21:28:08.841667Z","level":"warning","event":"The `airflow.models.param.Param` attribute is deprecated. Please use `'airflow.sdk.Param'`.","category":"DeprecatedImportWarning","filename":"/opt/airflow/dags/dag_2.py","lineno":14,"logger":"py.warnings"}
{"timestamp":"2025-12-28T21:28:08.841685Z","level":"warning","event":"The `airflow.operators.python.get_current_context` attribute is deprecated. Please use `'airflow.sdk.get_current_context'`.","category":"DeprecatedImportWarning","filename":"/opt/airflow/dags/dag_2.py","lineno":22,"logger":"py.warnings"}
{"timestamp":"2025-12-28T21:36:00.991233Z","level":"info","event":"Filling up the DagBag from /opt/airflow/dags/dag_2.py","logger":"airflow.models.dagbag.DagBag","filename":"dagbag.py","lineno":593}
{"timestamp":"2025-12-28T21:36:01.034875Z","level":"warning","event":"The `airflow.decorators.dag` attribute is deprecated. Please use `'airflow.sdk.dag'`.","category":"DeprecatedImportWarning","filename":"/opt/airflow/dags/dag_2.py","lineno":3,"logger":"py.warnings"}
{"timestamp":"2025-12-28T21:36:01.034936Z","level":"warning","event":"The `airflow.decorators.task` attribute is deprecated. Please use `'airflow.sdk.task'`.","category":"DeprecatedImportWarning","filename":"/opt/airflow/dags/dag_2.py","lineno":4,"logger":"py.warnings"}
{"timestamp":"2025-12-28T21:36:01.034960Z","level":"warning","event":"The `airflow.operators.empty.EmptyOperator` attribute is deprecated. Please use `'airflow.providers.standard.operators.empty.EmptyOperator'`.","category":"DeprecatedImportWarning","filename":"/opt/airflow/dags/dag_2.py","lineno":5,"logger":"py.warnings"}
{"timestamp":"2025-12-28T21:36:01.034981Z","level":"warning","event":"The `airflow.operators.python.get_current_context` attribute is deprecated. Please use `'airflow.sdk.get_current_context'`.","category":"DeprecatedImportWarning","filename":"/opt/airflow/dags/dag_2.py","lineno":7,"logger":"py.warnings"}
{"timestamp":"2025-12-28T21:36:01.035002Z","level":"warning","event":"The `airflow.models.param.Param` attribute is deprecated. Please use `'airflow.sdk.Param'`.","category":"DeprecatedImportWarning","filename":"/opt/airflow/dags/dag_2.py","lineno":14,"logger":"py.warnings"}
{"timestamp":"2025-12-28T21:36:01.035020Z","level":"warning","event":"The `airflow.operators.python.get_current_context` attribute is deprecated. Please use `'airflow.sdk.get_current_context'`.","category":"DeprecatedImportWarning","filename":"/opt/airflow/dags/dag_2.py","lineno":22,"logger":"py.warnings"}
{"timestamp":"2025-12-28T21:44:10.702880Z","level":"info","event":"Filling up the DagBag from /opt/airflow/dags/dag_2.py","logger":"airflow.models.dagbag.DagBag","filename":"dagbag.py","lineno":593}
{"timestamp":"2025-12-28T21:44:10.744214Z","level":"warning","event":"The `airflow.decorators.dag` attribute is deprecated. Please use `'airflow.sdk.dag'`.","category":"DeprecatedImportWarning","filename":"/opt/airflow/dags/dag_2.py","lineno":3,"logger":"py.warnings"}
{"timestamp":"2025-12-28T21:44:10.744276Z","level":"warning","event":"The `airflow.decorators.task` attribute is deprecated. Please use `'airflow.sdk.task'`.","category":"DeprecatedImportWarning","filename":"/opt/airflow/dags/dag_2.py","lineno":4,"logger":"py.warnings"}
{"timestamp":"2025-12-28T21:44:10.744300Z","level":"warning","event":"The `airflow.operators.empty.EmptyOperator` attribute is deprecated. Please use `'airflow.providers.standard.operators.empty.EmptyOperator'`.","category":"DeprecatedImportWarning","filename":"/opt/airflow/dags/dag_2.py","lineno":5,"logger":"py.warnings"}
{"timestamp":"2025-12-28T21:44:10.744332Z","level":"warning","event":"The `airflow.operators.python.get_current_context` attribute is deprecated. Please use `'airflow.sdk.get_current_context'`.","category":"DeprecatedImportWarning","filename":"/opt/airflow/dags/dag_2.py","lineno":7,"logger":"py.warnings"}
{"timestamp":"2025-12-28T21:44:10.744352Z","level":"warning","event":"The `airflow.models.param.Param` attribute is deprecated. Please use `'airflow.sdk.Param'`.","category":"DeprecatedImportWarning","filename":"/opt/airflow/dags/dag_2.py","lineno":14,"logger":"py.warnings"}
{"timestamp":"2025-12-28T21:44:10.744370Z","level":"warning","event":"The `airflow.operators.python.get_current_context` attribute is deprecated. Please use `'airflow.sdk.get_current_context'`.","category":"DeprecatedImportWarning","filename":"/opt/airflow/dags/dag_2.py","lineno":22,"logger":"py.warnings"}
{"timestamp":"2025-12-28T21:56:03.889333Z","level":"info","event":"Filling up the DagBag from /opt/airflow/dags/dag_2.py","logger":"airflow.models.dagbag.DagBag","filename":"dagbag.py","lineno":593}
{"timestamp":"2025-12-28T21:56:03.929836Z","level":"warning","event":"The `airflow.decorators.dag` attribute is deprecated. Please use `'airflow.sdk.dag'`.","category":"DeprecatedImportWarning","filename":"/opt/airflow/dags/dag_2.py","lineno":3,"logger":"py.warnings"}
{"timestamp":"2025-12-28T21:56:03.930080Z","level":"warning","event":"The `airflow.decorators.task` attribute is deprecated. Please use `'airflow.sdk.task'`.","category":"DeprecatedImportWarning","filename":"/opt/airflow/dags/dag_2.py","lineno":4,"logger":"py.warnings"}
{"timestamp":"2025-12-28T21:56:03.930117Z","level":"warning","event":"The `airflow.operators.empty.EmptyOperator` attribute is deprecated. Please use `'airflow.providers.standard.operators.empty.EmptyOperator'`.","category":"DeprecatedImportWarning","filename":"/opt/airflow/dags/dag_2.py","lineno":5,"logger":"py.warnings"}
{"timestamp":"2025-12-28T21:56:03.930140Z","level":"warning","event":"The `airflow.operators.python.get_current_context` attribute is deprecated. Please use `'airflow.sdk.get_current_context'`.","category":"DeprecatedImportWarning","filename":"/opt/airflow/dags/dag_2.py","lineno":7,"logger":"py.warnings"}
{"timestamp":"2025-12-28T21:56:03.930161Z","level":"warning","event":"The `airflow.models.param.Param` attribute is deprecated. Please use `'airflow.sdk.Param'`.","category":"DeprecatedImportWarning","filename":"/opt/airflow/dags/dag_2.py","lineno":14,"logger":"py.warnings"}
{"timestamp":"2025-12-28T21:56:03.930180Z","level":"warning","event":"The `airflow.operators.python.get_current_context` attribute is deprecated. Please use `'airflow.sdk.get_current_context'`.","category":"DeprecatedImportWarning","filename":"/opt/airflow/dags/dag_2.py","lineno":22,"logger":"py.warnings"}
{"timestamp":"2025-12-28T21:59:44.671595Z","level":"info","event":"Filling up the DagBag from /opt/airflow/dags/dag_2.py","logger":"airflow.models.dagbag.DagBag","filename":"dagbag.py","lineno":593}
{"timestamp":"2025-12-28T21:59:44.722219Z","level":"warning","event":"The `airflow.decorators.dag` attribute is deprecated. Please use `'airflow.sdk.dag'`.","category":"DeprecatedImportWarning","filename":"/opt/airflow/dags/dag_2.py","lineno":3,"logger":"py.warnings"}
{"timestamp":"2025-12-28T21:59:44.722266Z","level":"warning","event":"The `airflow.decorators.task` attribute is deprecated. Please use `'airflow.sdk.task'`.","category":"DeprecatedImportWarning","filename":"/opt/airflow/dags/dag_2.py","lineno":4,"logger":"py.warnings"}
{"timestamp":"2025-12-28T21:59:44.722292Z","level":"warning","event":"The `airflow.operators.empty.EmptyOperator` attribute is deprecated. Please use `'airflow.providers.standard.operators.empty.EmptyOperator'`.","category":"DeprecatedImportWarning","filename":"/opt/airflow/dags/dag_2.py","lineno":5,"logger":"py.warnings"}
{"timestamp":"2025-12-28T21:59:44.722313Z","level":"warning","event":"The `airflow.operators.python.get_current_context` attribute is deprecated. Please use `'airflow.sdk.get_current_context'`.","category":"DeprecatedImportWarning","filename":"/opt/airflow/dags/dag_2.py","lineno":7,"logger":"py.warnings"}
{"timestamp":"2025-12-28T21:59:44.722338Z","level":"warning","event":"The `airflow.models.param.Param` attribute is deprecated. Please use `'airflow.sdk.Param'`.","category":"DeprecatedImportWarning","filename":"/opt/airflow/dags/dag_2.py","lineno":14,"logger":"py.warnings"}
{"timestamp":"2025-12-28T21:59:44.722360Z","level":"warning","event":"The `airflow.operators.python.get_current_context` attribute is deprecated. Please use `'airflow.sdk.get_current_context'`.","category":"DeprecatedImportWarning","filename":"/opt/airflow/dags/dag_2.py","lineno":22,"logger":"py.warnings"}
{"timestamp":"2025-12-28T22:00:15.127591Z","level":"info","event":"Filling up the DagBag from /opt/airflow/dags/dag_2.py","logger":"airflow.models.dagbag.DagBag","filename":"dagbag.py","lineno":593}
{"timestamp":"2025-12-28T22:00:15.164138Z","level":"warning","event":"The `airflow.decorators.dag` attribute is deprecated. Please use `'airflow.sdk.dag'`.","category":"DeprecatedImportWarning","filename":"/opt/airflow/dags/dag_2.py","lineno":3,"logger":"py.warnings"}
{"timestamp":"2025-12-28T22:00:15.164200Z","level":"warning","event":"The `airflow.decorators.task` attribute is deprecated. Please use `'airflow.sdk.task'`.","category":"DeprecatedImportWarning","filename":"/opt/airflow/dags/dag_2.py","lineno":4,"logger":"py.warnings"}
{"timestamp":"2025-12-28T22:00:15.164230Z","level":"warning","event":"The `airflow.operators.empty.EmptyOperator` attribute is deprecated. Please use `'airflow.providers.standard.operators.empty.EmptyOperator'`.","category":"DeprecatedImportWarning","filename":"/opt/airflow/dags/dag_2.py","lineno":5,"logger":"py.warnings"}
{"timestamp":"2025-12-28T22:00:15.164255Z","level":"warning","event":"The `airflow.operators.python.get_current_context` attribute is deprecated. Please use `'airflow.sdk.get_current_context'`.","category":"DeprecatedImportWarning","filename":"/opt/airflow/dags/dag_2.py","lineno":7,"logger":"py.warnings"}
{"timestamp":"2025-12-28T22:00:15.164275Z","level":"warning","event":"The `airflow.models.param.Param` attribute is deprecated. Please use `'airflow.sdk.Param'`.","category":"DeprecatedImportWarning","filename":"/opt/airflow/dags/dag_2.py","lineno":14,"logger":"py.warnings"}
{"timestamp":"2025-12-28T22:00:15.164292Z","level":"warning","event":"The `airflow.operators.python.get_current_context` attribute is deprecated. Please use `'airflow.sdk.get_current_context'`.","category":"DeprecatedImportWarning","filename":"/opt/airflow/dags/dag_2.py","lineno":22,"logger":"py.warnings"}
{"timestamp":"2025-12-28T22:00:45.618763Z","level":"info","event":"Filling up the DagBag from /opt/airflow/dags/dag_2.py","logger":"airflow.models.dagbag.DagBag","filename":"dagbag.py","lineno":593}
{"timestamp":"2025-12-28T22:00:45.702467Z","level":"warning","event":"The `airflow.decorators.dag` attribute is deprecated. Please use `'airflow.sdk.dag'`.","category":"DeprecatedImportWarning","filename":"/opt/airflow/dags/dag_2.py","lineno":3,"logger":"py.warnings"}
{"timestamp":"2025-12-28T22:00:45.702708Z","level":"warning","event":"The `airflow.decorators.task` attribute is deprecated. Please use `'airflow.sdk.task'`.","category":"DeprecatedImportWarning","filename":"/opt/airflow/dags/dag_2.py","lineno":4,"logger":"py.warnings"}
{"timestamp":"2025-12-28T22:00:45.703146Z","level":"warning","event":"The `airflow.operators.empty.EmptyOperator` attribute is deprecated. Please use `'airflow.providers.standard.operators.empty.EmptyOperator'`.","category":"DeprecatedImportWarning","filename":"/opt/airflow/dags/dag_2.py","lineno":5,"logger":"py.warnings"}
{"timestamp":"2025-12-28T22:00:45.703353Z","level":"warning","event":"The `airflow.operators.python.get_current_context` attribute is deprecated. Please use `'airflow.sdk.get_current_context'`.","category":"DeprecatedImportWarning","filename":"/opt/airflow/dags/dag_2.py","lineno":7,"logger":"py.warnings"}
{"timestamp":"2025-12-28T22:00:45.703400Z","level":"warning","event":"The `airflow.models.param.Param` attribute is deprecated. Please use `'airflow.sdk.Param'`.","category":"DeprecatedImportWarning","filename":"/opt/airflow/dags/dag_2.py","lineno":14,"logger":"py.warnings"}
{"timestamp":"2025-12-28T22:00:45.703420Z","level":"warning","event":"The `airflow.operators.python.get_current_context` attribute is deprecated. Please use `'airflow.sdk.get_current_context'`.","category":"DeprecatedImportWarning","filename":"/opt/airflow/dags/dag_2.py","lineno":22,"logger":"py.warnings"}
{"timestamp":"2025-12-28T22:01:16.368085Z","level":"info","event":"Filling up the DagBag from /opt/airflow/dags/dag_2.py","logger":"airflow.models.dagbag.DagBag","filename":"dagbag.py","lineno":593}
{"timestamp":"2025-12-28T22:01:16.446667Z","level":"warning","event":"The `airflow.decorators.dag` attribute is deprecated. Please use `'airflow.sdk.dag'`.","category":"DeprecatedImportWarning","filename":"/opt/airflow/dags/dag_2.py","lineno":3,"logger":"py.warnings"}
{"timestamp":"2025-12-28T22:01:16.446774Z","level":"warning","event":"The `airflow.decorators.task` attribute is deprecated. Please use `'airflow.sdk.task'`.","category":"DeprecatedImportWarning","filename":"/opt/airflow/dags/dag_2.py","lineno":4,"logger":"py.warnings"}
{"timestamp":"2025-12-28T22:01:16.446802Z","level":"warning","event":"The `airflow.operators.empty.EmptyOperator` attribute is deprecated. Please use `'airflow.providers.standard.operators.empty.EmptyOperator'`.","category":"DeprecatedImportWarning","filename":"/opt/airflow/dags/dag_2.py","lineno":5,"logger":"py.warnings"}
{"timestamp":"2025-12-28T22:01:16.446825Z","level":"warning","event":"The `airflow.operators.python.get_current_context` attribute is deprecated. Please use `'airflow.sdk.get_current_context'`.","category":"DeprecatedImportWarning","filename":"/opt/airflow/dags/dag_2.py","lineno":7,"logger":"py.warnings"}
{"timestamp":"2025-12-28T22:01:16.446858Z","level":"warning","event":"The `airflow.models.param.Param` attribute is deprecated. Please use `'airflow.sdk.Param'`.","category":"DeprecatedImportWarning","filename":"/opt/airflow/dags/dag_2.py","lineno":14,"logger":"py.warnings"}
{"timestamp":"2025-12-28T22:01:16.446879Z","level":"warning","event":"The `airflow.operators.python.get_current_context` attribute is deprecated. Please use `'airflow.sdk.get_current_context'`.","category":"DeprecatedImportWarning","filename":"/opt/airflow/dags/dag_2.py","lineno":22,"logger":"py.warnings"}
{"timestamp":"2025-12-28T22:01:47.061345Z","level":"info","event":"Filling up the DagBag from /opt/airflow/dags/dag_2.py","logger":"airflow.models.dagbag.DagBag","filename":"dagbag.py","lineno":593}
{"timestamp":"2025-12-28T22:01:47.096810Z","level":"warning","event":"The `airflow.decorators.dag` attribute is deprecated. Please use `'airflow.sdk.dag'`.","category":"DeprecatedImportWarning","filename":"/opt/airflow/dags/dag_2.py","lineno":3,"logger":"py.warnings"}
{"timestamp":"2025-12-28T22:01:47.096873Z","level":"warning","event":"The `airflow.decorators.task` attribute is deprecated. Please use `'airflow.sdk.task'`.","category":"DeprecatedImportWarning","filename":"/opt/airflow/dags/dag_2.py","lineno":4,"logger":"py.warnings"}
{"timestamp":"2025-12-28T22:01:47.096899Z","level":"warning","event":"The `airflow.operators.empty.EmptyOperator` attribute is deprecated. Please use `'airflow.providers.standard.operators.empty.EmptyOperator'`.","category":"DeprecatedImportWarning","filename":"/opt/airflow/dags/dag_2.py","lineno":5,"logger":"py.warnings"}
{"timestamp":"2025-12-28T22:01:47.096922Z","level":"warning","event":"The `airflow.operators.python.get_current_context` attribute is deprecated. Please use `'airflow.sdk.get_current_context'`.","category":"DeprecatedImportWarning","filename":"/opt/airflow/dags/dag_2.py","lineno":7,"logger":"py.warnings"}
{"timestamp":"2025-12-28T22:01:47.096954Z","level":"warning","event":"The `airflow.models.param.Param` attribute is deprecated. Please use `'airflow.sdk.Param'`.","category":"DeprecatedImportWarning","filename":"/opt/airflow/dags/dag_2.py","lineno":14,"logger":"py.warnings"}
{"timestamp":"2025-12-28T22:01:47.096974Z","level":"warning","event":"The `airflow.operators.python.get_current_context` attribute is deprecated. Please use `'airflow.sdk.get_current_context'`.","category":"DeprecatedImportWarning","filename":"/opt/airflow/dags/dag_2.py","lineno":22,"logger":"py.warnings"}
{"timestamp":"2025-12-28T22:02:17.659946Z","level":"info","event":"Filling up the DagBag from /opt/airflow/dags/dag_2.py","logger":"airflow.models.dagbag.DagBag","filename":"dagbag.py","lineno":593}
{"timestamp":"2025-12-28T22:02:17.737220Z","level":"warning","event":"The `airflow.decorators.dag` attribute is deprecated. Please use `'airflow.sdk.dag'`.","category":"DeprecatedImportWarning","filename":"/opt/airflow/dags/dag_2.py","lineno":3,"logger":"py.warnings"}
{"timestamp":"2025-12-28T22:02:17.737279Z","level":"warning","event":"The `airflow.decorators.task` attribute is deprecated. Please use `'airflow.sdk.task'`.","category":"DeprecatedImportWarning","filename":"/opt/airflow/dags/dag_2.py","lineno":4,"logger":"py.warnings"}
{"timestamp":"2025-12-28T22:02:17.737303Z","level":"warning","event":"The `airflow.operators.empty.EmptyOperator` attribute is deprecated. Please use `'airflow.providers.standard.operators.empty.EmptyOperator'`.","category":"DeprecatedImportWarning","filename":"/opt/airflow/dags/dag_2.py","lineno":5,"logger":"py.warnings"}
{"timestamp":"2025-12-28T22:02:17.737322Z","level":"warning","event":"The `airflow.operators.python.get_current_context` attribute is deprecated. Please use `'airflow.sdk.get_current_context'`.","category":"DeprecatedImportWarning","filename":"/opt/airflow/dags/dag_2.py","lineno":7,"logger":"py.warnings"}
{"timestamp":"2025-12-28T22:02:17.737350Z","level":"warning","event":"The `airflow.models.param.Param` attribute is deprecated. Please use `'airflow.sdk.Param'`.","category":"DeprecatedImportWarning","filename":"/opt/airflow/dags/dag_2.py","lineno":14,"logger":"py.warnings"}
{"timestamp":"2025-12-28T22:02:17.737368Z","level":"warning","event":"The `airflow.operators.python.get_current_context` attribute is deprecated. Please use `'airflow.sdk.get_current_context'`.","category":"DeprecatedImportWarning","filename":"/opt/airflow/dags/dag_2.py","lineno":22,"logger":"py.warnings"}
{"timestamp":"2025-12-28T22:02:48.183385Z","level":"info","event":"Filling up the DagBag from /opt/airflow/dags/dag_2.py","logger":"airflow.models.dagbag.DagBag","filename":"dagbag.py","lineno":593}
{"timestamp":"2025-12-28T22:02:48.222156Z","level":"warning","event":"The `airflow.decorators.dag` attribute is deprecated. Please use `'airflow.sdk.dag'`.","category":"DeprecatedImportWarning","filename":"/opt/airflow/dags/dag_2.py","lineno":3,"logger":"py.warnings"}
{"timestamp":"2025-12-28T22:02:48.222347Z","level":"warning","event":"The `airflow.decorators.task` attribute is deprecated. Please use `'airflow.sdk.task'`.","category":"DeprecatedImportWarning","filename":"/opt/airflow/dags/dag_2.py","lineno":4,"logger":"py.warnings"}
{"timestamp":"2025-12-28T22:02:48.222386Z","level":"warning","event":"The `airflow.operators.empty.EmptyOperator` attribute is deprecated. Please use `'airflow.providers.standard.operators.empty.EmptyOperator'`.","category":"DeprecatedImportWarning","filename":"/opt/airflow/dags/dag_2.py","lineno":5,"logger":"py.warnings"}
{"timestamp":"2025-12-28T22:02:48.222406Z","level":"warning","event":"The `airflow.operators.python.get_current_context` attribute is deprecated. Please use `'airflow.sdk.get_current_context'`.","category":"DeprecatedImportWarning","filename":"/opt/airflow/dags/dag_2.py","lineno":7,"logger":"py.warnings"}
{"timestamp":"2025-12-28T22:02:48.222425Z","level":"warning","event":"The `airflow.models.param.Param` attribute is deprecated. Please use `'airflow.sdk.Param'`.","category":"DeprecatedImportWarning","filename":"/opt/airflow/dags/dag_2.py","lineno":14,"logger":"py.warnings"}
{"timestamp":"2025-12-28T22:02:48.222442Z","level":"warning","event":"The `airflow.operators.python.get_current_context` attribute is deprecated. Please use `'airflow.sdk.get_current_context'`.","category":"DeprecatedImportWarning","filename":"/opt/airflow/dags/dag_2.py","lineno":22,"logger":"py.warnings"}
{"timestamp":"2025-12-28T22:03:18.689050Z","level":"info","event":"Filling up the DagBag from /opt/airflow/dags/dag_2.py","logger":"airflow.models.dagbag.DagBag","filename":"dagbag.py","lineno":593}
{"timestamp":"2025-12-28T22:03:18.725308Z","level":"warning","event":"The `airflow.decorators.dag` attribute is deprecated. Please use `'airflow.sdk.dag'`.","category":"DeprecatedImportWarning","filename":"/opt/airflow/dags/dag_2.py","lineno":3,"logger":"py.warnings"}
{"timestamp":"2025-12-28T22:03:18.725360Z","level":"warning","event":"The `airflow.decorators.task` attribute is deprecated. Please use `'airflow.sdk.task'`.","category":"DeprecatedImportWarning","filename":"/opt/airflow/dags/dag_2.py","lineno":4,"logger":"py.warnings"}
{"timestamp":"2025-12-28T22:03:18.725385Z","level":"warning","event":"The `airflow.operators.empty.EmptyOperator` attribute is deprecated. Please use `'airflow.providers.standard.operators.empty.EmptyOperator'`.","category":"DeprecatedImportWarning","filename":"/opt/airflow/dags/dag_2.py","lineno":5,"logger":"py.warnings"}
{"timestamp":"2025-12-28T22:03:18.725406Z","level":"warning","event":"The `airflow.operators.python.get_current_context` attribute is deprecated. Please use `'airflow.sdk.get_current_context'`.","category":"DeprecatedImportWarning","filename":"/opt/airflow/dags/dag_2.py","lineno":7,"logger":"py.warnings"}
{"timestamp":"2025-12-28T22:03:18.725427Z","level":"warning","event":"The `airflow.models.param.Param` attribute is deprecated. Please use `'airflow.sdk.Param'`.","category":"DeprecatedImportWarning","filename":"/opt/airflow/dags/dag_2.py","lineno":14,"logger":"py.warnings"}
{"timestamp":"2025-12-28T22:03:18.725446Z","level":"warning","event":"The `airflow.operators.python.get_current_context` attribute is deprecated. Please use `'airflow.sdk.get_current_context'`.","category":"DeprecatedImportWarning","filename":"/opt/airflow/dags/dag_2.py","lineno":22,"logger":"py.warnings"}
{"timestamp":"2025-12-28T22:03:49.219033Z","level":"info","event":"Filling up the DagBag from /opt/airflow/dags/dag_2.py","logger":"airflow.models.dagbag.DagBag","filename":"dagbag.py","lineno":593}
{"timestamp":"2025-12-28T22:03:49.263975Z","level":"warning","event":"The `airflow.decorators.dag` attribute is deprecated. Please use `'airflow.sdk.dag'`.","category":"DeprecatedImportWarning","filename":"/opt/airflow/dags/dag_2.py","lineno":3,"logger":"py.warnings"}
{"timestamp":"2025-12-28T22:03:49.264033Z","level":"warning","event":"The `airflow.decorators.task` attribute is deprecated. Please use `'airflow.sdk.task'`.","category":"DeprecatedImportWarning","filename":"/opt/airflow/dags/dag_2.py","lineno":4,"logger":"py.warnings"}
{"timestamp":"2025-12-28T22:03:49.264054Z","level":"warning","event":"The `airflow.operators.empty.EmptyOperator` attribute is deprecated. Please use `'airflow.providers.standard.operators.empty.EmptyOperator'`.","category":"DeprecatedImportWarning","filename":"/opt/airflow/dags/dag_2.py","lineno":5,"logger":"py.warnings"}
{"timestamp":"2025-12-28T22:03:49.264072Z","level":"warning","event":"The `airflow.operators.python.get_current_context` attribute is deprecated. Please use `'airflow.sdk.get_current_context'`.","category":"DeprecatedImportWarning","filename":"/opt/airflow/dags/dag_2.py","lineno":7,"logger":"py.warnings"}
{"timestamp":"2025-12-28T22:03:49.264090Z","level":"warning","event":"The `airflow.models.param.Param` attribute is deprecated. Please use `'airflow.sdk.Param'`.","category":"DeprecatedImportWarning","filename":"/opt/airflow/dags/dag_2.py","lineno":14,"logger":"py.warnings"}
{"timestamp":"2025-12-28T22:03:49.264106Z","level":"warning","event":"The `airflow.operators.python.get_current_context` attribute is deprecated. Please use `'airflow.sdk.get_current_context'`.","category":"DeprecatedImportWarning","filename":"/opt/airflow/dags/dag_2.py","lineno":22,"logger":"py.warnings"}
{"timestamp":"2025-12-28T22:04:19.703920Z","level":"info","event":"Filling up the DagBag from /opt/airflow/dags/dag_2.py","logger":"airflow.models.dagbag.DagBag","filename":"dagbag.py","lineno":593}
{"timestamp":"2025-12-28T22:04:19.742786Z","level":"warning","event":"The `airflow.decorators.dag` attribute is deprecated. Please use `'airflow.sdk.dag'`.","category":"DeprecatedImportWarning","filename":"/opt/airflow/dags/dag_2.py","lineno":3,"logger":"py.warnings"}
{"timestamp":"2025-12-28T22:04:19.742969Z","level":"warning","event":"The `airflow.decorators.task` attribute is deprecated. Please use `'airflow.sdk.task'`.","category":"DeprecatedImportWarning","filename":"/opt/airflow/dags/dag_2.py","lineno":4,"logger":"py.warnings"}
{"timestamp":"2025-12-28T22:04:19.743013Z","level":"warning","event":"The `airflow.operators.empty.EmptyOperator` attribute is deprecated. Please use `'airflow.providers.standard.operators.empty.EmptyOperator'`.","category":"DeprecatedImportWarning","filename":"/opt/airflow/dags/dag_2.py","lineno":5,"logger":"py.warnings"}
{"timestamp":"2025-12-28T22:04:19.743042Z","level":"warning","event":"The `airflow.operators.python.get_current_context` attribute is deprecated. Please use `'airflow.sdk.get_current_context'`.","category":"DeprecatedImportWarning","filename":"/opt/airflow/dags/dag_2.py","lineno":7,"logger":"py.warnings"}
{"timestamp":"2025-12-28T22:04:19.743062Z","level":"warning","event":"The `airflow.models.param.Param` attribute is deprecated. Please use `'airflow.sdk.Param'`.","category":"DeprecatedImportWarning","filename":"/opt/airflow/dags/dag_2.py","lineno":14,"logger":"py.warnings"}
{"timestamp":"2025-12-28T22:04:19.743080Z","level":"warning","event":"The `airflow.operators.python.get_current_context` attribute is deprecated. Please use `'airflow.sdk.get_current_context'`.","category":"DeprecatedImportWarning","filename":"/opt/airflow/dags/dag_2.py","lineno":22,"logger":"py.warnings"}
{"timestamp":"2025-12-28T22:04:50.156424Z","level":"info","event":"Filling up the DagBag from /opt/airflow/dags/dag_2.py","logger":"airflow.models.dagbag.DagBag","filename":"dagbag.py","lineno":593}
{"timestamp":"2025-12-28T22:04:50.196538Z","level":"warning","event":"The `airflow.decorators.dag` attribute is deprecated. Please use `'airflow.sdk.dag'`.","category":"DeprecatedImportWarning","filename":"/opt/airflow/dags/dag_2.py","lineno":3,"logger":"py.warnings"}
{"timestamp":"2025-12-28T22:04:50.196614Z","level":"warning","event":"The `airflow.decorators.task` attribute is deprecated. Please use `'airflow.sdk.task'`.","category":"DeprecatedImportWarning","filename":"/opt/airflow/dags/dag_2.py","lineno":4,"logger":"py.warnings"}
{"timestamp":"2025-12-28T22:04:50.196647Z","level":"warning","event":"The `airflow.operators.empty.EmptyOperator` attribute is deprecated. Please use `'airflow.providers.standard.operators.empty.EmptyOperator'`.","category":"DeprecatedImportWarning","filename":"/opt/airflow/dags/dag_2.py","lineno":5,"logger":"py.warnings"}
{"timestamp":"2025-12-28T22:04:50.196668Z","level":"warning","event":"The `airflow.operators.python.get_current_context` attribute is deprecated. Please use `'airflow.sdk.get_current_context'`.","category":"DeprecatedImportWarning","filename":"/opt/airflow/dags/dag_2.py","lineno":7,"logger":"py.warnings"}
{"timestamp":"2025-12-28T22:04:50.196698Z","level":"warning","event":"The `airflow.models.param.Param` attribute is deprecated. Please use `'airflow.sdk.Param'`.","category":"DeprecatedImportWarning","filename":"/opt/airflow/dags/dag_2.py","lineno":14,"logger":"py.warnings"}
{"timestamp":"2025-12-28T22:04:50.196718Z","level":"warning","event":"The `airflow.operators.python.get_current_context` attribute is deprecated. Please use `'airflow.sdk.get_current_context'`.","category":"DeprecatedImportWarning","filename":"/opt/airflow/dags/dag_2.py","lineno":22,"logger":"py.warnings"}
{"timestamp":"2025-12-28T22:05:20.649039Z","level":"info","event":"Filling up the DagBag from /opt/airflow/dags/dag_2.py","logger":"airflow.models.dagbag.DagBag","filename":"dagbag.py","lineno":593}
{"timestamp":"2025-12-28T22:05:20.679758Z","level":"warning","event":"The `airflow.decorators.dag` attribute is deprecated. Please use `'airflow.sdk.dag'`.","category":"DeprecatedImportWarning","filename":"/opt/airflow/dags/dag_2.py","lineno":3,"logger":"py.warnings"}
{"timestamp":"2025-12-28T22:05:20.679822Z","level":"warning","event":"The `airflow.decorators.task` attribute is deprecated. Please use `'airflow.sdk.task'`.","category":"DeprecatedImportWarning","filename":"/opt/airflow/dags/dag_2.py","lineno":4,"logger":"py.warnings"}
{"timestamp":"2025-12-28T22:05:20.679849Z","level":"warning","event":"The `airflow.operators.empty.EmptyOperator` attribute is deprecated. Please use `'airflow.providers.standard.operators.empty.EmptyOperator'`.","category":"DeprecatedImportWarning","filename":"/opt/airflow/dags/dag_2.py","lineno":5,"logger":"py.warnings"}
{"timestamp":"2025-12-28T22:05:20.679872Z","level":"warning","event":"The `airflow.operators.python.get_current_context` attribute is deprecated. Please use `'airflow.sdk.get_current_context'`.","category":"DeprecatedImportWarning","filename":"/opt/airflow/dags/dag_2.py","lineno":7,"logger":"py.warnings"}
{"timestamp":"2025-12-28T22:05:20.679894Z","level":"warning","event":"The `airflow.models.param.Param` attribute is deprecated. Please use `'airflow.sdk.Param'`.","category":"DeprecatedImportWarning","filename":"/opt/airflow/dags/dag_2.py","lineno":14,"logger":"py.warnings"}
{"timestamp":"2025-12-28T22:05:20.679915Z","level":"warning","event":"The `airflow.operators.python.get_current_context` attribute is deprecated. Please use `'airflow.sdk.get_current_context'`.","category":"DeprecatedImportWarning","filename":"/opt/airflow/dags/dag_2.py","lineno":22,"logger":"py.warnings"}
{"timestamp":"2025-12-28T22:05:51.141027Z","level":"info","event":"Filling up the DagBag from /opt/airflow/dags/dag_2.py","logger":"airflow.models.dagbag.DagBag","filename":"dagbag.py","lineno":593}
{"timestamp":"2025-12-28T22:05:51.194337Z","level":"warning","event":"The `airflow.decorators.dag` attribute is deprecated. Please use `'airflow.sdk.dag'`.","category":"DeprecatedImportWarning","filename":"/opt/airflow/dags/dag_2.py","lineno":3,"logger":"py.warnings"}
{"timestamp":"2025-12-28T22:05:51.194412Z","level":"warning","event":"The `airflow.decorators.task` attribute is deprecated. Please use `'airflow.sdk.task'`.","category":"DeprecatedImportWarning","filename":"/opt/airflow/dags/dag_2.py","lineno":4,"logger":"py.warnings"}
{"timestamp":"2025-12-28T22:05:51.194437Z","level":"warning","event":"The `airflow.operators.empty.EmptyOperator` attribute is deprecated. Please use `'airflow.providers.standard.operators.empty.EmptyOperator'`.","category":"DeprecatedImportWarning","filename":"/opt/airflow/dags/dag_2.py","lineno":5,"logger":"py.warnings"}
{"timestamp":"2025-12-28T22:05:51.194458Z","level":"warning","event":"The `airflow.operators.python.get_current_context` attribute is deprecated. Please use `'airflow.sdk.get_current_context'`.","category":"DeprecatedImportWarning","filename":"/opt/airflow/dags/dag_2.py","lineno":7,"logger":"py.warnings"}
{"timestamp":"2025-12-28T22:05:51.194477Z","level":"warning","event":"The `airflow.models.param.Param` attribute is deprecated. Please use `'airflow.sdk.Param'`.","category":"DeprecatedImportWarning","filename":"/opt/airflow/dags/dag_2.py","lineno":14,"logger":"py.warnings"}
{"timestamp":"2025-12-28T22:05:51.194495Z","level":"warning","event":"The `airflow.operators.python.get_current_context` attribute is deprecated. Please use `'airflow.sdk.get_current_context'`.","category":"DeprecatedImportWarning","filename":"/opt/airflow/dags/dag_2.py","lineno":22,"logger":"py.warnings"}
{"timestamp":"2025-12-28T22:06:21.614922Z","level":"info","event":"Filling up the DagBag from /opt/airflow/dags/dag_2.py","logger":"airflow.models.dagbag.DagBag","filename":"dagbag.py","lineno":593}
{"timestamp":"2025-12-28T22:06:21.641748Z","level":"warning","event":"The `airflow.decorators.dag` attribute is deprecated. Please use `'airflow.sdk.dag'`.","category":"DeprecatedImportWarning","filename":"/opt/airflow/dags/dag_2.py","lineno":3,"logger":"py.warnings"}
{"timestamp":"2025-12-28T22:06:21.641940Z","level":"warning","event":"The `airflow.decorators.task` attribute is deprecated. Please use `'airflow.sdk.task'`.","category":"DeprecatedImportWarning","filename":"/opt/airflow/dags/dag_2.py","lineno":4,"logger":"py.warnings"}
{"timestamp":"2025-12-28T22:06:21.642281Z","level":"warning","event":"The `airflow.operators.empty.EmptyOperator` attribute is deprecated. Please use `'airflow.providers.standard.operators.empty.EmptyOperator'`.","category":"DeprecatedImportWarning","filename":"/opt/airflow/dags/dag_2.py","lineno":5,"logger":"py.warnings"}
{"timestamp":"2025-12-28T22:06:21.642435Z","level":"warning","event":"The `airflow.operators.python.get_current_context` attribute is deprecated. Please use `'airflow.sdk.get_current_context'`.","category":"DeprecatedImportWarning","filename":"/opt/airflow/dags/dag_2.py","lineno":7,"logger":"py.warnings"}
{"timestamp":"2025-12-28T22:06:21.642487Z","level":"warning","event":"The `airflow.models.param.Param` attribute is deprecated. Please use `'airflow.sdk.Param'`.","category":"DeprecatedImportWarning","filename":"/opt/airflow/dags/dag_2.py","lineno":14,"logger":"py.warnings"}
{"timestamp":"2025-12-28T22:06:21.642510Z","level":"warning","event":"The `airflow.operators.python.get_current_context` attribute is deprecated. Please use `'airflow.sdk.get_current_context'`.","category":"DeprecatedImportWarning","filename":"/opt/airflow/dags/dag_2.py","lineno":22,"logger":"py.warnings"}
{"timestamp":"2025-12-28T22:06:52.082809Z","level":"info","event":"Filling up the DagBag from /opt/airflow/dags/dag_2.py","logger":"airflow.models.dagbag.DagBag","filename":"dagbag.py","lineno":593}
{"timestamp":"2025-12-28T22:06:52.117150Z","level":"warning","event":"The `airflow.decorators.dag` attribute is deprecated. Please use `'airflow.sdk.dag'`.","category":"DeprecatedImportWarning","filename":"/opt/airflow/dags/dag_2.py","lineno":3,"logger":"py.warnings"}
{"timestamp":"2025-12-28T22:06:52.117209Z","level":"warning","event":"The `airflow.decorators.task` attribute is deprecated. Please use `'airflow.sdk.task'`.","category":"DeprecatedImportWarning","filename":"/opt/airflow/dags/dag_2.py","lineno":4,"logger":"py.warnings"}
{"timestamp":"2025-12-28T22:06:52.117234Z","level":"warning","event":"The `airflow.operators.empty.EmptyOperator` attribute is deprecated. Please use `'airflow.providers.standard.operators.empty.EmptyOperator'`.","category":"DeprecatedImportWarning","filename":"/opt/airflow/dags/dag_2.py","lineno":5,"logger":"py.warnings"}
{"timestamp":"2025-12-28T22:06:52.117256Z","level":"warning","event":"The `airflow.operators.python.get_current_context` attribute is deprecated. Please use `'airflow.sdk.get_current_context'`.","category":"DeprecatedImportWarning","filename":"/opt/airflow/dags/dag_2.py","lineno":7,"logger":"py.warnings"}
{"timestamp":"2025-12-28T22:06:52.117277Z","level":"warning","event":"The `airflow.models.param.Param` attribute is deprecated. Please use `'airflow.sdk.Param'`.","category":"DeprecatedImportWarning","filename":"/opt/airflow/dags/dag_2.py","lineno":14,"logger":"py.warnings"}
{"timestamp":"2025-12-28T22:06:52.117297Z","level":"warning","event":"The `airflow.operators.python.get_current_context` attribute is deprecated. Please use `'airflow.sdk.get_current_context'`.","category":"DeprecatedImportWarning","filename":"/opt/airflow/dags/dag_2.py","lineno":22,"logger":"py.warnings"}
{"timestamp":"2025-12-28T22:07:22.522637Z","level":"info","event":"Filling up the DagBag from /opt/airflow/dags/dag_2.py","logger":"airflow.models.dagbag.DagBag","filename":"dagbag.py","lineno":593}
{"timestamp":"2025-12-28T22:07:22.566680Z","level":"warning","event":"The `airflow.decorators.dag` attribute is deprecated. Please use `'airflow.sdk.dag'`.","category":"DeprecatedImportWarning","filename":"/opt/airflow/dags/dag_2.py","lineno":3,"logger":"py.warnings"}
{"timestamp":"2025-12-28T22:07:22.566757Z","level":"warning","event":"The `airflow.decorators.task` attribute is deprecated. Please use `'airflow.sdk.task'`.","category":"DeprecatedImportWarning","filename":"/opt/airflow/dags/dag_2.py","lineno":4,"logger":"py.warnings"}
{"timestamp":"2025-12-28T22:07:22.566798Z","level":"warning","event":"The `airflow.operators.empty.EmptyOperator` attribute is deprecated. Please use `'airflow.providers.standard.operators.empty.EmptyOperator'`.","category":"DeprecatedImportWarning","filename":"/opt/airflow/dags/dag_2.py","lineno":5,"logger":"py.warnings"}
{"timestamp":"2025-12-28T22:07:22.566851Z","level":"warning","event":"The `airflow.operators.python.get_current_context` attribute is deprecated. Please use `'airflow.sdk.get_current_context'`.","category":"DeprecatedImportWarning","filename":"/opt/airflow/dags/dag_2.py","lineno":7,"logger":"py.warnings"}
{"timestamp":"2025-12-28T22:07:22.566881Z","level":"warning","event":"The `airflow.models.param.Param` attribute is deprecated. Please use `'airflow.sdk.Param'`.","category":"DeprecatedImportWarning","filename":"/opt/airflow/dags/dag_2.py","lineno":14,"logger":"py.warnings"}
{"timestamp":"2025-12-28T22:07:22.566906Z","level":"warning","event":"The `airflow.operators.python.get_current_context` attribute is deprecated. Please use `'airflow.sdk.get_current_context'`.","category":"DeprecatedImportWarning","filename":"/opt/airflow/dags/dag_2.py","lineno":22,"logger":"py.warnings"}
{"timestamp":"2025-12-28T22:07:53.076021Z","level":"info","event":"Filling up the DagBag from /opt/airflow/dags/dag_2.py","logger":"airflow.models.dagbag.DagBag","filename":"dagbag.py","lineno":593}
{"timestamp":"2025-12-28T22:07:53.131193Z","level":"warning","event":"The `airflow.decorators.dag` attribute is deprecated. Please use `'airflow.sdk.dag'`.","category":"DeprecatedImportWarning","filename":"/opt/airflow/dags/dag_2.py","lineno":3,"logger":"py.warnings"}
{"timestamp":"2025-12-28T22:07:53.131242Z","level":"warning","event":"The `airflow.decorators.task` attribute is deprecated. Please use `'airflow.sdk.task'`.","category":"DeprecatedImportWarning","filename":"/opt/airflow/dags/dag_2.py","lineno":4,"logger":"py.warnings"}
{"timestamp":"2025-12-28T22:07:53.131263Z","level":"warning","event":"The `airflow.operators.empty.EmptyOperator` attribute is deprecated. Please use `'airflow.providers.standard.operators.empty.EmptyOperator'`.","category":"DeprecatedImportWarning","filename":"/opt/airflow/dags/dag_2.py","lineno":5,"logger":"py.warnings"}
{"timestamp":"2025-12-28T22:07:53.131282Z","level":"warning","event":"The `airflow.operators.python.get_current_context` attribute is deprecated. Please use `'airflow.sdk.get_current_context'`.","category":"DeprecatedImportWarning","filename":"/opt/airflow/dags/dag_2.py","lineno":7,"logger":"py.warnings"}
{"timestamp":"2025-12-28T22:07:53.131299Z","level":"warning","event":"The `airflow.models.param.Param` attribute is deprecated. Please use `'airflow.sdk.Param'`.","category":"DeprecatedImportWarning","filename":"/opt/airflow/dags/dag_2.py","lineno":14,"logger":"py.warnings"}
{"timestamp":"2025-12-28T22:07:53.131327Z","level":"warning","event":"The `airflow.operators.python.get_current_context` attribute is deprecated. Please use `'airflow.sdk.get_current_context'`.","category":"DeprecatedImportWarning","filename":"/opt/airflow/dags/dag_2.py","lineno":22,"logger":"py.warnings"}
{"timestamp":"2025-12-28T22:08:23.564299Z","level":"info","event":"Filling up the DagBag from /opt/airflow/dags/dag_2.py","logger":"airflow.models.dagbag.DagBag","filename":"dagbag.py","lineno":593}
{"timestamp":"2025-12-28T22:08:23.597083Z","level":"warning","event":"The `airflow.decorators.dag` attribute is deprecated. Please use `'airflow.sdk.dag'`.","category":"DeprecatedImportWarning","filename":"/opt/airflow/dags/dag_2.py","lineno":3,"logger":"py.warnings"}
{"timestamp":"2025-12-28T22:08:23.597260Z","level":"warning","event":"The `airflow.decorators.task` attribute is deprecated. Please use `'airflow.sdk.task'`.","category":"DeprecatedImportWarning","filename":"/opt/airflow/dags/dag_2.py","lineno":4,"logger":"py.warnings"}
{"timestamp":"2025-12-28T22:08:23.597315Z","level":"warning","event":"The `airflow.operators.empty.EmptyOperator` attribute is deprecated. Please use `'airflow.providers.standard.operators.empty.EmptyOperator'`.","category":"DeprecatedImportWarning","filename":"/opt/airflow/dags/dag_2.py","lineno":5,"logger":"py.warnings"}
{"timestamp":"2025-12-28T22:08:23.597339Z","level":"warning","event":"The `airflow.operators.python.get_current_context` attribute is deprecated. Please use `'airflow.sdk.get_current_context'`.","category":"DeprecatedImportWarning","filename":"/opt/airflow/dags/dag_2.py","lineno":7,"logger":"py.warnings"}
{"timestamp":"2025-12-28T22:08:23.597380Z","level":"warning","event":"The `airflow.models.param.Param` attribute is deprecated. Please use `'airflow.sdk.Param'`.","category":"DeprecatedImportWarning","filename":"/opt/airflow/dags/dag_2.py","lineno":14,"logger":"py.warnings"}
{"timestamp":"2025-12-28T22:08:23.597410Z","level":"warning","event":"The `airflow.operators.python.get_current_context` attribute is deprecated. Please use `'airflow.sdk.get_current_context'`.","category":"DeprecatedImportWarning","filename":"/opt/airflow/dags/dag_2.py","lineno":22,"logger":"py.warnings"}
{"timestamp":"2025-12-28T22:08:54.053631Z","level":"info","event":"Filling up the DagBag from /opt/airflow/dags/dag_2.py","logger":"airflow.models.dagbag.DagBag","filename":"dagbag.py","lineno":593}
{"timestamp":"2025-12-28T22:08:54.096155Z","level":"warning","event":"The `airflow.decorators.dag` attribute is deprecated. Please use `'airflow.sdk.dag'`.","category":"DeprecatedImportWarning","filename":"/opt/airflow/dags/dag_2.py","lineno":3,"logger":"py.warnings"}
{"timestamp":"2025-12-28T22:08:54.096213Z","level":"warning","event":"The `airflow.decorators.task` attribute is deprecated. Please use `'airflow.sdk.task'`.","category":"DeprecatedImportWarning","filename":"/opt/airflow/dags/dag_2.py","lineno":4,"logger":"py.warnings"}
{"timestamp":"2025-12-28T22:08:54.096249Z","level":"warning","event":"The `airflow.operators.empty.EmptyOperator` attribute is deprecated. Please use `'airflow.providers.standard.operators.empty.EmptyOperator'`.","category":"DeprecatedImportWarning","filename":"/opt/airflow/dags/dag_2.py","lineno":5,"logger":"py.warnings"}
{"timestamp":"2025-12-28T22:08:54.096272Z","level":"warning","event":"The `airflow.operators.python.get_current_context` attribute is deprecated. Please use `'airflow.sdk.get_current_context'`.","category":"DeprecatedImportWarning","filename":"/opt/airflow/dags/dag_2.py","lineno":7,"logger":"py.warnings"}
{"timestamp":"2025-12-28T22:08:54.096292Z","level":"warning","event":"The `airflow.models.param.Param` attribute is deprecated. Please use `'airflow.sdk.Param'`.","category":"DeprecatedImportWarning","filename":"/opt/airflow/dags/dag_2.py","lineno":14,"logger":"py.warnings"}
{"timestamp":"2025-12-28T22:08:54.096310Z","level":"warning","event":"The `airflow.operators.python.get_current_context` attribute is deprecated. Please use `'airflow.sdk.get_current_context'`.","category":"DeprecatedImportWarning","filename":"/opt/airflow/dags/dag_2.py","lineno":22,"logger":"py.warnings"}
{"timestamp":"2025-12-28T22:09:24.603989Z","level":"info","event":"Filling up the DagBag from /opt/airflow/dags/dag_2.py","logger":"airflow.models.dagbag.DagBag","filename":"dagbag.py","lineno":593}
{"timestamp":"2025-12-28T22:09:24.661863Z","level":"warning","event":"The `airflow.decorators.dag` attribute is deprecated. Please use `'airflow.sdk.dag'`.","category":"DeprecatedImportWarning","filename":"/opt/airflow/dags/dag_2.py","lineno":3,"logger":"py.warnings"}
{"timestamp":"2025-12-28T22:09:24.661928Z","level":"warning","event":"The `airflow.decorators.task` attribute is deprecated. Please use `'airflow.sdk.task'`.","category":"DeprecatedImportWarning","filename":"/opt/airflow/dags/dag_2.py","lineno":4,"logger":"py.warnings"}
{"timestamp":"2025-12-28T22:09:24.661951Z","level":"warning","event":"The `airflow.operators.empty.EmptyOperator` attribute is deprecated. Please use `'airflow.providers.standard.operators.empty.EmptyOperator'`.","category":"DeprecatedImportWarning","filename":"/opt/airflow/dags/dag_2.py","lineno":5,"logger":"py.warnings"}
{"timestamp":"2025-12-28T22:09:24.661971Z","level":"warning","event":"The `airflow.operators.python.get_current_context` attribute is deprecated. Please use `'airflow.sdk.get_current_context'`.","category":"DeprecatedImportWarning","filename":"/opt/airflow/dags/dag_2.py","lineno":7,"logger":"py.warnings"}
{"timestamp":"2025-12-28T22:09:24.661988Z","level":"warning","event":"The `airflow.models.param.Param` attribute is deprecated. Please use `'airflow.sdk.Param'`.","category":"DeprecatedImportWarning","filename":"/opt/airflow/dags/dag_2.py","lineno":14,"logger":"py.warnings"}
{"timestamp":"2025-12-28T22:09:24.662017Z","level":"warning","event":"The `airflow.operators.python.get_current_context` attribute is deprecated. Please use `'airflow.sdk.get_current_context'`.","category":"DeprecatedImportWarning","filename":"/opt/airflow/dags/dag_2.py","lineno":22,"logger":"py.warnings"}
{"timestamp":"2025-12-28T22:09:55.099033Z","level":"info","event":"Filling up the DagBag from /opt/airflow/dags/dag_2.py","logger":"airflow.models.dagbag.DagBag","filename":"dagbag.py","lineno":593}
{"timestamp":"2025-12-28T22:09:55.151619Z","level":"warning","event":"The `airflow.decorators.dag` attribute is deprecated. Please use `'airflow.sdk.dag'`.","category":"DeprecatedImportWarning","filename":"/opt/airflow/dags/dag_2.py","lineno":3,"logger":"py.warnings"}
{"timestamp":"2025-12-28T22:09:55.151693Z","level":"warning","event":"The `airflow.decorators.task` attribute is deprecated. Please use `'airflow.sdk.task'`.","category":"DeprecatedImportWarning","filename":"/opt/airflow/dags/dag_2.py","lineno":4,"logger":"py.warnings"}
{"timestamp":"2025-12-28T22:09:55.151731Z","level":"warning","event":"The `airflow.operators.empty.EmptyOperator` attribute is deprecated. Please use `'airflow.providers.standard.operators.empty.EmptyOperator'`.","category":"DeprecatedImportWarning","filename":"/opt/airflow/dags/dag_2.py","lineno":5,"logger":"py.warnings"}
{"timestamp":"2025-12-28T22:09:55.151754Z","level":"warning","event":"The `airflow.operators.python.get_current_context` attribute is deprecated. Please use `'airflow.sdk.get_current_context'`.","category":"DeprecatedImportWarning","filename":"/opt/airflow/dags/dag_2.py","lineno":7,"logger":"py.warnings"}
{"timestamp":"2025-12-28T22:09:55.151774Z","level":"warning","event":"The `airflow.models.param.Param` attribute is deprecated. Please use `'airflow.sdk.Param'`.","category":"DeprecatedImportWarning","filename":"/opt/airflow/dags/dag_2.py","lineno":14,"logger":"py.warnings"}
{"timestamp":"2025-12-28T22:09:55.151792Z","level":"warning","event":"The `airflow.operators.python.get_current_context` attribute is deprecated. Please use `'airflow.sdk.get_current_context'`.","category":"DeprecatedImportWarning","filename":"/opt/airflow/dags/dag_2.py","lineno":22,"logger":"py.warnings"}
{"timestamp":"2025-12-28T22:10:25.518469Z","level":"info","event":"Filling up the DagBag from /opt/airflow/dags/dag_2.py","logger":"airflow.models.dagbag.DagBag","filename":"dagbag.py","lineno":593}
{"timestamp":"2025-12-28T22:10:25.540944Z","level":"warning","event":"The `airflow.decorators.dag` attribute is deprecated. Please use `'airflow.sdk.dag'`.","category":"DeprecatedImportWarning","filename":"/opt/airflow/dags/dag_2.py","lineno":3,"logger":"py.warnings"}
{"timestamp":"2025-12-28T22:10:25.541008Z","level":"warning","event":"The `airflow.decorators.task` attribute is deprecated. Please use `'airflow.sdk.task'`.","category":"DeprecatedImportWarning","filename":"/opt/airflow/dags/dag_2.py","lineno":4,"logger":"py.warnings"}
{"timestamp":"2025-12-28T22:10:25.541031Z","level":"warning","event":"The `airflow.operators.empty.EmptyOperator` attribute is deprecated. Please use `'airflow.providers.standard.operators.empty.EmptyOperator'`.","category":"DeprecatedImportWarning","filename":"/opt/airflow/dags/dag_2.py","lineno":5,"logger":"py.warnings"}
{"timestamp":"2025-12-28T22:10:25.541063Z","level":"warning","event":"The `airflow.operators.python.get_current_context` attribute is deprecated. Please use `'airflow.sdk.get_current_context'`.","category":"DeprecatedImportWarning","filename":"/opt/airflow/dags/dag_2.py","lineno":7,"logger":"py.warnings"}
{"timestamp":"2025-12-28T22:10:25.541083Z","level":"warning","event":"The `airflow.models.param.Param` attribute is deprecated. Please use `'airflow.sdk.Param'`.","category":"DeprecatedImportWarning","filename":"/opt/airflow/dags/dag_2.py","lineno":14,"logger":"py.warnings"}
{"timestamp":"2025-12-28T22:10:25.541099Z","level":"warning","event":"The `airflow.operators.python.get_current_context` attribute is deprecated. Please use `'airflow.sdk.get_current_context'`.","category":"DeprecatedImportWarning","filename":"/opt/airflow/dags/dag_2.py","lineno":22,"logger":"py.warnings"}
{"timestamp":"2025-12-28T22:10:56.034192Z","level":"info","event":"Filling up the DagBag from /opt/airflow/dags/dag_2.py","logger":"airflow.models.dagbag.DagBag","filename":"dagbag.py","lineno":593}
{"timestamp":"2025-12-28T22:10:56.079751Z","level":"warning","event":"The `airflow.decorators.dag` attribute is deprecated. Please use `'airflow.sdk.dag'`.","category":"DeprecatedImportWarning","filename":"/opt/airflow/dags/dag_2.py","lineno":3,"logger":"py.warnings"}
{"timestamp":"2025-12-28T22:10:56.079823Z","level":"warning","event":"The `airflow.decorators.task` attribute is deprecated. Please use `'airflow.sdk.task'`.","category":"DeprecatedImportWarning","filename":"/opt/airflow/dags/dag_2.py","lineno":4,"logger":"py.warnings"}
{"timestamp":"2025-12-28T22:10:56.079849Z","level":"warning","event":"The `airflow.operators.empty.EmptyOperator` attribute is deprecated. Please use `'airflow.providers.standard.operators.empty.EmptyOperator'`.","category":"DeprecatedImportWarning","filename":"/opt/airflow/dags/dag_2.py","lineno":5,"logger":"py.warnings"}
{"timestamp":"2025-12-28T22:10:56.079874Z","level":"warning","event":"The `airflow.operators.python.get_current_context` attribute is deprecated. Please use `'airflow.sdk.get_current_context'`.","category":"DeprecatedImportWarning","filename":"/opt/airflow/dags/dag_2.py","lineno":7,"logger":"py.warnings"}
{"timestamp":"2025-12-28T22:10:56.079893Z","level":"warning","event":"The `airflow.models.param.Param` attribute is deprecated. Please use `'airflow.sdk.Param'`.","category":"DeprecatedImportWarning","filename":"/opt/airflow/dags/dag_2.py","lineno":14,"logger":"py.warnings"}
{"timestamp":"2025-12-28T22:10:56.079909Z","level":"warning","event":"The `airflow.operators.python.get_current_context` attribute is deprecated. Please use `'airflow.sdk.get_current_context'`.","category":"DeprecatedImportWarning","filename":"/opt/airflow/dags/dag_2.py","lineno":22,"logger":"py.warnings"}
{"timestamp":"2025-12-28T22:11:26.548527Z","level":"info","event":"Filling up the DagBag from /opt/airflow/dags/dag_2.py","logger":"airflow.models.dagbag.DagBag","filename":"dagbag.py","lineno":593}
{"timestamp":"2025-12-28T22:11:26.597090Z","level":"warning","event":"The `airflow.decorators.dag` attribute is deprecated. Please use `'airflow.sdk.dag'`.","category":"DeprecatedImportWarning","filename":"/opt/airflow/dags/dag_2.py","lineno":3,"logger":"py.warnings"}
{"timestamp":"2025-12-28T22:11:26.597150Z","level":"warning","event":"The `airflow.decorators.task` attribute is deprecated. Please use `'airflow.sdk.task'`.","category":"DeprecatedImportWarning","filename":"/opt/airflow/dags/dag_2.py","lineno":4,"logger":"py.warnings"}
{"timestamp":"2025-12-28T22:11:26.597193Z","level":"warning","event":"The `airflow.operators.empty.EmptyOperator` attribute is deprecated. Please use `'airflow.providers.standard.operators.empty.EmptyOperator'`.","category":"DeprecatedImportWarning","filename":"/opt/airflow/dags/dag_2.py","lineno":5,"logger":"py.warnings"}
{"timestamp":"2025-12-28T22:11:26.597215Z","level":"warning","event":"The `airflow.operators.python.get_current_context` attribute is deprecated. Please use `'airflow.sdk.get_current_context'`.","category":"DeprecatedImportWarning","filename":"/opt/airflow/dags/dag_2.py","lineno":7,"logger":"py.warnings"}
{"timestamp":"2025-12-28T22:11:26.597234Z","level":"warning","event":"The `airflow.models.param.Param` attribute is deprecated. Please use `'airflow.sdk.Param'`.","category":"DeprecatedImportWarning","filename":"/opt/airflow/dags/dag_2.py","lineno":14,"logger":"py.warnings"}
{"timestamp":"2025-12-28T22:11:26.597251Z","level":"warning","event":"The `airflow.operators.python.get_current_context` attribute is deprecated. Please use `'airflow.sdk.get_current_context'`.","category":"DeprecatedImportWarning","filename":"/opt/airflow/dags/dag_2.py","lineno":22,"logger":"py.warnings"}
{"timestamp":"2025-12-28T22:11:57.187555Z","level":"info","event":"Filling up the DagBag from /opt/airflow/dags/dag_2.py","logger":"airflow.models.dagbag.DagBag","filename":"dagbag.py","lineno":593}
{"timestamp":"2025-12-28T22:11:57.263220Z","level":"warning","event":"The `airflow.decorators.dag` attribute is deprecated. Please use `'airflow.sdk.dag'`.","category":"DeprecatedImportWarning","filename":"/opt/airflow/dags/dag_2.py","lineno":3,"logger":"py.warnings"}
{"timestamp":"2025-12-28T22:11:57.263325Z","level":"warning","event":"The `airflow.decorators.task` attribute is deprecated. Please use `'airflow.sdk.task'`.","category":"DeprecatedImportWarning","filename":"/opt/airflow/dags/dag_2.py","lineno":4,"logger":"py.warnings"}
{"timestamp":"2025-12-28T22:11:57.263353Z","level":"warning","event":"The `airflow.operators.empty.EmptyOperator` attribute is deprecated. Please use `'airflow.providers.standard.operators.empty.EmptyOperator'`.","category":"DeprecatedImportWarning","filename":"/opt/airflow/dags/dag_2.py","lineno":5,"logger":"py.warnings"}
{"timestamp":"2025-12-28T22:11:57.263376Z","level":"warning","event":"The `airflow.operators.python.get_current_context` attribute is deprecated. Please use `'airflow.sdk.get_current_context'`.","category":"DeprecatedImportWarning","filename":"/opt/airflow/dags/dag_2.py","lineno":7,"logger":"py.warnings"}
{"timestamp":"2025-12-28T22:11:57.263398Z","level":"warning","event":"The `airflow.models.param.Param` attribute is deprecated. Please use `'airflow.sdk.Param'`.","category":"DeprecatedImportWarning","filename":"/opt/airflow/dags/dag_2.py","lineno":14,"logger":"py.warnings"}
{"timestamp":"2025-12-28T22:11:57.263416Z","level":"warning","event":"The `airflow.operators.python.get_current_context` attribute is deprecated. Please use `'airflow.sdk.get_current_context'`.","category":"DeprecatedImportWarning","filename":"/opt/airflow/dags/dag_2.py","lineno":22,"logger":"py.warnings"}
{"timestamp":"2025-12-28T22:12:27.781905Z","level":"info","event":"Filling up the DagBag from /opt/airflow/dags/dag_2.py","logger":"airflow.models.dagbag.DagBag","filename":"dagbag.py","lineno":593}
{"timestamp":"2025-12-28T22:12:27.831119Z","level":"warning","event":"The `airflow.decorators.dag` attribute is deprecated. Please use `'airflow.sdk.dag'`.","category":"DeprecatedImportWarning","filename":"/opt/airflow/dags/dag_2.py","lineno":3,"logger":"py.warnings"}
{"timestamp":"2025-12-28T22:12:27.831195Z","level":"warning","event":"The `airflow.decorators.task` attribute is deprecated. Please use `'airflow.sdk.task'`.","category":"DeprecatedImportWarning","filename":"/opt/airflow/dags/dag_2.py","lineno":4,"logger":"py.warnings"}
{"timestamp":"2025-12-28T22:12:27.831229Z","level":"warning","event":"The `airflow.operators.empty.EmptyOperator` attribute is deprecated. Please use `'airflow.providers.standard.operators.empty.EmptyOperator'`.","category":"DeprecatedImportWarning","filename":"/opt/airflow/dags/dag_2.py","lineno":5,"logger":"py.warnings"}
{"timestamp":"2025-12-28T22:12:27.831249Z","level":"warning","event":"The `airflow.operators.python.get_current_context` attribute is deprecated. Please use `'airflow.sdk.get_current_context'`.","category":"DeprecatedImportWarning","filename":"/opt/airflow/dags/dag_2.py","lineno":7,"logger":"py.warnings"}
{"timestamp":"2025-12-28T22:12:27.831267Z","level":"warning","event":"The `airflow.models.param.Param` attribute is deprecated. Please use `'airflow.sdk.Param'`.","category":"DeprecatedImportWarning","filename":"/opt/airflow/dags/dag_2.py","lineno":14,"logger":"py.warnings"}
{"timestamp":"2025-12-28T22:12:27.831283Z","level":"warning","event":"The `airflow.operators.python.get_current_context` attribute is deprecated. Please use `'airflow.sdk.get_current_context'`.","category":"DeprecatedImportWarning","filename":"/opt/airflow/dags/dag_2.py","lineno":22,"logger":"py.warnings"}
{"timestamp":"2025-12-28T22:12:58.249105Z","level":"info","event":"Filling up the DagBag from /opt/airflow/dags/dag_2.py","logger":"airflow.models.dagbag.DagBag","filename":"dagbag.py","lineno":593}
{"timestamp":"2025-12-28T22:12:58.284292Z","level":"warning","event":"The `airflow.decorators.dag` attribute is deprecated. Please use `'airflow.sdk.dag'`.","category":"DeprecatedImportWarning","filename":"/opt/airflow/dags/dag_2.py","lineno":3,"logger":"py.warnings"}
{"timestamp":"2025-12-28T22:12:58.284344Z","level":"warning","event":"The `airflow.decorators.task` attribute is deprecated. Please use `'airflow.sdk.task'`.","category":"DeprecatedImportWarning","filename":"/opt/airflow/dags/dag_2.py","lineno":4,"logger":"py.warnings"}
{"timestamp":"2025-12-28T22:12:58.284366Z","level":"warning","event":"The `airflow.operators.empty.EmptyOperator` attribute is deprecated. Please use `'airflow.providers.standard.operators.empty.EmptyOperator'`.","category":"DeprecatedImportWarning","filename":"/opt/airflow/dags/dag_2.py","lineno":5,"logger":"py.warnings"}
{"timestamp":"2025-12-28T22:12:58.284385Z","level":"warning","event":"The `airflow.operators.python.get_current_context` attribute is deprecated. Please use `'airflow.sdk.get_current_context'`.","category":"DeprecatedImportWarning","filename":"/opt/airflow/dags/dag_2.py","lineno":7,"logger":"py.warnings"}
{"timestamp":"2025-12-28T22:12:58.284403Z","level":"warning","event":"The `airflow.models.param.Param` attribute is deprecated. Please use `'airflow.sdk.Param'`.","category":"DeprecatedImportWarning","filename":"/opt/airflow/dags/dag_2.py","lineno":14,"logger":"py.warnings"}
{"timestamp":"2025-12-28T22:12:58.284420Z","level":"warning","event":"The `airflow.operators.python.get_current_context` attribute is deprecated. Please use `'airflow.sdk.get_current_context'`.","category":"DeprecatedImportWarning","filename":"/opt/airflow/dags/dag_2.py","lineno":22,"logger":"py.warnings"}
{"timestamp":"2025-12-28T22:13:28.719185Z","level":"info","event":"Filling up the DagBag from /opt/airflow/dags/dag_2.py","logger":"airflow.models.dagbag.DagBag","filename":"dagbag.py","lineno":593}
{"timestamp":"2025-12-28T22:13:28.760825Z","level":"warning","event":"The `airflow.decorators.dag` attribute is deprecated. Please use `'airflow.sdk.dag'`.","category":"DeprecatedImportWarning","filename":"/opt/airflow/dags/dag_2.py","lineno":3,"logger":"py.warnings"}
{"timestamp":"2025-12-28T22:13:28.761008Z","level":"warning","event":"The `airflow.decorators.task` attribute is deprecated. Please use `'airflow.sdk.task'`.","category":"DeprecatedImportWarning","filename":"/opt/airflow/dags/dag_2.py","lineno":4,"logger":"py.warnings"}
{"timestamp":"2025-12-28T22:13:28.761048Z","level":"warning","event":"The `airflow.operators.empty.EmptyOperator` attribute is deprecated. Please use `'airflow.providers.standard.operators.empty.EmptyOperator'`.","category":"DeprecatedImportWarning","filename":"/opt/airflow/dags/dag_2.py","lineno":5,"logger":"py.warnings"}
{"timestamp":"2025-12-28T22:13:28.761068Z","level":"warning","event":"The `airflow.operators.python.get_current_context` attribute is deprecated. Please use `'airflow.sdk.get_current_context'`.","category":"DeprecatedImportWarning","filename":"/opt/airflow/dags/dag_2.py","lineno":7,"logger":"py.warnings"}
{"timestamp":"2025-12-28T22:13:28.761087Z","level":"warning","event":"The `airflow.models.param.Param` attribute is deprecated. Please use `'airflow.sdk.Param'`.","category":"DeprecatedImportWarning","filename":"/opt/airflow/dags/dag_2.py","lineno":14,"logger":"py.warnings"}
{"timestamp":"2025-12-28T22:13:28.761104Z","level":"warning","event":"The `airflow.operators.python.get_current_context` attribute is deprecated. Please use `'airflow.sdk.get_current_context'`.","category":"DeprecatedImportWarning","filename":"/opt/airflow/dags/dag_2.py","lineno":22,"logger":"py.warnings"}
{"timestamp":"2025-12-28T22:13:59.235409Z","level":"info","event":"Filling up the DagBag from /opt/airflow/dags/dag_2.py","logger":"airflow.models.dagbag.DagBag","filename":"dagbag.py","lineno":593}
{"timestamp":"2025-12-28T22:13:59.290187Z","level":"warning","event":"The `airflow.decorators.dag` attribute is deprecated. Please use `'airflow.sdk.dag'`.","category":"DeprecatedImportWarning","filename":"/opt/airflow/dags/dag_2.py","lineno":3,"logger":"py.warnings"}
{"timestamp":"2025-12-28T22:13:59.290259Z","level":"warning","event":"The `airflow.decorators.task` attribute is deprecated. Please use `'airflow.sdk.task'`.","category":"DeprecatedImportWarning","filename":"/opt/airflow/dags/dag_2.py","lineno":4,"logger":"py.warnings"}
{"timestamp":"2025-12-28T22:13:59.290286Z","level":"warning","event":"The `airflow.operators.empty.EmptyOperator` attribute is deprecated. Please use `'airflow.providers.standard.operators.empty.EmptyOperator'`.","category":"DeprecatedImportWarning","filename":"/opt/airflow/dags/dag_2.py","lineno":5,"logger":"py.warnings"}
{"timestamp":"2025-12-28T22:13:59.290305Z","level":"warning","event":"The `airflow.operators.python.get_current_context` attribute is deprecated. Please use `'airflow.sdk.get_current_context'`.","category":"DeprecatedImportWarning","filename":"/opt/airflow/dags/dag_2.py","lineno":7,"logger":"py.warnings"}
{"timestamp":"2025-12-28T22:13:59.290324Z","level":"warning","event":"The `airflow.models.param.Param` attribute is deprecated. Please use `'airflow.sdk.Param'`.","category":"DeprecatedImportWarning","filename":"/opt/airflow/dags/dag_2.py","lineno":14,"logger":"py.warnings"}
{"timestamp":"2025-12-28T22:13:59.290342Z","level":"warning","event":"The `airflow.operators.python.get_current_context` attribute is deprecated. Please use `'airflow.sdk.get_current_context'`.","category":"DeprecatedImportWarning","filename":"/opt/airflow/dags/dag_2.py","lineno":22,"logger":"py.warnings"}
{"timestamp":"2025-12-28T22:14:29.734155Z","level":"info","event":"Filling up the DagBag from /opt/airflow/dags/dag_2.py","logger":"airflow.models.dagbag.DagBag","filename":"dagbag.py","lineno":593}
{"timestamp":"2025-12-28T22:14:29.832482Z","level":"warning","event":"The `airflow.decorators.dag` attribute is deprecated. Please use `'airflow.sdk.dag'`.","category":"DeprecatedImportWarning","filename":"/opt/airflow/dags/dag_2.py","lineno":3,"logger":"py.warnings"}
{"timestamp":"2025-12-28T22:14:29.833004Z","level":"warning","event":"The `airflow.decorators.task` attribute is deprecated. Please use `'airflow.sdk.task'`.","category":"DeprecatedImportWarning","filename":"/opt/airflow/dags/dag_2.py","lineno":4,"logger":"py.warnings"}
{"timestamp":"2025-12-28T22:14:29.833051Z","level":"warning","event":"The `airflow.operators.empty.EmptyOperator` attribute is deprecated. Please use `'airflow.providers.standard.operators.empty.EmptyOperator'`.","category":"DeprecatedImportWarning","filename":"/opt/airflow/dags/dag_2.py","lineno":5,"logger":"py.warnings"}
{"timestamp":"2025-12-28T22:14:29.833108Z","level":"warning","event":"The `airflow.operators.python.get_current_context` attribute is deprecated. Please use `'airflow.sdk.get_current_context'`.","category":"DeprecatedImportWarning","filename":"/opt/airflow/dags/dag_2.py","lineno":7,"logger":"py.warnings"}
{"timestamp":"2025-12-28T22:14:29.833132Z","level":"warning","event":"The `airflow.models.param.Param` attribute is deprecated. Please use `'airflow.sdk.Param'`.","category":"DeprecatedImportWarning","filename":"/opt/airflow/dags/dag_2.py","lineno":14,"logger":"py.warnings"}
{"timestamp":"2025-12-28T22:14:29.833152Z","level":"warning","event":"The `airflow.operators.python.get_current_context` attribute is deprecated. Please use `'airflow.sdk.get_current_context'`.","category":"DeprecatedImportWarning","filename":"/opt/airflow/dags/dag_2.py","lineno":22,"logger":"py.warnings"}
{"timestamp":"2025-12-28T22:15:00.342788Z","level":"info","event":"Filling up the DagBag from /opt/airflow/dags/dag_2.py","logger":"airflow.models.dagbag.DagBag","filename":"dagbag.py","lineno":593}
{"timestamp":"2025-12-28T22:15:00.392589Z","level":"warning","event":"The `airflow.decorators.dag` attribute is deprecated. Please use `'airflow.sdk.dag'`.","category":"DeprecatedImportWarning","filename":"/opt/airflow/dags/dag_2.py","lineno":3,"logger":"py.warnings"}
{"timestamp":"2025-12-28T22:15:00.392665Z","level":"warning","event":"The `airflow.decorators.task` attribute is deprecated. Please use `'airflow.sdk.task'`.","category":"DeprecatedImportWarning","filename":"/opt/airflow/dags/dag_2.py","lineno":4,"logger":"py.warnings"}
{"timestamp":"2025-12-28T22:15:00.392709Z","level":"warning","event":"The `airflow.operators.empty.EmptyOperator` attribute is deprecated. Please use `'airflow.providers.standard.operators.empty.EmptyOperator'`.","category":"DeprecatedImportWarning","filename":"/opt/airflow/dags/dag_2.py","lineno":5,"logger":"py.warnings"}
{"timestamp":"2025-12-28T22:15:00.392730Z","level":"warning","event":"The `airflow.operators.python.get_current_context` attribute is deprecated. Please use `'airflow.sdk.get_current_context'`.","category":"DeprecatedImportWarning","filename":"/opt/airflow/dags/dag_2.py","lineno":7,"logger":"py.warnings"}
{"timestamp":"2025-12-28T22:15:00.392768Z","level":"warning","event":"The `airflow.models.param.Param` attribute is deprecated. Please use `'airflow.sdk.Param'`.","category":"DeprecatedImportWarning","filename":"/opt/airflow/dags/dag_2.py","lineno":14,"logger":"py.warnings"}
{"timestamp":"2025-12-28T22:15:00.392797Z","level":"warning","event":"The `airflow.operators.python.get_current_context` attribute is deprecated. Please use `'airflow.sdk.get_current_context'`.","category":"DeprecatedImportWarning","filename":"/opt/airflow/dags/dag_2.py","lineno":22,"logger":"py.warnings"}
{"timestamp":"2025-12-28T22:15:25.830133Z","level":"info","event":"Filling up the DagBag from /opt/airflow/dags/dag_2.py","logger":"airflow.models.dagbag.DagBag","filename":"dagbag.py","lineno":593}
{"timestamp":"2025-12-28T22:15:25.906184Z","level":"warning","event":"The `airflow.decorators.dag` attribute is deprecated. Please use `'airflow.sdk.dag'`.","category":"DeprecatedImportWarning","filename":"/opt/airflow/dags/dag_2.py","lineno":3,"logger":"py.warnings"}
{"timestamp":"2025-12-28T22:15:25.906306Z","level":"warning","event":"The `airflow.decorators.task` attribute is deprecated. Please use `'airflow.sdk.task'`.","category":"DeprecatedImportWarning","filename":"/opt/airflow/dags/dag_2.py","lineno":4,"logger":"py.warnings"}
{"timestamp":"2025-12-28T22:15:25.906341Z","level":"warning","event":"The `airflow.operators.empty.EmptyOperator` attribute is deprecated. Please use `'airflow.providers.standard.operators.empty.EmptyOperator'`.","category":"DeprecatedImportWarning","filename":"/opt/airflow/dags/dag_2.py","lineno":5,"logger":"py.warnings"}
{"timestamp":"2025-12-28T22:15:25.906386Z","level":"warning","event":"The `airflow.operators.python.get_current_context` attribute is deprecated. Please use `'airflow.sdk.get_current_context'`.","category":"DeprecatedImportWarning","filename":"/opt/airflow/dags/dag_2.py","lineno":7,"logger":"py.warnings"}
{"timestamp":"2025-12-28T22:15:25.906435Z","level":"warning","event":"The `airflow.models.param.Param` attribute is deprecated. Please use `'airflow.sdk.Param'`.","category":"DeprecatedImportWarning","filename":"/opt/airflow/dags/dag_2.py","lineno":14,"logger":"py.warnings"}
{"timestamp":"2025-12-28T22:15:25.906483Z","level":"warning","event":"The `airflow.operators.python.get_current_context` attribute is deprecated. Please use `'airflow.sdk.get_current_context'`.","category":"DeprecatedImportWarning","filename":"/opt/airflow/dags/dag_2.py","lineno":22,"logger":"py.warnings"}
{"timestamp":"2025-12-28T22:15:56.329681Z","level":"info","event":"Filling up the DagBag from /opt/airflow/dags/dag_2.py","logger":"airflow.models.dagbag.DagBag","filename":"dagbag.py","lineno":593}
{"timestamp":"2025-12-28T22:15:56.376443Z","level":"warning","event":"The `airflow.decorators.dag` attribute is deprecated. Please use `'airflow.sdk.dag'`.","category":"DeprecatedImportWarning","filename":"/opt/airflow/dags/dag_2.py","lineno":3,"logger":"py.warnings"}
{"timestamp":"2025-12-28T22:15:56.376496Z","level":"warning","event":"The `airflow.decorators.task` attribute is deprecated. Please use `'airflow.sdk.task'`.","category":"DeprecatedImportWarning","filename":"/opt/airflow/dags/dag_2.py","lineno":4,"logger":"py.warnings"}
{"timestamp":"2025-12-28T22:15:56.376521Z","level":"warning","event":"The `airflow.operators.empty.EmptyOperator` attribute is deprecated. Please use `'airflow.providers.standard.operators.empty.EmptyOperator'`.","category":"DeprecatedImportWarning","filename":"/opt/airflow/dags/dag_2.py","lineno":5,"logger":"py.warnings"}
{"timestamp":"2025-12-28T22:15:56.376542Z","level":"warning","event":"The `airflow.operators.python.get_current_context` attribute is deprecated. Please use `'airflow.sdk.get_current_context'`.","category":"DeprecatedImportWarning","filename":"/opt/airflow/dags/dag_2.py","lineno":7,"logger":"py.warnings"}
{"timestamp":"2025-12-28T22:15:56.376562Z","level":"warning","event":"The `airflow.models.param.Param` attribute is deprecated. Please use `'airflow.sdk.Param'`.","category":"DeprecatedImportWarning","filename":"/opt/airflow/dags/dag_2.py","lineno":14,"logger":"py.warnings"}
{"timestamp":"2025-12-28T22:15:56.376580Z","level":"warning","event":"The `airflow.operators.python.get_current_context` attribute is deprecated. Please use `'airflow.sdk.get_current_context'`.","category":"DeprecatedImportWarning","filename":"/opt/airflow/dags/dag_2.py","lineno":22,"logger":"py.warnings"}
{"timestamp":"2025-12-28T23:17:14.421827Z","level":"info","event":"Filling up the DagBag from /opt/airflow/dags/dag_2.py","logger":"airflow.models.dagbag.DagBag","filename":"dagbag.py","lineno":593}
{"timestamp":"2025-12-28T23:17:14.532219Z","level":"warning","event":"The `airflow.decorators.dag` attribute is deprecated. Please use `'airflow.sdk.dag'`.","category":"DeprecatedImportWarning","filename":"/opt/airflow/dags/dag_2.py","lineno":3,"logger":"py.warnings"}
{"timestamp":"2025-12-28T23:17:14.532493Z","level":"warning","event":"The `airflow.decorators.task` attribute is deprecated. Please use `'airflow.sdk.task'`.","category":"DeprecatedImportWarning","filename":"/opt/airflow/dags/dag_2.py","lineno":4,"logger":"py.warnings"}
{"timestamp":"2025-12-28T23:17:14.532584Z","level":"warning","event":"The `airflow.operators.empty.EmptyOperator` attribute is deprecated. Please use `'airflow.providers.standard.operators.empty.EmptyOperator'`.","category":"DeprecatedImportWarning","filename":"/opt/airflow/dags/dag_2.py","lineno":5,"logger":"py.warnings"}
{"timestamp":"2025-12-28T23:17:14.532641Z","level":"warning","event":"The `airflow.operators.python.get_current_context` attribute is deprecated. Please use `'airflow.sdk.get_current_context'`.","category":"DeprecatedImportWarning","filename":"/opt/airflow/dags/dag_2.py","lineno":7,"logger":"py.warnings"}
{"timestamp":"2025-12-28T23:17:14.532691Z","level":"warning","event":"The `airflow.models.param.Param` attribute is deprecated. Please use `'airflow.sdk.Param'`.","category":"DeprecatedImportWarning","filename":"/opt/airflow/dags/dag_2.py","lineno":14,"logger":"py.warnings"}
{"timestamp":"2025-12-28T23:17:14.532723Z","level":"warning","event":"The `airflow.operators.python.get_current_context` attribute is deprecated. Please use `'airflow.sdk.get_current_context'`.","category":"DeprecatedImportWarning","filename":"/opt/airflow/dags/dag_2.py","lineno":22,"logger":"py.warnings"}
{"timestamp":"2025-12-28T23:17:44.948144Z","level":"info","event":"Filling up the DagBag from /opt/airflow/dags/dag_2.py","logger":"airflow.models.dagbag.DagBag","filename":"dagbag.py","lineno":593}
{"timestamp":"2025-12-28T23:17:44.990872Z","level":"warning","event":"The `airflow.decorators.dag` attribute is deprecated. Please use `'airflow.sdk.dag'`.","category":"DeprecatedImportWarning","filename":"/opt/airflow/dags/dag_2.py","lineno":3,"logger":"py.warnings"}
{"timestamp":"2025-12-28T23:17:44.990917Z","level":"warning","event":"The `airflow.decorators.task` attribute is deprecated. Please use `'airflow.sdk.task'`.","category":"DeprecatedImportWarning","filename":"/opt/airflow/dags/dag_2.py","lineno":4,"logger":"py.warnings"}
{"timestamp":"2025-12-28T23:17:44.990940Z","level":"warning","event":"The `airflow.operators.empty.EmptyOperator` attribute is deprecated. Please use `'airflow.providers.standard.operators.empty.EmptyOperator'`.","category":"DeprecatedImportWarning","filename":"/opt/airflow/dags/dag_2.py","lineno":5,"logger":"py.warnings"}
{"timestamp":"2025-12-28T23:17:44.990961Z","level":"warning","event":"The `airflow.operators.python.get_current_context` attribute is deprecated. Please use `'airflow.sdk.get_current_context'`.","category":"DeprecatedImportWarning","filename":"/opt/airflow/dags/dag_2.py","lineno":7,"logger":"py.warnings"}
{"timestamp":"2025-12-28T23:17:44.990981Z","level":"warning","event":"The `airflow.models.param.Param` attribute is deprecated. Please use `'airflow.sdk.Param'`.","category":"DeprecatedImportWarning","filename":"/opt/airflow/dags/dag_2.py","lineno":14,"logger":"py.warnings"}
{"timestamp":"2025-12-28T23:17:44.990999Z","level":"warning","event":"The `airflow.operators.python.get_current_context` attribute is deprecated. Please use `'airflow.sdk.get_current_context'`.","category":"DeprecatedImportWarning","filename":"/opt/airflow/dags/dag_2.py","lineno":22,"logger":"py.warnings"}
{"timestamp":"2025-12-28T23:18:10.393000Z","level":"info","event":"Filling up the DagBag from /opt/airflow/dags/dag_2.py","logger":"airflow.models.dagbag.DagBag","filename":"dagbag.py","lineno":593}
{"timestamp":"2025-12-28T23:18:10.441402Z","level":"warning","event":"The `airflow.decorators.dag` attribute is deprecated. Please use `'airflow.sdk.dag'`.","category":"DeprecatedImportWarning","filename":"/opt/airflow/dags/dag_2.py","lineno":3,"logger":"py.warnings"}
{"timestamp":"2025-12-28T23:18:10.441469Z","level":"warning","event":"The `airflow.decorators.task` attribute is deprecated. Please use `'airflow.sdk.task'`.","category":"DeprecatedImportWarning","filename":"/opt/airflow/dags/dag_2.py","lineno":4,"logger":"py.warnings"}
{"timestamp":"2025-12-28T23:18:10.441509Z","level":"warning","event":"The `airflow.operators.empty.EmptyOperator` attribute is deprecated. Please use `'airflow.providers.standard.operators.empty.EmptyOperator'`.","category":"DeprecatedImportWarning","filename":"/opt/airflow/dags/dag_2.py","lineno":5,"logger":"py.warnings"}
{"timestamp":"2025-12-28T23:18:10.441544Z","level":"warning","event":"The `airflow.operators.python.get_current_context` attribute is deprecated. Please use `'airflow.sdk.get_current_context'`.","category":"DeprecatedImportWarning","filename":"/opt/airflow/dags/dag_2.py","lineno":7,"logger":"py.warnings"}
{"timestamp":"2025-12-28T23:18:10.441576Z","level":"warning","event":"The `airflow.models.param.Param` attribute is deprecated. Please use `'airflow.sdk.Param'`.","category":"DeprecatedImportWarning","filename":"/opt/airflow/dags/dag_2.py","lineno":14,"logger":"py.warnings"}
{"timestamp":"2025-12-28T23:18:10.441608Z","level":"warning","event":"The `airflow.operators.python.get_current_context` attribute is deprecated. Please use `'airflow.sdk.get_current_context'`.","category":"DeprecatedImportWarning","filename":"/opt/airflow/dags/dag_2.py","lineno":22,"logger":"py.warnings"}
{"timestamp":"2025-12-28T23:18:40.912273Z","level":"info","event":"Filling up the DagBag from /opt/airflow/dags/dag_2.py","logger":"airflow.models.dagbag.DagBag","filename":"dagbag.py","lineno":593}
{"timestamp":"2025-12-28T23:18:40.971353Z","level":"warning","event":"The `airflow.decorators.dag` attribute is deprecated. Please use `'airflow.sdk.dag'`.","category":"DeprecatedImportWarning","filename":"/opt/airflow/dags/dag_2.py","lineno":3,"logger":"py.warnings"}
{"timestamp":"2025-12-28T23:18:40.971428Z","level":"warning","event":"The `airflow.decorators.task` attribute is deprecated. Please use `'airflow.sdk.task'`.","category":"DeprecatedImportWarning","filename":"/opt/airflow/dags/dag_2.py","lineno":4,"logger":"py.warnings"}
{"timestamp":"2025-12-28T23:18:40.971464Z","level":"warning","event":"The `airflow.operators.empty.EmptyOperator` attribute is deprecated. Please use `'airflow.providers.standard.operators.empty.EmptyOperator'`.","category":"DeprecatedImportWarning","filename":"/opt/airflow/dags/dag_2.py","lineno":5,"logger":"py.warnings"}
{"timestamp":"2025-12-28T23:18:40.971487Z","level":"warning","event":"The `airflow.operators.python.get_current_context` attribute is deprecated. Please use `'airflow.sdk.get_current_context'`.","category":"DeprecatedImportWarning","filename":"/opt/airflow/dags/dag_2.py","lineno":7,"logger":"py.warnings"}
{"timestamp":"2025-12-28T23:18:40.971506Z","level":"warning","event":"The `airflow.models.param.Param` attribute is deprecated. Please use `'airflow.sdk.Param'`.","category":"DeprecatedImportWarning","filename":"/opt/airflow/dags/dag_2.py","lineno":14,"logger":"py.warnings"}
{"timestamp":"2025-12-28T23:18:40.971528Z","level":"warning","event":"The `airflow.operators.python.get_current_context` attribute is deprecated. Please use `'airflow.sdk.get_current_context'`.","category":"DeprecatedImportWarning","filename":"/opt/airflow/dags/dag_2.py","lineno":22,"logger":"py.warnings"}
{"timestamp":"2025-12-28T23:19:11.501207Z","level":"info","event":"Filling up the DagBag from /opt/airflow/dags/dag_2.py","logger":"airflow.models.dagbag.DagBag","filename":"dagbag.py","lineno":593}
{"timestamp":"2025-12-28T23:19:11.539795Z","level":"warning","event":"The `airflow.decorators.dag` attribute is deprecated. Please use `'airflow.sdk.dag'`.","category":"DeprecatedImportWarning","filename":"/opt/airflow/dags/dag_2.py","lineno":3,"logger":"py.warnings"}
{"timestamp":"2025-12-28T23:19:11.539850Z","level":"warning","event":"The `airflow.decorators.task` attribute is deprecated. Please use `'airflow.sdk.task'`.","category":"DeprecatedImportWarning","filename":"/opt/airflow/dags/dag_2.py","lineno":4,"logger":"py.warnings"}
{"timestamp":"2025-12-28T23:19:11.539873Z","level":"warning","event":"The `airflow.operators.empty.EmptyOperator` attribute is deprecated. Please use `'airflow.providers.standard.operators.empty.EmptyOperator'`.","category":"DeprecatedImportWarning","filename":"/opt/airflow/dags/dag_2.py","lineno":5,"logger":"py.warnings"}
{"timestamp":"2025-12-28T23:19:11.539892Z","level":"warning","event":"The `airflow.operators.python.get_current_context` attribute is deprecated. Please use `'airflow.sdk.get_current_context'`.","category":"DeprecatedImportWarning","filename":"/opt/airflow/dags/dag_2.py","lineno":7,"logger":"py.warnings"}
{"timestamp":"2025-12-28T23:19:11.539911Z","level":"warning","event":"The `airflow.models.param.Param` attribute is deprecated. Please use `'airflow.sdk.Param'`.","category":"DeprecatedImportWarning","filename":"/opt/airflow/dags/dag_2.py","lineno":14,"logger":"py.warnings"}
{"timestamp":"2025-12-28T23:19:11.539929Z","level":"warning","event":"The `airflow.operators.python.get_current_context` attribute is deprecated. Please use `'airflow.sdk.get_current_context'`.","category":"DeprecatedImportWarning","filename":"/opt/airflow/dags/dag_2.py","lineno":22,"logger":"py.warnings"}
{"timestamp":"2025-12-28T23:19:42.026670Z","level":"info","event":"Filling up the DagBag from /opt/airflow/dags/dag_2.py","logger":"airflow.models.dagbag.DagBag","filename":"dagbag.py","lineno":593}
{"timestamp":"2025-12-28T23:19:42.115162Z","level":"warning","event":"The `airflow.decorators.dag` attribute is deprecated. Please use `'airflow.sdk.dag'`.","category":"DeprecatedImportWarning","filename":"/opt/airflow/dags/dag_2.py","lineno":3,"logger":"py.warnings"}
{"timestamp":"2025-12-28T23:19:42.115238Z","level":"warning","event":"The `airflow.decorators.task` attribute is deprecated. Please use `'airflow.sdk.task'`.","category":"DeprecatedImportWarning","filename":"/opt/airflow/dags/dag_2.py","lineno":4,"logger":"py.warnings"}
{"timestamp":"2025-12-28T23:19:42.115269Z","level":"warning","event":"The `airflow.operators.empty.EmptyOperator` attribute is deprecated. Please use `'airflow.providers.standard.operators.empty.EmptyOperator'`.","category":"DeprecatedImportWarning","filename":"/opt/airflow/dags/dag_2.py","lineno":5,"logger":"py.warnings"}
{"timestamp":"2025-12-28T23:19:42.115296Z","level":"warning","event":"The `airflow.operators.python.get_current_context` attribute is deprecated. Please use `'airflow.sdk.get_current_context'`.","category":"DeprecatedImportWarning","filename":"/opt/airflow/dags/dag_2.py","lineno":7,"logger":"py.warnings"}
{"timestamp":"2025-12-28T23:19:42.115325Z","level":"warning","event":"The `airflow.models.param.Param` attribute is deprecated. Please use `'airflow.sdk.Param'`.","category":"DeprecatedImportWarning","filename":"/opt/airflow/dags/dag_2.py","lineno":14,"logger":"py.warnings"}
{"timestamp":"2025-12-28T23:19:42.115345Z","level":"warning","event":"The `airflow.operators.python.get_current_context` attribute is deprecated. Please use `'airflow.sdk.get_current_context'`.","category":"DeprecatedImportWarning","filename":"/opt/airflow/dags/dag_2.py","lineno":22,"logger":"py.warnings"}
{"timestamp":"2025-12-28T23:20:12.598316Z","level":"info","event":"Filling up the DagBag from /opt/airflow/dags/dag_2.py","logger":"airflow.models.dagbag.DagBag","filename":"dagbag.py","lineno":593}
{"timestamp":"2025-12-28T23:20:12.646942Z","level":"warning","event":"The `airflow.decorators.dag` attribute is deprecated. Please use `'airflow.sdk.dag'`.","category":"DeprecatedImportWarning","filename":"/opt/airflow/dags/dag_2.py","lineno":3,"logger":"py.warnings"}
{"timestamp":"2025-12-28T23:20:12.647035Z","level":"warning","event":"The `airflow.decorators.task` attribute is deprecated. Please use `'airflow.sdk.task'`.","category":"DeprecatedImportWarning","filename":"/opt/airflow/dags/dag_2.py","lineno":4,"logger":"py.warnings"}
{"timestamp":"2025-12-28T23:20:12.647061Z","level":"warning","event":"The `airflow.operators.empty.EmptyOperator` attribute is deprecated. Please use `'airflow.providers.standard.operators.empty.EmptyOperator'`.","category":"DeprecatedImportWarning","filename":"/opt/airflow/dags/dag_2.py","lineno":5,"logger":"py.warnings"}
{"timestamp":"2025-12-28T23:20:12.647082Z","level":"warning","event":"The `airflow.operators.python.get_current_context` attribute is deprecated. Please use `'airflow.sdk.get_current_context'`.","category":"DeprecatedImportWarning","filename":"/opt/airflow/dags/dag_2.py","lineno":7,"logger":"py.warnings"}
{"timestamp":"2025-12-28T23:20:12.647101Z","level":"warning","event":"The `airflow.models.param.Param` attribute is deprecated. Please use `'airflow.sdk.Param'`.","category":"DeprecatedImportWarning","filename":"/opt/airflow/dags/dag_2.py","lineno":14,"logger":"py.warnings"}
{"timestamp":"2025-12-28T23:20:12.647120Z","level":"warning","event":"The `airflow.operators.python.get_current_context` attribute is deprecated. Please use `'airflow.sdk.get_current_context'`.","category":"DeprecatedImportWarning","filename":"/opt/airflow/dags/dag_2.py","lineno":22,"logger":"py.warnings"}
{"timestamp":"2025-12-28T23:20:43.125205Z","level":"info","event":"Filling up the DagBag from /opt/airflow/dags/dag_2.py","logger":"airflow.models.dagbag.DagBag","filename":"dagbag.py","lineno":593}
{"timestamp":"2025-12-28T23:20:43.161905Z","level":"warning","event":"The `airflow.decorators.dag` attribute is deprecated. Please use `'airflow.sdk.dag'`.","category":"DeprecatedImportWarning","filename":"/opt/airflow/dags/dag_2.py","lineno":3,"logger":"py.warnings"}
{"timestamp":"2025-12-28T23:20:43.162171Z","level":"warning","event":"The `airflow.decorators.task` attribute is deprecated. Please use `'airflow.sdk.task'`.","category":"DeprecatedImportWarning","filename":"/opt/airflow/dags/dag_2.py","lineno":4,"logger":"py.warnings"}
{"timestamp":"2025-12-28T23:20:43.162713Z","level":"warning","event":"The `airflow.operators.empty.EmptyOperator` attribute is deprecated. Please use `'airflow.providers.standard.operators.empty.EmptyOperator'`.","category":"DeprecatedImportWarning","filename":"/opt/airflow/dags/dag_2.py","lineno":5,"logger":"py.warnings"}
{"timestamp":"2025-12-28T23:20:43.162742Z","level":"warning","event":"The `airflow.operators.python.get_current_context` attribute is deprecated. Please use `'airflow.sdk.get_current_context'`.","category":"DeprecatedImportWarning","filename":"/opt/airflow/dags/dag_2.py","lineno":7,"logger":"py.warnings"}
{"timestamp":"2025-12-28T23:20:43.162908Z","level":"warning","event":"The `airflow.models.param.Param` attribute is deprecated. Please use `'airflow.sdk.Param'`.","category":"DeprecatedImportWarning","filename":"/opt/airflow/dags/dag_2.py","lineno":14,"logger":"py.warnings"}
{"timestamp":"2025-12-28T23:20:43.162953Z","level":"warning","event":"The `airflow.operators.python.get_current_context` attribute is deprecated. Please use `'airflow.sdk.get_current_context'`.","category":"DeprecatedImportWarning","filename":"/opt/airflow/dags/dag_2.py","lineno":22,"logger":"py.warnings"}
{"timestamp":"2025-12-28T23:21:13.621671Z","level":"info","event":"Filling up the DagBag from /opt/airflow/dags/dag_2.py","logger":"airflow.models.dagbag.DagBag","filename":"dagbag.py","lineno":593}
{"timestamp":"2025-12-28T23:21:13.665418Z","level":"warning","event":"The `airflow.decorators.dag` attribute is deprecated. Please use `'airflow.sdk.dag'`.","category":"DeprecatedImportWarning","filename":"/opt/airflow/dags/dag_2.py","lineno":3,"logger":"py.warnings"}
{"timestamp":"2025-12-28T23:21:13.665482Z","level":"warning","event":"The `airflow.decorators.task` attribute is deprecated. Please use `'airflow.sdk.task'`.","category":"DeprecatedImportWarning","filename":"/opt/airflow/dags/dag_2.py","lineno":4,"logger":"py.warnings"}
{"timestamp":"2025-12-28T23:21:13.665506Z","level":"warning","event":"The `airflow.operators.empty.EmptyOperator` attribute is deprecated. Please use `'airflow.providers.standard.operators.empty.EmptyOperator'`.","category":"DeprecatedImportWarning","filename":"/opt/airflow/dags/dag_2.py","lineno":5,"logger":"py.warnings"}
{"timestamp":"2025-12-28T23:21:13.665526Z","level":"warning","event":"The `airflow.operators.python.get_current_context` attribute is deprecated. Please use `'airflow.sdk.get_current_context'`.","category":"DeprecatedImportWarning","filename":"/opt/airflow/dags/dag_2.py","lineno":7,"logger":"py.warnings"}
{"timestamp":"2025-12-28T23:21:13.665546Z","level":"warning","event":"The `airflow.models.param.Param` attribute is deprecated. Please use `'airflow.sdk.Param'`.","category":"DeprecatedImportWarning","filename":"/opt/airflow/dags/dag_2.py","lineno":14,"logger":"py.warnings"}
{"timestamp":"2025-12-28T23:21:13.665563Z","level":"warning","event":"The `airflow.operators.python.get_current_context` attribute is deprecated. Please use `'airflow.sdk.get_current_context'`.","category":"DeprecatedImportWarning","filename":"/opt/airflow/dags/dag_2.py","lineno":22,"logger":"py.warnings"}
{"timestamp":"2025-12-28T23:21:44.178209Z","level":"info","event":"Filling up the DagBag from /opt/airflow/dags/dag_2.py","logger":"airflow.models.dagbag.DagBag","filename":"dagbag.py","lineno":593}
{"timestamp":"2025-12-28T23:21:44.217901Z","level":"warning","event":"The `airflow.decorators.dag` attribute is deprecated. Please use `'airflow.sdk.dag'`.","category":"DeprecatedImportWarning","filename":"/opt/airflow/dags/dag_2.py","lineno":3,"logger":"py.warnings"}
{"timestamp":"2025-12-28T23:21:44.217961Z","level":"warning","event":"The `airflow.decorators.task` attribute is deprecated. Please use `'airflow.sdk.task'`.","category":"DeprecatedImportWarning","filename":"/opt/airflow/dags/dag_2.py","lineno":4,"logger":"py.warnings"}
{"timestamp":"2025-12-28T23:21:44.217985Z","level":"warning","event":"The `airflow.operators.empty.EmptyOperator` attribute is deprecated. Please use `'airflow.providers.standard.operators.empty.EmptyOperator'`.","category":"DeprecatedImportWarning","filename":"/opt/airflow/dags/dag_2.py","lineno":5,"logger":"py.warnings"}
{"timestamp":"2025-12-28T23:21:44.218006Z","level":"warning","event":"The `airflow.operators.python.get_current_context` attribute is deprecated. Please use `'airflow.sdk.get_current_context'`.","category":"DeprecatedImportWarning","filename":"/opt/airflow/dags/dag_2.py","lineno":7,"logger":"py.warnings"}
{"timestamp":"2025-12-28T23:21:44.218026Z","level":"warning","event":"The `airflow.models.param.Param` attribute is deprecated. Please use `'airflow.sdk.Param'`.","category":"DeprecatedImportWarning","filename":"/opt/airflow/dags/dag_2.py","lineno":14,"logger":"py.warnings"}
{"timestamp":"2025-12-28T23:21:44.218044Z","level":"warning","event":"The `airflow.operators.python.get_current_context` attribute is deprecated. Please use `'airflow.sdk.get_current_context'`.","category":"DeprecatedImportWarning","filename":"/opt/airflow/dags/dag_2.py","lineno":22,"logger":"py.warnings"}
{"timestamp":"2025-12-28T23:22:14.701478Z","level":"info","event":"Filling up the DagBag from /opt/airflow/dags/dag_2.py","logger":"airflow.models.dagbag.DagBag","filename":"dagbag.py","lineno":593}
{"timestamp":"2025-12-28T23:22:14.735746Z","level":"warning","event":"The `airflow.decorators.dag` attribute is deprecated. Please use `'airflow.sdk.dag'`.","category":"DeprecatedImportWarning","filename":"/opt/airflow/dags/dag_2.py","lineno":3,"logger":"py.warnings"}
{"timestamp":"2025-12-28T23:22:14.735860Z","level":"warning","event":"The `airflow.decorators.task` attribute is deprecated. Please use `'airflow.sdk.task'`.","category":"DeprecatedImportWarning","filename":"/opt/airflow/dags/dag_2.py","lineno":4,"logger":"py.warnings"}
{"timestamp":"2025-12-28T23:22:14.735904Z","level":"warning","event":"The `airflow.operators.empty.EmptyOperator` attribute is deprecated. Please use `'airflow.providers.standard.operators.empty.EmptyOperator'`.","category":"DeprecatedImportWarning","filename":"/opt/airflow/dags/dag_2.py","lineno":5,"logger":"py.warnings"}
{"timestamp":"2025-12-28T23:22:14.735938Z","level":"warning","event":"The `airflow.operators.python.get_current_context` attribute is deprecated. Please use `'airflow.sdk.get_current_context'`.","category":"DeprecatedImportWarning","filename":"/opt/airflow/dags/dag_2.py","lineno":7,"logger":"py.warnings"}
{"timestamp":"2025-12-28T23:22:14.735962Z","level":"warning","event":"The `airflow.models.param.Param` attribute is deprecated. Please use `'airflow.sdk.Param'`.","category":"DeprecatedImportWarning","filename":"/opt/airflow/dags/dag_2.py","lineno":14,"logger":"py.warnings"}
{"timestamp":"2025-12-28T23:22:14.736002Z","level":"warning","event":"The `airflow.operators.python.get_current_context` attribute is deprecated. Please use `'airflow.sdk.get_current_context'`.","category":"DeprecatedImportWarning","filename":"/opt/airflow/dags/dag_2.py","lineno":22,"logger":"py.warnings"}
{"timestamp":"2025-12-28T23:22:45.185874Z","level":"info","event":"Filling up the DagBag from /opt/airflow/dags/dag_2.py","logger":"airflow.models.dagbag.DagBag","filename":"dagbag.py","lineno":593}
{"timestamp":"2025-12-28T23:22:45.225249Z","level":"warning","event":"The `airflow.decorators.dag` attribute is deprecated. Please use `'airflow.sdk.dag'`.","category":"DeprecatedImportWarning","filename":"/opt/airflow/dags/dag_2.py","lineno":3,"logger":"py.warnings"}
{"timestamp":"2025-12-28T23:22:45.225308Z","level":"warning","event":"The `airflow.decorators.task` attribute is deprecated. Please use `'airflow.sdk.task'`.","category":"DeprecatedImportWarning","filename":"/opt/airflow/dags/dag_2.py","lineno":4,"logger":"py.warnings"}
{"timestamp":"2025-12-28T23:22:45.225334Z","level":"warning","event":"The `airflow.operators.empty.EmptyOperator` attribute is deprecated. Please use `'airflow.providers.standard.operators.empty.EmptyOperator'`.","category":"DeprecatedImportWarning","filename":"/opt/airflow/dags/dag_2.py","lineno":5,"logger":"py.warnings"}
{"timestamp":"2025-12-28T23:22:45.225354Z","level":"warning","event":"The `airflow.operators.python.get_current_context` attribute is deprecated. Please use `'airflow.sdk.get_current_context'`.","category":"DeprecatedImportWarning","filename":"/opt/airflow/dags/dag_2.py","lineno":7,"logger":"py.warnings"}
{"timestamp":"2025-12-28T23:22:45.225374Z","level":"warning","event":"The `airflow.models.param.Param` attribute is deprecated. Please use `'airflow.sdk.Param'`.","category":"DeprecatedImportWarning","filename":"/opt/airflow/dags/dag_2.py","lineno":14,"logger":"py.warnings"}
{"timestamp":"2025-12-28T23:22:45.225392Z","level":"warning","event":"The `airflow.operators.python.get_current_context` attribute is deprecated. Please use `'airflow.sdk.get_current_context'`.","category":"DeprecatedImportWarning","filename":"/opt/airflow/dags/dag_2.py","lineno":22,"logger":"py.warnings"}
{"timestamp":"2025-12-28T23:23:15.650091Z","level":"info","event":"Filling up the DagBag from /opt/airflow/dags/dag_2.py","logger":"airflow.models.dagbag.DagBag","filename":"dagbag.py","lineno":593}
{"timestamp":"2025-12-28T23:23:15.685129Z","level":"warning","event":"The `airflow.decorators.dag` attribute is deprecated. Please use `'airflow.sdk.dag'`.","category":"DeprecatedImportWarning","filename":"/opt/airflow/dags/dag_2.py","lineno":3,"logger":"py.warnings"}
{"timestamp":"2025-12-28T23:23:15.685325Z","level":"warning","event":"The `airflow.decorators.task` attribute is deprecated. Please use `'airflow.sdk.task'`.","category":"DeprecatedImportWarning","filename":"/opt/airflow/dags/dag_2.py","lineno":4,"logger":"py.warnings"}
{"timestamp":"2025-12-28T23:23:15.685747Z","level":"warning","event":"The `airflow.operators.empty.EmptyOperator` attribute is deprecated. Please use `'airflow.providers.standard.operators.empty.EmptyOperator'`.","category":"DeprecatedImportWarning","filename":"/opt/airflow/dags/dag_2.py","lineno":5,"logger":"py.warnings"}
{"timestamp":"2025-12-28T23:23:15.685775Z","level":"warning","event":"The `airflow.operators.python.get_current_context` attribute is deprecated. Please use `'airflow.sdk.get_current_context'`.","category":"DeprecatedImportWarning","filename":"/opt/airflow/dags/dag_2.py","lineno":7,"logger":"py.warnings"}
{"timestamp":"2025-12-28T23:23:15.685944Z","level":"warning","event":"The `airflow.models.param.Param` attribute is deprecated. Please use `'airflow.sdk.Param'`.","category":"DeprecatedImportWarning","filename":"/opt/airflow/dags/dag_2.py","lineno":14,"logger":"py.warnings"}
{"timestamp":"2025-12-28T23:23:15.685974Z","level":"warning","event":"The `airflow.operators.python.get_current_context` attribute is deprecated. Please use `'airflow.sdk.get_current_context'`.","category":"DeprecatedImportWarning","filename":"/opt/airflow/dags/dag_2.py","lineno":22,"logger":"py.warnings"}
{"timestamp":"2025-12-28T23:23:46.135103Z","level":"info","event":"Filling up the DagBag from /opt/airflow/dags/dag_2.py","logger":"airflow.models.dagbag.DagBag","filename":"dagbag.py","lineno":593}
{"timestamp":"2025-12-28T23:23:46.180575Z","level":"warning","event":"The `airflow.decorators.dag` attribute is deprecated. Please use `'airflow.sdk.dag'`.","category":"DeprecatedImportWarning","filename":"/opt/airflow/dags/dag_2.py","lineno":3,"logger":"py.warnings"}
{"timestamp":"2025-12-28T23:23:46.180672Z","level":"warning","event":"The `airflow.decorators.task` attribute is deprecated. Please use `'airflow.sdk.task'`.","category":"DeprecatedImportWarning","filename":"/opt/airflow/dags/dag_2.py","lineno":4,"logger":"py.warnings"}
{"timestamp":"2025-12-28T23:23:46.180697Z","level":"warning","event":"The `airflow.operators.empty.EmptyOperator` attribute is deprecated. Please use `'airflow.providers.standard.operators.empty.EmptyOperator'`.","category":"DeprecatedImportWarning","filename":"/opt/airflow/dags/dag_2.py","lineno":5,"logger":"py.warnings"}
{"timestamp":"2025-12-28T23:23:46.180718Z","level":"warning","event":"The `airflow.operators.python.get_current_context` attribute is deprecated. Please use `'airflow.sdk.get_current_context'`.","category":"DeprecatedImportWarning","filename":"/opt/airflow/dags/dag_2.py","lineno":7,"logger":"py.warnings"}
{"timestamp":"2025-12-28T23:23:46.180737Z","level":"warning","event":"The `airflow.models.param.Param` attribute is deprecated. Please use `'airflow.sdk.Param'`.","category":"DeprecatedImportWarning","filename":"/opt/airflow/dags/dag_2.py","lineno":14,"logger":"py.warnings"}
{"timestamp":"2025-12-28T23:23:46.180755Z","level":"warning","event":"The `airflow.operators.python.get_current_context` attribute is deprecated. Please use `'airflow.sdk.get_current_context'`.","category":"DeprecatedImportWarning","filename":"/opt/airflow/dags/dag_2.py","lineno":22,"logger":"py.warnings"}
{"timestamp":"2025-12-28T23:24:16.696423Z","level":"info","event":"Filling up the DagBag from /opt/airflow/dags/dag_2.py","logger":"airflow.models.dagbag.DagBag","filename":"dagbag.py","lineno":593}
{"timestamp":"2025-12-28T23:24:16.735877Z","level":"warning","event":"The `airflow.decorators.dag` attribute is deprecated. Please use `'airflow.sdk.dag'`.","category":"DeprecatedImportWarning","filename":"/opt/airflow/dags/dag_2.py","lineno":3,"logger":"py.warnings"}
{"timestamp":"2025-12-28T23:24:16.735939Z","level":"warning","event":"The `airflow.decorators.task` attribute is deprecated. Please use `'airflow.sdk.task'`.","category":"DeprecatedImportWarning","filename":"/opt/airflow/dags/dag_2.py","lineno":4,"logger":"py.warnings"}
{"timestamp":"2025-12-28T23:24:16.735960Z","level":"warning","event":"The `airflow.operators.empty.EmptyOperator` attribute is deprecated. Please use `'airflow.providers.standard.operators.empty.EmptyOperator'`.","category":"DeprecatedImportWarning","filename":"/opt/airflow/dags/dag_2.py","lineno":5,"logger":"py.warnings"}
{"timestamp":"2025-12-28T23:24:16.735979Z","level":"warning","event":"The `airflow.operators.python.get_current_context` attribute is deprecated. Please use `'airflow.sdk.get_current_context'`.","category":"DeprecatedImportWarning","filename":"/opt/airflow/dags/dag_2.py","lineno":7,"logger":"py.warnings"}
{"timestamp":"2025-12-28T23:24:16.735996Z","level":"warning","event":"The `airflow.models.param.Param` attribute is deprecated. Please use `'airflow.sdk.Param'`.","category":"DeprecatedImportWarning","filename":"/opt/airflow/dags/dag_2.py","lineno":14,"logger":"py.warnings"}
{"timestamp":"2025-12-28T23:24:16.736013Z","level":"warning","event":"The `airflow.operators.python.get_current_context` attribute is deprecated. Please use `'airflow.sdk.get_current_context'`.","category":"DeprecatedImportWarning","filename":"/opt/airflow/dags/dag_2.py","lineno":22,"logger":"py.warnings"}
{"timestamp":"2025-12-28T23:24:47.287482Z","level":"info","event":"Filling up the DagBag from /opt/airflow/dags/dag_2.py","logger":"airflow.models.dagbag.DagBag","filename":"dagbag.py","lineno":593}
{"timestamp":"2025-12-28T23:24:47.332314Z","level":"warning","event":"The `airflow.decorators.dag` attribute is deprecated. Please use `'airflow.sdk.dag'`.","category":"DeprecatedImportWarning","filename":"/opt/airflow/dags/dag_2.py","lineno":3,"logger":"py.warnings"}
{"timestamp":"2025-12-28T23:24:47.332527Z","level":"warning","event":"The `airflow.decorators.task` attribute is deprecated. Please use `'airflow.sdk.task'`.","category":"DeprecatedImportWarning","filename":"/opt/airflow/dags/dag_2.py","lineno":4,"logger":"py.warnings"}
{"timestamp":"2025-12-28T23:24:47.332580Z","level":"warning","event":"The `airflow.operators.empty.EmptyOperator` attribute is deprecated. Please use `'airflow.providers.standard.operators.empty.EmptyOperator'`.","category":"DeprecatedImportWarning","filename":"/opt/airflow/dags/dag_2.py","lineno":5,"logger":"py.warnings"}
{"timestamp":"2025-12-28T23:24:47.332601Z","level":"warning","event":"The `airflow.operators.python.get_current_context` attribute is deprecated. Please use `'airflow.sdk.get_current_context'`.","category":"DeprecatedImportWarning","filename":"/opt/airflow/dags/dag_2.py","lineno":7,"logger":"py.warnings"}
{"timestamp":"2025-12-28T23:24:47.332619Z","level":"warning","event":"The `airflow.models.param.Param` attribute is deprecated. Please use `'airflow.sdk.Param'`.","category":"DeprecatedImportWarning","filename":"/opt/airflow/dags/dag_2.py","lineno":14,"logger":"py.warnings"}
{"timestamp":"2025-12-28T23:24:47.332637Z","level":"warning","event":"The `airflow.operators.python.get_current_context` attribute is deprecated. Please use `'airflow.sdk.get_current_context'`.","category":"DeprecatedImportWarning","filename":"/opt/airflow/dags/dag_2.py","lineno":22,"logger":"py.warnings"}
{"timestamp":"2025-12-28T23:42:22.379851Z","level":"info","event":"Filling up the DagBag from /opt/airflow/dags/dag_2.py","logger":"airflow.models.dagbag.DagBag","filename":"dagbag.py","lineno":593}
{"timestamp":"2025-12-28T23:42:22.408863Z","level":"warning","event":"The `airflow.decorators.dag` attribute is deprecated. Please use `'airflow.sdk.dag'`.","category":"DeprecatedImportWarning","filename":"/opt/airflow/dags/dag_2.py","lineno":3,"logger":"py.warnings"}
{"timestamp":"2025-12-28T23:42:22.408909Z","level":"warning","event":"The `airflow.decorators.task` attribute is deprecated. Please use `'airflow.sdk.task'`.","category":"DeprecatedImportWarning","filename":"/opt/airflow/dags/dag_2.py","lineno":4,"logger":"py.warnings"}
{"timestamp":"2025-12-28T23:42:22.408935Z","level":"warning","event":"The `airflow.operators.empty.EmptyOperator` attribute is deprecated. Please use `'airflow.providers.standard.operators.empty.EmptyOperator'`.","category":"DeprecatedImportWarning","filename":"/opt/airflow/dags/dag_2.py","lineno":5,"logger":"py.warnings"}
{"timestamp":"2025-12-28T23:42:22.408987Z","level":"warning","event":"The `airflow.operators.python.get_current_context` attribute is deprecated. Please use `'airflow.sdk.get_current_context'`.","category":"DeprecatedImportWarning","filename":"/opt/airflow/dags/dag_2.py","lineno":7,"logger":"py.warnings"}
{"timestamp":"2025-12-28T23:42:22.409011Z","level":"warning","event":"The `airflow.models.param.Param` attribute is deprecated. Please use `'airflow.sdk.Param'`.","category":"DeprecatedImportWarning","filename":"/opt/airflow/dags/dag_2.py","lineno":14,"logger":"py.warnings"}
{"timestamp":"2025-12-28T23:42:22.409031Z","level":"warning","event":"The `airflow.operators.python.get_current_context` attribute is deprecated. Please use `'airflow.sdk.get_current_context'`.","category":"DeprecatedImportWarning","filename":"/opt/airflow/dags/dag_2.py","lineno":22,"logger":"py.warnings"}
