{"timestamp":"2025-12-17T00:07:18.770838Z","level":"info","event":"Filling up the DagBag from /opt/airflow/dags/dag.py","logger":"airflow.models.dagbag.DagBag","filename":"dagbag.py","lineno":593}
{"timestamp":"2025-12-17T00:07:18.812379Z","level":"warning","event":"The `airflow.decorators.dag` attribute is deprecated. Please use `'airflow.sdk.dag'`.","category":"DeprecatedImportWarning","filename":"/opt/airflow/dags/dag.py","lineno":1,"logger":"py.warnings"}
{"timestamp":"2025-12-17T00:07:18.812503Z","level":"warning","event":"The `airflow.decorators.task` attribute is deprecated. Please use `'airflow.sdk.task'`.","category":"DeprecatedImportWarning","filename":"/opt/airflow/dags/dag.py","lineno":2,"logger":"py.warnings"}
{"timestamp":"2025-12-17T00:07:18.812572Z","level":"warning","event":"The `airflow.operators.empty.EmptyOperator` attribute is deprecated. Please use `'airflow.providers.standard.operators.empty.EmptyOperator'`.","category":"DeprecatedImportWarning","filename":"/opt/airflow/dags/dag.py","lineno":3,"logger":"py.warnings"}
{"timestamp":"2025-12-17T00:38:18.992619Z","level":"info","event":"Filling up the DagBag from /opt/airflow/dags/dag.py","logger":"airflow.models.dagbag.DagBag","filename":"dagbag.py","lineno":593}
{"timestamp":"2025-12-17T00:38:19.026567Z","level":"warning","event":"The `airflow.decorators.dag` attribute is deprecated. Please use `'airflow.sdk.dag'`.","category":"DeprecatedImportWarning","filename":"/opt/airflow/dags/dag.py","lineno":1,"logger":"py.warnings"}
{"timestamp":"2025-12-17T00:38:19.026734Z","level":"warning","event":"The `airflow.decorators.task` attribute is deprecated. Please use `'airflow.sdk.task'`.","category":"DeprecatedImportWarning","filename":"/opt/airflow/dags/dag.py","lineno":2,"logger":"py.warnings"}
{"timestamp":"2025-12-17T00:38:19.027047Z","level":"warning","event":"The `airflow.operators.empty.EmptyOperator` attribute is deprecated. Please use `'airflow.providers.standard.operators.empty.EmptyOperator'`.","category":"DeprecatedImportWarning","filename":"/opt/airflow/dags/dag.py","lineno":3,"logger":"py.warnings"}
{"timestamp":"2025-12-17T02:17:28.453738Z","level":"info","event":"Filling up the DagBag from /opt/airflow/dags/dag.py","logger":"airflow.models.dagbag.DagBag","filename":"dagbag.py","lineno":593}
{"timestamp":"2025-12-17T02:17:28.492385Z","level":"warning","event":"The `airflow.decorators.dag` attribute is deprecated. Please use `'airflow.sdk.dag'`.","category":"DeprecatedImportWarning","filename":"/opt/airflow/dags/dag.py","lineno":1,"logger":"py.warnings"}
{"timestamp":"2025-12-17T02:17:28.492438Z","level":"warning","event":"The `airflow.decorators.task` attribute is deprecated. Please use `'airflow.sdk.task'`.","category":"DeprecatedImportWarning","filename":"/opt/airflow/dags/dag.py","lineno":2,"logger":"py.warnings"}
{"timestamp":"2025-12-17T02:17:28.492459Z","level":"warning","event":"The `airflow.operators.empty.EmptyOperator` attribute is deprecated. Please use `'airflow.providers.standard.operators.empty.EmptyOperator'`.","category":"DeprecatedImportWarning","filename":"/opt/airflow/dags/dag.py","lineno":3,"logger":"py.warnings"}
{"timestamp":"2025-12-17T03:38:25.512102Z","level":"info","event":"Filling up the DagBag from /opt/airflow/dags/dag.py","logger":"airflow.models.dagbag.DagBag","filename":"dagbag.py","lineno":593}
{"timestamp":"2025-12-17T03:38:25.544917Z","level":"warning","event":"The `airflow.decorators.dag` attribute is deprecated. Please use `'airflow.sdk.dag'`.","category":"DeprecatedImportWarning","filename":"/opt/airflow/dags/dag.py","lineno":1,"logger":"py.warnings"}
{"timestamp":"2025-12-17T03:38:25.544973Z","level":"warning","event":"The `airflow.decorators.task` attribute is deprecated. Please use `'airflow.sdk.task'`.","category":"DeprecatedImportWarning","filename":"/opt/airflow/dags/dag.py","lineno":2,"logger":"py.warnings"}
{"timestamp":"2025-12-17T03:38:25.544995Z","level":"warning","event":"The `airflow.operators.empty.EmptyOperator` attribute is deprecated. Please use `'airflow.providers.standard.operators.empty.EmptyOperator'`.","category":"DeprecatedImportWarning","filename":"/opt/airflow/dags/dag.py","lineno":3,"logger":"py.warnings"}
{"timestamp":"2025-12-17T05:12:12.056798Z","level":"info","event":"Filling up the DagBag from /opt/airflow/dags/dag.py","logger":"airflow.models.dagbag.DagBag","filename":"dagbag.py","lineno":593}
{"timestamp":"2025-12-17T05:12:12.098984Z","level":"warning","event":"The `airflow.decorators.dag` attribute is deprecated. Please use `'airflow.sdk.dag'`.","category":"DeprecatedImportWarning","filename":"/opt/airflow/dags/dag.py","lineno":1,"logger":"py.warnings"}
{"timestamp":"2025-12-17T05:12:12.099045Z","level":"warning","event":"The `airflow.decorators.task` attribute is deprecated. Please use `'airflow.sdk.task'`.","category":"DeprecatedImportWarning","filename":"/opt/airflow/dags/dag.py","lineno":2,"logger":"py.warnings"}
{"timestamp":"2025-12-17T05:12:12.099069Z","level":"warning","event":"The `airflow.operators.empty.EmptyOperator` attribute is deprecated. Please use `'airflow.providers.standard.operators.empty.EmptyOperator'`.","category":"DeprecatedImportWarning","filename":"/opt/airflow/dags/dag.py","lineno":3,"logger":"py.warnings"}
{"timestamp":"2025-12-17T06:33:19.942590Z","level":"info","event":"Filling up the DagBag from /opt/airflow/dags/dag.py","logger":"airflow.models.dagbag.DagBag","filename":"dagbag.py","lineno":593}
{"timestamp":"2025-12-17T06:33:19.981875Z","level":"warning","event":"The `airflow.decorators.dag` attribute is deprecated. Please use `'airflow.sdk.dag'`.","category":"DeprecatedImportWarning","filename":"/opt/airflow/dags/dag.py","lineno":1,"logger":"py.warnings"}
{"timestamp":"2025-12-17T06:33:19.982038Z","level":"warning","event":"The `airflow.decorators.task` attribute is deprecated. Please use `'airflow.sdk.task'`.","category":"DeprecatedImportWarning","filename":"/opt/airflow/dags/dag.py","lineno":2,"logger":"py.warnings"}
{"timestamp":"2025-12-17T06:33:19.982077Z","level":"warning","event":"The `airflow.operators.empty.EmptyOperator` attribute is deprecated. Please use `'airflow.providers.standard.operators.empty.EmptyOperator'`.","category":"DeprecatedImportWarning","filename":"/opt/airflow/dags/dag.py","lineno":3,"logger":"py.warnings"}
{"timestamp":"2025-12-17T07:47:12.668847Z","level":"info","event":"Filling up the DagBag from /opt/airflow/dags/dag.py","logger":"airflow.models.dagbag.DagBag","filename":"dagbag.py","lineno":593}
{"timestamp":"2025-12-17T07:47:12.699238Z","level":"warning","event":"The `airflow.decorators.dag` attribute is deprecated. Please use `'airflow.sdk.dag'`.","category":"DeprecatedImportWarning","filename":"/opt/airflow/dags/dag.py","lineno":1,"logger":"py.warnings"}
{"timestamp":"2025-12-17T07:47:12.699722Z","level":"warning","event":"The `airflow.decorators.task` attribute is deprecated. Please use `'airflow.sdk.task'`.","category":"DeprecatedImportWarning","filename":"/opt/airflow/dags/dag.py","lineno":2,"logger":"py.warnings"}
{"timestamp":"2025-12-17T07:47:12.699885Z","level":"warning","event":"The `airflow.operators.empty.EmptyOperator` attribute is deprecated. Please use `'airflow.providers.standard.operators.empty.EmptyOperator'`.","category":"DeprecatedImportWarning","filename":"/opt/airflow/dags/dag.py","lineno":3,"logger":"py.warnings"}
{"timestamp":"2025-12-17T08:47:01.821345Z","level":"info","event":"Filling up the DagBag from /opt/airflow/dags/dag.py","logger":"airflow.models.dagbag.DagBag","filename":"dagbag.py","lineno":593}
{"timestamp":"2025-12-17T08:47:01.863410Z","level":"warning","event":"The `airflow.decorators.dag` attribute is deprecated. Please use `'airflow.sdk.dag'`.","category":"DeprecatedImportWarning","filename":"/opt/airflow/dags/dag.py","lineno":1,"logger":"py.warnings"}
{"timestamp":"2025-12-17T08:47:01.863474Z","level":"warning","event":"The `airflow.decorators.task` attribute is deprecated. Please use `'airflow.sdk.task'`.","category":"DeprecatedImportWarning","filename":"/opt/airflow/dags/dag.py","lineno":2,"logger":"py.warnings"}
{"timestamp":"2025-12-17T08:47:01.863496Z","level":"warning","event":"The `airflow.operators.empty.EmptyOperator` attribute is deprecated. Please use `'airflow.providers.standard.operators.empty.EmptyOperator'`.","category":"DeprecatedImportWarning","filename":"/opt/airflow/dags/dag.py","lineno":3,"logger":"py.warnings"}
{"timestamp":"2025-12-17T09:35:17.722265Z","level":"info","event":"Filling up the DagBag from /opt/airflow/dags/dag.py","logger":"airflow.models.dagbag.DagBag","filename":"dagbag.py","lineno":593}
{"timestamp":"2025-12-17T09:35:17.762738Z","level":"warning","event":"The `airflow.decorators.dag` attribute is deprecated. Please use `'airflow.sdk.dag'`.","category":"DeprecatedImportWarning","filename":"/opt/airflow/dags/dag.py","lineno":1,"logger":"py.warnings"}
{"timestamp":"2025-12-17T09:35:17.762938Z","level":"warning","event":"The `airflow.decorators.task` attribute is deprecated. Please use `'airflow.sdk.task'`.","category":"DeprecatedImportWarning","filename":"/opt/airflow/dags/dag.py","lineno":2,"logger":"py.warnings"}
{"timestamp":"2025-12-17T09:35:17.762979Z","level":"warning","event":"The `airflow.operators.empty.EmptyOperator` attribute is deprecated. Please use `'airflow.providers.standard.operators.empty.EmptyOperator'`.","category":"DeprecatedImportWarning","filename":"/opt/airflow/dags/dag.py","lineno":3,"logger":"py.warnings"}
{"timestamp":"2025-12-17T10:32:39.268363Z","level":"info","event":"Filling up the DagBag from /opt/airflow/dags/dag.py","logger":"airflow.models.dagbag.DagBag","filename":"dagbag.py","lineno":593}
{"timestamp":"2025-12-17T10:32:39.316497Z","level":"warning","event":"The `airflow.decorators.dag` attribute is deprecated. Please use `'airflow.sdk.dag'`.","category":"DeprecatedImportWarning","filename":"/opt/airflow/dags/dag.py","lineno":1,"logger":"py.warnings"}
{"timestamp":"2025-12-17T10:32:39.316691Z","level":"warning","event":"The `airflow.decorators.task` attribute is deprecated. Please use `'airflow.sdk.task'`.","category":"DeprecatedImportWarning","filename":"/opt/airflow/dags/dag.py","lineno":2,"logger":"py.warnings"}
{"timestamp":"2025-12-17T10:32:39.317016Z","level":"warning","event":"The `airflow.operators.empty.EmptyOperator` attribute is deprecated. Please use `'airflow.providers.standard.operators.empty.EmptyOperator'`.","category":"DeprecatedImportWarning","filename":"/opt/airflow/dags/dag.py","lineno":3,"logger":"py.warnings"}
{"timestamp":"2025-12-17T10:33:09.681194Z","level":"info","event":"Filling up the DagBag from /opt/airflow/dags/dag.py","logger":"airflow.models.dagbag.DagBag","filename":"dagbag.py","lineno":593}
{"timestamp":"2025-12-17T10:33:09.717062Z","level":"warning","event":"The `airflow.decorators.dag` attribute is deprecated. Please use `'airflow.sdk.dag'`.","category":"DeprecatedImportWarning","filename":"/opt/airflow/dags/dag.py","lineno":1,"logger":"py.warnings"}
{"timestamp":"2025-12-17T10:33:09.717264Z","level":"warning","event":"The `airflow.decorators.task` attribute is deprecated. Please use `'airflow.sdk.task'`.","category":"DeprecatedImportWarning","filename":"/opt/airflow/dags/dag.py","lineno":2,"logger":"py.warnings"}
{"timestamp":"2025-12-17T10:33:09.717304Z","level":"warning","event":"The `airflow.operators.empty.EmptyOperator` attribute is deprecated. Please use `'airflow.providers.standard.operators.empty.EmptyOperator'`.","category":"DeprecatedImportWarning","filename":"/opt/airflow/dags/dag.py","lineno":3,"logger":"py.warnings"}
{"timestamp":"2025-12-17T10:33:40.087231Z","level":"info","event":"Filling up the DagBag from /opt/airflow/dags/dag.py","logger":"airflow.models.dagbag.DagBag","filename":"dagbag.py","lineno":593}
{"timestamp":"2025-12-17T10:33:40.124393Z","level":"warning","event":"The `airflow.decorators.dag` attribute is deprecated. Please use `'airflow.sdk.dag'`.","category":"DeprecatedImportWarning","filename":"/opt/airflow/dags/dag.py","lineno":1,"logger":"py.warnings"}
{"timestamp":"2025-12-17T10:33:40.124452Z","level":"warning","event":"The `airflow.decorators.task` attribute is deprecated. Please use `'airflow.sdk.task'`.","category":"DeprecatedImportWarning","filename":"/opt/airflow/dags/dag.py","lineno":2,"logger":"py.warnings"}
{"timestamp":"2025-12-17T10:33:40.124476Z","level":"warning","event":"The `airflow.operators.empty.EmptyOperator` attribute is deprecated. Please use `'airflow.providers.standard.operators.empty.EmptyOperator'`.","category":"DeprecatedImportWarning","filename":"/opt/airflow/dags/dag.py","lineno":3,"logger":"py.warnings"}
{"timestamp":"2025-12-17T10:34:10.552380Z","level":"info","event":"Filling up the DagBag from /opt/airflow/dags/dag.py","logger":"airflow.models.dagbag.DagBag","filename":"dagbag.py","lineno":593}
{"timestamp":"2025-12-17T10:34:10.587950Z","level":"warning","event":"The `airflow.decorators.dag` attribute is deprecated. Please use `'airflow.sdk.dag'`.","category":"DeprecatedImportWarning","filename":"/opt/airflow/dags/dag.py","lineno":1,"logger":"py.warnings"}
{"timestamp":"2025-12-17T10:34:10.588164Z","level":"warning","event":"The `airflow.decorators.task` attribute is deprecated. Please use `'airflow.sdk.task'`.","category":"DeprecatedImportWarning","filename":"/opt/airflow/dags/dag.py","lineno":2,"logger":"py.warnings"}
{"timestamp":"2025-12-17T10:34:10.588205Z","level":"warning","event":"The `airflow.operators.empty.EmptyOperator` attribute is deprecated. Please use `'airflow.providers.standard.operators.empty.EmptyOperator'`.","category":"DeprecatedImportWarning","filename":"/opt/airflow/dags/dag.py","lineno":3,"logger":"py.warnings"}
{"timestamp":"2025-12-17T10:34:40.979162Z","level":"info","event":"Filling up the DagBag from /opt/airflow/dags/dag.py","logger":"airflow.models.dagbag.DagBag","filename":"dagbag.py","lineno":593}
{"timestamp":"2025-12-17T10:34:41.020044Z","level":"warning","event":"The `airflow.decorators.dag` attribute is deprecated. Please use `'airflow.sdk.dag'`.","category":"DeprecatedImportWarning","filename":"/opt/airflow/dags/dag.py","lineno":1,"logger":"py.warnings"}
{"timestamp":"2025-12-17T10:34:41.020108Z","level":"warning","event":"The `airflow.decorators.task` attribute is deprecated. Please use `'airflow.sdk.task'`.","category":"DeprecatedImportWarning","filename":"/opt/airflow/dags/dag.py","lineno":2,"logger":"py.warnings"}
{"timestamp":"2025-12-17T10:34:41.020135Z","level":"warning","event":"The `airflow.operators.empty.EmptyOperator` attribute is deprecated. Please use `'airflow.providers.standard.operators.empty.EmptyOperator'`.","category":"DeprecatedImportWarning","filename":"/opt/airflow/dags/dag.py","lineno":3,"logger":"py.warnings"}
{"timestamp":"2025-12-17T10:35:11.354163Z","level":"info","event":"Filling up the DagBag from /opt/airflow/dags/dag.py","logger":"airflow.models.dagbag.DagBag","filename":"dagbag.py","lineno":593}
{"timestamp":"2025-12-17T10:35:11.396186Z","level":"warning","event":"The `airflow.decorators.dag` attribute is deprecated. Please use `'airflow.sdk.dag'`.","category":"DeprecatedImportWarning","filename":"/opt/airflow/dags/dag.py","lineno":1,"logger":"py.warnings"}
{"timestamp":"2025-12-17T10:35:11.396382Z","level":"warning","event":"The `airflow.decorators.task` attribute is deprecated. Please use `'airflow.sdk.task'`.","category":"DeprecatedImportWarning","filename":"/opt/airflow/dags/dag.py","lineno":2,"logger":"py.warnings"}
{"timestamp":"2025-12-17T10:35:11.396422Z","level":"warning","event":"The `airflow.operators.empty.EmptyOperator` attribute is deprecated. Please use `'airflow.providers.standard.operators.empty.EmptyOperator'`.","category":"DeprecatedImportWarning","filename":"/opt/airflow/dags/dag.py","lineno":3,"logger":"py.warnings"}
{"timestamp":"2025-12-17T10:35:41.823230Z","level":"info","event":"Filling up the DagBag from /opt/airflow/dags/dag.py","logger":"airflow.models.dagbag.DagBag","filename":"dagbag.py","lineno":593}
{"timestamp":"2025-12-17T10:35:41.873007Z","level":"warning","event":"The `airflow.decorators.dag` attribute is deprecated. Please use `'airflow.sdk.dag'`.","category":"DeprecatedImportWarning","filename":"/opt/airflow/dags/dag.py","lineno":1,"logger":"py.warnings"}
{"timestamp":"2025-12-17T10:35:41.873706Z","level":"warning","event":"The `airflow.decorators.task` attribute is deprecated. Please use `'airflow.sdk.task'`.","category":"DeprecatedImportWarning","filename":"/opt/airflow/dags/dag.py","lineno":2,"logger":"py.warnings"}
{"timestamp":"2025-12-17T10:35:41.873763Z","level":"warning","event":"The `airflow.operators.empty.EmptyOperator` attribute is deprecated. Please use `'airflow.providers.standard.operators.empty.EmptyOperator'`.","category":"DeprecatedImportWarning","filename":"/opt/airflow/dags/dag.py","lineno":3,"logger":"py.warnings"}
{"timestamp":"2025-12-17T10:36:12.293930Z","level":"info","event":"Filling up the DagBag from /opt/airflow/dags/dag.py","logger":"airflow.models.dagbag.DagBag","filename":"dagbag.py","lineno":593}
{"timestamp":"2025-12-17T10:36:12.339202Z","level":"warning","event":"The `airflow.decorators.dag` attribute is deprecated. Please use `'airflow.sdk.dag'`.","category":"DeprecatedImportWarning","filename":"/opt/airflow/dags/dag.py","lineno":1,"logger":"py.warnings"}
{"timestamp":"2025-12-17T10:36:12.339278Z","level":"warning","event":"The `airflow.decorators.task` attribute is deprecated. Please use `'airflow.sdk.task'`.","category":"DeprecatedImportWarning","filename":"/opt/airflow/dags/dag.py","lineno":2,"logger":"py.warnings"}
{"timestamp":"2025-12-17T10:36:12.339307Z","level":"warning","event":"The `airflow.operators.empty.EmptyOperator` attribute is deprecated. Please use `'airflow.providers.standard.operators.empty.EmptyOperator'`.","category":"DeprecatedImportWarning","filename":"/opt/airflow/dags/dag.py","lineno":3,"logger":"py.warnings"}
{"timestamp":"2025-12-17T10:36:42.873874Z","level":"info","event":"Filling up the DagBag from /opt/airflow/dags/dag.py","logger":"airflow.models.dagbag.DagBag","filename":"dagbag.py","lineno":593}
{"timestamp":"2025-12-17T10:36:42.920152Z","level":"warning","event":"The `airflow.decorators.dag` attribute is deprecated. Please use `'airflow.sdk.dag'`.","category":"DeprecatedImportWarning","filename":"/opt/airflow/dags/dag.py","lineno":1,"logger":"py.warnings"}
{"timestamp":"2025-12-17T10:36:42.920364Z","level":"warning","event":"The `airflow.decorators.task` attribute is deprecated. Please use `'airflow.sdk.task'`.","category":"DeprecatedImportWarning","filename":"/opt/airflow/dags/dag.py","lineno":2,"logger":"py.warnings"}
{"timestamp":"2025-12-17T10:36:42.920739Z","level":"warning","event":"The `airflow.operators.empty.EmptyOperator` attribute is deprecated. Please use `'airflow.providers.standard.operators.empty.EmptyOperator'`.","category":"DeprecatedImportWarning","filename":"/opt/airflow/dags/dag.py","lineno":3,"logger":"py.warnings"}
{"timestamp":"2025-12-17T10:37:13.296183Z","level":"info","event":"Filling up the DagBag from /opt/airflow/dags/dag.py","logger":"airflow.models.dagbag.DagBag","filename":"dagbag.py","lineno":593}
{"timestamp":"2025-12-17T10:37:13.338882Z","level":"warning","event":"The `airflow.decorators.dag` attribute is deprecated. Please use `'airflow.sdk.dag'`.","category":"DeprecatedImportWarning","filename":"/opt/airflow/dags/dag.py","lineno":1,"logger":"py.warnings"}
{"timestamp":"2025-12-17T10:37:13.338959Z","level":"warning","event":"The `airflow.decorators.task` attribute is deprecated. Please use `'airflow.sdk.task'`.","category":"DeprecatedImportWarning","filename":"/opt/airflow/dags/dag.py","lineno":2,"logger":"py.warnings"}
{"timestamp":"2025-12-17T10:37:13.338986Z","level":"warning","event":"The `airflow.operators.empty.EmptyOperator` attribute is deprecated. Please use `'airflow.providers.standard.operators.empty.EmptyOperator'`.","category":"DeprecatedImportWarning","filename":"/opt/airflow/dags/dag.py","lineno":3,"logger":"py.warnings"}
{"timestamp":"2025-12-17T10:37:43.748553Z","level":"info","event":"Filling up the DagBag from /opt/airflow/dags/dag.py","logger":"airflow.models.dagbag.DagBag","filename":"dagbag.py","lineno":593}
{"timestamp":"2025-12-17T10:37:43.798610Z","level":"warning","event":"The `airflow.decorators.dag` attribute is deprecated. Please use `'airflow.sdk.dag'`.","category":"DeprecatedImportWarning","filename":"/opt/airflow/dags/dag.py","lineno":1,"logger":"py.warnings"}
{"timestamp":"2025-12-17T10:37:43.798834Z","level":"warning","event":"The `airflow.decorators.task` attribute is deprecated. Please use `'airflow.sdk.task'`.","category":"DeprecatedImportWarning","filename":"/opt/airflow/dags/dag.py","lineno":2,"logger":"py.warnings"}
{"timestamp":"2025-12-17T10:37:43.798875Z","level":"warning","event":"The `airflow.operators.empty.EmptyOperator` attribute is deprecated. Please use `'airflow.providers.standard.operators.empty.EmptyOperator'`.","category":"DeprecatedImportWarning","filename":"/opt/airflow/dags/dag.py","lineno":3,"logger":"py.warnings"}
{"timestamp":"2025-12-17T10:38:02.069045Z","level":"info","event":"Filling up the DagBag from /opt/airflow/dags/dag.py","logger":"airflow.models.dagbag.DagBag","filename":"dagbag.py","lineno":593}
{"timestamp":"2025-12-17T10:38:02.116599Z","level":"warning","event":"The `airflow.decorators.dag` attribute is deprecated. Please use `'airflow.sdk.dag'`.","category":"DeprecatedImportWarning","filename":"/opt/airflow/dags/dag.py","lineno":1,"logger":"py.warnings"}
{"timestamp":"2025-12-17T10:38:02.116668Z","level":"warning","event":"The `airflow.decorators.task` attribute is deprecated. Please use `'airflow.sdk.task'`.","category":"DeprecatedImportWarning","filename":"/opt/airflow/dags/dag.py","lineno":2,"logger":"py.warnings"}
{"timestamp":"2025-12-17T10:38:02.116692Z","level":"warning","event":"The `airflow.operators.empty.EmptyOperator` attribute is deprecated. Please use `'airflow.providers.standard.operators.empty.EmptyOperator'`.","category":"DeprecatedImportWarning","filename":"/opt/airflow/dags/dag.py","lineno":3,"logger":"py.warnings"}
{"timestamp":"2025-12-17T10:38:32.493772Z","level":"info","event":"Filling up the DagBag from /opt/airflow/dags/dag.py","logger":"airflow.models.dagbag.DagBag","filename":"dagbag.py","lineno":593}
{"timestamp":"2025-12-17T10:38:32.534506Z","level":"warning","event":"The `airflow.decorators.dag` attribute is deprecated. Please use `'airflow.sdk.dag'`.","category":"DeprecatedImportWarning","filename":"/opt/airflow/dags/dag.py","lineno":1,"logger":"py.warnings"}
{"timestamp":"2025-12-17T10:38:32.534560Z","level":"warning","event":"The `airflow.decorators.task` attribute is deprecated. Please use `'airflow.sdk.task'`.","category":"DeprecatedImportWarning","filename":"/opt/airflow/dags/dag.py","lineno":2,"logger":"py.warnings"}
{"timestamp":"2025-12-17T10:38:32.534585Z","level":"warning","event":"The `airflow.operators.empty.EmptyOperator` attribute is deprecated. Please use `'airflow.providers.standard.operators.empty.EmptyOperator'`.","category":"DeprecatedImportWarning","filename":"/opt/airflow/dags/dag.py","lineno":3,"logger":"py.warnings"}
{"timestamp":"2025-12-17T10:39:03.016606Z","level":"info","event":"Filling up the DagBag from /opt/airflow/dags/dag.py","logger":"airflow.models.dagbag.DagBag","filename":"dagbag.py","lineno":593}
{"timestamp":"2025-12-17T10:39:03.045145Z","level":"warning","event":"The `airflow.decorators.dag` attribute is deprecated. Please use `'airflow.sdk.dag'`.","category":"DeprecatedImportWarning","filename":"/opt/airflow/dags/dag.py","lineno":1,"logger":"py.warnings"}
{"timestamp":"2025-12-17T10:39:03.045202Z","level":"warning","event":"The `airflow.decorators.task` attribute is deprecated. Please use `'airflow.sdk.task'`.","category":"DeprecatedImportWarning","filename":"/opt/airflow/dags/dag.py","lineno":2,"logger":"py.warnings"}
{"timestamp":"2025-12-17T10:39:03.045228Z","level":"warning","event":"The `airflow.operators.empty.EmptyOperator` attribute is deprecated. Please use `'airflow.providers.standard.operators.empty.EmptyOperator'`.","category":"DeprecatedImportWarning","filename":"/opt/airflow/dags/dag.py","lineno":3,"logger":"py.warnings"}
{"timestamp":"2025-12-17T10:39:33.391951Z","level":"info","event":"Filling up the DagBag from /opt/airflow/dags/dag.py","logger":"airflow.models.dagbag.DagBag","filename":"dagbag.py","lineno":593}
{"timestamp":"2025-12-17T10:39:33.444975Z","level":"warning","event":"The `airflow.decorators.dag` attribute is deprecated. Please use `'airflow.sdk.dag'`.","category":"DeprecatedImportWarning","filename":"/opt/airflow/dags/dag.py","lineno":1,"logger":"py.warnings"}
{"timestamp":"2025-12-17T10:39:33.445039Z","level":"warning","event":"The `airflow.decorators.task` attribute is deprecated. Please use `'airflow.sdk.task'`.","category":"DeprecatedImportWarning","filename":"/opt/airflow/dags/dag.py","lineno":2,"logger":"py.warnings"}
{"timestamp":"2025-12-17T10:39:33.445064Z","level":"warning","event":"The `airflow.operators.empty.EmptyOperator` attribute is deprecated. Please use `'airflow.providers.standard.operators.empty.EmptyOperator'`.","category":"DeprecatedImportWarning","filename":"/opt/airflow/dags/dag.py","lineno":3,"logger":"py.warnings"}
{"timestamp":"2025-12-17T10:40:03.803802Z","level":"info","event":"Filling up the DagBag from /opt/airflow/dags/dag.py","logger":"airflow.models.dagbag.DagBag","filename":"dagbag.py","lineno":593}
{"timestamp":"2025-12-17T10:40:03.834095Z","level":"warning","event":"The `airflow.decorators.dag` attribute is deprecated. Please use `'airflow.sdk.dag'`.","category":"DeprecatedImportWarning","filename":"/opt/airflow/dags/dag.py","lineno":1,"logger":"py.warnings"}
{"timestamp":"2025-12-17T10:40:03.834300Z","level":"warning","event":"The `airflow.decorators.task` attribute is deprecated. Please use `'airflow.sdk.task'`.","category":"DeprecatedImportWarning","filename":"/opt/airflow/dags/dag.py","lineno":2,"logger":"py.warnings"}
{"timestamp":"2025-12-17T10:40:03.834348Z","level":"warning","event":"The `airflow.operators.empty.EmptyOperator` attribute is deprecated. Please use `'airflow.providers.standard.operators.empty.EmptyOperator'`.","category":"DeprecatedImportWarning","filename":"/opt/airflow/dags/dag.py","lineno":3,"logger":"py.warnings"}
{"timestamp":"2025-12-17T10:40:34.228114Z","level":"info","event":"Filling up the DagBag from /opt/airflow/dags/dag.py","logger":"airflow.models.dagbag.DagBag","filename":"dagbag.py","lineno":593}
{"timestamp":"2025-12-17T10:40:34.265167Z","level":"warning","event":"The `airflow.decorators.dag` attribute is deprecated. Please use `'airflow.sdk.dag'`.","category":"DeprecatedImportWarning","filename":"/opt/airflow/dags/dag.py","lineno":1,"logger":"py.warnings"}
{"timestamp":"2025-12-17T10:40:34.265224Z","level":"warning","event":"The `airflow.decorators.task` attribute is deprecated. Please use `'airflow.sdk.task'`.","category":"DeprecatedImportWarning","filename":"/opt/airflow/dags/dag.py","lineno":2,"logger":"py.warnings"}
{"timestamp":"2025-12-17T10:40:34.265248Z","level":"warning","event":"The `airflow.operators.empty.EmptyOperator` attribute is deprecated. Please use `'airflow.providers.standard.operators.empty.EmptyOperator'`.","category":"DeprecatedImportWarning","filename":"/opt/airflow/dags/dag.py","lineno":3,"logger":"py.warnings"}
{"timestamp":"2025-12-17T10:41:04.631480Z","level":"info","event":"Filling up the DagBag from /opt/airflow/dags/dag.py","logger":"airflow.models.dagbag.DagBag","filename":"dagbag.py","lineno":593}
{"timestamp":"2025-12-17T10:41:04.677330Z","level":"warning","event":"The `airflow.decorators.dag` attribute is deprecated. Please use `'airflow.sdk.dag'`.","category":"DeprecatedImportWarning","filename":"/opt/airflow/dags/dag.py","lineno":1,"logger":"py.warnings"}
{"timestamp":"2025-12-17T10:41:04.677553Z","level":"warning","event":"The `airflow.decorators.task` attribute is deprecated. Please use `'airflow.sdk.task'`.","category":"DeprecatedImportWarning","filename":"/opt/airflow/dags/dag.py","lineno":2,"logger":"py.warnings"}
{"timestamp":"2025-12-17T10:41:04.677925Z","level":"warning","event":"The `airflow.operators.empty.EmptyOperator` attribute is deprecated. Please use `'airflow.providers.standard.operators.empty.EmptyOperator'`.","category":"DeprecatedImportWarning","filename":"/opt/airflow/dags/dag.py","lineno":3,"logger":"py.warnings"}
{"timestamp":"2025-12-17T10:41:35.122368Z","level":"info","event":"Filling up the DagBag from /opt/airflow/dags/dag.py","logger":"airflow.models.dagbag.DagBag","filename":"dagbag.py","lineno":593}
{"timestamp":"2025-12-17T10:41:35.164214Z","level":"warning","event":"The `airflow.decorators.dag` attribute is deprecated. Please use `'airflow.sdk.dag'`.","category":"DeprecatedImportWarning","filename":"/opt/airflow/dags/dag.py","lineno":1,"logger":"py.warnings"}
{"timestamp":"2025-12-17T10:41:35.164284Z","level":"warning","event":"The `airflow.decorators.task` attribute is deprecated. Please use `'airflow.sdk.task'`.","category":"DeprecatedImportWarning","filename":"/opt/airflow/dags/dag.py","lineno":2,"logger":"py.warnings"}
{"timestamp":"2025-12-17T10:41:35.164308Z","level":"warning","event":"The `airflow.operators.empty.EmptyOperator` attribute is deprecated. Please use `'airflow.providers.standard.operators.empty.EmptyOperator'`.","category":"DeprecatedImportWarning","filename":"/opt/airflow/dags/dag.py","lineno":3,"logger":"py.warnings"}
{"timestamp":"2025-12-17T10:42:05.526162Z","level":"info","event":"Filling up the DagBag from /opt/airflow/dags/dag.py","logger":"airflow.models.dagbag.DagBag","filename":"dagbag.py","lineno":593}
{"timestamp":"2025-12-17T10:42:05.553373Z","level":"warning","event":"The `airflow.decorators.dag` attribute is deprecated. Please use `'airflow.sdk.dag'`.","category":"DeprecatedImportWarning","filename":"/opt/airflow/dags/dag.py","lineno":1,"logger":"py.warnings"}
{"timestamp":"2025-12-17T10:42:05.553433Z","level":"warning","event":"The `airflow.decorators.task` attribute is deprecated. Please use `'airflow.sdk.task'`.","category":"DeprecatedImportWarning","filename":"/opt/airflow/dags/dag.py","lineno":2,"logger":"py.warnings"}
{"timestamp":"2025-12-17T10:42:05.553460Z","level":"warning","event":"The `airflow.operators.empty.EmptyOperator` attribute is deprecated. Please use `'airflow.providers.standard.operators.empty.EmptyOperator'`.","category":"DeprecatedImportWarning","filename":"/opt/airflow/dags/dag.py","lineno":3,"logger":"py.warnings"}
{"timestamp":"2025-12-17T10:42:35.956411Z","level":"info","event":"Filling up the DagBag from /opt/airflow/dags/dag.py","logger":"airflow.models.dagbag.DagBag","filename":"dagbag.py","lineno":593}
{"timestamp":"2025-12-17T10:42:36.126242Z","level":"warning","event":"The `airflow.decorators.dag` attribute is deprecated. Please use `'airflow.sdk.dag'`.","category":"DeprecatedImportWarning","filename":"/opt/airflow/dags/dag.py","lineno":1,"logger":"py.warnings"}
{"timestamp":"2025-12-17T10:42:36.126306Z","level":"warning","event":"The `airflow.decorators.task` attribute is deprecated. Please use `'airflow.sdk.task'`.","category":"DeprecatedImportWarning","filename":"/opt/airflow/dags/dag.py","lineno":2,"logger":"py.warnings"}
{"timestamp":"2025-12-17T10:42:36.126328Z","level":"warning","event":"The `airflow.operators.empty.EmptyOperator` attribute is deprecated. Please use `'airflow.providers.standard.operators.empty.EmptyOperator'`.","category":"DeprecatedImportWarning","filename":"/opt/airflow/dags/dag.py","lineno":3,"logger":"py.warnings"}
{"timestamp":"2025-12-17T10:43:06.467375Z","level":"info","event":"Filling up the DagBag from /opt/airflow/dags/dag.py","logger":"airflow.models.dagbag.DagBag","filename":"dagbag.py","lineno":593}
{"timestamp":"2025-12-17T10:43:06.509113Z","level":"warning","event":"The `airflow.decorators.dag` attribute is deprecated. Please use `'airflow.sdk.dag'`.","category":"DeprecatedImportWarning","filename":"/opt/airflow/dags/dag.py","lineno":1,"logger":"py.warnings"}
{"timestamp":"2025-12-17T10:43:06.509175Z","level":"warning","event":"The `airflow.decorators.task` attribute is deprecated. Please use `'airflow.sdk.task'`.","category":"DeprecatedImportWarning","filename":"/opt/airflow/dags/dag.py","lineno":2,"logger":"py.warnings"}
{"timestamp":"2025-12-17T10:43:06.509199Z","level":"warning","event":"The `airflow.operators.empty.EmptyOperator` attribute is deprecated. Please use `'airflow.providers.standard.operators.empty.EmptyOperator'`.","category":"DeprecatedImportWarning","filename":"/opt/airflow/dags/dag.py","lineno":3,"logger":"py.warnings"}
{"timestamp":"2025-12-17T10:43:36.879941Z","level":"info","event":"Filling up the DagBag from /opt/airflow/dags/dag.py","logger":"airflow.models.dagbag.DagBag","filename":"dagbag.py","lineno":593}
{"timestamp":"2025-12-17T10:43:36.908336Z","level":"warning","event":"The `airflow.decorators.dag` attribute is deprecated. Please use `'airflow.sdk.dag'`.","category":"DeprecatedImportWarning","filename":"/opt/airflow/dags/dag.py","lineno":1,"logger":"py.warnings"}
{"timestamp":"2025-12-17T10:43:36.908407Z","level":"warning","event":"The `airflow.decorators.task` attribute is deprecated. Please use `'airflow.sdk.task'`.","category":"DeprecatedImportWarning","filename":"/opt/airflow/dags/dag.py","lineno":2,"logger":"py.warnings"}
{"timestamp":"2025-12-17T10:43:36.908435Z","level":"warning","event":"The `airflow.operators.empty.EmptyOperator` attribute is deprecated. Please use `'airflow.providers.standard.operators.empty.EmptyOperator'`.","category":"DeprecatedImportWarning","filename":"/opt/airflow/dags/dag.py","lineno":3,"logger":"py.warnings"}
{"timestamp":"2025-12-17T10:44:07.305121Z","level":"info","event":"Filling up the DagBag from /opt/airflow/dags/dag.py","logger":"airflow.models.dagbag.DagBag","filename":"dagbag.py","lineno":593}
{"timestamp":"2025-12-17T10:44:07.360551Z","level":"warning","event":"The `airflow.decorators.dag` attribute is deprecated. Please use `'airflow.sdk.dag'`.","category":"DeprecatedImportWarning","filename":"/opt/airflow/dags/dag.py","lineno":1,"logger":"py.warnings"}
{"timestamp":"2025-12-17T10:44:07.361037Z","level":"warning","event":"The `airflow.decorators.task` attribute is deprecated. Please use `'airflow.sdk.task'`.","category":"DeprecatedImportWarning","filename":"/opt/airflow/dags/dag.py","lineno":2,"logger":"py.warnings"}
{"timestamp":"2025-12-17T10:44:07.361079Z","level":"warning","event":"The `airflow.operators.empty.EmptyOperator` attribute is deprecated. Please use `'airflow.providers.standard.operators.empty.EmptyOperator'`.","category":"DeprecatedImportWarning","filename":"/opt/airflow/dags/dag.py","lineno":3,"logger":"py.warnings"}
{"timestamp":"2025-12-17T10:44:37.777280Z","level":"info","event":"Filling up the DagBag from /opt/airflow/dags/dag.py","logger":"airflow.models.dagbag.DagBag","filename":"dagbag.py","lineno":593}
{"timestamp":"2025-12-17T10:44:37.825191Z","level":"warning","event":"The `airflow.decorators.dag` attribute is deprecated. Please use `'airflow.sdk.dag'`.","category":"DeprecatedImportWarning","filename":"/opt/airflow/dags/dag.py","lineno":1,"logger":"py.warnings"}
{"timestamp":"2025-12-17T10:44:37.825250Z","level":"warning","event":"The `airflow.decorators.task` attribute is deprecated. Please use `'airflow.sdk.task'`.","category":"DeprecatedImportWarning","filename":"/opt/airflow/dags/dag.py","lineno":2,"logger":"py.warnings"}
{"timestamp":"2025-12-17T10:44:37.825273Z","level":"warning","event":"The `airflow.operators.empty.EmptyOperator` attribute is deprecated. Please use `'airflow.providers.standard.operators.empty.EmptyOperator'`.","category":"DeprecatedImportWarning","filename":"/opt/airflow/dags/dag.py","lineno":3,"logger":"py.warnings"}
{"timestamp":"2025-12-17T10:45:08.150808Z","level":"info","event":"Filling up the DagBag from /opt/airflow/dags/dag.py","logger":"airflow.models.dagbag.DagBag","filename":"dagbag.py","lineno":593}
{"timestamp":"2025-12-17T10:45:08.181713Z","level":"warning","event":"The `airflow.decorators.dag` attribute is deprecated. Please use `'airflow.sdk.dag'`.","category":"DeprecatedImportWarning","filename":"/opt/airflow/dags/dag.py","lineno":1,"logger":"py.warnings"}
{"timestamp":"2025-12-17T10:45:08.181895Z","level":"warning","event":"The `airflow.decorators.task` attribute is deprecated. Please use `'airflow.sdk.task'`.","category":"DeprecatedImportWarning","filename":"/opt/airflow/dags/dag.py","lineno":2,"logger":"py.warnings"}
{"timestamp":"2025-12-17T10:45:08.182221Z","level":"warning","event":"The `airflow.operators.empty.EmptyOperator` attribute is deprecated. Please use `'airflow.providers.standard.operators.empty.EmptyOperator'`.","category":"DeprecatedImportWarning","filename":"/opt/airflow/dags/dag.py","lineno":3,"logger":"py.warnings"}
{"timestamp":"2025-12-17T10:45:38.530376Z","level":"info","event":"Filling up the DagBag from /opt/airflow/dags/dag.py","logger":"airflow.models.dagbag.DagBag","filename":"dagbag.py","lineno":593}
{"timestamp":"2025-12-17T10:45:38.549509Z","level":"warning","event":"The `airflow.decorators.dag` attribute is deprecated. Please use `'airflow.sdk.dag'`.","category":"DeprecatedImportWarning","filename":"/opt/airflow/dags/dag.py","lineno":1,"logger":"py.warnings"}
{"timestamp":"2025-12-17T10:45:38.549559Z","level":"warning","event":"The `airflow.decorators.task` attribute is deprecated. Please use `'airflow.sdk.task'`.","category":"DeprecatedImportWarning","filename":"/opt/airflow/dags/dag.py","lineno":2,"logger":"py.warnings"}
{"timestamp":"2025-12-17T10:45:38.549581Z","level":"warning","event":"The `airflow.operators.empty.EmptyOperator` attribute is deprecated. Please use `'airflow.providers.standard.operators.empty.EmptyOperator'`.","category":"DeprecatedImportWarning","filename":"/opt/airflow/dags/dag.py","lineno":3,"logger":"py.warnings"}
{"timestamp":"2025-12-17T10:46:08.952295Z","level":"info","event":"Filling up the DagBag from /opt/airflow/dags/dag.py","logger":"airflow.models.dagbag.DagBag","filename":"dagbag.py","lineno":593}
{"timestamp":"2025-12-17T10:46:08.999060Z","level":"warning","event":"The `airflow.decorators.dag` attribute is deprecated. Please use `'airflow.sdk.dag'`.","category":"DeprecatedImportWarning","filename":"/opt/airflow/dags/dag.py","lineno":1,"logger":"py.warnings"}
{"timestamp":"2025-12-17T10:46:08.999133Z","level":"warning","event":"The `airflow.decorators.task` attribute is deprecated. Please use `'airflow.sdk.task'`.","category":"DeprecatedImportWarning","filename":"/opt/airflow/dags/dag.py","lineno":2,"logger":"py.warnings"}
{"timestamp":"2025-12-17T10:46:08.999158Z","level":"warning","event":"The `airflow.operators.empty.EmptyOperator` attribute is deprecated. Please use `'airflow.providers.standard.operators.empty.EmptyOperator'`.","category":"DeprecatedImportWarning","filename":"/opt/airflow/dags/dag.py","lineno":3,"logger":"py.warnings"}
{"timestamp":"2025-12-17T10:46:39.435810Z","level":"info","event":"Filling up the DagBag from /opt/airflow/dags/dag.py","logger":"airflow.models.dagbag.DagBag","filename":"dagbag.py","lineno":593}
{"timestamp":"2025-12-17T10:46:39.496821Z","level":"warning","event":"The `airflow.decorators.dag` attribute is deprecated. Please use `'airflow.sdk.dag'`.","category":"DeprecatedImportWarning","filename":"/opt/airflow/dags/dag.py","lineno":1,"logger":"py.warnings"}
{"timestamp":"2025-12-17T10:46:39.496883Z","level":"warning","event":"The `airflow.decorators.task` attribute is deprecated. Please use `'airflow.sdk.task'`.","category":"DeprecatedImportWarning","filename":"/opt/airflow/dags/dag.py","lineno":2,"logger":"py.warnings"}
{"timestamp":"2025-12-17T10:46:39.496905Z","level":"warning","event":"The `airflow.operators.empty.EmptyOperator` attribute is deprecated. Please use `'airflow.providers.standard.operators.empty.EmptyOperator'`.","category":"DeprecatedImportWarning","filename":"/opt/airflow/dags/dag.py","lineno":3,"logger":"py.warnings"}
{"timestamp":"2025-12-17T10:47:09.891014Z","level":"info","event":"Filling up the DagBag from /opt/airflow/dags/dag.py","logger":"airflow.models.dagbag.DagBag","filename":"dagbag.py","lineno":593}
{"timestamp":"2025-12-17T10:47:09.932906Z","level":"warning","event":"The `airflow.decorators.dag` attribute is deprecated. Please use `'airflow.sdk.dag'`.","category":"DeprecatedImportWarning","filename":"/opt/airflow/dags/dag.py","lineno":1,"logger":"py.warnings"}
{"timestamp":"2025-12-17T10:47:09.933099Z","level":"warning","event":"The `airflow.decorators.task` attribute is deprecated. Please use `'airflow.sdk.task'`.","category":"DeprecatedImportWarning","filename":"/opt/airflow/dags/dag.py","lineno":2,"logger":"py.warnings"}
{"timestamp":"2025-12-17T10:47:09.933138Z","level":"warning","event":"The `airflow.operators.empty.EmptyOperator` attribute is deprecated. Please use `'airflow.providers.standard.operators.empty.EmptyOperator'`.","category":"DeprecatedImportWarning","filename":"/opt/airflow/dags/dag.py","lineno":3,"logger":"py.warnings"}
{"timestamp":"2025-12-17T10:47:40.328723Z","level":"info","event":"Filling up the DagBag from /opt/airflow/dags/dag.py","logger":"airflow.models.dagbag.DagBag","filename":"dagbag.py","lineno":593}
{"timestamp":"2025-12-17T10:47:40.449624Z","level":"warning","event":"The `airflow.decorators.dag` attribute is deprecated. Please use `'airflow.sdk.dag'`.","category":"DeprecatedImportWarning","filename":"/opt/airflow/dags/dag.py","lineno":1,"logger":"py.warnings"}
{"timestamp":"2025-12-17T10:47:40.449712Z","level":"warning","event":"The `airflow.decorators.task` attribute is deprecated. Please use `'airflow.sdk.task'`.","category":"DeprecatedImportWarning","filename":"/opt/airflow/dags/dag.py","lineno":2,"logger":"py.warnings"}
{"timestamp":"2025-12-17T10:47:40.449736Z","level":"warning","event":"The `airflow.operators.empty.EmptyOperator` attribute is deprecated. Please use `'airflow.providers.standard.operators.empty.EmptyOperator'`.","category":"DeprecatedImportWarning","filename":"/opt/airflow/dags/dag.py","lineno":3,"logger":"py.warnings"}
{"timestamp":"2025-12-17T10:48:10.899865Z","level":"info","event":"Filling up the DagBag from /opt/airflow/dags/dag.py","logger":"airflow.models.dagbag.DagBag","filename":"dagbag.py","lineno":593}
{"timestamp":"2025-12-17T10:48:10.948605Z","level":"warning","event":"The `airflow.decorators.dag` attribute is deprecated. Please use `'airflow.sdk.dag'`.","category":"DeprecatedImportWarning","filename":"/opt/airflow/dags/dag.py","lineno":1,"logger":"py.warnings"}
{"timestamp":"2025-12-17T10:48:10.948827Z","level":"warning","event":"The `airflow.decorators.task` attribute is deprecated. Please use `'airflow.sdk.task'`.","category":"DeprecatedImportWarning","filename":"/opt/airflow/dags/dag.py","lineno":2,"logger":"py.warnings"}
{"timestamp":"2025-12-17T10:48:10.948886Z","level":"warning","event":"The `airflow.operators.empty.EmptyOperator` attribute is deprecated. Please use `'airflow.providers.standard.operators.empty.EmptyOperator'`.","category":"DeprecatedImportWarning","filename":"/opt/airflow/dags/dag.py","lineno":3,"logger":"py.warnings"}
{"timestamp":"2025-12-17T10:48:41.317675Z","level":"info","event":"Filling up the DagBag from /opt/airflow/dags/dag.py","logger":"airflow.models.dagbag.DagBag","filename":"dagbag.py","lineno":593}
{"timestamp":"2025-12-17T10:48:41.379781Z","level":"warning","event":"The `airflow.decorators.dag` attribute is deprecated. Please use `'airflow.sdk.dag'`.","category":"DeprecatedImportWarning","filename":"/opt/airflow/dags/dag.py","lineno":1,"logger":"py.warnings"}
{"timestamp":"2025-12-17T10:48:41.379854Z","level":"warning","event":"The `airflow.decorators.task` attribute is deprecated. Please use `'airflow.sdk.task'`.","category":"DeprecatedImportWarning","filename":"/opt/airflow/dags/dag.py","lineno":2,"logger":"py.warnings"}
{"timestamp":"2025-12-17T10:48:41.379878Z","level":"warning","event":"The `airflow.operators.empty.EmptyOperator` attribute is deprecated. Please use `'airflow.providers.standard.operators.empty.EmptyOperator'`.","category":"DeprecatedImportWarning","filename":"/opt/airflow/dags/dag.py","lineno":3,"logger":"py.warnings"}
{"timestamp":"2025-12-17T10:49:11.786337Z","level":"info","event":"Filling up the DagBag from /opt/airflow/dags/dag.py","logger":"airflow.models.dagbag.DagBag","filename":"dagbag.py","lineno":593}
{"timestamp":"2025-12-17T10:49:11.836747Z","level":"warning","event":"The `airflow.decorators.dag` attribute is deprecated. Please use `'airflow.sdk.dag'`.","category":"DeprecatedImportWarning","filename":"/opt/airflow/dags/dag.py","lineno":1,"logger":"py.warnings"}
{"timestamp":"2025-12-17T10:49:11.836835Z","level":"warning","event":"The `airflow.decorators.task` attribute is deprecated. Please use `'airflow.sdk.task'`.","category":"DeprecatedImportWarning","filename":"/opt/airflow/dags/dag.py","lineno":2,"logger":"py.warnings"}
{"timestamp":"2025-12-17T10:49:11.836868Z","level":"warning","event":"The `airflow.operators.empty.EmptyOperator` attribute is deprecated. Please use `'airflow.providers.standard.operators.empty.EmptyOperator'`.","category":"DeprecatedImportWarning","filename":"/opt/airflow/dags/dag.py","lineno":3,"logger":"py.warnings"}
{"timestamp":"2025-12-17T10:49:42.224159Z","level":"info","event":"Filling up the DagBag from /opt/airflow/dags/dag.py","logger":"airflow.models.dagbag.DagBag","filename":"dagbag.py","lineno":593}
{"timestamp":"2025-12-17T10:49:42.256576Z","level":"warning","event":"The `airflow.decorators.dag` attribute is deprecated. Please use `'airflow.sdk.dag'`.","category":"DeprecatedImportWarning","filename":"/opt/airflow/dags/dag.py","lineno":1,"logger":"py.warnings"}
{"timestamp":"2025-12-17T10:49:42.256637Z","level":"warning","event":"The `airflow.decorators.task` attribute is deprecated. Please use `'airflow.sdk.task'`.","category":"DeprecatedImportWarning","filename":"/opt/airflow/dags/dag.py","lineno":2,"logger":"py.warnings"}
{"timestamp":"2025-12-17T10:49:42.256662Z","level":"warning","event":"The `airflow.operators.empty.EmptyOperator` attribute is deprecated. Please use `'airflow.providers.standard.operators.empty.EmptyOperator'`.","category":"DeprecatedImportWarning","filename":"/opt/airflow/dags/dag.py","lineno":3,"logger":"py.warnings"}
{"timestamp":"2025-12-17T10:50:12.611800Z","level":"info","event":"Filling up the DagBag from /opt/airflow/dags/dag.py","logger":"airflow.models.dagbag.DagBag","filename":"dagbag.py","lineno":593}
{"timestamp":"2025-12-17T10:50:12.654541Z","level":"warning","event":"The `airflow.decorators.dag` attribute is deprecated. Please use `'airflow.sdk.dag'`.","category":"DeprecatedImportWarning","filename":"/opt/airflow/dags/dag.py","lineno":1,"logger":"py.warnings"}
{"timestamp":"2025-12-17T10:50:12.654785Z","level":"warning","event":"The `airflow.decorators.task` attribute is deprecated. Please use `'airflow.sdk.task'`.","category":"DeprecatedImportWarning","filename":"/opt/airflow/dags/dag.py","lineno":2,"logger":"py.warnings"}
{"timestamp":"2025-12-17T10:50:12.654843Z","level":"warning","event":"The `airflow.operators.empty.EmptyOperator` attribute is deprecated. Please use `'airflow.providers.standard.operators.empty.EmptyOperator'`.","category":"DeprecatedImportWarning","filename":"/opt/airflow/dags/dag.py","lineno":3,"logger":"py.warnings"}
{"timestamp":"2025-12-17T10:50:43.105623Z","level":"info","event":"Filling up the DagBag from /opt/airflow/dags/dag.py","logger":"airflow.models.dagbag.DagBag","filename":"dagbag.py","lineno":593}
{"timestamp":"2025-12-17T10:50:43.149329Z","level":"warning","event":"The `airflow.decorators.dag` attribute is deprecated. Please use `'airflow.sdk.dag'`.","category":"DeprecatedImportWarning","filename":"/opt/airflow/dags/dag.py","lineno":1,"logger":"py.warnings"}
{"timestamp":"2025-12-17T10:50:43.149393Z","level":"warning","event":"The `airflow.decorators.task` attribute is deprecated. Please use `'airflow.sdk.task'`.","category":"DeprecatedImportWarning","filename":"/opt/airflow/dags/dag.py","lineno":2,"logger":"py.warnings"}
{"timestamp":"2025-12-17T10:50:43.149454Z","level":"warning","event":"The `airflow.operators.empty.EmptyOperator` attribute is deprecated. Please use `'airflow.providers.standard.operators.empty.EmptyOperator'`.","category":"DeprecatedImportWarning","filename":"/opt/airflow/dags/dag.py","lineno":3,"logger":"py.warnings"}
{"timestamp":"2025-12-17T10:51:13.619664Z","level":"info","event":"Filling up the DagBag from /opt/airflow/dags/dag.py","logger":"airflow.models.dagbag.DagBag","filename":"dagbag.py","lineno":593}
{"timestamp":"2025-12-17T10:51:13.672416Z","level":"warning","event":"The `airflow.decorators.dag` attribute is deprecated. Please use `'airflow.sdk.dag'`.","category":"DeprecatedImportWarning","filename":"/opt/airflow/dags/dag.py","lineno":1,"logger":"py.warnings"}
{"timestamp":"2025-12-17T10:51:13.672709Z","level":"warning","event":"The `airflow.decorators.task` attribute is deprecated. Please use `'airflow.sdk.task'`.","category":"DeprecatedImportWarning","filename":"/opt/airflow/dags/dag.py","lineno":2,"logger":"py.warnings"}
{"timestamp":"2025-12-17T10:51:13.672761Z","level":"warning","event":"The `airflow.operators.empty.EmptyOperator` attribute is deprecated. Please use `'airflow.providers.standard.operators.empty.EmptyOperator'`.","category":"DeprecatedImportWarning","filename":"/opt/airflow/dags/dag.py","lineno":3,"logger":"py.warnings"}
{"timestamp":"2025-12-17T10:51:44.093972Z","level":"info","event":"Filling up the DagBag from /opt/airflow/dags/dag.py","logger":"airflow.models.dagbag.DagBag","filename":"dagbag.py","lineno":593}
{"timestamp":"2025-12-17T10:51:44.158410Z","level":"warning","event":"The `airflow.decorators.dag` attribute is deprecated. Please use `'airflow.sdk.dag'`.","category":"DeprecatedImportWarning","filename":"/opt/airflow/dags/dag.py","lineno":1,"logger":"py.warnings"}
{"timestamp":"2025-12-17T10:51:44.158481Z","level":"warning","event":"The `airflow.decorators.task` attribute is deprecated. Please use `'airflow.sdk.task'`.","category":"DeprecatedImportWarning","filename":"/opt/airflow/dags/dag.py","lineno":2,"logger":"py.warnings"}
{"timestamp":"2025-12-17T10:51:44.158516Z","level":"warning","event":"The `airflow.operators.empty.EmptyOperator` attribute is deprecated. Please use `'airflow.providers.standard.operators.empty.EmptyOperator'`.","category":"DeprecatedImportWarning","filename":"/opt/airflow/dags/dag.py","lineno":3,"logger":"py.warnings"}
{"timestamp":"2025-12-17T10:52:14.572487Z","level":"info","event":"Filling up the DagBag from /opt/airflow/dags/dag.py","logger":"airflow.models.dagbag.DagBag","filename":"dagbag.py","lineno":593}
{"timestamp":"2025-12-17T10:52:14.616992Z","level":"warning","event":"The `airflow.decorators.dag` attribute is deprecated. Please use `'airflow.sdk.dag'`.","category":"DeprecatedImportWarning","filename":"/opt/airflow/dags/dag.py","lineno":1,"logger":"py.warnings"}
{"timestamp":"2025-12-17T10:52:14.617222Z","level":"warning","event":"The `airflow.decorators.task` attribute is deprecated. Please use `'airflow.sdk.task'`.","category":"DeprecatedImportWarning","filename":"/opt/airflow/dags/dag.py","lineno":2,"logger":"py.warnings"}
{"timestamp":"2025-12-17T10:52:14.617269Z","level":"warning","event":"The `airflow.operators.empty.EmptyOperator` attribute is deprecated. Please use `'airflow.providers.standard.operators.empty.EmptyOperator'`.","category":"DeprecatedImportWarning","filename":"/opt/airflow/dags/dag.py","lineno":3,"logger":"py.warnings"}
{"timestamp":"2025-12-17T10:52:45.033569Z","level":"info","event":"Filling up the DagBag from /opt/airflow/dags/dag.py","logger":"airflow.models.dagbag.DagBag","filename":"dagbag.py","lineno":593}
{"timestamp":"2025-12-17T10:52:45.090422Z","level":"warning","event":"The `airflow.decorators.dag` attribute is deprecated. Please use `'airflow.sdk.dag'`.","category":"DeprecatedImportWarning","filename":"/opt/airflow/dags/dag.py","lineno":1,"logger":"py.warnings"}
{"timestamp":"2025-12-17T10:52:45.090650Z","level":"warning","event":"The `airflow.decorators.task` attribute is deprecated. Please use `'airflow.sdk.task'`.","category":"DeprecatedImportWarning","filename":"/opt/airflow/dags/dag.py","lineno":2,"logger":"py.warnings"}
{"timestamp":"2025-12-17T10:52:45.090676Z","level":"warning","event":"The `airflow.operators.empty.EmptyOperator` attribute is deprecated. Please use `'airflow.providers.standard.operators.empty.EmptyOperator'`.","category":"DeprecatedImportWarning","filename":"/opt/airflow/dags/dag.py","lineno":3,"logger":"py.warnings"}
{"timestamp":"2025-12-17T10:53:15.527289Z","level":"info","event":"Filling up the DagBag from /opt/airflow/dags/dag.py","logger":"airflow.models.dagbag.DagBag","filename":"dagbag.py","lineno":593}
{"timestamp":"2025-12-17T10:53:15.574948Z","level":"warning","event":"The `airflow.decorators.dag` attribute is deprecated. Please use `'airflow.sdk.dag'`.","category":"DeprecatedImportWarning","filename":"/opt/airflow/dags/dag.py","lineno":1,"logger":"py.warnings"}
{"timestamp":"2025-12-17T10:53:15.575024Z","level":"warning","event":"The `airflow.decorators.task` attribute is deprecated. Please use `'airflow.sdk.task'`.","category":"DeprecatedImportWarning","filename":"/opt/airflow/dags/dag.py","lineno":2,"logger":"py.warnings"}
{"timestamp":"2025-12-17T10:53:15.575050Z","level":"warning","event":"The `airflow.operators.empty.EmptyOperator` attribute is deprecated. Please use `'airflow.providers.standard.operators.empty.EmptyOperator'`.","category":"DeprecatedImportWarning","filename":"/opt/airflow/dags/dag.py","lineno":3,"logger":"py.warnings"}
{"timestamp":"2025-12-17T10:53:45.937551Z","level":"info","event":"Filling up the DagBag from /opt/airflow/dags/dag.py","logger":"airflow.models.dagbag.DagBag","filename":"dagbag.py","lineno":593}
{"timestamp":"2025-12-17T10:53:45.985704Z","level":"warning","event":"The `airflow.decorators.dag` attribute is deprecated. Please use `'airflow.sdk.dag'`.","category":"DeprecatedImportWarning","filename":"/opt/airflow/dags/dag.py","lineno":1,"logger":"py.warnings"}
{"timestamp":"2025-12-17T10:53:45.986461Z","level":"warning","event":"The `airflow.decorators.task` attribute is deprecated. Please use `'airflow.sdk.task'`.","category":"DeprecatedImportWarning","filename":"/opt/airflow/dags/dag.py","lineno":2,"logger":"py.warnings"}
{"timestamp":"2025-12-17T10:53:45.986727Z","level":"warning","event":"The `airflow.operators.empty.EmptyOperator` attribute is deprecated. Please use `'airflow.providers.standard.operators.empty.EmptyOperator'`.","category":"DeprecatedImportWarning","filename":"/opt/airflow/dags/dag.py","lineno":3,"logger":"py.warnings"}
{"timestamp":"2025-12-17T10:54:16.388687Z","level":"info","event":"Filling up the DagBag from /opt/airflow/dags/dag.py","logger":"airflow.models.dagbag.DagBag","filename":"dagbag.py","lineno":593}
{"timestamp":"2025-12-17T10:54:16.442583Z","level":"warning","event":"The `airflow.decorators.dag` attribute is deprecated. Please use `'airflow.sdk.dag'`.","category":"DeprecatedImportWarning","filename":"/opt/airflow/dags/dag.py","lineno":1,"logger":"py.warnings"}
{"timestamp":"2025-12-17T10:54:16.443420Z","level":"warning","event":"The `airflow.decorators.task` attribute is deprecated. Please use `'airflow.sdk.task'`.","category":"DeprecatedImportWarning","filename":"/opt/airflow/dags/dag.py","lineno":2,"logger":"py.warnings"}
{"timestamp":"2025-12-17T10:54:16.443484Z","level":"warning","event":"The `airflow.operators.empty.EmptyOperator` attribute is deprecated. Please use `'airflow.providers.standard.operators.empty.EmptyOperator'`.","category":"DeprecatedImportWarning","filename":"/opt/airflow/dags/dag.py","lineno":3,"logger":"py.warnings"}
{"timestamp":"2025-12-17T10:54:46.898124Z","level":"info","event":"Filling up the DagBag from /opt/airflow/dags/dag.py","logger":"airflow.models.dagbag.DagBag","filename":"dagbag.py","lineno":593}
{"timestamp":"2025-12-17T10:54:46.958115Z","level":"warning","event":"The `airflow.decorators.dag` attribute is deprecated. Please use `'airflow.sdk.dag'`.","category":"DeprecatedImportWarning","filename":"/opt/airflow/dags/dag.py","lineno":1,"logger":"py.warnings"}
{"timestamp":"2025-12-17T10:54:46.958378Z","level":"warning","event":"The `airflow.decorators.task` attribute is deprecated. Please use `'airflow.sdk.task'`.","category":"DeprecatedImportWarning","filename":"/opt/airflow/dags/dag.py","lineno":2,"logger":"py.warnings"}
{"timestamp":"2025-12-17T10:54:46.958404Z","level":"warning","event":"The `airflow.operators.empty.EmptyOperator` attribute is deprecated. Please use `'airflow.providers.standard.operators.empty.EmptyOperator'`.","category":"DeprecatedImportWarning","filename":"/opt/airflow/dags/dag.py","lineno":3,"logger":"py.warnings"}
{"timestamp":"2025-12-17T10:55:17.330285Z","level":"info","event":"Filling up the DagBag from /opt/airflow/dags/dag.py","logger":"airflow.models.dagbag.DagBag","filename":"dagbag.py","lineno":593}
{"timestamp":"2025-12-17T10:55:17.398265Z","level":"warning","event":"The `airflow.decorators.dag` attribute is deprecated. Please use `'airflow.sdk.dag'`.","category":"DeprecatedImportWarning","filename":"/opt/airflow/dags/dag.py","lineno":1,"logger":"py.warnings"}
{"timestamp":"2025-12-17T10:55:17.398566Z","level":"warning","event":"The `airflow.decorators.task` attribute is deprecated. Please use `'airflow.sdk.task'`.","category":"DeprecatedImportWarning","filename":"/opt/airflow/dags/dag.py","lineno":2,"logger":"py.warnings"}
{"timestamp":"2025-12-17T10:55:17.399129Z","level":"warning","event":"The `airflow.operators.empty.EmptyOperator` attribute is deprecated. Please use `'airflow.providers.standard.operators.empty.EmptyOperator'`.","category":"DeprecatedImportWarning","filename":"/opt/airflow/dags/dag.py","lineno":3,"logger":"py.warnings"}
{"timestamp":"2025-12-17T10:55:47.781441Z","level":"info","event":"Filling up the DagBag from /opt/airflow/dags/dag.py","logger":"airflow.models.dagbag.DagBag","filename":"dagbag.py","lineno":593}
{"timestamp":"2025-12-17T10:55:47.839555Z","level":"warning","event":"The `airflow.decorators.dag` attribute is deprecated. Please use `'airflow.sdk.dag'`.","category":"DeprecatedImportWarning","filename":"/opt/airflow/dags/dag.py","lineno":1,"logger":"py.warnings"}
{"timestamp":"2025-12-17T10:55:47.839667Z","level":"warning","event":"The `airflow.decorators.task` attribute is deprecated. Please use `'airflow.sdk.task'`.","category":"DeprecatedImportWarning","filename":"/opt/airflow/dags/dag.py","lineno":2,"logger":"py.warnings"}
{"timestamp":"2025-12-17T10:55:47.839704Z","level":"warning","event":"The `airflow.operators.empty.EmptyOperator` attribute is deprecated. Please use `'airflow.providers.standard.operators.empty.EmptyOperator'`.","category":"DeprecatedImportWarning","filename":"/opt/airflow/dags/dag.py","lineno":3,"logger":"py.warnings"}
{"timestamp":"2025-12-17T10:56:18.234698Z","level":"info","event":"Filling up the DagBag from /opt/airflow/dags/dag.py","logger":"airflow.models.dagbag.DagBag","filename":"dagbag.py","lineno":593}
{"timestamp":"2025-12-17T10:56:18.291352Z","level":"warning","event":"The `airflow.decorators.dag` attribute is deprecated. Please use `'airflow.sdk.dag'`.","category":"DeprecatedImportWarning","filename":"/opt/airflow/dags/dag.py","lineno":1,"logger":"py.warnings"}
{"timestamp":"2025-12-17T10:56:18.291710Z","level":"warning","event":"The `airflow.decorators.task` attribute is deprecated. Please use `'airflow.sdk.task'`.","category":"DeprecatedImportWarning","filename":"/opt/airflow/dags/dag.py","lineno":2,"logger":"py.warnings"}
{"timestamp":"2025-12-17T10:56:18.291760Z","level":"warning","event":"The `airflow.operators.empty.EmptyOperator` attribute is deprecated. Please use `'airflow.providers.standard.operators.empty.EmptyOperator'`.","category":"DeprecatedImportWarning","filename":"/opt/airflow/dags/dag.py","lineno":3,"logger":"py.warnings"}
{"timestamp":"2025-12-17T10:56:48.643339Z","level":"info","event":"Filling up the DagBag from /opt/airflow/dags/dag.py","logger":"airflow.models.dagbag.DagBag","filename":"dagbag.py","lineno":593}
{"timestamp":"2025-12-17T10:56:48.698860Z","level":"warning","event":"The `airflow.decorators.dag` attribute is deprecated. Please use `'airflow.sdk.dag'`.","category":"DeprecatedImportWarning","filename":"/opt/airflow/dags/dag.py","lineno":1,"logger":"py.warnings"}
{"timestamp":"2025-12-17T10:56:48.699863Z","level":"warning","event":"The `airflow.decorators.task` attribute is deprecated. Please use `'airflow.sdk.task'`.","category":"DeprecatedImportWarning","filename":"/opt/airflow/dags/dag.py","lineno":2,"logger":"py.warnings"}
{"timestamp":"2025-12-17T10:56:48.699926Z","level":"warning","event":"The `airflow.operators.empty.EmptyOperator` attribute is deprecated. Please use `'airflow.providers.standard.operators.empty.EmptyOperator'`.","category":"DeprecatedImportWarning","filename":"/opt/airflow/dags/dag.py","lineno":3,"logger":"py.warnings"}
{"timestamp":"2025-12-17T10:57:19.118265Z","level":"info","event":"Filling up the DagBag from /opt/airflow/dags/dag.py","logger":"airflow.models.dagbag.DagBag","filename":"dagbag.py","lineno":593}
{"timestamp":"2025-12-17T10:57:19.185069Z","level":"warning","event":"The `airflow.decorators.dag` attribute is deprecated. Please use `'airflow.sdk.dag'`.","category":"DeprecatedImportWarning","filename":"/opt/airflow/dags/dag.py","lineno":1,"logger":"py.warnings"}
{"timestamp":"2025-12-17T10:57:19.185141Z","level":"warning","event":"The `airflow.decorators.task` attribute is deprecated. Please use `'airflow.sdk.task'`.","category":"DeprecatedImportWarning","filename":"/opt/airflow/dags/dag.py","lineno":2,"logger":"py.warnings"}
{"timestamp":"2025-12-17T10:57:19.185166Z","level":"warning","event":"The `airflow.operators.empty.EmptyOperator` attribute is deprecated. Please use `'airflow.providers.standard.operators.empty.EmptyOperator'`.","category":"DeprecatedImportWarning","filename":"/opt/airflow/dags/dag.py","lineno":3,"logger":"py.warnings"}
{"timestamp":"2025-12-17T10:57:49.636968Z","level":"info","event":"Filling up the DagBag from /opt/airflow/dags/dag.py","logger":"airflow.models.dagbag.DagBag","filename":"dagbag.py","lineno":593}
{"timestamp":"2025-12-17T10:57:49.721094Z","level":"warning","event":"The `airflow.decorators.dag` attribute is deprecated. Please use `'airflow.sdk.dag'`.","category":"DeprecatedImportWarning","filename":"/opt/airflow/dags/dag.py","lineno":1,"logger":"py.warnings"}
{"timestamp":"2025-12-17T10:57:49.721259Z","level":"warning","event":"The `airflow.decorators.task` attribute is deprecated. Please use `'airflow.sdk.task'`.","category":"DeprecatedImportWarning","filename":"/opt/airflow/dags/dag.py","lineno":2,"logger":"py.warnings"}
{"timestamp":"2025-12-17T10:57:49.721299Z","level":"warning","event":"The `airflow.operators.empty.EmptyOperator` attribute is deprecated. Please use `'airflow.providers.standard.operators.empty.EmptyOperator'`.","category":"DeprecatedImportWarning","filename":"/opt/airflow/dags/dag.py","lineno":3,"logger":"py.warnings"}
{"timestamp":"2025-12-17T10:58:20.078422Z","level":"info","event":"Filling up the DagBag from /opt/airflow/dags/dag.py","logger":"airflow.models.dagbag.DagBag","filename":"dagbag.py","lineno":593}
{"timestamp":"2025-12-17T10:58:20.160234Z","level":"warning","event":"The `airflow.decorators.dag` attribute is deprecated. Please use `'airflow.sdk.dag'`.","category":"DeprecatedImportWarning","filename":"/opt/airflow/dags/dag.py","lineno":1,"logger":"py.warnings"}
{"timestamp":"2025-12-17T10:58:20.160338Z","level":"warning","event":"The `airflow.decorators.task` attribute is deprecated. Please use `'airflow.sdk.task'`.","category":"DeprecatedImportWarning","filename":"/opt/airflow/dags/dag.py","lineno":2,"logger":"py.warnings"}
{"timestamp":"2025-12-17T10:58:20.160367Z","level":"warning","event":"The `airflow.operators.empty.EmptyOperator` attribute is deprecated. Please use `'airflow.providers.standard.operators.empty.EmptyOperator'`.","category":"DeprecatedImportWarning","filename":"/opt/airflow/dags/dag.py","lineno":3,"logger":"py.warnings"}
{"timestamp":"2025-12-17T10:58:50.609796Z","level":"info","event":"Filling up the DagBag from /opt/airflow/dags/dag.py","logger":"airflow.models.dagbag.DagBag","filename":"dagbag.py","lineno":593}
{"timestamp":"2025-12-17T10:58:50.686542Z","level":"warning","event":"The `airflow.decorators.dag` attribute is deprecated. Please use `'airflow.sdk.dag'`.","category":"DeprecatedImportWarning","filename":"/opt/airflow/dags/dag.py","lineno":1,"logger":"py.warnings"}
{"timestamp":"2025-12-17T10:58:50.686660Z","level":"warning","event":"The `airflow.decorators.task` attribute is deprecated. Please use `'airflow.sdk.task'`.","category":"DeprecatedImportWarning","filename":"/opt/airflow/dags/dag.py","lineno":2,"logger":"py.warnings"}
{"timestamp":"2025-12-17T10:58:50.686688Z","level":"warning","event":"The `airflow.operators.empty.EmptyOperator` attribute is deprecated. Please use `'airflow.providers.standard.operators.empty.EmptyOperator'`.","category":"DeprecatedImportWarning","filename":"/opt/airflow/dags/dag.py","lineno":3,"logger":"py.warnings"}
{"timestamp":"2025-12-17T10:59:21.114191Z","level":"info","event":"Filling up the DagBag from /opt/airflow/dags/dag.py","logger":"airflow.models.dagbag.DagBag","filename":"dagbag.py","lineno":593}
{"timestamp":"2025-12-17T10:59:21.177143Z","level":"warning","event":"The `airflow.decorators.dag` attribute is deprecated. Please use `'airflow.sdk.dag'`.","category":"DeprecatedImportWarning","filename":"/opt/airflow/dags/dag.py","lineno":1,"logger":"py.warnings"}
{"timestamp":"2025-12-17T10:59:21.177270Z","level":"warning","event":"The `airflow.decorators.task` attribute is deprecated. Please use `'airflow.sdk.task'`.","category":"DeprecatedImportWarning","filename":"/opt/airflow/dags/dag.py","lineno":2,"logger":"py.warnings"}
{"timestamp":"2025-12-17T10:59:21.177300Z","level":"warning","event":"The `airflow.operators.empty.EmptyOperator` attribute is deprecated. Please use `'airflow.providers.standard.operators.empty.EmptyOperator'`.","category":"DeprecatedImportWarning","filename":"/opt/airflow/dags/dag.py","lineno":3,"logger":"py.warnings"}
{"timestamp":"2025-12-17T10:59:51.644530Z","level":"info","event":"Filling up the DagBag from /opt/airflow/dags/dag.py","logger":"airflow.models.dagbag.DagBag","filename":"dagbag.py","lineno":593}
{"timestamp":"2025-12-17T10:59:51.726528Z","level":"warning","event":"The `airflow.decorators.dag` attribute is deprecated. Please use `'airflow.sdk.dag'`.","category":"DeprecatedImportWarning","filename":"/opt/airflow/dags/dag.py","lineno":1,"logger":"py.warnings"}
{"timestamp":"2025-12-17T10:59:51.726622Z","level":"warning","event":"The `airflow.decorators.task` attribute is deprecated. Please use `'airflow.sdk.task'`.","category":"DeprecatedImportWarning","filename":"/opt/airflow/dags/dag.py","lineno":2,"logger":"py.warnings"}
{"timestamp":"2025-12-17T10:59:51.726646Z","level":"warning","event":"The `airflow.operators.empty.EmptyOperator` attribute is deprecated. Please use `'airflow.providers.standard.operators.empty.EmptyOperator'`.","category":"DeprecatedImportWarning","filename":"/opt/airflow/dags/dag.py","lineno":3,"logger":"py.warnings"}
{"timestamp":"2025-12-17T11:00:22.152619Z","level":"info","event":"Filling up the DagBag from /opt/airflow/dags/dag.py","logger":"airflow.models.dagbag.DagBag","filename":"dagbag.py","lineno":593}
{"timestamp":"2025-12-17T11:00:22.229862Z","level":"warning","event":"The `airflow.decorators.dag` attribute is deprecated. Please use `'airflow.sdk.dag'`.","category":"DeprecatedImportWarning","filename":"/opt/airflow/dags/dag.py","lineno":1,"logger":"py.warnings"}
{"timestamp":"2025-12-17T11:00:22.230145Z","level":"warning","event":"The `airflow.decorators.task` attribute is deprecated. Please use `'airflow.sdk.task'`.","category":"DeprecatedImportWarning","filename":"/opt/airflow/dags/dag.py","lineno":2,"logger":"py.warnings"}
{"timestamp":"2025-12-17T11:00:22.230193Z","level":"warning","event":"The `airflow.operators.empty.EmptyOperator` attribute is deprecated. Please use `'airflow.providers.standard.operators.empty.EmptyOperator'`.","category":"DeprecatedImportWarning","filename":"/opt/airflow/dags/dag.py","lineno":3,"logger":"py.warnings"}
{"timestamp":"2025-12-17T11:00:52.646710Z","level":"info","event":"Filling up the DagBag from /opt/airflow/dags/dag.py","logger":"airflow.models.dagbag.DagBag","filename":"dagbag.py","lineno":593}
{"timestamp":"2025-12-17T11:00:52.721163Z","level":"warning","event":"The `airflow.decorators.dag` attribute is deprecated. Please use `'airflow.sdk.dag'`.","category":"DeprecatedImportWarning","filename":"/opt/airflow/dags/dag.py","lineno":1,"logger":"py.warnings"}
{"timestamp":"2025-12-17T11:00:52.721309Z","level":"warning","event":"The `airflow.decorators.task` attribute is deprecated. Please use `'airflow.sdk.task'`.","category":"DeprecatedImportWarning","filename":"/opt/airflow/dags/dag.py","lineno":2,"logger":"py.warnings"}
{"timestamp":"2025-12-17T11:00:52.721334Z","level":"warning","event":"The `airflow.operators.empty.EmptyOperator` attribute is deprecated. Please use `'airflow.providers.standard.operators.empty.EmptyOperator'`.","category":"DeprecatedImportWarning","filename":"/opt/airflow/dags/dag.py","lineno":3,"logger":"py.warnings"}
{"timestamp":"2025-12-17T11:01:23.120851Z","level":"info","event":"Filling up the DagBag from /opt/airflow/dags/dag.py","logger":"airflow.models.dagbag.DagBag","filename":"dagbag.py","lineno":593}
{"timestamp":"2025-12-17T11:01:23.185531Z","level":"warning","event":"The `airflow.decorators.dag` attribute is deprecated. Please use `'airflow.sdk.dag'`.","category":"DeprecatedImportWarning","filename":"/opt/airflow/dags/dag.py","lineno":1,"logger":"py.warnings"}
{"timestamp":"2025-12-17T11:01:23.185641Z","level":"warning","event":"The `airflow.decorators.task` attribute is deprecated. Please use `'airflow.sdk.task'`.","category":"DeprecatedImportWarning","filename":"/opt/airflow/dags/dag.py","lineno":2,"logger":"py.warnings"}
{"timestamp":"2025-12-17T11:01:23.185669Z","level":"warning","event":"The `airflow.operators.empty.EmptyOperator` attribute is deprecated. Please use `'airflow.providers.standard.operators.empty.EmptyOperator'`.","category":"DeprecatedImportWarning","filename":"/opt/airflow/dags/dag.py","lineno":3,"logger":"py.warnings"}
{"timestamp":"2025-12-17T11:01:53.601841Z","level":"info","event":"Filling up the DagBag from /opt/airflow/dags/dag.py","logger":"airflow.models.dagbag.DagBag","filename":"dagbag.py","lineno":593}
{"timestamp":"2025-12-17T11:01:53.675123Z","level":"warning","event":"The `airflow.decorators.dag` attribute is deprecated. Please use `'airflow.sdk.dag'`.","category":"DeprecatedImportWarning","filename":"/opt/airflow/dags/dag.py","lineno":1,"logger":"py.warnings"}
{"timestamp":"2025-12-17T11:01:53.675259Z","level":"warning","event":"The `airflow.decorators.task` attribute is deprecated. Please use `'airflow.sdk.task'`.","category":"DeprecatedImportWarning","filename":"/opt/airflow/dags/dag.py","lineno":2,"logger":"py.warnings"}
{"timestamp":"2025-12-17T11:01:53.675301Z","level":"warning","event":"The `airflow.operators.empty.EmptyOperator` attribute is deprecated. Please use `'airflow.providers.standard.operators.empty.EmptyOperator'`.","category":"DeprecatedImportWarning","filename":"/opt/airflow/dags/dag.py","lineno":3,"logger":"py.warnings"}
{"timestamp":"2025-12-17T11:02:24.098847Z","level":"info","event":"Filling up the DagBag from /opt/airflow/dags/dag.py","logger":"airflow.models.dagbag.DagBag","filename":"dagbag.py","lineno":593}
{"timestamp":"2025-12-17T11:02:24.168170Z","level":"warning","event":"The `airflow.decorators.dag` attribute is deprecated. Please use `'airflow.sdk.dag'`.","category":"DeprecatedImportWarning","filename":"/opt/airflow/dags/dag.py","lineno":1,"logger":"py.warnings"}
{"timestamp":"2025-12-17T11:02:24.168289Z","level":"warning","event":"The `airflow.decorators.task` attribute is deprecated. Please use `'airflow.sdk.task'`.","category":"DeprecatedImportWarning","filename":"/opt/airflow/dags/dag.py","lineno":2,"logger":"py.warnings"}
{"timestamp":"2025-12-17T11:02:24.168320Z","level":"warning","event":"The `airflow.operators.empty.EmptyOperator` attribute is deprecated. Please use `'airflow.providers.standard.operators.empty.EmptyOperator'`.","category":"DeprecatedImportWarning","filename":"/opt/airflow/dags/dag.py","lineno":3,"logger":"py.warnings"}
{"timestamp":"2025-12-17T11:02:54.589928Z","level":"info","event":"Filling up the DagBag from /opt/airflow/dags/dag.py","logger":"airflow.models.dagbag.DagBag","filename":"dagbag.py","lineno":593}
{"timestamp":"2025-12-17T11:02:54.666092Z","level":"warning","event":"The `airflow.decorators.dag` attribute is deprecated. Please use `'airflow.sdk.dag'`.","category":"DeprecatedImportWarning","filename":"/opt/airflow/dags/dag.py","lineno":1,"logger":"py.warnings"}
{"timestamp":"2025-12-17T11:02:54.666194Z","level":"warning","event":"The `airflow.decorators.task` attribute is deprecated. Please use `'airflow.sdk.task'`.","category":"DeprecatedImportWarning","filename":"/opt/airflow/dags/dag.py","lineno":2,"logger":"py.warnings"}
{"timestamp":"2025-12-17T11:02:54.666219Z","level":"warning","event":"The `airflow.operators.empty.EmptyOperator` attribute is deprecated. Please use `'airflow.providers.standard.operators.empty.EmptyOperator'`.","category":"DeprecatedImportWarning","filename":"/opt/airflow/dags/dag.py","lineno":3,"logger":"py.warnings"}
{"timestamp":"2025-12-17T11:03:25.091643Z","level":"info","event":"Filling up the DagBag from /opt/airflow/dags/dag.py","logger":"airflow.models.dagbag.DagBag","filename":"dagbag.py","lineno":593}
{"timestamp":"2025-12-17T11:03:25.141198Z","level":"warning","event":"The `airflow.decorators.dag` attribute is deprecated. Please use `'airflow.sdk.dag'`.","category":"DeprecatedImportWarning","filename":"/opt/airflow/dags/dag.py","lineno":1,"logger":"py.warnings"}
{"timestamp":"2025-12-17T11:03:25.141298Z","level":"warning","event":"The `airflow.decorators.task` attribute is deprecated. Please use `'airflow.sdk.task'`.","category":"DeprecatedImportWarning","filename":"/opt/airflow/dags/dag.py","lineno":2,"logger":"py.warnings"}
{"timestamp":"2025-12-17T11:03:25.141326Z","level":"warning","event":"The `airflow.operators.empty.EmptyOperator` attribute is deprecated. Please use `'airflow.providers.standard.operators.empty.EmptyOperator'`.","category":"DeprecatedImportWarning","filename":"/opt/airflow/dags/dag.py","lineno":3,"logger":"py.warnings"}
{"timestamp":"2025-12-17T11:03:55.547514Z","level":"info","event":"Filling up the DagBag from /opt/airflow/dags/dag.py","logger":"airflow.models.dagbag.DagBag","filename":"dagbag.py","lineno":593}
{"timestamp":"2025-12-17T11:03:55.618650Z","level":"warning","event":"The `airflow.decorators.dag` attribute is deprecated. Please use `'airflow.sdk.dag'`.","category":"DeprecatedImportWarning","filename":"/opt/airflow/dags/dag.py","lineno":1,"logger":"py.warnings"}
{"timestamp":"2025-12-17T11:03:55.618788Z","level":"warning","event":"The `airflow.decorators.task` attribute is deprecated. Please use `'airflow.sdk.task'`.","category":"DeprecatedImportWarning","filename":"/opt/airflow/dags/dag.py","lineno":2,"logger":"py.warnings"}
{"timestamp":"2025-12-17T11:03:55.618821Z","level":"warning","event":"The `airflow.operators.empty.EmptyOperator` attribute is deprecated. Please use `'airflow.providers.standard.operators.empty.EmptyOperator'`.","category":"DeprecatedImportWarning","filename":"/opt/airflow/dags/dag.py","lineno":3,"logger":"py.warnings"}
{"timestamp":"2025-12-17T11:04:25.924081Z","level":"info","event":"Filling up the DagBag from /opt/airflow/dags/dag.py","logger":"airflow.models.dagbag.DagBag","filename":"dagbag.py","lineno":593}
{"timestamp":"2025-12-17T11:04:25.974201Z","level":"warning","event":"The `airflow.decorators.dag` attribute is deprecated. Please use `'airflow.sdk.dag'`.","category":"DeprecatedImportWarning","filename":"/opt/airflow/dags/dag.py","lineno":1,"logger":"py.warnings"}
{"timestamp":"2025-12-17T11:04:25.974479Z","level":"warning","event":"The `airflow.decorators.task` attribute is deprecated. Please use `'airflow.sdk.task'`.","category":"DeprecatedImportWarning","filename":"/opt/airflow/dags/dag.py","lineno":2,"logger":"py.warnings"}
{"timestamp":"2025-12-17T11:04:25.974512Z","level":"warning","event":"The `airflow.operators.empty.EmptyOperator` attribute is deprecated. Please use `'airflow.providers.standard.operators.empty.EmptyOperator'`.","category":"DeprecatedImportWarning","filename":"/opt/airflow/dags/dag.py","lineno":3,"logger":"py.warnings"}
{"timestamp":"2025-12-17T11:04:56.377053Z","level":"info","event":"Filling up the DagBag from /opt/airflow/dags/dag.py","logger":"airflow.models.dagbag.DagBag","filename":"dagbag.py","lineno":593}
{"timestamp":"2025-12-17T11:04:56.422542Z","level":"warning","event":"The `airflow.decorators.dag` attribute is deprecated. Please use `'airflow.sdk.dag'`.","category":"DeprecatedImportWarning","filename":"/opt/airflow/dags/dag.py","lineno":1,"logger":"py.warnings"}
{"timestamp":"2025-12-17T11:04:56.422823Z","level":"warning","event":"The `airflow.decorators.task` attribute is deprecated. Please use `'airflow.sdk.task'`.","category":"DeprecatedImportWarning","filename":"/opt/airflow/dags/dag.py","lineno":2,"logger":"py.warnings"}
{"timestamp":"2025-12-17T11:04:56.422874Z","level":"warning","event":"The `airflow.operators.empty.EmptyOperator` attribute is deprecated. Please use `'airflow.providers.standard.operators.empty.EmptyOperator'`.","category":"DeprecatedImportWarning","filename":"/opt/airflow/dags/dag.py","lineno":3,"logger":"py.warnings"}
{"timestamp":"2025-12-17T11:05:26.848514Z","level":"info","event":"Filling up the DagBag from /opt/airflow/dags/dag.py","logger":"airflow.models.dagbag.DagBag","filename":"dagbag.py","lineno":593}
{"timestamp":"2025-12-17T11:05:26.910136Z","level":"warning","event":"The `airflow.decorators.dag` attribute is deprecated. Please use `'airflow.sdk.dag'`.","category":"DeprecatedImportWarning","filename":"/opt/airflow/dags/dag.py","lineno":1,"logger":"py.warnings"}
{"timestamp":"2025-12-17T11:05:26.910239Z","level":"warning","event":"The `airflow.decorators.task` attribute is deprecated. Please use `'airflow.sdk.task'`.","category":"DeprecatedImportWarning","filename":"/opt/airflow/dags/dag.py","lineno":2,"logger":"py.warnings"}
{"timestamp":"2025-12-17T11:05:26.910270Z","level":"warning","event":"The `airflow.operators.empty.EmptyOperator` attribute is deprecated. Please use `'airflow.providers.standard.operators.empty.EmptyOperator'`.","category":"DeprecatedImportWarning","filename":"/opt/airflow/dags/dag.py","lineno":3,"logger":"py.warnings"}
{"timestamp":"2025-12-17T11:05:57.268172Z","level":"info","event":"Filling up the DagBag from /opt/airflow/dags/dag.py","logger":"airflow.models.dagbag.DagBag","filename":"dagbag.py","lineno":593}
{"timestamp":"2025-12-17T11:05:57.322033Z","level":"warning","event":"The `airflow.decorators.dag` attribute is deprecated. Please use `'airflow.sdk.dag'`.","category":"DeprecatedImportWarning","filename":"/opt/airflow/dags/dag.py","lineno":1,"logger":"py.warnings"}
{"timestamp":"2025-12-17T11:05:57.322106Z","level":"warning","event":"The `airflow.decorators.task` attribute is deprecated. Please use `'airflow.sdk.task'`.","category":"DeprecatedImportWarning","filename":"/opt/airflow/dags/dag.py","lineno":2,"logger":"py.warnings"}
{"timestamp":"2025-12-17T11:05:57.322130Z","level":"warning","event":"The `airflow.operators.empty.EmptyOperator` attribute is deprecated. Please use `'airflow.providers.standard.operators.empty.EmptyOperator'`.","category":"DeprecatedImportWarning","filename":"/opt/airflow/dags/dag.py","lineno":3,"logger":"py.warnings"}
{"timestamp":"2025-12-17T11:06:27.771070Z","level":"info","event":"Filling up the DagBag from /opt/airflow/dags/dag.py","logger":"airflow.models.dagbag.DagBag","filename":"dagbag.py","lineno":593}
{"timestamp":"2025-12-17T11:06:27.830787Z","level":"warning","event":"The `airflow.decorators.dag` attribute is deprecated. Please use `'airflow.sdk.dag'`.","category":"DeprecatedImportWarning","filename":"/opt/airflow/dags/dag.py","lineno":1,"logger":"py.warnings"}
{"timestamp":"2025-12-17T11:06:27.830875Z","level":"warning","event":"The `airflow.decorators.task` attribute is deprecated. Please use `'airflow.sdk.task'`.","category":"DeprecatedImportWarning","filename":"/opt/airflow/dags/dag.py","lineno":2,"logger":"py.warnings"}
{"timestamp":"2025-12-17T11:06:27.830901Z","level":"warning","event":"The `airflow.operators.empty.EmptyOperator` attribute is deprecated. Please use `'airflow.providers.standard.operators.empty.EmptyOperator'`.","category":"DeprecatedImportWarning","filename":"/opt/airflow/dags/dag.py","lineno":3,"logger":"py.warnings"}
{"timestamp":"2025-12-17T11:06:58.247732Z","level":"info","event":"Filling up the DagBag from /opt/airflow/dags/dag.py","logger":"airflow.models.dagbag.DagBag","filename":"dagbag.py","lineno":593}
{"timestamp":"2025-12-17T11:06:58.291840Z","level":"warning","event":"The `airflow.decorators.dag` attribute is deprecated. Please use `'airflow.sdk.dag'`.","category":"DeprecatedImportWarning","filename":"/opt/airflow/dags/dag.py","lineno":1,"logger":"py.warnings"}
{"timestamp":"2025-12-17T11:06:58.291917Z","level":"warning","event":"The `airflow.decorators.task` attribute is deprecated. Please use `'airflow.sdk.task'`.","category":"DeprecatedImportWarning","filename":"/opt/airflow/dags/dag.py","lineno":2,"logger":"py.warnings"}
{"timestamp":"2025-12-17T11:06:58.291942Z","level":"warning","event":"The `airflow.operators.empty.EmptyOperator` attribute is deprecated. Please use `'airflow.providers.standard.operators.empty.EmptyOperator'`.","category":"DeprecatedImportWarning","filename":"/opt/airflow/dags/dag.py","lineno":3,"logger":"py.warnings"}
{"timestamp":"2025-12-17T11:07:28.712205Z","level":"info","event":"Filling up the DagBag from /opt/airflow/dags/dag.py","logger":"airflow.models.dagbag.DagBag","filename":"dagbag.py","lineno":593}
{"timestamp":"2025-12-17T11:07:28.760353Z","level":"warning","event":"The `airflow.decorators.dag` attribute is deprecated. Please use `'airflow.sdk.dag'`.","category":"DeprecatedImportWarning","filename":"/opt/airflow/dags/dag.py","lineno":1,"logger":"py.warnings"}
{"timestamp":"2025-12-17T11:07:28.760562Z","level":"warning","event":"The `airflow.decorators.task` attribute is deprecated. Please use `'airflow.sdk.task'`.","category":"DeprecatedImportWarning","filename":"/opt/airflow/dags/dag.py","lineno":2,"logger":"py.warnings"}
{"timestamp":"2025-12-17T11:07:28.760947Z","level":"warning","event":"The `airflow.operators.empty.EmptyOperator` attribute is deprecated. Please use `'airflow.providers.standard.operators.empty.EmptyOperator'`.","category":"DeprecatedImportWarning","filename":"/opt/airflow/dags/dag.py","lineno":3,"logger":"py.warnings"}
{"timestamp":"2025-12-17T11:07:59.181390Z","level":"info","event":"Filling up the DagBag from /opt/airflow/dags/dag.py","logger":"airflow.models.dagbag.DagBag","filename":"dagbag.py","lineno":593}
{"timestamp":"2025-12-17T11:07:59.232930Z","level":"warning","event":"The `airflow.decorators.dag` attribute is deprecated. Please use `'airflow.sdk.dag'`.","category":"DeprecatedImportWarning","filename":"/opt/airflow/dags/dag.py","lineno":1,"logger":"py.warnings"}
{"timestamp":"2025-12-17T11:07:59.233039Z","level":"warning","event":"The `airflow.decorators.task` attribute is deprecated. Please use `'airflow.sdk.task'`.","category":"DeprecatedImportWarning","filename":"/opt/airflow/dags/dag.py","lineno":2,"logger":"py.warnings"}
{"timestamp":"2025-12-17T11:07:59.233069Z","level":"warning","event":"The `airflow.operators.empty.EmptyOperator` attribute is deprecated. Please use `'airflow.providers.standard.operators.empty.EmptyOperator'`.","category":"DeprecatedImportWarning","filename":"/opt/airflow/dags/dag.py","lineno":3,"logger":"py.warnings"}
{"timestamp":"2025-12-17T11:08:29.605899Z","level":"info","event":"Filling up the DagBag from /opt/airflow/dags/dag.py","logger":"airflow.models.dagbag.DagBag","filename":"dagbag.py","lineno":593}
{"timestamp":"2025-12-17T11:08:29.656320Z","level":"warning","event":"The `airflow.decorators.dag` attribute is deprecated. Please use `'airflow.sdk.dag'`.","category":"DeprecatedImportWarning","filename":"/opt/airflow/dags/dag.py","lineno":1,"logger":"py.warnings"}
{"timestamp":"2025-12-17T11:08:29.656399Z","level":"warning","event":"The `airflow.decorators.task` attribute is deprecated. Please use `'airflow.sdk.task'`.","category":"DeprecatedImportWarning","filename":"/opt/airflow/dags/dag.py","lineno":2,"logger":"py.warnings"}
{"timestamp":"2025-12-17T11:08:29.656424Z","level":"warning","event":"The `airflow.operators.empty.EmptyOperator` attribute is deprecated. Please use `'airflow.providers.standard.operators.empty.EmptyOperator'`.","category":"DeprecatedImportWarning","filename":"/opt/airflow/dags/dag.py","lineno":3,"logger":"py.warnings"}
{"timestamp":"2025-12-17T11:09:00.065613Z","level":"info","event":"Filling up the DagBag from /opt/airflow/dags/dag.py","logger":"airflow.models.dagbag.DagBag","filename":"dagbag.py","lineno":593}
{"timestamp":"2025-12-17T11:09:00.123698Z","level":"warning","event":"The `airflow.decorators.dag` attribute is deprecated. Please use `'airflow.sdk.dag'`.","category":"DeprecatedImportWarning","filename":"/opt/airflow/dags/dag.py","lineno":1,"logger":"py.warnings"}
{"timestamp":"2025-12-17T11:09:00.123770Z","level":"warning","event":"The `airflow.decorators.task` attribute is deprecated. Please use `'airflow.sdk.task'`.","category":"DeprecatedImportWarning","filename":"/opt/airflow/dags/dag.py","lineno":2,"logger":"py.warnings"}
{"timestamp":"2025-12-17T11:09:00.123796Z","level":"warning","event":"The `airflow.operators.empty.EmptyOperator` attribute is deprecated. Please use `'airflow.providers.standard.operators.empty.EmptyOperator'`.","category":"DeprecatedImportWarning","filename":"/opt/airflow/dags/dag.py","lineno":3,"logger":"py.warnings"}
{"timestamp":"2025-12-17T11:09:30.508989Z","level":"info","event":"Filling up the DagBag from /opt/airflow/dags/dag.py","logger":"airflow.models.dagbag.DagBag","filename":"dagbag.py","lineno":593}
{"timestamp":"2025-12-17T11:09:30.562968Z","level":"warning","event":"The `airflow.decorators.dag` attribute is deprecated. Please use `'airflow.sdk.dag'`.","category":"DeprecatedImportWarning","filename":"/opt/airflow/dags/dag.py","lineno":1,"logger":"py.warnings"}
{"timestamp":"2025-12-17T11:09:30.563226Z","level":"warning","event":"The `airflow.decorators.task` attribute is deprecated. Please use `'airflow.sdk.task'`.","category":"DeprecatedImportWarning","filename":"/opt/airflow/dags/dag.py","lineno":2,"logger":"py.warnings"}
{"timestamp":"2025-12-17T11:09:30.563269Z","level":"warning","event":"The `airflow.operators.empty.EmptyOperator` attribute is deprecated. Please use `'airflow.providers.standard.operators.empty.EmptyOperator'`.","category":"DeprecatedImportWarning","filename":"/opt/airflow/dags/dag.py","lineno":3,"logger":"py.warnings"}
{"timestamp":"2025-12-17T11:10:00.961663Z","level":"info","event":"Filling up the DagBag from /opt/airflow/dags/dag.py","logger":"airflow.models.dagbag.DagBag","filename":"dagbag.py","lineno":593}
{"timestamp":"2025-12-17T11:10:01.017656Z","level":"warning","event":"The `airflow.decorators.dag` attribute is deprecated. Please use `'airflow.sdk.dag'`.","category":"DeprecatedImportWarning","filename":"/opt/airflow/dags/dag.py","lineno":1,"logger":"py.warnings"}
{"timestamp":"2025-12-17T11:10:01.017784Z","level":"warning","event":"The `airflow.decorators.task` attribute is deprecated. Please use `'airflow.sdk.task'`.","category":"DeprecatedImportWarning","filename":"/opt/airflow/dags/dag.py","lineno":2,"logger":"py.warnings"}
{"timestamp":"2025-12-17T11:10:01.017836Z","level":"warning","event":"The `airflow.operators.empty.EmptyOperator` attribute is deprecated. Please use `'airflow.providers.standard.operators.empty.EmptyOperator'`.","category":"DeprecatedImportWarning","filename":"/opt/airflow/dags/dag.py","lineno":3,"logger":"py.warnings"}
{"timestamp":"2025-12-17T11:10:31.431780Z","level":"info","event":"Filling up the DagBag from /opt/airflow/dags/dag.py","logger":"airflow.models.dagbag.DagBag","filename":"dagbag.py","lineno":593}
{"timestamp":"2025-12-17T11:10:31.484032Z","level":"warning","event":"The `airflow.decorators.dag` attribute is deprecated. Please use `'airflow.sdk.dag'`.","category":"DeprecatedImportWarning","filename":"/opt/airflow/dags/dag.py","lineno":1,"logger":"py.warnings"}
{"timestamp":"2025-12-17T11:10:31.484337Z","level":"warning","event":"The `airflow.decorators.task` attribute is deprecated. Please use `'airflow.sdk.task'`.","category":"DeprecatedImportWarning","filename":"/opt/airflow/dags/dag.py","lineno":2,"logger":"py.warnings"}
{"timestamp":"2025-12-17T11:10:31.484369Z","level":"warning","event":"The `airflow.operators.empty.EmptyOperator` attribute is deprecated. Please use `'airflow.providers.standard.operators.empty.EmptyOperator'`.","category":"DeprecatedImportWarning","filename":"/opt/airflow/dags/dag.py","lineno":3,"logger":"py.warnings"}
{"timestamp":"2025-12-17T11:11:01.848720Z","level":"info","event":"Filling up the DagBag from /opt/airflow/dags/dag.py","logger":"airflow.models.dagbag.DagBag","filename":"dagbag.py","lineno":593}
{"timestamp":"2025-12-17T11:11:01.910530Z","level":"warning","event":"The `airflow.decorators.dag` attribute is deprecated. Please use `'airflow.sdk.dag'`.","category":"DeprecatedImportWarning","filename":"/opt/airflow/dags/dag.py","lineno":1,"logger":"py.warnings"}
{"timestamp":"2025-12-17T11:11:01.910599Z","level":"warning","event":"The `airflow.decorators.task` attribute is deprecated. Please use `'airflow.sdk.task'`.","category":"DeprecatedImportWarning","filename":"/opt/airflow/dags/dag.py","lineno":2,"logger":"py.warnings"}
{"timestamp":"2025-12-17T11:11:01.910621Z","level":"warning","event":"The `airflow.operators.empty.EmptyOperator` attribute is deprecated. Please use `'airflow.providers.standard.operators.empty.EmptyOperator'`.","category":"DeprecatedImportWarning","filename":"/opt/airflow/dags/dag.py","lineno":3,"logger":"py.warnings"}
{"timestamp":"2025-12-17T11:11:32.350407Z","level":"info","event":"Filling up the DagBag from /opt/airflow/dags/dag.py","logger":"airflow.models.dagbag.DagBag","filename":"dagbag.py","lineno":593}
{"timestamp":"2025-12-17T11:11:32.429891Z","level":"warning","event":"The `airflow.decorators.dag` attribute is deprecated. Please use `'airflow.sdk.dag'`.","category":"DeprecatedImportWarning","filename":"/opt/airflow/dags/dag.py","lineno":1,"logger":"py.warnings"}
{"timestamp":"2025-12-17T11:11:32.429992Z","level":"warning","event":"The `airflow.decorators.task` attribute is deprecated. Please use `'airflow.sdk.task'`.","category":"DeprecatedImportWarning","filename":"/opt/airflow/dags/dag.py","lineno":2,"logger":"py.warnings"}
{"timestamp":"2025-12-17T11:11:32.430020Z","level":"warning","event":"The `airflow.operators.empty.EmptyOperator` attribute is deprecated. Please use `'airflow.providers.standard.operators.empty.EmptyOperator'`.","category":"DeprecatedImportWarning","filename":"/opt/airflow/dags/dag.py","lineno":3,"logger":"py.warnings"}
{"timestamp":"2025-12-17T11:12:02.860615Z","level":"info","event":"Filling up the DagBag from /opt/airflow/dags/dag.py","logger":"airflow.models.dagbag.DagBag","filename":"dagbag.py","lineno":593}
{"timestamp":"2025-12-17T11:12:02.921596Z","level":"warning","event":"The `airflow.decorators.dag` attribute is deprecated. Please use `'airflow.sdk.dag'`.","category":"DeprecatedImportWarning","filename":"/opt/airflow/dags/dag.py","lineno":1,"logger":"py.warnings"}
{"timestamp":"2025-12-17T11:12:02.921691Z","level":"warning","event":"The `airflow.decorators.task` attribute is deprecated. Please use `'airflow.sdk.task'`.","category":"DeprecatedImportWarning","filename":"/opt/airflow/dags/dag.py","lineno":2,"logger":"py.warnings"}
{"timestamp":"2025-12-17T11:12:02.921717Z","level":"warning","event":"The `airflow.operators.empty.EmptyOperator` attribute is deprecated. Please use `'airflow.providers.standard.operators.empty.EmptyOperator'`.","category":"DeprecatedImportWarning","filename":"/opt/airflow/dags/dag.py","lineno":3,"logger":"py.warnings"}
{"timestamp":"2025-12-17T11:12:33.288927Z","level":"info","event":"Filling up the DagBag from /opt/airflow/dags/dag.py","logger":"airflow.models.dagbag.DagBag","filename":"dagbag.py","lineno":593}
{"timestamp":"2025-12-17T11:12:33.346410Z","level":"warning","event":"The `airflow.decorators.dag` attribute is deprecated. Please use `'airflow.sdk.dag'`.","category":"DeprecatedImportWarning","filename":"/opt/airflow/dags/dag.py","lineno":1,"logger":"py.warnings"}
{"timestamp":"2025-12-17T11:12:33.346710Z","level":"warning","event":"The `airflow.decorators.task` attribute is deprecated. Please use `'airflow.sdk.task'`.","category":"DeprecatedImportWarning","filename":"/opt/airflow/dags/dag.py","lineno":2,"logger":"py.warnings"}
{"timestamp":"2025-12-17T11:12:33.346749Z","level":"warning","event":"The `airflow.operators.empty.EmptyOperator` attribute is deprecated. Please use `'airflow.providers.standard.operators.empty.EmptyOperator'`.","category":"DeprecatedImportWarning","filename":"/opt/airflow/dags/dag.py","lineno":3,"logger":"py.warnings"}
{"timestamp":"2025-12-17T11:13:03.798772Z","level":"info","event":"Filling up the DagBag from /opt/airflow/dags/dag.py","logger":"airflow.models.dagbag.DagBag","filename":"dagbag.py","lineno":593}
{"timestamp":"2025-12-17T11:13:03.861795Z","level":"warning","event":"The `airflow.decorators.dag` attribute is deprecated. Please use `'airflow.sdk.dag'`.","category":"DeprecatedImportWarning","filename":"/opt/airflow/dags/dag.py","lineno":1,"logger":"py.warnings"}
{"timestamp":"2025-12-17T11:13:03.862055Z","level":"warning","event":"The `airflow.decorators.task` attribute is deprecated. Please use `'airflow.sdk.task'`.","category":"DeprecatedImportWarning","filename":"/opt/airflow/dags/dag.py","lineno":2,"logger":"py.warnings"}
{"timestamp":"2025-12-17T11:13:03.862082Z","level":"warning","event":"The `airflow.operators.empty.EmptyOperator` attribute is deprecated. Please use `'airflow.providers.standard.operators.empty.EmptyOperator'`.","category":"DeprecatedImportWarning","filename":"/opt/airflow/dags/dag.py","lineno":3,"logger":"py.warnings"}
{"timestamp":"2025-12-17T11:13:34.281586Z","level":"info","event":"Filling up the DagBag from /opt/airflow/dags/dag.py","logger":"airflow.models.dagbag.DagBag","filename":"dagbag.py","lineno":593}
{"timestamp":"2025-12-17T11:13:34.339961Z","level":"warning","event":"The `airflow.decorators.dag` attribute is deprecated. Please use `'airflow.sdk.dag'`.","category":"DeprecatedImportWarning","filename":"/opt/airflow/dags/dag.py","lineno":1,"logger":"py.warnings"}
{"timestamp":"2025-12-17T11:13:34.340281Z","level":"warning","event":"The `airflow.decorators.task` attribute is deprecated. Please use `'airflow.sdk.task'`.","category":"DeprecatedImportWarning","filename":"/opt/airflow/dags/dag.py","lineno":2,"logger":"py.warnings"}
{"timestamp":"2025-12-17T11:13:34.340332Z","level":"warning","event":"The `airflow.operators.empty.EmptyOperator` attribute is deprecated. Please use `'airflow.providers.standard.operators.empty.EmptyOperator'`.","category":"DeprecatedImportWarning","filename":"/opt/airflow/dags/dag.py","lineno":3,"logger":"py.warnings"}
{"timestamp":"2025-12-17T11:14:04.744410Z","level":"info","event":"Filling up the DagBag from /opt/airflow/dags/dag.py","logger":"airflow.models.dagbag.DagBag","filename":"dagbag.py","lineno":593}
{"timestamp":"2025-12-17T11:14:04.800956Z","level":"warning","event":"The `airflow.decorators.dag` attribute is deprecated. Please use `'airflow.sdk.dag'`.","category":"DeprecatedImportWarning","filename":"/opt/airflow/dags/dag.py","lineno":1,"logger":"py.warnings"}
{"timestamp":"2025-12-17T11:14:04.801048Z","level":"warning","event":"The `airflow.decorators.task` attribute is deprecated. Please use `'airflow.sdk.task'`.","category":"DeprecatedImportWarning","filename":"/opt/airflow/dags/dag.py","lineno":2,"logger":"py.warnings"}
{"timestamp":"2025-12-17T11:14:04.801075Z","level":"warning","event":"The `airflow.operators.empty.EmptyOperator` attribute is deprecated. Please use `'airflow.providers.standard.operators.empty.EmptyOperator'`.","category":"DeprecatedImportWarning","filename":"/opt/airflow/dags/dag.py","lineno":3,"logger":"py.warnings"}
{"timestamp":"2025-12-17T11:14:35.237003Z","level":"info","event":"Filling up the DagBag from /opt/airflow/dags/dag.py","logger":"airflow.models.dagbag.DagBag","filename":"dagbag.py","lineno":593}
{"timestamp":"2025-12-17T11:14:35.302526Z","level":"warning","event":"The `airflow.decorators.dag` attribute is deprecated. Please use `'airflow.sdk.dag'`.","category":"DeprecatedImportWarning","filename":"/opt/airflow/dags/dag.py","lineno":1,"logger":"py.warnings"}
{"timestamp":"2025-12-17T11:14:35.302603Z","level":"warning","event":"The `airflow.decorators.task` attribute is deprecated. Please use `'airflow.sdk.task'`.","category":"DeprecatedImportWarning","filename":"/opt/airflow/dags/dag.py","lineno":2,"logger":"py.warnings"}
{"timestamp":"2025-12-17T11:14:35.302628Z","level":"warning","event":"The `airflow.operators.empty.EmptyOperator` attribute is deprecated. Please use `'airflow.providers.standard.operators.empty.EmptyOperator'`.","category":"DeprecatedImportWarning","filename":"/opt/airflow/dags/dag.py","lineno":3,"logger":"py.warnings"}
{"timestamp":"2025-12-17T11:15:05.728682Z","level":"info","event":"Filling up the DagBag from /opt/airflow/dags/dag.py","logger":"airflow.models.dagbag.DagBag","filename":"dagbag.py","lineno":593}
{"timestamp":"2025-12-17T11:15:05.788774Z","level":"warning","event":"The `airflow.decorators.dag` attribute is deprecated. Please use `'airflow.sdk.dag'`.","category":"DeprecatedImportWarning","filename":"/opt/airflow/dags/dag.py","lineno":1,"logger":"py.warnings"}
{"timestamp":"2025-12-17T11:15:05.788876Z","level":"warning","event":"The `airflow.decorators.task` attribute is deprecated. Please use `'airflow.sdk.task'`.","category":"DeprecatedImportWarning","filename":"/opt/airflow/dags/dag.py","lineno":2,"logger":"py.warnings"}
{"timestamp":"2025-12-17T11:15:05.788903Z","level":"warning","event":"The `airflow.operators.empty.EmptyOperator` attribute is deprecated. Please use `'airflow.providers.standard.operators.empty.EmptyOperator'`.","category":"DeprecatedImportWarning","filename":"/opt/airflow/dags/dag.py","lineno":3,"logger":"py.warnings"}
{"timestamp":"2025-12-17T11:15:36.138408Z","level":"info","event":"Filling up the DagBag from /opt/airflow/dags/dag.py","logger":"airflow.models.dagbag.DagBag","filename":"dagbag.py","lineno":593}
{"timestamp":"2025-12-17T11:15:36.192903Z","level":"warning","event":"The `airflow.decorators.dag` attribute is deprecated. Please use `'airflow.sdk.dag'`.","category":"DeprecatedImportWarning","filename":"/opt/airflow/dags/dag.py","lineno":1,"logger":"py.warnings"}
{"timestamp":"2025-12-17T11:15:36.192976Z","level":"warning","event":"The `airflow.decorators.task` attribute is deprecated. Please use `'airflow.sdk.task'`.","category":"DeprecatedImportWarning","filename":"/opt/airflow/dags/dag.py","lineno":2,"logger":"py.warnings"}
{"timestamp":"2025-12-17T11:15:36.192999Z","level":"warning","event":"The `airflow.operators.empty.EmptyOperator` attribute is deprecated. Please use `'airflow.providers.standard.operators.empty.EmptyOperator'`.","category":"DeprecatedImportWarning","filename":"/opt/airflow/dags/dag.py","lineno":3,"logger":"py.warnings"}
{"timestamp":"2025-12-17T11:16:06.636549Z","level":"info","event":"Filling up the DagBag from /opt/airflow/dags/dag.py","logger":"airflow.models.dagbag.DagBag","filename":"dagbag.py","lineno":593}
{"timestamp":"2025-12-17T11:16:06.694113Z","level":"warning","event":"The `airflow.decorators.dag` attribute is deprecated. Please use `'airflow.sdk.dag'`.","category":"DeprecatedImportWarning","filename":"/opt/airflow/dags/dag.py","lineno":1,"logger":"py.warnings"}
{"timestamp":"2025-12-17T11:16:06.694345Z","level":"warning","event":"The `airflow.decorators.task` attribute is deprecated. Please use `'airflow.sdk.task'`.","category":"DeprecatedImportWarning","filename":"/opt/airflow/dags/dag.py","lineno":2,"logger":"py.warnings"}
{"timestamp":"2025-12-17T11:16:06.694383Z","level":"warning","event":"The `airflow.operators.empty.EmptyOperator` attribute is deprecated. Please use `'airflow.providers.standard.operators.empty.EmptyOperator'`.","category":"DeprecatedImportWarning","filename":"/opt/airflow/dags/dag.py","lineno":3,"logger":"py.warnings"}
{"timestamp":"2025-12-17T11:16:37.120952Z","level":"info","event":"Filling up the DagBag from /opt/airflow/dags/dag.py","logger":"airflow.models.dagbag.DagBag","filename":"dagbag.py","lineno":593}
{"timestamp":"2025-12-17T11:16:37.173086Z","level":"warning","event":"The `airflow.decorators.dag` attribute is deprecated. Please use `'airflow.sdk.dag'`.","category":"DeprecatedImportWarning","filename":"/opt/airflow/dags/dag.py","lineno":1,"logger":"py.warnings"}
{"timestamp":"2025-12-17T11:16:37.173164Z","level":"warning","event":"The `airflow.decorators.task` attribute is deprecated. Please use `'airflow.sdk.task'`.","category":"DeprecatedImportWarning","filename":"/opt/airflow/dags/dag.py","lineno":2,"logger":"py.warnings"}
{"timestamp":"2025-12-17T11:16:37.173202Z","level":"warning","event":"The `airflow.operators.empty.EmptyOperator` attribute is deprecated. Please use `'airflow.providers.standard.operators.empty.EmptyOperator'`.","category":"DeprecatedImportWarning","filename":"/opt/airflow/dags/dag.py","lineno":3,"logger":"py.warnings"}
{"timestamp":"2025-12-17T11:17:07.572307Z","level":"info","event":"Filling up the DagBag from /opt/airflow/dags/dag.py","logger":"airflow.models.dagbag.DagBag","filename":"dagbag.py","lineno":593}
{"timestamp":"2025-12-17T11:17:07.630295Z","level":"warning","event":"The `airflow.decorators.dag` attribute is deprecated. Please use `'airflow.sdk.dag'`.","category":"DeprecatedImportWarning","filename":"/opt/airflow/dags/dag.py","lineno":1,"logger":"py.warnings"}
{"timestamp":"2025-12-17T11:17:07.630375Z","level":"warning","event":"The `airflow.decorators.task` attribute is deprecated. Please use `'airflow.sdk.task'`.","category":"DeprecatedImportWarning","filename":"/opt/airflow/dags/dag.py","lineno":2,"logger":"py.warnings"}
{"timestamp":"2025-12-17T11:17:07.630401Z","level":"warning","event":"The `airflow.operators.empty.EmptyOperator` attribute is deprecated. Please use `'airflow.providers.standard.operators.empty.EmptyOperator'`.","category":"DeprecatedImportWarning","filename":"/opt/airflow/dags/dag.py","lineno":3,"logger":"py.warnings"}
{"timestamp":"2025-12-17T11:17:38.066739Z","level":"info","event":"Filling up the DagBag from /opt/airflow/dags/dag.py","logger":"airflow.models.dagbag.DagBag","filename":"dagbag.py","lineno":593}
{"timestamp":"2025-12-17T11:17:38.120690Z","level":"warning","event":"The `airflow.decorators.dag` attribute is deprecated. Please use `'airflow.sdk.dag'`.","category":"DeprecatedImportWarning","filename":"/opt/airflow/dags/dag.py","lineno":1,"logger":"py.warnings"}
{"timestamp":"2025-12-17T11:17:38.120963Z","level":"warning","event":"The `airflow.decorators.task` attribute is deprecated. Please use `'airflow.sdk.task'`.","category":"DeprecatedImportWarning","filename":"/opt/airflow/dags/dag.py","lineno":2,"logger":"py.warnings"}
{"timestamp":"2025-12-17T11:17:38.121052Z","level":"warning","event":"The `airflow.operators.empty.EmptyOperator` attribute is deprecated. Please use `'airflow.providers.standard.operators.empty.EmptyOperator'`.","category":"DeprecatedImportWarning","filename":"/opt/airflow/dags/dag.py","lineno":3,"logger":"py.warnings"}
{"timestamp":"2025-12-17T11:18:08.472117Z","level":"info","event":"Filling up the DagBag from /opt/airflow/dags/dag.py","logger":"airflow.models.dagbag.DagBag","filename":"dagbag.py","lineno":593}
{"timestamp":"2025-12-17T11:18:08.520609Z","level":"warning","event":"The `airflow.decorators.dag` attribute is deprecated. Please use `'airflow.sdk.dag'`.","category":"DeprecatedImportWarning","filename":"/opt/airflow/dags/dag.py","lineno":1,"logger":"py.warnings"}
{"timestamp":"2025-12-17T11:18:08.520700Z","level":"warning","event":"The `airflow.decorators.task` attribute is deprecated. Please use `'airflow.sdk.task'`.","category":"DeprecatedImportWarning","filename":"/opt/airflow/dags/dag.py","lineno":2,"logger":"py.warnings"}
{"timestamp":"2025-12-17T11:18:08.520737Z","level":"warning","event":"The `airflow.operators.empty.EmptyOperator` attribute is deprecated. Please use `'airflow.providers.standard.operators.empty.EmptyOperator'`.","category":"DeprecatedImportWarning","filename":"/opt/airflow/dags/dag.py","lineno":3,"logger":"py.warnings"}
{"timestamp":"2025-12-17T11:18:38.938891Z","level":"info","event":"Filling up the DagBag from /opt/airflow/dags/dag.py","logger":"airflow.models.dagbag.DagBag","filename":"dagbag.py","lineno":593}
{"timestamp":"2025-12-17T11:18:38.983598Z","level":"warning","event":"The `airflow.decorators.dag` attribute is deprecated. Please use `'airflow.sdk.dag'`.","category":"DeprecatedImportWarning","filename":"/opt/airflow/dags/dag.py","lineno":1,"logger":"py.warnings"}
{"timestamp":"2025-12-17T11:18:38.983680Z","level":"warning","event":"The `airflow.decorators.task` attribute is deprecated. Please use `'airflow.sdk.task'`.","category":"DeprecatedImportWarning","filename":"/opt/airflow/dags/dag.py","lineno":2,"logger":"py.warnings"}
{"timestamp":"2025-12-17T11:18:38.983702Z","level":"warning","event":"The `airflow.operators.empty.EmptyOperator` attribute is deprecated. Please use `'airflow.providers.standard.operators.empty.EmptyOperator'`.","category":"DeprecatedImportWarning","filename":"/opt/airflow/dags/dag.py","lineno":3,"logger":"py.warnings"}
{"timestamp":"2025-12-17T11:19:09.381771Z","level":"info","event":"Filling up the DagBag from /opt/airflow/dags/dag.py","logger":"airflow.models.dagbag.DagBag","filename":"dagbag.py","lineno":593}
{"timestamp":"2025-12-17T11:19:09.441478Z","level":"warning","event":"The `airflow.decorators.dag` attribute is deprecated. Please use `'airflow.sdk.dag'`.","category":"DeprecatedImportWarning","filename":"/opt/airflow/dags/dag.py","lineno":1,"logger":"py.warnings"}
{"timestamp":"2025-12-17T11:19:09.441770Z","level":"warning","event":"The `airflow.decorators.task` attribute is deprecated. Please use `'airflow.sdk.task'`.","category":"DeprecatedImportWarning","filename":"/opt/airflow/dags/dag.py","lineno":2,"logger":"py.warnings"}
{"timestamp":"2025-12-17T11:19:09.441813Z","level":"warning","event":"The `airflow.operators.empty.EmptyOperator` attribute is deprecated. Please use `'airflow.providers.standard.operators.empty.EmptyOperator'`.","category":"DeprecatedImportWarning","filename":"/opt/airflow/dags/dag.py","lineno":3,"logger":"py.warnings"}
{"timestamp":"2025-12-17T11:19:39.882082Z","level":"info","event":"Filling up the DagBag from /opt/airflow/dags/dag.py","logger":"airflow.models.dagbag.DagBag","filename":"dagbag.py","lineno":593}
{"timestamp":"2025-12-17T11:19:39.945261Z","level":"warning","event":"The `airflow.decorators.dag` attribute is deprecated. Please use `'airflow.sdk.dag'`.","category":"DeprecatedImportWarning","filename":"/opt/airflow/dags/dag.py","lineno":1,"logger":"py.warnings"}
{"timestamp":"2025-12-17T11:19:39.945344Z","level":"warning","event":"The `airflow.decorators.task` attribute is deprecated. Please use `'airflow.sdk.task'`.","category":"DeprecatedImportWarning","filename":"/opt/airflow/dags/dag.py","lineno":2,"logger":"py.warnings"}
{"timestamp":"2025-12-17T11:19:39.945369Z","level":"warning","event":"The `airflow.operators.empty.EmptyOperator` attribute is deprecated. Please use `'airflow.providers.standard.operators.empty.EmptyOperator'`.","category":"DeprecatedImportWarning","filename":"/opt/airflow/dags/dag.py","lineno":3,"logger":"py.warnings"}
{"timestamp":"2025-12-17T11:20:10.348136Z","level":"info","event":"Filling up the DagBag from /opt/airflow/dags/dag.py","logger":"airflow.models.dagbag.DagBag","filename":"dagbag.py","lineno":593}
{"timestamp":"2025-12-17T11:20:10.411468Z","level":"warning","event":"The `airflow.decorators.dag` attribute is deprecated. Please use `'airflow.sdk.dag'`.","category":"DeprecatedImportWarning","filename":"/opt/airflow/dags/dag.py","lineno":1,"logger":"py.warnings"}
{"timestamp":"2025-12-17T11:20:10.411562Z","level":"warning","event":"The `airflow.decorators.task` attribute is deprecated. Please use `'airflow.sdk.task'`.","category":"DeprecatedImportWarning","filename":"/opt/airflow/dags/dag.py","lineno":2,"logger":"py.warnings"}
{"timestamp":"2025-12-17T11:20:10.411595Z","level":"warning","event":"The `airflow.operators.empty.EmptyOperator` attribute is deprecated. Please use `'airflow.providers.standard.operators.empty.EmptyOperator'`.","category":"DeprecatedImportWarning","filename":"/opt/airflow/dags/dag.py","lineno":3,"logger":"py.warnings"}
{"timestamp":"2025-12-17T11:20:40.778178Z","level":"info","event":"Filling up the DagBag from /opt/airflow/dags/dag.py","logger":"airflow.models.dagbag.DagBag","filename":"dagbag.py","lineno":593}
{"timestamp":"2025-12-17T11:20:40.832583Z","level":"warning","event":"The `airflow.decorators.dag` attribute is deprecated. Please use `'airflow.sdk.dag'`.","category":"DeprecatedImportWarning","filename":"/opt/airflow/dags/dag.py","lineno":1,"logger":"py.warnings"}
{"timestamp":"2025-12-17T11:20:40.832825Z","level":"warning","event":"The `airflow.decorators.task` attribute is deprecated. Please use `'airflow.sdk.task'`.","category":"DeprecatedImportWarning","filename":"/opt/airflow/dags/dag.py","lineno":2,"logger":"py.warnings"}
{"timestamp":"2025-12-17T11:20:40.832869Z","level":"warning","event":"The `airflow.operators.empty.EmptyOperator` attribute is deprecated. Please use `'airflow.providers.standard.operators.empty.EmptyOperator'`.","category":"DeprecatedImportWarning","filename":"/opt/airflow/dags/dag.py","lineno":3,"logger":"py.warnings"}
{"timestamp":"2025-12-17T11:21:11.274823Z","level":"info","event":"Filling up the DagBag from /opt/airflow/dags/dag.py","logger":"airflow.models.dagbag.DagBag","filename":"dagbag.py","lineno":593}
{"timestamp":"2025-12-17T11:21:11.338714Z","level":"warning","event":"The `airflow.decorators.dag` attribute is deprecated. Please use `'airflow.sdk.dag'`.","category":"DeprecatedImportWarning","filename":"/opt/airflow/dags/dag.py","lineno":1,"logger":"py.warnings"}
{"timestamp":"2025-12-17T11:21:11.338804Z","level":"warning","event":"The `airflow.decorators.task` attribute is deprecated. Please use `'airflow.sdk.task'`.","category":"DeprecatedImportWarning","filename":"/opt/airflow/dags/dag.py","lineno":2,"logger":"py.warnings"}
{"timestamp":"2025-12-17T11:21:11.338838Z","level":"warning","event":"The `airflow.operators.empty.EmptyOperator` attribute is deprecated. Please use `'airflow.providers.standard.operators.empty.EmptyOperator'`.","category":"DeprecatedImportWarning","filename":"/opt/airflow/dags/dag.py","lineno":3,"logger":"py.warnings"}
{"timestamp":"2025-12-17T11:21:41.717039Z","level":"info","event":"Filling up the DagBag from /opt/airflow/dags/dag.py","logger":"airflow.models.dagbag.DagBag","filename":"dagbag.py","lineno":593}
{"timestamp":"2025-12-17T11:21:41.783507Z","level":"warning","event":"The `airflow.decorators.dag` attribute is deprecated. Please use `'airflow.sdk.dag'`.","category":"DeprecatedImportWarning","filename":"/opt/airflow/dags/dag.py","lineno":1,"logger":"py.warnings"}
{"timestamp":"2025-12-17T11:21:41.783841Z","level":"warning","event":"The `airflow.decorators.task` attribute is deprecated. Please use `'airflow.sdk.task'`.","category":"DeprecatedImportWarning","filename":"/opt/airflow/dags/dag.py","lineno":2,"logger":"py.warnings"}
{"timestamp":"2025-12-17T11:21:41.784440Z","level":"warning","event":"The `airflow.operators.empty.EmptyOperator` attribute is deprecated. Please use `'airflow.providers.standard.operators.empty.EmptyOperator'`.","category":"DeprecatedImportWarning","filename":"/opt/airflow/dags/dag.py","lineno":3,"logger":"py.warnings"}
{"timestamp":"2025-12-17T11:22:12.175975Z","level":"info","event":"Filling up the DagBag from /opt/airflow/dags/dag.py","logger":"airflow.models.dagbag.DagBag","filename":"dagbag.py","lineno":593}
{"timestamp":"2025-12-17T11:22:12.230622Z","level":"warning","event":"The `airflow.decorators.dag` attribute is deprecated. Please use `'airflow.sdk.dag'`.","category":"DeprecatedImportWarning","filename":"/opt/airflow/dags/dag.py","lineno":1,"logger":"py.warnings"}
{"timestamp":"2025-12-17T11:22:12.230923Z","level":"warning","event":"The `airflow.decorators.task` attribute is deprecated. Please use `'airflow.sdk.task'`.","category":"DeprecatedImportWarning","filename":"/opt/airflow/dags/dag.py","lineno":2,"logger":"py.warnings"}
{"timestamp":"2025-12-17T11:22:12.230981Z","level":"warning","event":"The `airflow.operators.empty.EmptyOperator` attribute is deprecated. Please use `'airflow.providers.standard.operators.empty.EmptyOperator'`.","category":"DeprecatedImportWarning","filename":"/opt/airflow/dags/dag.py","lineno":3,"logger":"py.warnings"}
{"timestamp":"2025-12-17T11:22:42.635424Z","level":"info","event":"Filling up the DagBag from /opt/airflow/dags/dag.py","logger":"airflow.models.dagbag.DagBag","filename":"dagbag.py","lineno":593}
{"timestamp":"2025-12-17T11:22:42.693970Z","level":"warning","event":"The `airflow.decorators.dag` attribute is deprecated. Please use `'airflow.sdk.dag'`.","category":"DeprecatedImportWarning","filename":"/opt/airflow/dags/dag.py","lineno":1,"logger":"py.warnings"}
{"timestamp":"2025-12-17T11:22:42.694283Z","level":"warning","event":"The `airflow.decorators.task` attribute is deprecated. Please use `'airflow.sdk.task'`.","category":"DeprecatedImportWarning","filename":"/opt/airflow/dags/dag.py","lineno":2,"logger":"py.warnings"}
{"timestamp":"2025-12-17T11:22:42.694324Z","level":"warning","event":"The `airflow.operators.empty.EmptyOperator` attribute is deprecated. Please use `'airflow.providers.standard.operators.empty.EmptyOperator'`.","category":"DeprecatedImportWarning","filename":"/opt/airflow/dags/dag.py","lineno":3,"logger":"py.warnings"}
{"timestamp":"2025-12-17T11:23:13.081833Z","level":"info","event":"Filling up the DagBag from /opt/airflow/dags/dag.py","logger":"airflow.models.dagbag.DagBag","filename":"dagbag.py","lineno":593}
{"timestamp":"2025-12-17T11:23:13.133634Z","level":"warning","event":"The `airflow.decorators.dag` attribute is deprecated. Please use `'airflow.sdk.dag'`.","category":"DeprecatedImportWarning","filename":"/opt/airflow/dags/dag.py","lineno":1,"logger":"py.warnings"}
{"timestamp":"2025-12-17T11:23:13.133703Z","level":"warning","event":"The `airflow.decorators.task` attribute is deprecated. Please use `'airflow.sdk.task'`.","category":"DeprecatedImportWarning","filename":"/opt/airflow/dags/dag.py","lineno":2,"logger":"py.warnings"}
{"timestamp":"2025-12-17T11:23:13.133727Z","level":"warning","event":"The `airflow.operators.empty.EmptyOperator` attribute is deprecated. Please use `'airflow.providers.standard.operators.empty.EmptyOperator'`.","category":"DeprecatedImportWarning","filename":"/opt/airflow/dags/dag.py","lineno":3,"logger":"py.warnings"}
{"timestamp":"2025-12-17T11:23:43.518123Z","level":"info","event":"Filling up the DagBag from /opt/airflow/dags/dag.py","logger":"airflow.models.dagbag.DagBag","filename":"dagbag.py","lineno":593}
{"timestamp":"2025-12-17T11:23:43.572606Z","level":"warning","event":"The `airflow.decorators.dag` attribute is deprecated. Please use `'airflow.sdk.dag'`.","category":"DeprecatedImportWarning","filename":"/opt/airflow/dags/dag.py","lineno":1,"logger":"py.warnings"}
{"timestamp":"2025-12-17T11:23:43.572720Z","level":"warning","event":"The `airflow.decorators.task` attribute is deprecated. Please use `'airflow.sdk.task'`.","category":"DeprecatedImportWarning","filename":"/opt/airflow/dags/dag.py","lineno":2,"logger":"py.warnings"}
{"timestamp":"2025-12-17T11:23:43.572762Z","level":"warning","event":"The `airflow.operators.empty.EmptyOperator` attribute is deprecated. Please use `'airflow.providers.standard.operators.empty.EmptyOperator'`.","category":"DeprecatedImportWarning","filename":"/opt/airflow/dags/dag.py","lineno":3,"logger":"py.warnings"}
{"timestamp":"2025-12-17T11:24:13.992483Z","level":"info","event":"Filling up the DagBag from /opt/airflow/dags/dag.py","logger":"airflow.models.dagbag.DagBag","filename":"dagbag.py","lineno":593}
{"timestamp":"2025-12-17T11:24:14.061260Z","level":"warning","event":"The `airflow.decorators.dag` attribute is deprecated. Please use `'airflow.sdk.dag'`.","category":"DeprecatedImportWarning","filename":"/opt/airflow/dags/dag.py","lineno":1,"logger":"py.warnings"}
{"timestamp":"2025-12-17T11:24:14.061363Z","level":"warning","event":"The `airflow.decorators.task` attribute is deprecated. Please use `'airflow.sdk.task'`.","category":"DeprecatedImportWarning","filename":"/opt/airflow/dags/dag.py","lineno":2,"logger":"py.warnings"}
{"timestamp":"2025-12-17T11:24:14.061393Z","level":"warning","event":"The `airflow.operators.empty.EmptyOperator` attribute is deprecated. Please use `'airflow.providers.standard.operators.empty.EmptyOperator'`.","category":"DeprecatedImportWarning","filename":"/opt/airflow/dags/dag.py","lineno":3,"logger":"py.warnings"}
{"timestamp":"2025-12-17T11:24:44.443696Z","level":"info","event":"Filling up the DagBag from /opt/airflow/dags/dag.py","logger":"airflow.models.dagbag.DagBag","filename":"dagbag.py","lineno":593}
{"timestamp":"2025-12-17T11:24:44.491016Z","level":"warning","event":"The `airflow.decorators.dag` attribute is deprecated. Please use `'airflow.sdk.dag'`.","category":"DeprecatedImportWarning","filename":"/opt/airflow/dags/dag.py","lineno":1,"logger":"py.warnings"}
{"timestamp":"2025-12-17T11:24:44.491296Z","level":"warning","event":"The `airflow.decorators.task` attribute is deprecated. Please use `'airflow.sdk.task'`.","category":"DeprecatedImportWarning","filename":"/opt/airflow/dags/dag.py","lineno":2,"logger":"py.warnings"}
{"timestamp":"2025-12-17T11:24:44.491326Z","level":"warning","event":"The `airflow.operators.empty.EmptyOperator` attribute is deprecated. Please use `'airflow.providers.standard.operators.empty.EmptyOperator'`.","category":"DeprecatedImportWarning","filename":"/opt/airflow/dags/dag.py","lineno":3,"logger":"py.warnings"}
{"timestamp":"2025-12-17T11:25:14.916069Z","level":"info","event":"Filling up the DagBag from /opt/airflow/dags/dag.py","logger":"airflow.models.dagbag.DagBag","filename":"dagbag.py","lineno":593}
{"timestamp":"2025-12-17T11:25:14.975088Z","level":"warning","event":"The `airflow.decorators.dag` attribute is deprecated. Please use `'airflow.sdk.dag'`.","category":"DeprecatedImportWarning","filename":"/opt/airflow/dags/dag.py","lineno":1,"logger":"py.warnings"}
{"timestamp":"2025-12-17T11:25:14.975173Z","level":"warning","event":"The `airflow.decorators.task` attribute is deprecated. Please use `'airflow.sdk.task'`.","category":"DeprecatedImportWarning","filename":"/opt/airflow/dags/dag.py","lineno":2,"logger":"py.warnings"}
{"timestamp":"2025-12-17T11:25:14.975203Z","level":"warning","event":"The `airflow.operators.empty.EmptyOperator` attribute is deprecated. Please use `'airflow.providers.standard.operators.empty.EmptyOperator'`.","category":"DeprecatedImportWarning","filename":"/opt/airflow/dags/dag.py","lineno":3,"logger":"py.warnings"}
{"timestamp":"2025-12-17T11:25:45.409710Z","level":"info","event":"Filling up the DagBag from /opt/airflow/dags/dag.py","logger":"airflow.models.dagbag.DagBag","filename":"dagbag.py","lineno":593}
{"timestamp":"2025-12-17T11:25:45.455357Z","level":"warning","event":"The `airflow.decorators.dag` attribute is deprecated. Please use `'airflow.sdk.dag'`.","category":"DeprecatedImportWarning","filename":"/opt/airflow/dags/dag.py","lineno":1,"logger":"py.warnings"}
{"timestamp":"2025-12-17T11:25:45.455618Z","level":"warning","event":"The `airflow.decorators.task` attribute is deprecated. Please use `'airflow.sdk.task'`.","category":"DeprecatedImportWarning","filename":"/opt/airflow/dags/dag.py","lineno":2,"logger":"py.warnings"}
{"timestamp":"2025-12-17T11:25:45.455663Z","level":"warning","event":"The `airflow.operators.empty.EmptyOperator` attribute is deprecated. Please use `'airflow.providers.standard.operators.empty.EmptyOperator'`.","category":"DeprecatedImportWarning","filename":"/opt/airflow/dags/dag.py","lineno":3,"logger":"py.warnings"}
{"timestamp":"2025-12-17T11:26:15.885302Z","level":"info","event":"Filling up the DagBag from /opt/airflow/dags/dag.py","logger":"airflow.models.dagbag.DagBag","filename":"dagbag.py","lineno":593}
{"timestamp":"2025-12-17T11:26:15.926980Z","level":"warning","event":"The `airflow.decorators.dag` attribute is deprecated. Please use `'airflow.sdk.dag'`.","category":"DeprecatedImportWarning","filename":"/opt/airflow/dags/dag.py","lineno":1,"logger":"py.warnings"}
{"timestamp":"2025-12-17T11:26:15.927059Z","level":"warning","event":"The `airflow.decorators.task` attribute is deprecated. Please use `'airflow.sdk.task'`.","category":"DeprecatedImportWarning","filename":"/opt/airflow/dags/dag.py","lineno":2,"logger":"py.warnings"}
{"timestamp":"2025-12-17T11:26:15.927084Z","level":"warning","event":"The `airflow.operators.empty.EmptyOperator` attribute is deprecated. Please use `'airflow.providers.standard.operators.empty.EmptyOperator'`.","category":"DeprecatedImportWarning","filename":"/opt/airflow/dags/dag.py","lineno":3,"logger":"py.warnings"}
{"timestamp":"2025-12-17T11:26:46.336216Z","level":"info","event":"Filling up the DagBag from /opt/airflow/dags/dag.py","logger":"airflow.models.dagbag.DagBag","filename":"dagbag.py","lineno":593}
{"timestamp":"2025-12-17T11:26:46.397906Z","level":"warning","event":"The `airflow.decorators.dag` attribute is deprecated. Please use `'airflow.sdk.dag'`.","category":"DeprecatedImportWarning","filename":"/opt/airflow/dags/dag.py","lineno":1,"logger":"py.warnings"}
{"timestamp":"2025-12-17T11:26:46.397991Z","level":"warning","event":"The `airflow.decorators.task` attribute is deprecated. Please use `'airflow.sdk.task'`.","category":"DeprecatedImportWarning","filename":"/opt/airflow/dags/dag.py","lineno":2,"logger":"py.warnings"}
{"timestamp":"2025-12-17T11:26:46.398014Z","level":"warning","event":"The `airflow.operators.empty.EmptyOperator` attribute is deprecated. Please use `'airflow.providers.standard.operators.empty.EmptyOperator'`.","category":"DeprecatedImportWarning","filename":"/opt/airflow/dags/dag.py","lineno":3,"logger":"py.warnings"}
{"timestamp":"2025-12-17T11:27:16.718388Z","level":"info","event":"Filling up the DagBag from /opt/airflow/dags/dag.py","logger":"airflow.models.dagbag.DagBag","filename":"dagbag.py","lineno":593}
{"timestamp":"2025-12-17T11:27:16.776553Z","level":"warning","event":"The `airflow.decorators.dag` attribute is deprecated. Please use `'airflow.sdk.dag'`.","category":"DeprecatedImportWarning","filename":"/opt/airflow/dags/dag.py","lineno":1,"logger":"py.warnings"}
{"timestamp":"2025-12-17T11:27:16.776803Z","level":"warning","event":"The `airflow.decorators.task` attribute is deprecated. Please use `'airflow.sdk.task'`.","category":"DeprecatedImportWarning","filename":"/opt/airflow/dags/dag.py","lineno":2,"logger":"py.warnings"}
{"timestamp":"2025-12-17T11:27:16.776844Z","level":"warning","event":"The `airflow.operators.empty.EmptyOperator` attribute is deprecated. Please use `'airflow.providers.standard.operators.empty.EmptyOperator'`.","category":"DeprecatedImportWarning","filename":"/opt/airflow/dags/dag.py","lineno":3,"logger":"py.warnings"}
{"timestamp":"2025-12-17T11:27:47.210660Z","level":"info","event":"Filling up the DagBag from /opt/airflow/dags/dag.py","logger":"airflow.models.dagbag.DagBag","filename":"dagbag.py","lineno":593}
{"timestamp":"2025-12-17T11:27:47.251603Z","level":"warning","event":"The `airflow.decorators.dag` attribute is deprecated. Please use `'airflow.sdk.dag'`.","category":"DeprecatedImportWarning","filename":"/opt/airflow/dags/dag.py","lineno":1,"logger":"py.warnings"}
{"timestamp":"2025-12-17T11:27:47.251823Z","level":"warning","event":"The `airflow.decorators.task` attribute is deprecated. Please use `'airflow.sdk.task'`.","category":"DeprecatedImportWarning","filename":"/opt/airflow/dags/dag.py","lineno":2,"logger":"py.warnings"}
{"timestamp":"2025-12-17T11:27:47.251863Z","level":"warning","event":"The `airflow.operators.empty.EmptyOperator` attribute is deprecated. Please use `'airflow.providers.standard.operators.empty.EmptyOperator'`.","category":"DeprecatedImportWarning","filename":"/opt/airflow/dags/dag.py","lineno":3,"logger":"py.warnings"}
{"timestamp":"2025-12-17T11:28:17.661144Z","level":"info","event":"Filling up the DagBag from /opt/airflow/dags/dag.py","logger":"airflow.models.dagbag.DagBag","filename":"dagbag.py","lineno":593}
{"timestamp":"2025-12-17T11:28:17.723827Z","level":"warning","event":"The `airflow.decorators.dag` attribute is deprecated. Please use `'airflow.sdk.dag'`.","category":"DeprecatedImportWarning","filename":"/opt/airflow/dags/dag.py","lineno":1,"logger":"py.warnings"}
{"timestamp":"2025-12-17T11:28:17.723909Z","level":"warning","event":"The `airflow.decorators.task` attribute is deprecated. Please use `'airflow.sdk.task'`.","category":"DeprecatedImportWarning","filename":"/opt/airflow/dags/dag.py","lineno":2,"logger":"py.warnings"}
{"timestamp":"2025-12-17T11:28:17.723937Z","level":"warning","event":"The `airflow.operators.empty.EmptyOperator` attribute is deprecated. Please use `'airflow.providers.standard.operators.empty.EmptyOperator'`.","category":"DeprecatedImportWarning","filename":"/opt/airflow/dags/dag.py","lineno":3,"logger":"py.warnings"}
{"timestamp":"2025-12-17T11:28:48.145711Z","level":"info","event":"Filling up the DagBag from /opt/airflow/dags/dag.py","logger":"airflow.models.dagbag.DagBag","filename":"dagbag.py","lineno":593}
{"timestamp":"2025-12-17T11:28:48.207863Z","level":"warning","event":"The `airflow.decorators.dag` attribute is deprecated. Please use `'airflow.sdk.dag'`.","category":"DeprecatedImportWarning","filename":"/opt/airflow/dags/dag.py","lineno":1,"logger":"py.warnings"}
{"timestamp":"2025-12-17T11:28:48.207952Z","level":"warning","event":"The `airflow.decorators.task` attribute is deprecated. Please use `'airflow.sdk.task'`.","category":"DeprecatedImportWarning","filename":"/opt/airflow/dags/dag.py","lineno":2,"logger":"py.warnings"}
{"timestamp":"2025-12-17T11:28:48.207993Z","level":"warning","event":"The `airflow.operators.empty.EmptyOperator` attribute is deprecated. Please use `'airflow.providers.standard.operators.empty.EmptyOperator'`.","category":"DeprecatedImportWarning","filename":"/opt/airflow/dags/dag.py","lineno":3,"logger":"py.warnings"}
{"timestamp":"2025-12-17T11:29:18.636011Z","level":"info","event":"Filling up the DagBag from /opt/airflow/dags/dag.py","logger":"airflow.models.dagbag.DagBag","filename":"dagbag.py","lineno":593}
{"timestamp":"2025-12-17T11:29:18.712774Z","level":"warning","event":"The `airflow.decorators.dag` attribute is deprecated. Please use `'airflow.sdk.dag'`.","category":"DeprecatedImportWarning","filename":"/opt/airflow/dags/dag.py","lineno":1,"logger":"py.warnings"}
{"timestamp":"2025-12-17T11:29:18.712853Z","level":"warning","event":"The `airflow.decorators.task` attribute is deprecated. Please use `'airflow.sdk.task'`.","category":"DeprecatedImportWarning","filename":"/opt/airflow/dags/dag.py","lineno":2,"logger":"py.warnings"}
{"timestamp":"2025-12-17T11:29:18.712882Z","level":"warning","event":"The `airflow.operators.empty.EmptyOperator` attribute is deprecated. Please use `'airflow.providers.standard.operators.empty.EmptyOperator'`.","category":"DeprecatedImportWarning","filename":"/opt/airflow/dags/dag.py","lineno":3,"logger":"py.warnings"}
{"timestamp":"2025-12-17T11:29:49.128209Z","level":"info","event":"Filling up the DagBag from /opt/airflow/dags/dag.py","logger":"airflow.models.dagbag.DagBag","filename":"dagbag.py","lineno":593}
{"timestamp":"2025-12-17T11:29:49.193772Z","level":"warning","event":"The `airflow.decorators.dag` attribute is deprecated. Please use `'airflow.sdk.dag'`.","category":"DeprecatedImportWarning","filename":"/opt/airflow/dags/dag.py","lineno":1,"logger":"py.warnings"}
{"timestamp":"2025-12-17T11:29:49.193877Z","level":"warning","event":"The `airflow.decorators.task` attribute is deprecated. Please use `'airflow.sdk.task'`.","category":"DeprecatedImportWarning","filename":"/opt/airflow/dags/dag.py","lineno":2,"logger":"py.warnings"}
{"timestamp":"2025-12-17T11:29:49.193914Z","level":"warning","event":"The `airflow.operators.empty.EmptyOperator` attribute is deprecated. Please use `'airflow.providers.standard.operators.empty.EmptyOperator'`.","category":"DeprecatedImportWarning","filename":"/opt/airflow/dags/dag.py","lineno":3,"logger":"py.warnings"}
{"timestamp":"2025-12-17T11:30:19.592331Z","level":"info","event":"Filling up the DagBag from /opt/airflow/dags/dag.py","logger":"airflow.models.dagbag.DagBag","filename":"dagbag.py","lineno":593}
{"timestamp":"2025-12-17T11:30:19.631904Z","level":"warning","event":"The `airflow.decorators.dag` attribute is deprecated. Please use `'airflow.sdk.dag'`.","category":"DeprecatedImportWarning","filename":"/opt/airflow/dags/dag.py","lineno":1,"logger":"py.warnings"}
{"timestamp":"2025-12-17T11:30:19.632148Z","level":"warning","event":"The `airflow.decorators.task` attribute is deprecated. Please use `'airflow.sdk.task'`.","category":"DeprecatedImportWarning","filename":"/opt/airflow/dags/dag.py","lineno":2,"logger":"py.warnings"}
{"timestamp":"2025-12-17T11:30:19.632199Z","level":"warning","event":"The `airflow.operators.empty.EmptyOperator` attribute is deprecated. Please use `'airflow.providers.standard.operators.empty.EmptyOperator'`.","category":"DeprecatedImportWarning","filename":"/opt/airflow/dags/dag.py","lineno":3,"logger":"py.warnings"}
{"timestamp":"2025-12-17T11:30:50.106869Z","level":"info","event":"Filling up the DagBag from /opt/airflow/dags/dag.py","logger":"airflow.models.dagbag.DagBag","filename":"dagbag.py","lineno":593}
{"timestamp":"2025-12-17T11:30:50.185936Z","level":"warning","event":"The `airflow.decorators.dag` attribute is deprecated. Please use `'airflow.sdk.dag'`.","category":"DeprecatedImportWarning","filename":"/opt/airflow/dags/dag.py","lineno":1,"logger":"py.warnings"}
{"timestamp":"2025-12-17T11:30:50.186305Z","level":"warning","event":"The `airflow.decorators.task` attribute is deprecated. Please use `'airflow.sdk.task'`.","category":"DeprecatedImportWarning","filename":"/opt/airflow/dags/dag.py","lineno":2,"logger":"py.warnings"}
{"timestamp":"2025-12-17T11:30:50.186333Z","level":"warning","event":"The `airflow.operators.empty.EmptyOperator` attribute is deprecated. Please use `'airflow.providers.standard.operators.empty.EmptyOperator'`.","category":"DeprecatedImportWarning","filename":"/opt/airflow/dags/dag.py","lineno":3,"logger":"py.warnings"}
{"timestamp":"2025-12-17T11:31:20.643398Z","level":"info","event":"Filling up the DagBag from /opt/airflow/dags/dag.py","logger":"airflow.models.dagbag.DagBag","filename":"dagbag.py","lineno":593}
{"timestamp":"2025-12-17T11:31:20.699508Z","level":"warning","event":"The `airflow.decorators.dag` attribute is deprecated. Please use `'airflow.sdk.dag'`.","category":"DeprecatedImportWarning","filename":"/opt/airflow/dags/dag.py","lineno":1,"logger":"py.warnings"}
{"timestamp":"2025-12-17T11:31:20.699600Z","level":"warning","event":"The `airflow.decorators.task` attribute is deprecated. Please use `'airflow.sdk.task'`.","category":"DeprecatedImportWarning","filename":"/opt/airflow/dags/dag.py","lineno":2,"logger":"py.warnings"}
{"timestamp":"2025-12-17T11:31:20.699630Z","level":"warning","event":"The `airflow.operators.empty.EmptyOperator` attribute is deprecated. Please use `'airflow.providers.standard.operators.empty.EmptyOperator'`.","category":"DeprecatedImportWarning","filename":"/opt/airflow/dags/dag.py","lineno":3,"logger":"py.warnings"}
{"timestamp":"2025-12-17T11:31:51.182881Z","level":"info","event":"Filling up the DagBag from /opt/airflow/dags/dag.py","logger":"airflow.models.dagbag.DagBag","filename":"dagbag.py","lineno":593}
{"timestamp":"2025-12-17T11:31:51.269017Z","level":"warning","event":"The `airflow.decorators.dag` attribute is deprecated. Please use `'airflow.sdk.dag'`.","category":"DeprecatedImportWarning","filename":"/opt/airflow/dags/dag.py","lineno":1,"logger":"py.warnings"}
{"timestamp":"2025-12-17T11:31:51.269132Z","level":"warning","event":"The `airflow.decorators.task` attribute is deprecated. Please use `'airflow.sdk.task'`.","category":"DeprecatedImportWarning","filename":"/opt/airflow/dags/dag.py","lineno":2,"logger":"py.warnings"}
{"timestamp":"2025-12-17T11:31:51.269167Z","level":"warning","event":"The `airflow.operators.empty.EmptyOperator` attribute is deprecated. Please use `'airflow.providers.standard.operators.empty.EmptyOperator'`.","category":"DeprecatedImportWarning","filename":"/opt/airflow/dags/dag.py","lineno":3,"logger":"py.warnings"}
{"timestamp":"2025-12-17T11:32:21.725351Z","level":"info","event":"Filling up the DagBag from /opt/airflow/dags/dag.py","logger":"airflow.models.dagbag.DagBag","filename":"dagbag.py","lineno":593}
{"timestamp":"2025-12-17T11:32:21.789229Z","level":"warning","event":"The `airflow.decorators.dag` attribute is deprecated. Please use `'airflow.sdk.dag'`.","category":"DeprecatedImportWarning","filename":"/opt/airflow/dags/dag.py","lineno":1,"logger":"py.warnings"}
{"timestamp":"2025-12-17T11:32:21.789321Z","level":"warning","event":"The `airflow.decorators.task` attribute is deprecated. Please use `'airflow.sdk.task'`.","category":"DeprecatedImportWarning","filename":"/opt/airflow/dags/dag.py","lineno":2,"logger":"py.warnings"}
{"timestamp":"2025-12-17T11:32:21.789345Z","level":"warning","event":"The `airflow.operators.empty.EmptyOperator` attribute is deprecated. Please use `'airflow.providers.standard.operators.empty.EmptyOperator'`.","category":"DeprecatedImportWarning","filename":"/opt/airflow/dags/dag.py","lineno":3,"logger":"py.warnings"}
{"timestamp":"2025-12-17T11:32:52.263575Z","level":"info","event":"Filling up the DagBag from /opt/airflow/dags/dag.py","logger":"airflow.models.dagbag.DagBag","filename":"dagbag.py","lineno":593}
{"timestamp":"2025-12-17T11:32:52.316673Z","level":"warning","event":"The `airflow.decorators.dag` attribute is deprecated. Please use `'airflow.sdk.dag'`.","category":"DeprecatedImportWarning","filename":"/opt/airflow/dags/dag.py","lineno":1,"logger":"py.warnings"}
{"timestamp":"2025-12-17T11:32:52.316817Z","level":"warning","event":"The `airflow.decorators.task` attribute is deprecated. Please use `'airflow.sdk.task'`.","category":"DeprecatedImportWarning","filename":"/opt/airflow/dags/dag.py","lineno":2,"logger":"py.warnings"}
{"timestamp":"2025-12-17T11:32:52.316854Z","level":"warning","event":"The `airflow.operators.empty.EmptyOperator` attribute is deprecated. Please use `'airflow.providers.standard.operators.empty.EmptyOperator'`.","category":"DeprecatedImportWarning","filename":"/opt/airflow/dags/dag.py","lineno":3,"logger":"py.warnings"}
{"timestamp":"2025-12-17T11:33:22.753978Z","level":"info","event":"Filling up the DagBag from /opt/airflow/dags/dag.py","logger":"airflow.models.dagbag.DagBag","filename":"dagbag.py","lineno":593}
{"timestamp":"2025-12-17T11:33:22.807386Z","level":"warning","event":"The `airflow.decorators.dag` attribute is deprecated. Please use `'airflow.sdk.dag'`.","category":"DeprecatedImportWarning","filename":"/opt/airflow/dags/dag.py","lineno":1,"logger":"py.warnings"}
{"timestamp":"2025-12-17T11:33:22.807457Z","level":"warning","event":"The `airflow.decorators.task` attribute is deprecated. Please use `'airflow.sdk.task'`.","category":"DeprecatedImportWarning","filename":"/opt/airflow/dags/dag.py","lineno":2,"logger":"py.warnings"}
{"timestamp":"2025-12-17T11:33:22.807480Z","level":"warning","event":"The `airflow.operators.empty.EmptyOperator` attribute is deprecated. Please use `'airflow.providers.standard.operators.empty.EmptyOperator'`.","category":"DeprecatedImportWarning","filename":"/opt/airflow/dags/dag.py","lineno":3,"logger":"py.warnings"}
{"timestamp":"2025-12-17T11:33:53.264055Z","level":"info","event":"Filling up the DagBag from /opt/airflow/dags/dag.py","logger":"airflow.models.dagbag.DagBag","filename":"dagbag.py","lineno":593}
{"timestamp":"2025-12-17T11:33:53.318822Z","level":"warning","event":"The `airflow.decorators.dag` attribute is deprecated. Please use `'airflow.sdk.dag'`.","category":"DeprecatedImportWarning","filename":"/opt/airflow/dags/dag.py","lineno":1,"logger":"py.warnings"}
{"timestamp":"2025-12-17T11:33:53.318886Z","level":"warning","event":"The `airflow.decorators.task` attribute is deprecated. Please use `'airflow.sdk.task'`.","category":"DeprecatedImportWarning","filename":"/opt/airflow/dags/dag.py","lineno":2,"logger":"py.warnings"}
{"timestamp":"2025-12-17T11:33:53.318908Z","level":"warning","event":"The `airflow.operators.empty.EmptyOperator` attribute is deprecated. Please use `'airflow.providers.standard.operators.empty.EmptyOperator'`.","category":"DeprecatedImportWarning","filename":"/opt/airflow/dags/dag.py","lineno":3,"logger":"py.warnings"}
{"timestamp":"2025-12-17T11:34:23.737956Z","level":"info","event":"Filling up the DagBag from /opt/airflow/dags/dag.py","logger":"airflow.models.dagbag.DagBag","filename":"dagbag.py","lineno":593}
{"timestamp":"2025-12-17T11:34:23.782416Z","level":"warning","event":"The `airflow.decorators.dag` attribute is deprecated. Please use `'airflow.sdk.dag'`.","category":"DeprecatedImportWarning","filename":"/opt/airflow/dags/dag.py","lineno":1,"logger":"py.warnings"}
{"timestamp":"2025-12-17T11:34:23.782499Z","level":"warning","event":"The `airflow.decorators.task` attribute is deprecated. Please use `'airflow.sdk.task'`.","category":"DeprecatedImportWarning","filename":"/opt/airflow/dags/dag.py","lineno":2,"logger":"py.warnings"}
{"timestamp":"2025-12-17T11:34:23.782535Z","level":"warning","event":"The `airflow.operators.empty.EmptyOperator` attribute is deprecated. Please use `'airflow.providers.standard.operators.empty.EmptyOperator'`.","category":"DeprecatedImportWarning","filename":"/opt/airflow/dags/dag.py","lineno":3,"logger":"py.warnings"}
{"timestamp":"2025-12-17T11:34:54.194311Z","level":"info","event":"Filling up the DagBag from /opt/airflow/dags/dag.py","logger":"airflow.models.dagbag.DagBag","filename":"dagbag.py","lineno":593}
{"timestamp":"2025-12-17T11:34:54.233533Z","level":"warning","event":"The `airflow.decorators.dag` attribute is deprecated. Please use `'airflow.sdk.dag'`.","category":"DeprecatedImportWarning","filename":"/opt/airflow/dags/dag.py","lineno":1,"logger":"py.warnings"}
{"timestamp":"2025-12-17T11:34:54.233609Z","level":"warning","event":"The `airflow.decorators.task` attribute is deprecated. Please use `'airflow.sdk.task'`.","category":"DeprecatedImportWarning","filename":"/opt/airflow/dags/dag.py","lineno":2,"logger":"py.warnings"}
{"timestamp":"2025-12-17T11:34:54.233633Z","level":"warning","event":"The `airflow.operators.empty.EmptyOperator` attribute is deprecated. Please use `'airflow.providers.standard.operators.empty.EmptyOperator'`.","category":"DeprecatedImportWarning","filename":"/opt/airflow/dags/dag.py","lineno":3,"logger":"py.warnings"}
{"timestamp":"2025-12-17T11:35:24.653451Z","level":"info","event":"Filling up the DagBag from /opt/airflow/dags/dag.py","logger":"airflow.models.dagbag.DagBag","filename":"dagbag.py","lineno":593}
{"timestamp":"2025-12-17T11:35:24.681605Z","level":"warning","event":"The `airflow.decorators.dag` attribute is deprecated. Please use `'airflow.sdk.dag'`.","category":"DeprecatedImportWarning","filename":"/opt/airflow/dags/dag.py","lineno":1,"logger":"py.warnings"}
{"timestamp":"2025-12-17T11:35:24.681676Z","level":"warning","event":"The `airflow.decorators.task` attribute is deprecated. Please use `'airflow.sdk.task'`.","category":"DeprecatedImportWarning","filename":"/opt/airflow/dags/dag.py","lineno":2,"logger":"py.warnings"}
{"timestamp":"2025-12-17T11:35:24.681702Z","level":"warning","event":"The `airflow.operators.empty.EmptyOperator` attribute is deprecated. Please use `'airflow.providers.standard.operators.empty.EmptyOperator'`.","category":"DeprecatedImportWarning","filename":"/opt/airflow/dags/dag.py","lineno":3,"logger":"py.warnings"}
{"timestamp":"2025-12-17T11:35:55.114788Z","level":"info","event":"Filling up the DagBag from /opt/airflow/dags/dag.py","logger":"airflow.models.dagbag.DagBag","filename":"dagbag.py","lineno":593}
{"timestamp":"2025-12-17T11:35:55.166256Z","level":"warning","event":"The `airflow.decorators.dag` attribute is deprecated. Please use `'airflow.sdk.dag'`.","category":"DeprecatedImportWarning","filename":"/opt/airflow/dags/dag.py","lineno":1,"logger":"py.warnings"}
{"timestamp":"2025-12-17T11:35:55.166470Z","level":"warning","event":"The `airflow.decorators.task` attribute is deprecated. Please use `'airflow.sdk.task'`.","category":"DeprecatedImportWarning","filename":"/opt/airflow/dags/dag.py","lineno":2,"logger":"py.warnings"}
{"timestamp":"2025-12-17T11:35:55.166516Z","level":"warning","event":"The `airflow.operators.empty.EmptyOperator` attribute is deprecated. Please use `'airflow.providers.standard.operators.empty.EmptyOperator'`.","category":"DeprecatedImportWarning","filename":"/opt/airflow/dags/dag.py","lineno":3,"logger":"py.warnings"}
{"timestamp":"2025-12-17T11:36:25.514959Z","level":"info","event":"Filling up the DagBag from /opt/airflow/dags/dag.py","logger":"airflow.models.dagbag.DagBag","filename":"dagbag.py","lineno":593}
{"timestamp":"2025-12-17T11:36:25.565004Z","level":"warning","event":"The `airflow.decorators.dag` attribute is deprecated. Please use `'airflow.sdk.dag'`.","category":"DeprecatedImportWarning","filename":"/opt/airflow/dags/dag.py","lineno":1,"logger":"py.warnings"}
{"timestamp":"2025-12-17T11:36:25.565086Z","level":"warning","event":"The `airflow.decorators.task` attribute is deprecated. Please use `'airflow.sdk.task'`.","category":"DeprecatedImportWarning","filename":"/opt/airflow/dags/dag.py","lineno":2,"logger":"py.warnings"}
{"timestamp":"2025-12-17T11:36:25.565110Z","level":"warning","event":"The `airflow.operators.empty.EmptyOperator` attribute is deprecated. Please use `'airflow.providers.standard.operators.empty.EmptyOperator'`.","category":"DeprecatedImportWarning","filename":"/opt/airflow/dags/dag.py","lineno":3,"logger":"py.warnings"}
{"timestamp":"2025-12-17T11:36:56.036517Z","level":"info","event":"Filling up the DagBag from /opt/airflow/dags/dag.py","logger":"airflow.models.dagbag.DagBag","filename":"dagbag.py","lineno":593}
{"timestamp":"2025-12-17T11:36:56.077461Z","level":"warning","event":"The `airflow.decorators.dag` attribute is deprecated. Please use `'airflow.sdk.dag'`.","category":"DeprecatedImportWarning","filename":"/opt/airflow/dags/dag.py","lineno":1,"logger":"py.warnings"}
{"timestamp":"2025-12-17T11:36:56.077524Z","level":"warning","event":"The `airflow.decorators.task` attribute is deprecated. Please use `'airflow.sdk.task'`.","category":"DeprecatedImportWarning","filename":"/opt/airflow/dags/dag.py","lineno":2,"logger":"py.warnings"}
{"timestamp":"2025-12-17T11:36:56.077548Z","level":"warning","event":"The `airflow.operators.empty.EmptyOperator` attribute is deprecated. Please use `'airflow.providers.standard.operators.empty.EmptyOperator'`.","category":"DeprecatedImportWarning","filename":"/opt/airflow/dags/dag.py","lineno":3,"logger":"py.warnings"}
{"timestamp":"2025-12-17T11:37:26.530292Z","level":"info","event":"Filling up the DagBag from /opt/airflow/dags/dag.py","logger":"airflow.models.dagbag.DagBag","filename":"dagbag.py","lineno":593}
{"timestamp":"2025-12-17T11:37:26.587625Z","level":"warning","event":"The `airflow.decorators.dag` attribute is deprecated. Please use `'airflow.sdk.dag'`.","category":"DeprecatedImportWarning","filename":"/opt/airflow/dags/dag.py","lineno":1,"logger":"py.warnings"}
{"timestamp":"2025-12-17T11:37:26.587708Z","level":"warning","event":"The `airflow.decorators.task` attribute is deprecated. Please use `'airflow.sdk.task'`.","category":"DeprecatedImportWarning","filename":"/opt/airflow/dags/dag.py","lineno":2,"logger":"py.warnings"}
{"timestamp":"2025-12-17T11:37:26.587733Z","level":"warning","event":"The `airflow.operators.empty.EmptyOperator` attribute is deprecated. Please use `'airflow.providers.standard.operators.empty.EmptyOperator'`.","category":"DeprecatedImportWarning","filename":"/opt/airflow/dags/dag.py","lineno":3,"logger":"py.warnings"}
{"timestamp":"2025-12-17T11:37:56.975217Z","level":"info","event":"Filling up the DagBag from /opt/airflow/dags/dag.py","logger":"airflow.models.dagbag.DagBag","filename":"dagbag.py","lineno":593}
{"timestamp":"2025-12-17T11:37:57.029179Z","level":"warning","event":"The `airflow.decorators.dag` attribute is deprecated. Please use `'airflow.sdk.dag'`.","category":"DeprecatedImportWarning","filename":"/opt/airflow/dags/dag.py","lineno":1,"logger":"py.warnings"}
{"timestamp":"2025-12-17T11:37:57.029436Z","level":"warning","event":"The `airflow.decorators.task` attribute is deprecated. Please use `'airflow.sdk.task'`.","category":"DeprecatedImportWarning","filename":"/opt/airflow/dags/dag.py","lineno":2,"logger":"py.warnings"}
{"timestamp":"2025-12-17T11:37:57.029481Z","level":"warning","event":"The `airflow.operators.empty.EmptyOperator` attribute is deprecated. Please use `'airflow.providers.standard.operators.empty.EmptyOperator'`.","category":"DeprecatedImportWarning","filename":"/opt/airflow/dags/dag.py","lineno":3,"logger":"py.warnings"}
{"timestamp":"2025-12-17T11:38:27.448539Z","level":"info","event":"Filling up the DagBag from /opt/airflow/dags/dag.py","logger":"airflow.models.dagbag.DagBag","filename":"dagbag.py","lineno":593}
{"timestamp":"2025-12-17T11:38:27.475482Z","level":"warning","event":"The `airflow.decorators.dag` attribute is deprecated. Please use `'airflow.sdk.dag'`.","category":"DeprecatedImportWarning","filename":"/opt/airflow/dags/dag.py","lineno":1,"logger":"py.warnings"}
{"timestamp":"2025-12-17T11:38:27.475558Z","level":"warning","event":"The `airflow.decorators.task` attribute is deprecated. Please use `'airflow.sdk.task'`.","category":"DeprecatedImportWarning","filename":"/opt/airflow/dags/dag.py","lineno":2,"logger":"py.warnings"}
{"timestamp":"2025-12-17T11:38:27.475586Z","level":"warning","event":"The `airflow.operators.empty.EmptyOperator` attribute is deprecated. Please use `'airflow.providers.standard.operators.empty.EmptyOperator'`.","category":"DeprecatedImportWarning","filename":"/opt/airflow/dags/dag.py","lineno":3,"logger":"py.warnings"}
{"timestamp":"2025-12-17T11:38:57.893451Z","level":"info","event":"Filling up the DagBag from /opt/airflow/dags/dag.py","logger":"airflow.models.dagbag.DagBag","filename":"dagbag.py","lineno":593}
{"timestamp":"2025-12-17T11:38:57.958856Z","level":"warning","event":"The `airflow.decorators.dag` attribute is deprecated. Please use `'airflow.sdk.dag'`.","category":"DeprecatedImportWarning","filename":"/opt/airflow/dags/dag.py","lineno":1,"logger":"py.warnings"}
{"timestamp":"2025-12-17T11:38:57.959090Z","level":"warning","event":"The `airflow.decorators.task` attribute is deprecated. Please use `'airflow.sdk.task'`.","category":"DeprecatedImportWarning","filename":"/opt/airflow/dags/dag.py","lineno":2,"logger":"py.warnings"}
{"timestamp":"2025-12-17T11:38:57.959509Z","level":"warning","event":"The `airflow.operators.empty.EmptyOperator` attribute is deprecated. Please use `'airflow.providers.standard.operators.empty.EmptyOperator'`.","category":"DeprecatedImportWarning","filename":"/opt/airflow/dags/dag.py","lineno":3,"logger":"py.warnings"}
{"timestamp":"2025-12-17T11:39:28.335970Z","level":"info","event":"Filling up the DagBag from /opt/airflow/dags/dag.py","logger":"airflow.models.dagbag.DagBag","filename":"dagbag.py","lineno":593}
{"timestamp":"2025-12-17T11:39:28.361611Z","level":"warning","event":"The `airflow.decorators.dag` attribute is deprecated. Please use `'airflow.sdk.dag'`.","category":"DeprecatedImportWarning","filename":"/opt/airflow/dags/dag.py","lineno":1,"logger":"py.warnings"}
{"timestamp":"2025-12-17T11:39:28.361681Z","level":"warning","event":"The `airflow.decorators.task` attribute is deprecated. Please use `'airflow.sdk.task'`.","category":"DeprecatedImportWarning","filename":"/opt/airflow/dags/dag.py","lineno":2,"logger":"py.warnings"}
{"timestamp":"2025-12-17T11:39:28.361707Z","level":"warning","event":"The `airflow.operators.empty.EmptyOperator` attribute is deprecated. Please use `'airflow.providers.standard.operators.empty.EmptyOperator'`.","category":"DeprecatedImportWarning","filename":"/opt/airflow/dags/dag.py","lineno":3,"logger":"py.warnings"}
{"timestamp":"2025-12-17T11:39:58.840913Z","level":"info","event":"Filling up the DagBag from /opt/airflow/dags/dag.py","logger":"airflow.models.dagbag.DagBag","filename":"dagbag.py","lineno":593}
{"timestamp":"2025-12-17T11:39:58.896787Z","level":"warning","event":"The `airflow.decorators.dag` attribute is deprecated. Please use `'airflow.sdk.dag'`.","category":"DeprecatedImportWarning","filename":"/opt/airflow/dags/dag.py","lineno":1,"logger":"py.warnings"}
{"timestamp":"2025-12-17T11:39:58.896883Z","level":"warning","event":"The `airflow.decorators.task` attribute is deprecated. Please use `'airflow.sdk.task'`.","category":"DeprecatedImportWarning","filename":"/opt/airflow/dags/dag.py","lineno":2,"logger":"py.warnings"}
{"timestamp":"2025-12-17T11:39:58.896909Z","level":"warning","event":"The `airflow.operators.empty.EmptyOperator` attribute is deprecated. Please use `'airflow.providers.standard.operators.empty.EmptyOperator'`.","category":"DeprecatedImportWarning","filename":"/opt/airflow/dags/dag.py","lineno":3,"logger":"py.warnings"}
{"timestamp":"2025-12-17T11:40:29.332758Z","level":"info","event":"Filling up the DagBag from /opt/airflow/dags/dag.py","logger":"airflow.models.dagbag.DagBag","filename":"dagbag.py","lineno":593}
{"timestamp":"2025-12-17T11:40:29.376198Z","level":"warning","event":"The `airflow.decorators.dag` attribute is deprecated. Please use `'airflow.sdk.dag'`.","category":"DeprecatedImportWarning","filename":"/opt/airflow/dags/dag.py","lineno":1,"logger":"py.warnings"}
{"timestamp":"2025-12-17T11:40:29.376271Z","level":"warning","event":"The `airflow.decorators.task` attribute is deprecated. Please use `'airflow.sdk.task'`.","category":"DeprecatedImportWarning","filename":"/opt/airflow/dags/dag.py","lineno":2,"logger":"py.warnings"}
{"timestamp":"2025-12-17T11:40:29.376304Z","level":"warning","event":"The `airflow.operators.empty.EmptyOperator` attribute is deprecated. Please use `'airflow.providers.standard.operators.empty.EmptyOperator'`.","category":"DeprecatedImportWarning","filename":"/opt/airflow/dags/dag.py","lineno":3,"logger":"py.warnings"}
{"timestamp":"2025-12-17T11:40:59.734877Z","level":"info","event":"Filling up the DagBag from /opt/airflow/dags/dag.py","logger":"airflow.models.dagbag.DagBag","filename":"dagbag.py","lineno":593}
{"timestamp":"2025-12-17T11:40:59.789783Z","level":"warning","event":"The `airflow.decorators.dag` attribute is deprecated. Please use `'airflow.sdk.dag'`.","category":"DeprecatedImportWarning","filename":"/opt/airflow/dags/dag.py","lineno":1,"logger":"py.warnings"}
{"timestamp":"2025-12-17T11:40:59.789885Z","level":"warning","event":"The `airflow.decorators.task` attribute is deprecated. Please use `'airflow.sdk.task'`.","category":"DeprecatedImportWarning","filename":"/opt/airflow/dags/dag.py","lineno":2,"logger":"py.warnings"}
{"timestamp":"2025-12-17T11:40:59.789916Z","level":"warning","event":"The `airflow.operators.empty.EmptyOperator` attribute is deprecated. Please use `'airflow.providers.standard.operators.empty.EmptyOperator'`.","category":"DeprecatedImportWarning","filename":"/opt/airflow/dags/dag.py","lineno":3,"logger":"py.warnings"}
{"timestamp":"2025-12-17T11:41:30.239644Z","level":"info","event":"Filling up the DagBag from /opt/airflow/dags/dag.py","logger":"airflow.models.dagbag.DagBag","filename":"dagbag.py","lineno":593}
{"timestamp":"2025-12-17T11:41:30.281402Z","level":"warning","event":"The `airflow.decorators.dag` attribute is deprecated. Please use `'airflow.sdk.dag'`.","category":"DeprecatedImportWarning","filename":"/opt/airflow/dags/dag.py","lineno":1,"logger":"py.warnings"}
{"timestamp":"2025-12-17T11:41:30.281657Z","level":"warning","event":"The `airflow.decorators.task` attribute is deprecated. Please use `'airflow.sdk.task'`.","category":"DeprecatedImportWarning","filename":"/opt/airflow/dags/dag.py","lineno":2,"logger":"py.warnings"}
{"timestamp":"2025-12-17T11:41:30.281707Z","level":"warning","event":"The `airflow.operators.empty.EmptyOperator` attribute is deprecated. Please use `'airflow.providers.standard.operators.empty.EmptyOperator'`.","category":"DeprecatedImportWarning","filename":"/opt/airflow/dags/dag.py","lineno":3,"logger":"py.warnings"}
{"timestamp":"2025-12-17T11:42:00.734874Z","level":"info","event":"Filling up the DagBag from /opt/airflow/dags/dag.py","logger":"airflow.models.dagbag.DagBag","filename":"dagbag.py","lineno":593}
{"timestamp":"2025-12-17T11:42:00.777809Z","level":"warning","event":"The `airflow.decorators.dag` attribute is deprecated. Please use `'airflow.sdk.dag'`.","category":"DeprecatedImportWarning","filename":"/opt/airflow/dags/dag.py","lineno":1,"logger":"py.warnings"}
{"timestamp":"2025-12-17T11:42:00.777889Z","level":"warning","event":"The `airflow.decorators.task` attribute is deprecated. Please use `'airflow.sdk.task'`.","category":"DeprecatedImportWarning","filename":"/opt/airflow/dags/dag.py","lineno":2,"logger":"py.warnings"}
{"timestamp":"2025-12-17T11:42:00.777917Z","level":"warning","event":"The `airflow.operators.empty.EmptyOperator` attribute is deprecated. Please use `'airflow.providers.standard.operators.empty.EmptyOperator'`.","category":"DeprecatedImportWarning","filename":"/opt/airflow/dags/dag.py","lineno":3,"logger":"py.warnings"}
{"timestamp":"2025-12-17T11:42:31.172281Z","level":"info","event":"Filling up the DagBag from /opt/airflow/dags/dag.py","logger":"airflow.models.dagbag.DagBag","filename":"dagbag.py","lineno":593}
{"timestamp":"2025-12-17T11:42:31.221044Z","level":"warning","event":"The `airflow.decorators.dag` attribute is deprecated. Please use `'airflow.sdk.dag'`.","category":"DeprecatedImportWarning","filename":"/opt/airflow/dags/dag.py","lineno":1,"logger":"py.warnings"}
{"timestamp":"2025-12-17T11:42:31.221316Z","level":"warning","event":"The `airflow.decorators.task` attribute is deprecated. Please use `'airflow.sdk.task'`.","category":"DeprecatedImportWarning","filename":"/opt/airflow/dags/dag.py","lineno":2,"logger":"py.warnings"}
{"timestamp":"2025-12-17T11:42:31.221362Z","level":"warning","event":"The `airflow.operators.empty.EmptyOperator` attribute is deprecated. Please use `'airflow.providers.standard.operators.empty.EmptyOperator'`.","category":"DeprecatedImportWarning","filename":"/opt/airflow/dags/dag.py","lineno":3,"logger":"py.warnings"}
{"timestamp":"2025-12-17T11:43:01.675287Z","level":"info","event":"Filling up the DagBag from /opt/airflow/dags/dag.py","logger":"airflow.models.dagbag.DagBag","filename":"dagbag.py","lineno":593}
{"timestamp":"2025-12-17T11:43:01.721349Z","level":"warning","event":"The `airflow.decorators.dag` attribute is deprecated. Please use `'airflow.sdk.dag'`.","category":"DeprecatedImportWarning","filename":"/opt/airflow/dags/dag.py","lineno":1,"logger":"py.warnings"}
{"timestamp":"2025-12-17T11:43:01.721465Z","level":"warning","event":"The `airflow.decorators.task` attribute is deprecated. Please use `'airflow.sdk.task'`.","category":"DeprecatedImportWarning","filename":"/opt/airflow/dags/dag.py","lineno":2,"logger":"py.warnings"}
{"timestamp":"2025-12-17T11:43:01.721490Z","level":"warning","event":"The `airflow.operators.empty.EmptyOperator` attribute is deprecated. Please use `'airflow.providers.standard.operators.empty.EmptyOperator'`.","category":"DeprecatedImportWarning","filename":"/opt/airflow/dags/dag.py","lineno":3,"logger":"py.warnings"}
{"timestamp":"2025-12-17T11:43:32.142626Z","level":"info","event":"Filling up the DagBag from /opt/airflow/dags/dag.py","logger":"airflow.models.dagbag.DagBag","filename":"dagbag.py","lineno":593}
{"timestamp":"2025-12-17T11:43:32.185556Z","level":"warning","event":"The `airflow.decorators.dag` attribute is deprecated. Please use `'airflow.sdk.dag'`.","category":"DeprecatedImportWarning","filename":"/opt/airflow/dags/dag.py","lineno":1,"logger":"py.warnings"}
{"timestamp":"2025-12-17T11:43:32.185813Z","level":"warning","event":"The `airflow.decorators.task` attribute is deprecated. Please use `'airflow.sdk.task'`.","category":"DeprecatedImportWarning","filename":"/opt/airflow/dags/dag.py","lineno":2,"logger":"py.warnings"}
{"timestamp":"2025-12-17T11:43:32.185856Z","level":"warning","event":"The `airflow.operators.empty.EmptyOperator` attribute is deprecated. Please use `'airflow.providers.standard.operators.empty.EmptyOperator'`.","category":"DeprecatedImportWarning","filename":"/opt/airflow/dags/dag.py","lineno":3,"logger":"py.warnings"}
{"timestamp":"2025-12-17T11:44:02.603176Z","level":"info","event":"Filling up the DagBag from /opt/airflow/dags/dag.py","logger":"airflow.models.dagbag.DagBag","filename":"dagbag.py","lineno":593}
{"timestamp":"2025-12-17T11:44:02.652265Z","level":"warning","event":"The `airflow.decorators.dag` attribute is deprecated. Please use `'airflow.sdk.dag'`.","category":"DeprecatedImportWarning","filename":"/opt/airflow/dags/dag.py","lineno":1,"logger":"py.warnings"}
{"timestamp":"2025-12-17T11:44:02.652365Z","level":"warning","event":"The `airflow.decorators.task` attribute is deprecated. Please use `'airflow.sdk.task'`.","category":"DeprecatedImportWarning","filename":"/opt/airflow/dags/dag.py","lineno":2,"logger":"py.warnings"}
{"timestamp":"2025-12-17T11:44:02.652409Z","level":"warning","event":"The `airflow.operators.empty.EmptyOperator` attribute is deprecated. Please use `'airflow.providers.standard.operators.empty.EmptyOperator'`.","category":"DeprecatedImportWarning","filename":"/opt/airflow/dags/dag.py","lineno":3,"logger":"py.warnings"}
{"timestamp":"2025-12-17T11:44:33.098193Z","level":"info","event":"Filling up the DagBag from /opt/airflow/dags/dag.py","logger":"airflow.models.dagbag.DagBag","filename":"dagbag.py","lineno":593}
{"timestamp":"2025-12-17T11:44:33.150757Z","level":"warning","event":"The `airflow.decorators.dag` attribute is deprecated. Please use `'airflow.sdk.dag'`.","category":"DeprecatedImportWarning","filename":"/opt/airflow/dags/dag.py","lineno":1,"logger":"py.warnings"}
{"timestamp":"2025-12-17T11:44:33.151021Z","level":"warning","event":"The `airflow.decorators.task` attribute is deprecated. Please use `'airflow.sdk.task'`.","category":"DeprecatedImportWarning","filename":"/opt/airflow/dags/dag.py","lineno":2,"logger":"py.warnings"}
{"timestamp":"2025-12-17T11:44:33.151064Z","level":"warning","event":"The `airflow.operators.empty.EmptyOperator` attribute is deprecated. Please use `'airflow.providers.standard.operators.empty.EmptyOperator'`.","category":"DeprecatedImportWarning","filename":"/opt/airflow/dags/dag.py","lineno":3,"logger":"py.warnings"}
{"timestamp":"2025-12-17T11:45:03.600223Z","level":"info","event":"Filling up the DagBag from /opt/airflow/dags/dag.py","logger":"airflow.models.dagbag.DagBag","filename":"dagbag.py","lineno":593}
{"timestamp":"2025-12-17T11:45:03.655847Z","level":"warning","event":"The `airflow.decorators.dag` attribute is deprecated. Please use `'airflow.sdk.dag'`.","category":"DeprecatedImportWarning","filename":"/opt/airflow/dags/dag.py","lineno":1,"logger":"py.warnings"}
{"timestamp":"2025-12-17T11:45:03.656100Z","level":"warning","event":"The `airflow.decorators.task` attribute is deprecated. Please use `'airflow.sdk.task'`.","category":"DeprecatedImportWarning","filename":"/opt/airflow/dags/dag.py","lineno":2,"logger":"py.warnings"}
{"timestamp":"2025-12-17T11:45:03.656506Z","level":"warning","event":"The `airflow.operators.empty.EmptyOperator` attribute is deprecated. Please use `'airflow.providers.standard.operators.empty.EmptyOperator'`.","category":"DeprecatedImportWarning","filename":"/opt/airflow/dags/dag.py","lineno":3,"logger":"py.warnings"}
{"timestamp":"2025-12-17T11:45:34.069358Z","level":"info","event":"Filling up the DagBag from /opt/airflow/dags/dag.py","logger":"airflow.models.dagbag.DagBag","filename":"dagbag.py","lineno":593}
{"timestamp":"2025-12-17T11:45:34.117991Z","level":"warning","event":"The `airflow.decorators.dag` attribute is deprecated. Please use `'airflow.sdk.dag'`.","category":"DeprecatedImportWarning","filename":"/opt/airflow/dags/dag.py","lineno":1,"logger":"py.warnings"}
{"timestamp":"2025-12-17T11:45:34.118084Z","level":"warning","event":"The `airflow.decorators.task` attribute is deprecated. Please use `'airflow.sdk.task'`.","category":"DeprecatedImportWarning","filename":"/opt/airflow/dags/dag.py","lineno":2,"logger":"py.warnings"}
{"timestamp":"2025-12-17T11:45:34.118109Z","level":"warning","event":"The `airflow.operators.empty.EmptyOperator` attribute is deprecated. Please use `'airflow.providers.standard.operators.empty.EmptyOperator'`.","category":"DeprecatedImportWarning","filename":"/opt/airflow/dags/dag.py","lineno":3,"logger":"py.warnings"}
{"timestamp":"2025-12-17T11:46:04.553715Z","level":"info","event":"Filling up the DagBag from /opt/airflow/dags/dag.py","logger":"airflow.models.dagbag.DagBag","filename":"dagbag.py","lineno":593}
{"timestamp":"2025-12-17T11:46:04.604211Z","level":"warning","event":"The `airflow.decorators.dag` attribute is deprecated. Please use `'airflow.sdk.dag'`.","category":"DeprecatedImportWarning","filename":"/opt/airflow/dags/dag.py","lineno":1,"logger":"py.warnings"}
{"timestamp":"2025-12-17T11:46:04.604337Z","level":"warning","event":"The `airflow.decorators.task` attribute is deprecated. Please use `'airflow.sdk.task'`.","category":"DeprecatedImportWarning","filename":"/opt/airflow/dags/dag.py","lineno":2,"logger":"py.warnings"}
{"timestamp":"2025-12-17T11:46:04.604362Z","level":"warning","event":"The `airflow.operators.empty.EmptyOperator` attribute is deprecated. Please use `'airflow.providers.standard.operators.empty.EmptyOperator'`.","category":"DeprecatedImportWarning","filename":"/opt/airflow/dags/dag.py","lineno":3,"logger":"py.warnings"}
{"timestamp":"2025-12-17T11:46:34.984921Z","level":"info","event":"Filling up the DagBag from /opt/airflow/dags/dag.py","logger":"airflow.models.dagbag.DagBag","filename":"dagbag.py","lineno":593}
{"timestamp":"2025-12-17T11:46:35.015093Z","level":"warning","event":"The `airflow.decorators.dag` attribute is deprecated. Please use `'airflow.sdk.dag'`.","category":"DeprecatedImportWarning","filename":"/opt/airflow/dags/dag.py","lineno":1,"logger":"py.warnings"}
{"timestamp":"2025-12-17T11:46:35.015388Z","level":"warning","event":"The `airflow.decorators.task` attribute is deprecated. Please use `'airflow.sdk.task'`.","category":"DeprecatedImportWarning","filename":"/opt/airflow/dags/dag.py","lineno":2,"logger":"py.warnings"}
{"timestamp":"2025-12-17T11:46:35.015460Z","level":"warning","event":"The `airflow.operators.empty.EmptyOperator` attribute is deprecated. Please use `'airflow.providers.standard.operators.empty.EmptyOperator'`.","category":"DeprecatedImportWarning","filename":"/opt/airflow/dags/dag.py","lineno":3,"logger":"py.warnings"}
{"timestamp":"2025-12-17T11:47:05.490635Z","level":"info","event":"Filling up the DagBag from /opt/airflow/dags/dag.py","logger":"airflow.models.dagbag.DagBag","filename":"dagbag.py","lineno":593}
{"timestamp":"2025-12-17T11:47:05.536614Z","level":"warning","event":"The `airflow.decorators.dag` attribute is deprecated. Please use `'airflow.sdk.dag'`.","category":"DeprecatedImportWarning","filename":"/opt/airflow/dags/dag.py","lineno":1,"logger":"py.warnings"}
{"timestamp":"2025-12-17T11:47:05.536872Z","level":"warning","event":"The `airflow.decorators.task` attribute is deprecated. Please use `'airflow.sdk.task'`.","category":"DeprecatedImportWarning","filename":"/opt/airflow/dags/dag.py","lineno":2,"logger":"py.warnings"}
{"timestamp":"2025-12-17T11:47:05.537306Z","level":"warning","event":"The `airflow.operators.empty.EmptyOperator` attribute is deprecated. Please use `'airflow.providers.standard.operators.empty.EmptyOperator'`.","category":"DeprecatedImportWarning","filename":"/opt/airflow/dags/dag.py","lineno":3,"logger":"py.warnings"}
{"timestamp":"2025-12-17T11:47:35.945573Z","level":"info","event":"Filling up the DagBag from /opt/airflow/dags/dag.py","logger":"airflow.models.dagbag.DagBag","filename":"dagbag.py","lineno":593}
{"timestamp":"2025-12-17T11:47:35.999702Z","level":"warning","event":"The `airflow.decorators.dag` attribute is deprecated. Please use `'airflow.sdk.dag'`.","category":"DeprecatedImportWarning","filename":"/opt/airflow/dags/dag.py","lineno":1,"logger":"py.warnings"}
{"timestamp":"2025-12-17T11:47:35.999784Z","level":"warning","event":"The `airflow.decorators.task` attribute is deprecated. Please use `'airflow.sdk.task'`.","category":"DeprecatedImportWarning","filename":"/opt/airflow/dags/dag.py","lineno":2,"logger":"py.warnings"}
{"timestamp":"2025-12-17T11:47:35.999809Z","level":"warning","event":"The `airflow.operators.empty.EmptyOperator` attribute is deprecated. Please use `'airflow.providers.standard.operators.empty.EmptyOperator'`.","category":"DeprecatedImportWarning","filename":"/opt/airflow/dags/dag.py","lineno":3,"logger":"py.warnings"}
{"timestamp":"2025-12-17T11:48:06.421503Z","level":"info","event":"Filling up the DagBag from /opt/airflow/dags/dag.py","logger":"airflow.models.dagbag.DagBag","filename":"dagbag.py","lineno":593}
{"timestamp":"2025-12-17T11:48:06.474380Z","level":"warning","event":"The `airflow.decorators.dag` attribute is deprecated. Please use `'airflow.sdk.dag'`.","category":"DeprecatedImportWarning","filename":"/opt/airflow/dags/dag.py","lineno":1,"logger":"py.warnings"}
{"timestamp":"2025-12-17T11:48:06.474467Z","level":"warning","event":"The `airflow.decorators.task` attribute is deprecated. Please use `'airflow.sdk.task'`.","category":"DeprecatedImportWarning","filename":"/opt/airflow/dags/dag.py","lineno":2,"logger":"py.warnings"}
{"timestamp":"2025-12-17T11:48:06.474492Z","level":"warning","event":"The `airflow.operators.empty.EmptyOperator` attribute is deprecated. Please use `'airflow.providers.standard.operators.empty.EmptyOperator'`.","category":"DeprecatedImportWarning","filename":"/opt/airflow/dags/dag.py","lineno":3,"logger":"py.warnings"}
{"timestamp":"2025-12-17T11:48:36.878477Z","level":"info","event":"Filling up the DagBag from /opt/airflow/dags/dag.py","logger":"airflow.models.dagbag.DagBag","filename":"dagbag.py","lineno":593}
{"timestamp":"2025-12-17T11:48:36.911437Z","level":"warning","event":"The `airflow.decorators.dag` attribute is deprecated. Please use `'airflow.sdk.dag'`.","category":"DeprecatedImportWarning","filename":"/opt/airflow/dags/dag.py","lineno":1,"logger":"py.warnings"}
{"timestamp":"2025-12-17T11:48:36.911641Z","level":"warning","event":"The `airflow.decorators.task` attribute is deprecated. Please use `'airflow.sdk.task'`.","category":"DeprecatedImportWarning","filename":"/opt/airflow/dags/dag.py","lineno":2,"logger":"py.warnings"}
{"timestamp":"2025-12-17T11:48:36.912014Z","level":"warning","event":"The `airflow.operators.empty.EmptyOperator` attribute is deprecated. Please use `'airflow.providers.standard.operators.empty.EmptyOperator'`.","category":"DeprecatedImportWarning","filename":"/opt/airflow/dags/dag.py","lineno":3,"logger":"py.warnings"}
{"timestamp":"2025-12-17T11:49:07.287261Z","level":"info","event":"Filling up the DagBag from /opt/airflow/dags/dag.py","logger":"airflow.models.dagbag.DagBag","filename":"dagbag.py","lineno":593}
{"timestamp":"2025-12-17T11:49:07.327595Z","level":"warning","event":"The `airflow.decorators.dag` attribute is deprecated. Please use `'airflow.sdk.dag'`.","category":"DeprecatedImportWarning","filename":"/opt/airflow/dags/dag.py","lineno":1,"logger":"py.warnings"}
{"timestamp":"2025-12-17T11:49:07.327666Z","level":"warning","event":"The `airflow.decorators.task` attribute is deprecated. Please use `'airflow.sdk.task'`.","category":"DeprecatedImportWarning","filename":"/opt/airflow/dags/dag.py","lineno":2,"logger":"py.warnings"}
{"timestamp":"2025-12-17T11:49:07.327692Z","level":"warning","event":"The `airflow.operators.empty.EmptyOperator` attribute is deprecated. Please use `'airflow.providers.standard.operators.empty.EmptyOperator'`.","category":"DeprecatedImportWarning","filename":"/opt/airflow/dags/dag.py","lineno":3,"logger":"py.warnings"}
{"timestamp":"2025-12-17T11:49:37.777647Z","level":"info","event":"Filling up the DagBag from /opt/airflow/dags/dag.py","logger":"airflow.models.dagbag.DagBag","filename":"dagbag.py","lineno":593}
{"timestamp":"2025-12-17T11:49:37.817778Z","level":"warning","event":"The `airflow.decorators.dag` attribute is deprecated. Please use `'airflow.sdk.dag'`.","category":"DeprecatedImportWarning","filename":"/opt/airflow/dags/dag.py","lineno":1,"logger":"py.warnings"}
{"timestamp":"2025-12-17T11:49:37.817857Z","level":"warning","event":"The `airflow.decorators.task` attribute is deprecated. Please use `'airflow.sdk.task'`.","category":"DeprecatedImportWarning","filename":"/opt/airflow/dags/dag.py","lineno":2,"logger":"py.warnings"}
{"timestamp":"2025-12-17T11:49:37.817881Z","level":"warning","event":"The `airflow.operators.empty.EmptyOperator` attribute is deprecated. Please use `'airflow.providers.standard.operators.empty.EmptyOperator'`.","category":"DeprecatedImportWarning","filename":"/opt/airflow/dags/dag.py","lineno":3,"logger":"py.warnings"}
{"timestamp":"2025-12-17T11:50:08.269024Z","level":"info","event":"Filling up the DagBag from /opt/airflow/dags/dag.py","logger":"airflow.models.dagbag.DagBag","filename":"dagbag.py","lineno":593}
{"timestamp":"2025-12-17T11:50:08.318795Z","level":"warning","event":"The `airflow.decorators.dag` attribute is deprecated. Please use `'airflow.sdk.dag'`.","category":"DeprecatedImportWarning","filename":"/opt/airflow/dags/dag.py","lineno":1,"logger":"py.warnings"}
{"timestamp":"2025-12-17T11:50:08.319076Z","level":"warning","event":"The `airflow.decorators.task` attribute is deprecated. Please use `'airflow.sdk.task'`.","category":"DeprecatedImportWarning","filename":"/opt/airflow/dags/dag.py","lineno":2,"logger":"py.warnings"}
{"timestamp":"2025-12-17T11:50:08.319126Z","level":"warning","event":"The `airflow.operators.empty.EmptyOperator` attribute is deprecated. Please use `'airflow.providers.standard.operators.empty.EmptyOperator'`.","category":"DeprecatedImportWarning","filename":"/opt/airflow/dags/dag.py","lineno":3,"logger":"py.warnings"}
{"timestamp":"2025-12-17T11:50:38.654244Z","level":"info","event":"Filling up the DagBag from /opt/airflow/dags/dag.py","logger":"airflow.models.dagbag.DagBag","filename":"dagbag.py","lineno":593}
{"timestamp":"2025-12-17T11:50:38.701475Z","level":"warning","event":"The `airflow.decorators.dag` attribute is deprecated. Please use `'airflow.sdk.dag'`.","category":"DeprecatedImportWarning","filename":"/opt/airflow/dags/dag.py","lineno":1,"logger":"py.warnings"}
{"timestamp":"2025-12-17T11:50:38.701850Z","level":"warning","event":"The `airflow.decorators.task` attribute is deprecated. Please use `'airflow.sdk.task'`.","category":"DeprecatedImportWarning","filename":"/opt/airflow/dags/dag.py","lineno":2,"logger":"py.warnings"}
{"timestamp":"2025-12-17T11:50:38.703142Z","level":"warning","event":"The `airflow.operators.empty.EmptyOperator` attribute is deprecated. Please use `'airflow.providers.standard.operators.empty.EmptyOperator'`.","category":"DeprecatedImportWarning","filename":"/opt/airflow/dags/dag.py","lineno":3,"logger":"py.warnings"}
{"timestamp":"2025-12-17T11:51:09.129381Z","level":"info","event":"Filling up the DagBag from /opt/airflow/dags/dag.py","logger":"airflow.models.dagbag.DagBag","filename":"dagbag.py","lineno":593}
{"timestamp":"2025-12-17T11:51:09.185501Z","level":"warning","event":"The `airflow.decorators.dag` attribute is deprecated. Please use `'airflow.sdk.dag'`.","category":"DeprecatedImportWarning","filename":"/opt/airflow/dags/dag.py","lineno":1,"logger":"py.warnings"}
{"timestamp":"2025-12-17T11:51:09.185688Z","level":"warning","event":"The `airflow.decorators.task` attribute is deprecated. Please use `'airflow.sdk.task'`.","category":"DeprecatedImportWarning","filename":"/opt/airflow/dags/dag.py","lineno":2,"logger":"py.warnings"}
{"timestamp":"2025-12-17T11:51:09.185759Z","level":"warning","event":"The `airflow.operators.empty.EmptyOperator` attribute is deprecated. Please use `'airflow.providers.standard.operators.empty.EmptyOperator'`.","category":"DeprecatedImportWarning","filename":"/opt/airflow/dags/dag.py","lineno":3,"logger":"py.warnings"}
{"timestamp":"2025-12-17T11:51:39.645618Z","level":"info","event":"Filling up the DagBag from /opt/airflow/dags/dag.py","logger":"airflow.models.dagbag.DagBag","filename":"dagbag.py","lineno":593}
{"timestamp":"2025-12-17T11:51:39.691934Z","level":"warning","event":"The `airflow.decorators.dag` attribute is deprecated. Please use `'airflow.sdk.dag'`.","category":"DeprecatedImportWarning","filename":"/opt/airflow/dags/dag.py","lineno":1,"logger":"py.warnings"}
{"timestamp":"2025-12-17T11:51:39.692005Z","level":"warning","event":"The `airflow.decorators.task` attribute is deprecated. Please use `'airflow.sdk.task'`.","category":"DeprecatedImportWarning","filename":"/opt/airflow/dags/dag.py","lineno":2,"logger":"py.warnings"}
{"timestamp":"2025-12-17T11:51:39.692028Z","level":"warning","event":"The `airflow.operators.empty.EmptyOperator` attribute is deprecated. Please use `'airflow.providers.standard.operators.empty.EmptyOperator'`.","category":"DeprecatedImportWarning","filename":"/opt/airflow/dags/dag.py","lineno":3,"logger":"py.warnings"}
{"timestamp":"2025-12-17T11:52:10.131743Z","level":"info","event":"Filling up the DagBag from /opt/airflow/dags/dag.py","logger":"airflow.models.dagbag.DagBag","filename":"dagbag.py","lineno":593}
{"timestamp":"2025-12-17T11:52:10.170022Z","level":"warning","event":"The `airflow.decorators.dag` attribute is deprecated. Please use `'airflow.sdk.dag'`.","category":"DeprecatedImportWarning","filename":"/opt/airflow/dags/dag.py","lineno":1,"logger":"py.warnings"}
{"timestamp":"2025-12-17T11:52:10.170095Z","level":"warning","event":"The `airflow.decorators.task` attribute is deprecated. Please use `'airflow.sdk.task'`.","category":"DeprecatedImportWarning","filename":"/opt/airflow/dags/dag.py","lineno":2,"logger":"py.warnings"}
{"timestamp":"2025-12-17T11:52:10.170119Z","level":"warning","event":"The `airflow.operators.empty.EmptyOperator` attribute is deprecated. Please use `'airflow.providers.standard.operators.empty.EmptyOperator'`.","category":"DeprecatedImportWarning","filename":"/opt/airflow/dags/dag.py","lineno":3,"logger":"py.warnings"}
{"timestamp":"2025-12-17T11:52:40.643980Z","level":"info","event":"Filling up the DagBag from /opt/airflow/dags/dag.py","logger":"airflow.models.dagbag.DagBag","filename":"dagbag.py","lineno":593}
{"timestamp":"2025-12-17T11:52:40.697372Z","level":"warning","event":"The `airflow.decorators.dag` attribute is deprecated. Please use `'airflow.sdk.dag'`.","category":"DeprecatedImportWarning","filename":"/opt/airflow/dags/dag.py","lineno":1,"logger":"py.warnings"}
{"timestamp":"2025-12-17T11:52:40.697663Z","level":"warning","event":"The `airflow.decorators.task` attribute is deprecated. Please use `'airflow.sdk.task'`.","category":"DeprecatedImportWarning","filename":"/opt/airflow/dags/dag.py","lineno":2,"logger":"py.warnings"}
{"timestamp":"2025-12-17T11:52:40.698114Z","level":"warning","event":"The `airflow.operators.empty.EmptyOperator` attribute is deprecated. Please use `'airflow.providers.standard.operators.empty.EmptyOperator'`.","category":"DeprecatedImportWarning","filename":"/opt/airflow/dags/dag.py","lineno":3,"logger":"py.warnings"}
{"timestamp":"2025-12-17T11:53:11.109208Z","level":"info","event":"Filling up the DagBag from /opt/airflow/dags/dag.py","logger":"airflow.models.dagbag.DagBag","filename":"dagbag.py","lineno":593}
{"timestamp":"2025-12-17T11:53:11.151101Z","level":"warning","event":"The `airflow.decorators.dag` attribute is deprecated. Please use `'airflow.sdk.dag'`.","category":"DeprecatedImportWarning","filename":"/opt/airflow/dags/dag.py","lineno":1,"logger":"py.warnings"}
{"timestamp":"2025-12-17T11:53:11.151184Z","level":"warning","event":"The `airflow.decorators.task` attribute is deprecated. Please use `'airflow.sdk.task'`.","category":"DeprecatedImportWarning","filename":"/opt/airflow/dags/dag.py","lineno":2,"logger":"py.warnings"}
{"timestamp":"2025-12-17T11:53:11.151210Z","level":"warning","event":"The `airflow.operators.empty.EmptyOperator` attribute is deprecated. Please use `'airflow.providers.standard.operators.empty.EmptyOperator'`.","category":"DeprecatedImportWarning","filename":"/opt/airflow/dags/dag.py","lineno":3,"logger":"py.warnings"}
{"timestamp":"2025-12-17T11:53:41.607934Z","level":"info","event":"Filling up the DagBag from /opt/airflow/dags/dag.py","logger":"airflow.models.dagbag.DagBag","filename":"dagbag.py","lineno":593}
{"timestamp":"2025-12-17T11:53:41.650299Z","level":"warning","event":"The `airflow.decorators.dag` attribute is deprecated. Please use `'airflow.sdk.dag'`.","category":"DeprecatedImportWarning","filename":"/opt/airflow/dags/dag.py","lineno":1,"logger":"py.warnings"}
{"timestamp":"2025-12-17T11:53:41.650388Z","level":"warning","event":"The `airflow.decorators.task` attribute is deprecated. Please use `'airflow.sdk.task'`.","category":"DeprecatedImportWarning","filename":"/opt/airflow/dags/dag.py","lineno":2,"logger":"py.warnings"}
{"timestamp":"2025-12-17T11:53:41.650413Z","level":"warning","event":"The `airflow.operators.empty.EmptyOperator` attribute is deprecated. Please use `'airflow.providers.standard.operators.empty.EmptyOperator'`.","category":"DeprecatedImportWarning","filename":"/opt/airflow/dags/dag.py","lineno":3,"logger":"py.warnings"}
{"timestamp":"2025-12-17T11:54:12.015974Z","level":"info","event":"Filling up the DagBag from /opt/airflow/dags/dag.py","logger":"airflow.models.dagbag.DagBag","filename":"dagbag.py","lineno":593}
{"timestamp":"2025-12-17T11:54:12.035424Z","level":"warning","event":"The `airflow.decorators.dag` attribute is deprecated. Please use `'airflow.sdk.dag'`.","category":"DeprecatedImportWarning","filename":"/opt/airflow/dags/dag.py","lineno":1,"logger":"py.warnings"}
{"timestamp":"2025-12-17T11:54:12.035495Z","level":"warning","event":"The `airflow.decorators.task` attribute is deprecated. Please use `'airflow.sdk.task'`.","category":"DeprecatedImportWarning","filename":"/opt/airflow/dags/dag.py","lineno":2,"logger":"py.warnings"}
{"timestamp":"2025-12-17T11:54:12.035521Z","level":"warning","event":"The `airflow.operators.empty.EmptyOperator` attribute is deprecated. Please use `'airflow.providers.standard.operators.empty.EmptyOperator'`.","category":"DeprecatedImportWarning","filename":"/opt/airflow/dags/dag.py","lineno":3,"logger":"py.warnings"}
{"timestamp":"2025-12-17T11:54:42.418127Z","level":"info","event":"Filling up the DagBag from /opt/airflow/dags/dag.py","logger":"airflow.models.dagbag.DagBag","filename":"dagbag.py","lineno":593}
{"timestamp":"2025-12-17T11:54:42.448777Z","level":"warning","event":"The `airflow.decorators.dag` attribute is deprecated. Please use `'airflow.sdk.dag'`.","category":"DeprecatedImportWarning","filename":"/opt/airflow/dags/dag.py","lineno":1,"logger":"py.warnings"}
{"timestamp":"2025-12-17T11:54:42.448840Z","level":"warning","event":"The `airflow.decorators.task` attribute is deprecated. Please use `'airflow.sdk.task'`.","category":"DeprecatedImportWarning","filename":"/opt/airflow/dags/dag.py","lineno":2,"logger":"py.warnings"}
{"timestamp":"2025-12-17T11:54:42.448865Z","level":"warning","event":"The `airflow.operators.empty.EmptyOperator` attribute is deprecated. Please use `'airflow.providers.standard.operators.empty.EmptyOperator'`.","category":"DeprecatedImportWarning","filename":"/opt/airflow/dags/dag.py","lineno":3,"logger":"py.warnings"}
{"timestamp":"2025-12-17T11:55:12.799224Z","level":"info","event":"Filling up the DagBag from /opt/airflow/dags/dag.py","logger":"airflow.models.dagbag.DagBag","filename":"dagbag.py","lineno":593}
{"timestamp":"2025-12-17T11:55:12.847126Z","level":"warning","event":"The `airflow.decorators.dag` attribute is deprecated. Please use `'airflow.sdk.dag'`.","category":"DeprecatedImportWarning","filename":"/opt/airflow/dags/dag.py","lineno":1,"logger":"py.warnings"}
{"timestamp":"2025-12-17T11:55:12.847184Z","level":"warning","event":"The `airflow.decorators.task` attribute is deprecated. Please use `'airflow.sdk.task'`.","category":"DeprecatedImportWarning","filename":"/opt/airflow/dags/dag.py","lineno":2,"logger":"py.warnings"}
{"timestamp":"2025-12-17T11:55:12.847208Z","level":"warning","event":"The `airflow.operators.empty.EmptyOperator` attribute is deprecated. Please use `'airflow.providers.standard.operators.empty.EmptyOperator'`.","category":"DeprecatedImportWarning","filename":"/opt/airflow/dags/dag.py","lineno":3,"logger":"py.warnings"}
{"timestamp":"2025-12-17T11:55:43.207862Z","level":"info","event":"Filling up the DagBag from /opt/airflow/dags/dag.py","logger":"airflow.models.dagbag.DagBag","filename":"dagbag.py","lineno":593}
{"timestamp":"2025-12-17T11:55:43.239618Z","level":"warning","event":"The `airflow.decorators.dag` attribute is deprecated. Please use `'airflow.sdk.dag'`.","category":"DeprecatedImportWarning","filename":"/opt/airflow/dags/dag.py","lineno":1,"logger":"py.warnings"}
{"timestamp":"2025-12-17T11:55:43.239809Z","level":"warning","event":"The `airflow.decorators.task` attribute is deprecated. Please use `'airflow.sdk.task'`.","category":"DeprecatedImportWarning","filename":"/opt/airflow/dags/dag.py","lineno":2,"logger":"py.warnings"}
{"timestamp":"2025-12-17T11:55:43.239856Z","level":"warning","event":"The `airflow.operators.empty.EmptyOperator` attribute is deprecated. Please use `'airflow.providers.standard.operators.empty.EmptyOperator'`.","category":"DeprecatedImportWarning","filename":"/opt/airflow/dags/dag.py","lineno":3,"logger":"py.warnings"}
{"timestamp":"2025-12-17T11:56:13.594625Z","level":"info","event":"Filling up the DagBag from /opt/airflow/dags/dag.py","logger":"airflow.models.dagbag.DagBag","filename":"dagbag.py","lineno":593}
{"timestamp":"2025-12-17T11:56:13.630928Z","level":"warning","event":"The `airflow.decorators.dag` attribute is deprecated. Please use `'airflow.sdk.dag'`.","category":"DeprecatedImportWarning","filename":"/opt/airflow/dags/dag.py","lineno":1,"logger":"py.warnings"}
{"timestamp":"2025-12-17T11:56:13.630986Z","level":"warning","event":"The `airflow.decorators.task` attribute is deprecated. Please use `'airflow.sdk.task'`.","category":"DeprecatedImportWarning","filename":"/opt/airflow/dags/dag.py","lineno":2,"logger":"py.warnings"}
{"timestamp":"2025-12-17T11:56:13.631013Z","level":"warning","event":"The `airflow.operators.empty.EmptyOperator` attribute is deprecated. Please use `'airflow.providers.standard.operators.empty.EmptyOperator'`.","category":"DeprecatedImportWarning","filename":"/opt/airflow/dags/dag.py","lineno":3,"logger":"py.warnings"}
{"timestamp":"2025-12-17T11:56:44.010281Z","level":"info","event":"Filling up the DagBag from /opt/airflow/dags/dag.py","logger":"airflow.models.dagbag.DagBag","filename":"dagbag.py","lineno":593}
{"timestamp":"2025-12-17T11:56:44.039997Z","level":"warning","event":"The `airflow.decorators.dag` attribute is deprecated. Please use `'airflow.sdk.dag'`.","category":"DeprecatedImportWarning","filename":"/opt/airflow/dags/dag.py","lineno":1,"logger":"py.warnings"}
{"timestamp":"2025-12-17T11:56:44.040059Z","level":"warning","event":"The `airflow.decorators.task` attribute is deprecated. Please use `'airflow.sdk.task'`.","category":"DeprecatedImportWarning","filename":"/opt/airflow/dags/dag.py","lineno":2,"logger":"py.warnings"}
{"timestamp":"2025-12-17T11:56:44.040087Z","level":"warning","event":"The `airflow.operators.empty.EmptyOperator` attribute is deprecated. Please use `'airflow.providers.standard.operators.empty.EmptyOperator'`.","category":"DeprecatedImportWarning","filename":"/opt/airflow/dags/dag.py","lineno":3,"logger":"py.warnings"}
{"timestamp":"2025-12-17T11:57:14.414958Z","level":"info","event":"Filling up the DagBag from /opt/airflow/dags/dag.py","logger":"airflow.models.dagbag.DagBag","filename":"dagbag.py","lineno":593}
{"timestamp":"2025-12-17T11:57:14.444905Z","level":"warning","event":"The `airflow.decorators.dag` attribute is deprecated. Please use `'airflow.sdk.dag'`.","category":"DeprecatedImportWarning","filename":"/opt/airflow/dags/dag.py","lineno":1,"logger":"py.warnings"}
{"timestamp":"2025-12-17T11:57:14.445075Z","level":"warning","event":"The `airflow.decorators.task` attribute is deprecated. Please use `'airflow.sdk.task'`.","category":"DeprecatedImportWarning","filename":"/opt/airflow/dags/dag.py","lineno":2,"logger":"py.warnings"}
{"timestamp":"2025-12-17T11:57:14.445123Z","level":"warning","event":"The `airflow.operators.empty.EmptyOperator` attribute is deprecated. Please use `'airflow.providers.standard.operators.empty.EmptyOperator'`.","category":"DeprecatedImportWarning","filename":"/opt/airflow/dags/dag.py","lineno":3,"logger":"py.warnings"}
{"timestamp":"2025-12-17T11:57:44.793111Z","level":"info","event":"Filling up the DagBag from /opt/airflow/dags/dag.py","logger":"airflow.models.dagbag.DagBag","filename":"dagbag.py","lineno":593}
{"timestamp":"2025-12-17T11:57:44.820288Z","level":"warning","event":"The `airflow.decorators.dag` attribute is deprecated. Please use `'airflow.sdk.dag'`.","category":"DeprecatedImportWarning","filename":"/opt/airflow/dags/dag.py","lineno":1,"logger":"py.warnings"}
{"timestamp":"2025-12-17T11:57:44.820347Z","level":"warning","event":"The `airflow.decorators.task` attribute is deprecated. Please use `'airflow.sdk.task'`.","category":"DeprecatedImportWarning","filename":"/opt/airflow/dags/dag.py","lineno":2,"logger":"py.warnings"}
{"timestamp":"2025-12-17T11:57:44.820374Z","level":"warning","event":"The `airflow.operators.empty.EmptyOperator` attribute is deprecated. Please use `'airflow.providers.standard.operators.empty.EmptyOperator'`.","category":"DeprecatedImportWarning","filename":"/opt/airflow/dags/dag.py","lineno":3,"logger":"py.warnings"}
{"timestamp":"2025-12-17T11:58:15.160536Z","level":"info","event":"Filling up the DagBag from /opt/airflow/dags/dag.py","logger":"airflow.models.dagbag.DagBag","filename":"dagbag.py","lineno":593}
{"timestamp":"2025-12-17T11:58:15.206254Z","level":"warning","event":"The `airflow.decorators.dag` attribute is deprecated. Please use `'airflow.sdk.dag'`.","category":"DeprecatedImportWarning","filename":"/opt/airflow/dags/dag.py","lineno":1,"logger":"py.warnings"}
{"timestamp":"2025-12-17T11:58:15.206317Z","level":"warning","event":"The `airflow.decorators.task` attribute is deprecated. Please use `'airflow.sdk.task'`.","category":"DeprecatedImportWarning","filename":"/opt/airflow/dags/dag.py","lineno":2,"logger":"py.warnings"}
{"timestamp":"2025-12-17T11:58:15.206342Z","level":"warning","event":"The `airflow.operators.empty.EmptyOperator` attribute is deprecated. Please use `'airflow.providers.standard.operators.empty.EmptyOperator'`.","category":"DeprecatedImportWarning","filename":"/opt/airflow/dags/dag.py","lineno":3,"logger":"py.warnings"}
{"timestamp":"2025-12-17T11:58:45.628728Z","level":"info","event":"Filling up the DagBag from /opt/airflow/dags/dag.py","logger":"airflow.models.dagbag.DagBag","filename":"dagbag.py","lineno":593}
{"timestamp":"2025-12-17T11:58:45.665315Z","level":"warning","event":"The `airflow.decorators.dag` attribute is deprecated. Please use `'airflow.sdk.dag'`.","category":"DeprecatedImportWarning","filename":"/opt/airflow/dags/dag.py","lineno":1,"logger":"py.warnings"}
{"timestamp":"2025-12-17T11:58:45.665383Z","level":"warning","event":"The `airflow.decorators.task` attribute is deprecated. Please use `'airflow.sdk.task'`.","category":"DeprecatedImportWarning","filename":"/opt/airflow/dags/dag.py","lineno":2,"logger":"py.warnings"}
{"timestamp":"2025-12-17T11:58:45.665422Z","level":"warning","event":"The `airflow.operators.empty.EmptyOperator` attribute is deprecated. Please use `'airflow.providers.standard.operators.empty.EmptyOperator'`.","category":"DeprecatedImportWarning","filename":"/opt/airflow/dags/dag.py","lineno":3,"logger":"py.warnings"}
{"timestamp":"2025-12-17T11:59:16.083038Z","level":"info","event":"Filling up the DagBag from /opt/airflow/dags/dag.py","logger":"airflow.models.dagbag.DagBag","filename":"dagbag.py","lineno":593}
{"timestamp":"2025-12-17T11:59:16.121515Z","level":"warning","event":"The `airflow.decorators.dag` attribute is deprecated. Please use `'airflow.sdk.dag'`.","category":"DeprecatedImportWarning","filename":"/opt/airflow/dags/dag.py","lineno":1,"logger":"py.warnings"}
{"timestamp":"2025-12-17T11:59:16.121696Z","level":"warning","event":"The `airflow.decorators.task` attribute is deprecated. Please use `'airflow.sdk.task'`.","category":"DeprecatedImportWarning","filename":"/opt/airflow/dags/dag.py","lineno":2,"logger":"py.warnings"}
{"timestamp":"2025-12-17T11:59:16.121736Z","level":"warning","event":"The `airflow.operators.empty.EmptyOperator` attribute is deprecated. Please use `'airflow.providers.standard.operators.empty.EmptyOperator'`.","category":"DeprecatedImportWarning","filename":"/opt/airflow/dags/dag.py","lineno":3,"logger":"py.warnings"}
{"timestamp":"2025-12-17T11:59:46.519003Z","level":"info","event":"Filling up the DagBag from /opt/airflow/dags/dag.py","logger":"airflow.models.dagbag.DagBag","filename":"dagbag.py","lineno":593}
{"timestamp":"2025-12-17T11:59:46.550560Z","level":"warning","event":"The `airflow.decorators.dag` attribute is deprecated. Please use `'airflow.sdk.dag'`.","category":"DeprecatedImportWarning","filename":"/opt/airflow/dags/dag.py","lineno":1,"logger":"py.warnings"}
{"timestamp":"2025-12-17T11:59:46.550619Z","level":"warning","event":"The `airflow.decorators.task` attribute is deprecated. Please use `'airflow.sdk.task'`.","category":"DeprecatedImportWarning","filename":"/opt/airflow/dags/dag.py","lineno":2,"logger":"py.warnings"}
{"timestamp":"2025-12-17T11:59:46.550645Z","level":"warning","event":"The `airflow.operators.empty.EmptyOperator` attribute is deprecated. Please use `'airflow.providers.standard.operators.empty.EmptyOperator'`.","category":"DeprecatedImportWarning","filename":"/opt/airflow/dags/dag.py","lineno":3,"logger":"py.warnings"}
{"timestamp":"2025-12-17T12:00:16.954505Z","level":"info","event":"Filling up the DagBag from /opt/airflow/dags/dag.py","logger":"airflow.models.dagbag.DagBag","filename":"dagbag.py","lineno":593}
{"timestamp":"2025-12-17T12:00:16.985184Z","level":"warning","event":"The `airflow.decorators.dag` attribute is deprecated. Please use `'airflow.sdk.dag'`.","category":"DeprecatedImportWarning","filename":"/opt/airflow/dags/dag.py","lineno":1,"logger":"py.warnings"}
{"timestamp":"2025-12-17T12:00:16.985244Z","level":"warning","event":"The `airflow.decorators.task` attribute is deprecated. Please use `'airflow.sdk.task'`.","category":"DeprecatedImportWarning","filename":"/opt/airflow/dags/dag.py","lineno":2,"logger":"py.warnings"}
{"timestamp":"2025-12-17T12:00:16.985274Z","level":"warning","event":"The `airflow.operators.empty.EmptyOperator` attribute is deprecated. Please use `'airflow.providers.standard.operators.empty.EmptyOperator'`.","category":"DeprecatedImportWarning","filename":"/opt/airflow/dags/dag.py","lineno":3,"logger":"py.warnings"}
{"timestamp":"2025-12-17T12:00:47.391426Z","level":"info","event":"Filling up the DagBag from /opt/airflow/dags/dag.py","logger":"airflow.models.dagbag.DagBag","filename":"dagbag.py","lineno":593}
{"timestamp":"2025-12-17T12:00:47.438224Z","level":"warning","event":"The `airflow.decorators.dag` attribute is deprecated. Please use `'airflow.sdk.dag'`.","category":"DeprecatedImportWarning","filename":"/opt/airflow/dags/dag.py","lineno":1,"logger":"py.warnings"}
{"timestamp":"2025-12-17T12:00:47.438287Z","level":"warning","event":"The `airflow.decorators.task` attribute is deprecated. Please use `'airflow.sdk.task'`.","category":"DeprecatedImportWarning","filename":"/opt/airflow/dags/dag.py","lineno":2,"logger":"py.warnings"}
{"timestamp":"2025-12-17T12:00:47.438312Z","level":"warning","event":"The `airflow.operators.empty.EmptyOperator` attribute is deprecated. Please use `'airflow.providers.standard.operators.empty.EmptyOperator'`.","category":"DeprecatedImportWarning","filename":"/opt/airflow/dags/dag.py","lineno":3,"logger":"py.warnings"}
{"timestamp":"2025-12-17T12:01:17.857052Z","level":"info","event":"Filling up the DagBag from /opt/airflow/dags/dag.py","logger":"airflow.models.dagbag.DagBag","filename":"dagbag.py","lineno":593}
{"timestamp":"2025-12-17T12:01:17.909981Z","level":"warning","event":"The `airflow.decorators.dag` attribute is deprecated. Please use `'airflow.sdk.dag'`.","category":"DeprecatedImportWarning","filename":"/opt/airflow/dags/dag.py","lineno":1,"logger":"py.warnings"}
{"timestamp":"2025-12-17T12:01:17.910369Z","level":"warning","event":"The `airflow.decorators.task` attribute is deprecated. Please use `'airflow.sdk.task'`.","category":"DeprecatedImportWarning","filename":"/opt/airflow/dags/dag.py","lineno":2,"logger":"py.warnings"}
{"timestamp":"2025-12-17T12:01:17.910402Z","level":"warning","event":"The `airflow.operators.empty.EmptyOperator` attribute is deprecated. Please use `'airflow.providers.standard.operators.empty.EmptyOperator'`.","category":"DeprecatedImportWarning","filename":"/opt/airflow/dags/dag.py","lineno":3,"logger":"py.warnings"}
{"timestamp":"2025-12-17T12:01:48.259353Z","level":"info","event":"Filling up the DagBag from /opt/airflow/dags/dag.py","logger":"airflow.models.dagbag.DagBag","filename":"dagbag.py","lineno":593}
{"timestamp":"2025-12-17T12:01:48.287864Z","level":"warning","event":"The `airflow.decorators.dag` attribute is deprecated. Please use `'airflow.sdk.dag'`.","category":"DeprecatedImportWarning","filename":"/opt/airflow/dags/dag.py","lineno":1,"logger":"py.warnings"}
{"timestamp":"2025-12-17T12:01:48.288048Z","level":"warning","event":"The `airflow.decorators.task` attribute is deprecated. Please use `'airflow.sdk.task'`.","category":"DeprecatedImportWarning","filename":"/opt/airflow/dags/dag.py","lineno":2,"logger":"py.warnings"}
{"timestamp":"2025-12-17T12:01:48.288099Z","level":"warning","event":"The `airflow.operators.empty.EmptyOperator` attribute is deprecated. Please use `'airflow.providers.standard.operators.empty.EmptyOperator'`.","category":"DeprecatedImportWarning","filename":"/opt/airflow/dags/dag.py","lineno":3,"logger":"py.warnings"}
{"timestamp":"2025-12-17T12:02:18.709202Z","level":"info","event":"Filling up the DagBag from /opt/airflow/dags/dag.py","logger":"airflow.models.dagbag.DagBag","filename":"dagbag.py","lineno":593}
{"timestamp":"2025-12-17T12:02:18.749127Z","level":"warning","event":"The `airflow.decorators.dag` attribute is deprecated. Please use `'airflow.sdk.dag'`.","category":"DeprecatedImportWarning","filename":"/opt/airflow/dags/dag.py","lineno":1,"logger":"py.warnings"}
{"timestamp":"2025-12-17T12:02:18.749184Z","level":"warning","event":"The `airflow.decorators.task` attribute is deprecated. Please use `'airflow.sdk.task'`.","category":"DeprecatedImportWarning","filename":"/opt/airflow/dags/dag.py","lineno":2,"logger":"py.warnings"}
{"timestamp":"2025-12-17T12:02:18.749207Z","level":"warning","event":"The `airflow.operators.empty.EmptyOperator` attribute is deprecated. Please use `'airflow.providers.standard.operators.empty.EmptyOperator'`.","category":"DeprecatedImportWarning","filename":"/opt/airflow/dags/dag.py","lineno":3,"logger":"py.warnings"}
{"timestamp":"2025-12-17T12:02:49.165923Z","level":"info","event":"Filling up the DagBag from /opt/airflow/dags/dag.py","logger":"airflow.models.dagbag.DagBag","filename":"dagbag.py","lineno":593}
{"timestamp":"2025-12-17T12:02:49.198158Z","level":"warning","event":"The `airflow.decorators.dag` attribute is deprecated. Please use `'airflow.sdk.dag'`.","category":"DeprecatedImportWarning","filename":"/opt/airflow/dags/dag.py","lineno":1,"logger":"py.warnings"}
{"timestamp":"2025-12-17T12:02:49.198393Z","level":"warning","event":"The `airflow.decorators.task` attribute is deprecated. Please use `'airflow.sdk.task'`.","category":"DeprecatedImportWarning","filename":"/opt/airflow/dags/dag.py","lineno":2,"logger":"py.warnings"}
{"timestamp":"2025-12-17T12:02:49.198779Z","level":"warning","event":"The `airflow.operators.empty.EmptyOperator` attribute is deprecated. Please use `'airflow.providers.standard.operators.empty.EmptyOperator'`.","category":"DeprecatedImportWarning","filename":"/opt/airflow/dags/dag.py","lineno":3,"logger":"py.warnings"}
{"timestamp":"2025-12-17T12:03:19.597708Z","level":"info","event":"Filling up the DagBag from /opt/airflow/dags/dag.py","logger":"airflow.models.dagbag.DagBag","filename":"dagbag.py","lineno":593}
{"timestamp":"2025-12-17T12:03:19.639169Z","level":"warning","event":"The `airflow.decorators.dag` attribute is deprecated. Please use `'airflow.sdk.dag'`.","category":"DeprecatedImportWarning","filename":"/opt/airflow/dags/dag.py","lineno":1,"logger":"py.warnings"}
{"timestamp":"2025-12-17T12:03:19.639384Z","level":"warning","event":"The `airflow.decorators.task` attribute is deprecated. Please use `'airflow.sdk.task'`.","category":"DeprecatedImportWarning","filename":"/opt/airflow/dags/dag.py","lineno":2,"logger":"py.warnings"}
{"timestamp":"2025-12-17T12:03:19.639804Z","level":"warning","event":"The `airflow.operators.empty.EmptyOperator` attribute is deprecated. Please use `'airflow.providers.standard.operators.empty.EmptyOperator'`.","category":"DeprecatedImportWarning","filename":"/opt/airflow/dags/dag.py","lineno":3,"logger":"py.warnings"}
{"timestamp":"2025-12-17T12:03:50.097944Z","level":"info","event":"Filling up the DagBag from /opt/airflow/dags/dag.py","logger":"airflow.models.dagbag.DagBag","filename":"dagbag.py","lineno":593}
{"timestamp":"2025-12-17T12:03:50.142485Z","level":"warning","event":"The `airflow.decorators.dag` attribute is deprecated. Please use `'airflow.sdk.dag'`.","category":"DeprecatedImportWarning","filename":"/opt/airflow/dags/dag.py","lineno":1,"logger":"py.warnings"}
{"timestamp":"2025-12-17T12:03:50.142548Z","level":"warning","event":"The `airflow.decorators.task` attribute is deprecated. Please use `'airflow.sdk.task'`.","category":"DeprecatedImportWarning","filename":"/opt/airflow/dags/dag.py","lineno":2,"logger":"py.warnings"}
{"timestamp":"2025-12-17T12:03:50.142575Z","level":"warning","event":"The `airflow.operators.empty.EmptyOperator` attribute is deprecated. Please use `'airflow.providers.standard.operators.empty.EmptyOperator'`.","category":"DeprecatedImportWarning","filename":"/opt/airflow/dags/dag.py","lineno":3,"logger":"py.warnings"}
{"timestamp":"2025-12-17T12:19:08.235415Z","level":"info","event":"Filling up the DagBag from /opt/airflow/dags/dag.py","logger":"airflow.models.dagbag.DagBag","filename":"dagbag.py","lineno":593}
{"timestamp":"2025-12-17T12:19:08.282256Z","level":"warning","event":"The `airflow.decorators.dag` attribute is deprecated. Please use `'airflow.sdk.dag'`.","category":"DeprecatedImportWarning","filename":"/opt/airflow/dags/dag.py","lineno":1,"logger":"py.warnings"}
{"timestamp":"2025-12-17T12:19:08.282323Z","level":"warning","event":"The `airflow.decorators.task` attribute is deprecated. Please use `'airflow.sdk.task'`.","category":"DeprecatedImportWarning","filename":"/opt/airflow/dags/dag.py","lineno":2,"logger":"py.warnings"}
{"timestamp":"2025-12-17T12:19:08.282357Z","level":"warning","event":"The `airflow.operators.empty.EmptyOperator` attribute is deprecated. Please use `'airflow.providers.standard.operators.empty.EmptyOperator'`.","category":"DeprecatedImportWarning","filename":"/opt/airflow/dags/dag.py","lineno":3,"logger":"py.warnings"}
{"timestamp":"2025-12-17T12:19:38.707706Z","level":"info","event":"Filling up the DagBag from /opt/airflow/dags/dag.py","logger":"airflow.models.dagbag.DagBag","filename":"dagbag.py","lineno":593}
{"timestamp":"2025-12-17T12:19:38.739007Z","level":"warning","event":"The `airflow.decorators.dag` attribute is deprecated. Please use `'airflow.sdk.dag'`.","category":"DeprecatedImportWarning","filename":"/opt/airflow/dags/dag.py","lineno":1,"logger":"py.warnings"}
{"timestamp":"2025-12-17T12:19:38.739098Z","level":"warning","event":"The `airflow.decorators.task` attribute is deprecated. Please use `'airflow.sdk.task'`.","category":"DeprecatedImportWarning","filename":"/opt/airflow/dags/dag.py","lineno":2,"logger":"py.warnings"}
{"timestamp":"2025-12-17T12:19:38.739126Z","level":"warning","event":"The `airflow.operators.empty.EmptyOperator` attribute is deprecated. Please use `'airflow.providers.standard.operators.empty.EmptyOperator'`.","category":"DeprecatedImportWarning","filename":"/opt/airflow/dags/dag.py","lineno":3,"logger":"py.warnings"}
{"timestamp":"2025-12-17T12:21:26.342462Z","level":"info","event":"Filling up the DagBag from /opt/airflow/dags/dag.py","logger":"airflow.models.dagbag.DagBag","filename":"dagbag.py","lineno":593}
{"timestamp":"2025-12-17T12:21:26.382652Z","level":"warning","event":"The `airflow.decorators.dag` attribute is deprecated. Please use `'airflow.sdk.dag'`.","category":"DeprecatedImportWarning","filename":"/opt/airflow/dags/dag.py","lineno":1,"logger":"py.warnings"}
{"timestamp":"2025-12-17T12:21:26.382723Z","level":"warning","event":"The `airflow.decorators.task` attribute is deprecated. Please use `'airflow.sdk.task'`.","category":"DeprecatedImportWarning","filename":"/opt/airflow/dags/dag.py","lineno":2,"logger":"py.warnings"}
{"timestamp":"2025-12-17T12:21:26.382751Z","level":"warning","event":"The `airflow.operators.empty.EmptyOperator` attribute is deprecated. Please use `'airflow.providers.standard.operators.empty.EmptyOperator'`.","category":"DeprecatedImportWarning","filename":"/opt/airflow/dags/dag.py","lineno":3,"logger":"py.warnings"}
{"timestamp":"2025-12-17T12:34:35.438457Z","level":"info","event":"Filling up the DagBag from /opt/airflow/dags/dag.py","logger":"airflow.models.dagbag.DagBag","filename":"dagbag.py","lineno":593}
{"timestamp":"2025-12-17T12:34:35.483175Z","level":"warning","event":"The `airflow.decorators.dag` attribute is deprecated. Please use `'airflow.sdk.dag'`.","category":"DeprecatedImportWarning","filename":"/opt/airflow/dags/dag.py","lineno":1,"logger":"py.warnings"}
{"timestamp":"2025-12-17T12:34:35.483241Z","level":"warning","event":"The `airflow.decorators.task` attribute is deprecated. Please use `'airflow.sdk.task'`.","category":"DeprecatedImportWarning","filename":"/opt/airflow/dags/dag.py","lineno":2,"logger":"py.warnings"}
{"timestamp":"2025-12-17T12:34:35.483275Z","level":"warning","event":"The `airflow.operators.empty.EmptyOperator` attribute is deprecated. Please use `'airflow.providers.standard.operators.empty.EmptyOperator'`.","category":"DeprecatedImportWarning","filename":"/opt/airflow/dags/dag.py","lineno":3,"logger":"py.warnings"}
{"timestamp":"2025-12-17T12:35:05.820803Z","level":"info","event":"Filling up the DagBag from /opt/airflow/dags/dag.py","logger":"airflow.models.dagbag.DagBag","filename":"dagbag.py","lineno":593}
{"timestamp":"2025-12-17T12:35:05.840249Z","level":"warning","event":"The `airflow.decorators.dag` attribute is deprecated. Please use `'airflow.sdk.dag'`.","category":"DeprecatedImportWarning","filename":"/opt/airflow/dags/dag.py","lineno":1,"logger":"py.warnings"}
{"timestamp":"2025-12-17T12:35:05.840712Z","level":"warning","event":"The `airflow.decorators.task` attribute is deprecated. Please use `'airflow.sdk.task'`.","category":"DeprecatedImportWarning","filename":"/opt/airflow/dags/dag.py","lineno":2,"logger":"py.warnings"}
{"timestamp":"2025-12-17T12:35:05.840760Z","level":"warning","event":"The `airflow.operators.empty.EmptyOperator` attribute is deprecated. Please use `'airflow.providers.standard.operators.empty.EmptyOperator'`.","category":"DeprecatedImportWarning","filename":"/opt/airflow/dags/dag.py","lineno":3,"logger":"py.warnings"}
{"timestamp":"2025-12-17T12:40:29.893444Z","level":"info","event":"Filling up the DagBag from /opt/airflow/dags/dag.py","logger":"airflow.models.dagbag.DagBag","filename":"dagbag.py","lineno":593}
{"timestamp":"2025-12-17T12:40:29.947986Z","level":"warning","event":"The `airflow.decorators.dag` attribute is deprecated. Please use `'airflow.sdk.dag'`.","category":"DeprecatedImportWarning","filename":"/opt/airflow/dags/dag.py","lineno":1,"logger":"py.warnings"}
{"timestamp":"2025-12-17T12:40:29.948052Z","level":"warning","event":"The `airflow.decorators.task` attribute is deprecated. Please use `'airflow.sdk.task'`.","category":"DeprecatedImportWarning","filename":"/opt/airflow/dags/dag.py","lineno":2,"logger":"py.warnings"}
{"timestamp":"2025-12-17T12:40:29.948075Z","level":"warning","event":"The `airflow.operators.empty.EmptyOperator` attribute is deprecated. Please use `'airflow.providers.standard.operators.empty.EmptyOperator'`.","category":"DeprecatedImportWarning","filename":"/opt/airflow/dags/dag.py","lineno":3,"logger":"py.warnings"}
{"timestamp":"2025-12-17T12:41:00.389418Z","level":"info","event":"Filling up the DagBag from /opt/airflow/dags/dag.py","logger":"airflow.models.dagbag.DagBag","filename":"dagbag.py","lineno":593}
{"timestamp":"2025-12-17T12:41:00.434093Z","level":"warning","event":"The `airflow.decorators.dag` attribute is deprecated. Please use `'airflow.sdk.dag'`.","category":"DeprecatedImportWarning","filename":"/opt/airflow/dags/dag.py","lineno":1,"logger":"py.warnings"}
{"timestamp":"2025-12-17T12:41:00.434167Z","level":"warning","event":"The `airflow.decorators.task` attribute is deprecated. Please use `'airflow.sdk.task'`.","category":"DeprecatedImportWarning","filename":"/opt/airflow/dags/dag.py","lineno":2,"logger":"py.warnings"}
{"timestamp":"2025-12-17T12:41:00.434196Z","level":"warning","event":"The `airflow.operators.empty.EmptyOperator` attribute is deprecated. Please use `'airflow.providers.standard.operators.empty.EmptyOperator'`.","category":"DeprecatedImportWarning","filename":"/opt/airflow/dags/dag.py","lineno":3,"logger":"py.warnings"}
{"timestamp":"2025-12-17T12:45:37.971991Z","level":"info","event":"Filling up the DagBag from /opt/airflow/dags/dag.py","logger":"airflow.models.dagbag.DagBag","filename":"dagbag.py","lineno":593}
{"timestamp":"2025-12-17T12:45:38.020610Z","level":"warning","event":"The `airflow.decorators.dag` attribute is deprecated. Please use `'airflow.sdk.dag'`.","category":"DeprecatedImportWarning","filename":"/opt/airflow/dags/dag.py","lineno":1,"logger":"py.warnings"}
{"timestamp":"2025-12-17T12:45:38.020869Z","level":"warning","event":"The `airflow.decorators.task` attribute is deprecated. Please use `'airflow.sdk.task'`.","category":"DeprecatedImportWarning","filename":"/opt/airflow/dags/dag.py","lineno":2,"logger":"py.warnings"}
{"timestamp":"2025-12-17T12:45:38.020919Z","level":"warning","event":"The `airflow.operators.empty.EmptyOperator` attribute is deprecated. Please use `'airflow.providers.standard.operators.empty.EmptyOperator'`.","category":"DeprecatedImportWarning","filename":"/opt/airflow/dags/dag.py","lineno":3,"logger":"py.warnings"}
{"timestamp":"2025-12-17T12:46:08.358829Z","level":"info","event":"Filling up the DagBag from /opt/airflow/dags/dag.py","logger":"airflow.models.dagbag.DagBag","filename":"dagbag.py","lineno":593}
{"timestamp":"2025-12-17T12:46:08.402408Z","level":"warning","event":"The `airflow.decorators.dag` attribute is deprecated. Please use `'airflow.sdk.dag'`.","category":"DeprecatedImportWarning","filename":"/opt/airflow/dags/dag.py","lineno":1,"logger":"py.warnings"}
{"timestamp":"2025-12-17T12:46:08.402644Z","level":"warning","event":"The `airflow.decorators.task` attribute is deprecated. Please use `'airflow.sdk.task'`.","category":"DeprecatedImportWarning","filename":"/opt/airflow/dags/dag.py","lineno":2,"logger":"py.warnings"}
{"timestamp":"2025-12-17T12:46:08.402675Z","level":"warning","event":"The `airflow.operators.empty.EmptyOperator` attribute is deprecated. Please use `'airflow.providers.standard.operators.empty.EmptyOperator'`.","category":"DeprecatedImportWarning","filename":"/opt/airflow/dags/dag.py","lineno":3,"logger":"py.warnings"}
{"timestamp":"2025-12-17T12:50:50.835012Z","level":"info","event":"Filling up the DagBag from /opt/airflow/dags/dag.py","logger":"airflow.models.dagbag.DagBag","filename":"dagbag.py","lineno":593}
{"timestamp":"2025-12-17T12:50:50.874619Z","level":"warning","event":"The `airflow.decorators.dag` attribute is deprecated. Please use `'airflow.sdk.dag'`.","category":"DeprecatedImportWarning","filename":"/opt/airflow/dags/dag.py","lineno":1,"logger":"py.warnings"}
{"timestamp":"2025-12-17T12:50:50.874707Z","level":"warning","event":"The `airflow.decorators.task` attribute is deprecated. Please use `'airflow.sdk.task'`.","category":"DeprecatedImportWarning","filename":"/opt/airflow/dags/dag.py","lineno":2,"logger":"py.warnings"}
{"timestamp":"2025-12-17T12:50:50.874753Z","level":"warning","event":"The `airflow.operators.empty.EmptyOperator` attribute is deprecated. Please use `'airflow.providers.standard.operators.empty.EmptyOperator'`.","category":"DeprecatedImportWarning","filename":"/opt/airflow/dags/dag.py","lineno":3,"logger":"py.warnings"}
{"timestamp":"2025-12-17T12:55:33.381004Z","level":"info","event":"Filling up the DagBag from /opt/airflow/dags/dag.py","logger":"airflow.models.dagbag.DagBag","filename":"dagbag.py","lineno":593}
{"timestamp":"2025-12-17T12:55:33.429766Z","level":"warning","event":"The `airflow.decorators.dag` attribute is deprecated. Please use `'airflow.sdk.dag'`.","category":"DeprecatedImportWarning","filename":"/opt/airflow/dags/dag.py","lineno":1,"logger":"py.warnings"}
{"timestamp":"2025-12-17T12:55:33.429826Z","level":"warning","event":"The `airflow.decorators.task` attribute is deprecated. Please use `'airflow.sdk.task'`.","category":"DeprecatedImportWarning","filename":"/opt/airflow/dags/dag.py","lineno":2,"logger":"py.warnings"}
{"timestamp":"2025-12-17T12:55:33.429851Z","level":"warning","event":"The `airflow.operators.empty.EmptyOperator` attribute is deprecated. Please use `'airflow.providers.standard.operators.empty.EmptyOperator'`.","category":"DeprecatedImportWarning","filename":"/opt/airflow/dags/dag.py","lineno":3,"logger":"py.warnings"}
{"timestamp":"2025-12-17T12:56:03.849138Z","level":"info","event":"Filling up the DagBag from /opt/airflow/dags/dag.py","logger":"airflow.models.dagbag.DagBag","filename":"dagbag.py","lineno":593}
{"timestamp":"2025-12-17T12:56:03.872545Z","level":"warning","event":"The `airflow.decorators.dag` attribute is deprecated. Please use `'airflow.sdk.dag'`.","category":"DeprecatedImportWarning","filename":"/opt/airflow/dags/dag.py","lineno":1,"logger":"py.warnings"}
{"timestamp":"2025-12-17T12:56:03.872750Z","level":"warning","event":"The `airflow.decorators.task` attribute is deprecated. Please use `'airflow.sdk.task'`.","category":"DeprecatedImportWarning","filename":"/opt/airflow/dags/dag.py","lineno":2,"logger":"py.warnings"}
{"timestamp":"2025-12-17T12:56:03.873138Z","level":"warning","event":"The `airflow.operators.empty.EmptyOperator` attribute is deprecated. Please use `'airflow.providers.standard.operators.empty.EmptyOperator'`.","category":"DeprecatedImportWarning","filename":"/opt/airflow/dags/dag.py","lineno":3,"logger":"py.warnings"}
{"timestamp":"2025-12-17T13:00:22.401237Z","level":"info","event":"Filling up the DagBag from /opt/airflow/dags/dag.py","logger":"airflow.models.dagbag.DagBag","filename":"dagbag.py","lineno":593}
{"timestamp":"2025-12-17T13:00:22.470051Z","level":"warning","event":"The `airflow.decorators.dag` attribute is deprecated. Please use `'airflow.sdk.dag'`.","category":"DeprecatedImportWarning","filename":"/opt/airflow/dags/dag.py","lineno":1,"logger":"py.warnings"}
{"timestamp":"2025-12-17T13:00:22.470136Z","level":"warning","event":"The `airflow.decorators.task` attribute is deprecated. Please use `'airflow.sdk.task'`.","category":"DeprecatedImportWarning","filename":"/opt/airflow/dags/dag.py","lineno":2,"logger":"py.warnings"}
{"timestamp":"2025-12-17T13:00:22.470170Z","level":"warning","event":"The `airflow.operators.empty.EmptyOperator` attribute is deprecated. Please use `'airflow.providers.standard.operators.empty.EmptyOperator'`.","category":"DeprecatedImportWarning","filename":"/opt/airflow/dags/dag.py","lineno":3,"logger":"py.warnings"}
{"timestamp":"2025-12-17T13:00:52.920223Z","level":"info","event":"Filling up the DagBag from /opt/airflow/dags/dag.py","logger":"airflow.models.dagbag.DagBag","filename":"dagbag.py","lineno":593}
{"timestamp":"2025-12-17T13:00:52.962064Z","level":"warning","event":"The `airflow.decorators.dag` attribute is deprecated. Please use `'airflow.sdk.dag'`.","category":"DeprecatedImportWarning","filename":"/opt/airflow/dags/dag.py","lineno":1,"logger":"py.warnings"}
{"timestamp":"2025-12-17T13:00:52.962307Z","level":"warning","event":"The `airflow.decorators.task` attribute is deprecated. Please use `'airflow.sdk.task'`.","category":"DeprecatedImportWarning","filename":"/opt/airflow/dags/dag.py","lineno":2,"logger":"py.warnings"}
{"timestamp":"2025-12-17T13:00:52.962349Z","level":"warning","event":"The `airflow.operators.empty.EmptyOperator` attribute is deprecated. Please use `'airflow.providers.standard.operators.empty.EmptyOperator'`.","category":"DeprecatedImportWarning","filename":"/opt/airflow/dags/dag.py","lineno":3,"logger":"py.warnings"}
{"timestamp":"2025-12-17T13:01:23.320200Z","level":"info","event":"Filling up the DagBag from /opt/airflow/dags/dag.py","logger":"airflow.models.dagbag.DagBag","filename":"dagbag.py","lineno":593}
{"timestamp":"2025-12-17T13:01:23.359766Z","level":"warning","event":"The `airflow.decorators.dag` attribute is deprecated. Please use `'airflow.sdk.dag'`.","category":"DeprecatedImportWarning","filename":"/opt/airflow/dags/dag.py","lineno":1,"logger":"py.warnings"}
{"timestamp":"2025-12-17T13:01:23.359860Z","level":"warning","event":"The `airflow.decorators.task` attribute is deprecated. Please use `'airflow.sdk.task'`.","category":"DeprecatedImportWarning","filename":"/opt/airflow/dags/dag.py","lineno":2,"logger":"py.warnings"}
{"timestamp":"2025-12-17T13:01:23.359904Z","level":"warning","event":"The `airflow.operators.empty.EmptyOperator` attribute is deprecated. Please use `'airflow.providers.standard.operators.empty.EmptyOperator'`.","category":"DeprecatedImportWarning","filename":"/opt/airflow/dags/dag.py","lineno":3,"logger":"py.warnings"}
{"timestamp":"2025-12-17T13:01:53.737201Z","level":"info","event":"Filling up the DagBag from /opt/airflow/dags/dag.py","logger":"airflow.models.dagbag.DagBag","filename":"dagbag.py","lineno":593}
{"timestamp":"2025-12-17T13:01:53.775040Z","level":"warning","event":"The `airflow.decorators.dag` attribute is deprecated. Please use `'airflow.sdk.dag'`.","category":"DeprecatedImportWarning","filename":"/opt/airflow/dags/dag.py","lineno":1,"logger":"py.warnings"}
{"timestamp":"2025-12-17T13:01:53.775115Z","level":"warning","event":"The `airflow.decorators.task` attribute is deprecated. Please use `'airflow.sdk.task'`.","category":"DeprecatedImportWarning","filename":"/opt/airflow/dags/dag.py","lineno":2,"logger":"py.warnings"}
{"timestamp":"2025-12-17T13:01:53.775140Z","level":"warning","event":"The `airflow.operators.empty.EmptyOperator` attribute is deprecated. Please use `'airflow.providers.standard.operators.empty.EmptyOperator'`.","category":"DeprecatedImportWarning","filename":"/opt/airflow/dags/dag.py","lineno":3,"logger":"py.warnings"}
{"timestamp":"2025-12-17T13:02:24.173080Z","level":"info","event":"Filling up the DagBag from /opt/airflow/dags/dag.py","logger":"airflow.models.dagbag.DagBag","filename":"dagbag.py","lineno":593}
{"timestamp":"2025-12-17T13:02:24.220888Z","level":"warning","event":"The `airflow.decorators.dag` attribute is deprecated. Please use `'airflow.sdk.dag'`.","category":"DeprecatedImportWarning","filename":"/opt/airflow/dags/dag.py","lineno":1,"logger":"py.warnings"}
{"timestamp":"2025-12-17T13:02:24.221148Z","level":"warning","event":"The `airflow.decorators.task` attribute is deprecated. Please use `'airflow.sdk.task'`.","category":"DeprecatedImportWarning","filename":"/opt/airflow/dags/dag.py","lineno":2,"logger":"py.warnings"}
{"timestamp":"2025-12-17T13:02:24.221519Z","level":"warning","event":"The `airflow.operators.empty.EmptyOperator` attribute is deprecated. Please use `'airflow.providers.standard.operators.empty.EmptyOperator'`.","category":"DeprecatedImportWarning","filename":"/opt/airflow/dags/dag.py","lineno":3,"logger":"py.warnings"}
{"timestamp":"2025-12-17T13:02:54.609034Z","level":"info","event":"Filling up the DagBag from /opt/airflow/dags/dag.py","logger":"airflow.models.dagbag.DagBag","filename":"dagbag.py","lineno":593}
{"timestamp":"2025-12-17T13:02:54.652505Z","level":"warning","event":"The `airflow.decorators.dag` attribute is deprecated. Please use `'airflow.sdk.dag'`.","category":"DeprecatedImportWarning","filename":"/opt/airflow/dags/dag.py","lineno":1,"logger":"py.warnings"}
{"timestamp":"2025-12-17T13:02:54.652564Z","level":"warning","event":"The `airflow.decorators.task` attribute is deprecated. Please use `'airflow.sdk.task'`.","category":"DeprecatedImportWarning","filename":"/opt/airflow/dags/dag.py","lineno":2,"logger":"py.warnings"}
{"timestamp":"2025-12-17T13:02:54.652588Z","level":"warning","event":"The `airflow.operators.empty.EmptyOperator` attribute is deprecated. Please use `'airflow.providers.standard.operators.empty.EmptyOperator'`.","category":"DeprecatedImportWarning","filename":"/opt/airflow/dags/dag.py","lineno":3,"logger":"py.warnings"}
{"timestamp":"2025-12-17T13:03:25.057916Z","level":"info","event":"Filling up the DagBag from /opt/airflow/dags/dag.py","logger":"airflow.models.dagbag.DagBag","filename":"dagbag.py","lineno":593}
{"timestamp":"2025-12-17T13:03:25.106040Z","level":"warning","event":"The `airflow.decorators.dag` attribute is deprecated. Please use `'airflow.sdk.dag'`.","category":"DeprecatedImportWarning","filename":"/opt/airflow/dags/dag.py","lineno":1,"logger":"py.warnings"}
{"timestamp":"2025-12-17T13:03:25.106254Z","level":"warning","event":"The `airflow.decorators.task` attribute is deprecated. Please use `'airflow.sdk.task'`.","category":"DeprecatedImportWarning","filename":"/opt/airflow/dags/dag.py","lineno":2,"logger":"py.warnings"}
{"timestamp":"2025-12-17T13:03:25.106611Z","level":"warning","event":"The `airflow.operators.empty.EmptyOperator` attribute is deprecated. Please use `'airflow.providers.standard.operators.empty.EmptyOperator'`.","category":"DeprecatedImportWarning","filename":"/opt/airflow/dags/dag.py","lineno":3,"logger":"py.warnings"}
{"timestamp":"2025-12-17T13:03:55.496117Z","level":"info","event":"Filling up the DagBag from /opt/airflow/dags/dag.py","logger":"airflow.models.dagbag.DagBag","filename":"dagbag.py","lineno":593}
{"timestamp":"2025-12-17T13:03:55.541263Z","level":"warning","event":"The `airflow.decorators.dag` attribute is deprecated. Please use `'airflow.sdk.dag'`.","category":"DeprecatedImportWarning","filename":"/opt/airflow/dags/dag.py","lineno":1,"logger":"py.warnings"}
{"timestamp":"2025-12-17T13:03:55.541344Z","level":"warning","event":"The `airflow.decorators.task` attribute is deprecated. Please use `'airflow.sdk.task'`.","category":"DeprecatedImportWarning","filename":"/opt/airflow/dags/dag.py","lineno":2,"logger":"py.warnings"}
{"timestamp":"2025-12-17T13:03:55.541369Z","level":"warning","event":"The `airflow.operators.empty.EmptyOperator` attribute is deprecated. Please use `'airflow.providers.standard.operators.empty.EmptyOperator'`.","category":"DeprecatedImportWarning","filename":"/opt/airflow/dags/dag.py","lineno":3,"logger":"py.warnings"}
{"timestamp":"2025-12-17T13:04:25.998753Z","level":"info","event":"Filling up the DagBag from /opt/airflow/dags/dag.py","logger":"airflow.models.dagbag.DagBag","filename":"dagbag.py","lineno":593}
{"timestamp":"2025-12-17T13:04:26.040552Z","level":"warning","event":"The `airflow.decorators.dag` attribute is deprecated. Please use `'airflow.sdk.dag'`.","category":"DeprecatedImportWarning","filename":"/opt/airflow/dags/dag.py","lineno":1,"logger":"py.warnings"}
{"timestamp":"2025-12-17T13:04:26.040608Z","level":"warning","event":"The `airflow.decorators.task` attribute is deprecated. Please use `'airflow.sdk.task'`.","category":"DeprecatedImportWarning","filename":"/opt/airflow/dags/dag.py","lineno":2,"logger":"py.warnings"}
{"timestamp":"2025-12-17T13:04:26.040630Z","level":"warning","event":"The `airflow.operators.empty.EmptyOperator` attribute is deprecated. Please use `'airflow.providers.standard.operators.empty.EmptyOperator'`.","category":"DeprecatedImportWarning","filename":"/opt/airflow/dags/dag.py","lineno":3,"logger":"py.warnings"}
{"timestamp":"2025-12-17T13:04:56.405206Z","level":"info","event":"Filling up the DagBag from /opt/airflow/dags/dag.py","logger":"airflow.models.dagbag.DagBag","filename":"dagbag.py","lineno":593}
{"timestamp":"2025-12-17T13:04:56.440112Z","level":"warning","event":"The `airflow.decorators.dag` attribute is deprecated. Please use `'airflow.sdk.dag'`.","category":"DeprecatedImportWarning","filename":"/opt/airflow/dags/dag.py","lineno":1,"logger":"py.warnings"}
{"timestamp":"2025-12-17T13:04:56.440278Z","level":"warning","event":"The `airflow.decorators.task` attribute is deprecated. Please use `'airflow.sdk.task'`.","category":"DeprecatedImportWarning","filename":"/opt/airflow/dags/dag.py","lineno":2,"logger":"py.warnings"}
{"timestamp":"2025-12-17T13:04:56.440699Z","level":"warning","event":"The `airflow.operators.empty.EmptyOperator` attribute is deprecated. Please use `'airflow.providers.standard.operators.empty.EmptyOperator'`.","category":"DeprecatedImportWarning","filename":"/opt/airflow/dags/dag.py","lineno":3,"logger":"py.warnings"}
{"timestamp":"2025-12-17T13:05:26.819998Z","level":"info","event":"Filling up the DagBag from /opt/airflow/dags/dag.py","logger":"airflow.models.dagbag.DagBag","filename":"dagbag.py","lineno":593}
{"timestamp":"2025-12-17T13:05:26.857345Z","level":"warning","event":"The `airflow.decorators.dag` attribute is deprecated. Please use `'airflow.sdk.dag'`.","category":"DeprecatedImportWarning","filename":"/opt/airflow/dags/dag.py","lineno":1,"logger":"py.warnings"}
{"timestamp":"2025-12-17T13:05:26.857404Z","level":"warning","event":"The `airflow.decorators.task` attribute is deprecated. Please use `'airflow.sdk.task'`.","category":"DeprecatedImportWarning","filename":"/opt/airflow/dags/dag.py","lineno":2,"logger":"py.warnings"}
{"timestamp":"2025-12-17T13:05:26.857429Z","level":"warning","event":"The `airflow.operators.empty.EmptyOperator` attribute is deprecated. Please use `'airflow.providers.standard.operators.empty.EmptyOperator'`.","category":"DeprecatedImportWarning","filename":"/opt/airflow/dags/dag.py","lineno":3,"logger":"py.warnings"}
{"timestamp":"2025-12-17T13:05:57.222383Z","level":"info","event":"Filling up the DagBag from /opt/airflow/dags/dag.py","logger":"airflow.models.dagbag.DagBag","filename":"dagbag.py","lineno":593}
{"timestamp":"2025-12-17T13:05:57.288956Z","level":"warning","event":"The `airflow.decorators.dag` attribute is deprecated. Please use `'airflow.sdk.dag'`.","category":"DeprecatedImportWarning","filename":"/opt/airflow/dags/dag.py","lineno":1,"logger":"py.warnings"}
{"timestamp":"2025-12-17T13:05:57.289024Z","level":"warning","event":"The `airflow.decorators.task` attribute is deprecated. Please use `'airflow.sdk.task'`.","category":"DeprecatedImportWarning","filename":"/opt/airflow/dags/dag.py","lineno":2,"logger":"py.warnings"}
{"timestamp":"2025-12-17T13:05:57.289056Z","level":"warning","event":"The `airflow.operators.empty.EmptyOperator` attribute is deprecated. Please use `'airflow.providers.standard.operators.empty.EmptyOperator'`.","category":"DeprecatedImportWarning","filename":"/opt/airflow/dags/dag.py","lineno":3,"logger":"py.warnings"}
{"timestamp":"2025-12-17T13:06:27.720675Z","level":"info","event":"Filling up the DagBag from /opt/airflow/dags/dag.py","logger":"airflow.models.dagbag.DagBag","filename":"dagbag.py","lineno":593}
{"timestamp":"2025-12-17T13:06:27.771485Z","level":"warning","event":"The `airflow.decorators.dag` attribute is deprecated. Please use `'airflow.sdk.dag'`.","category":"DeprecatedImportWarning","filename":"/opt/airflow/dags/dag.py","lineno":1,"logger":"py.warnings"}
{"timestamp":"2025-12-17T13:06:27.771552Z","level":"warning","event":"The `airflow.decorators.task` attribute is deprecated. Please use `'airflow.sdk.task'`.","category":"DeprecatedImportWarning","filename":"/opt/airflow/dags/dag.py","lineno":2,"logger":"py.warnings"}
{"timestamp":"2025-12-17T13:06:27.771585Z","level":"warning","event":"The `airflow.operators.empty.EmptyOperator` attribute is deprecated. Please use `'airflow.providers.standard.operators.empty.EmptyOperator'`.","category":"DeprecatedImportWarning","filename":"/opt/airflow/dags/dag.py","lineno":3,"logger":"py.warnings"}
{"timestamp":"2025-12-17T13:06:58.211401Z","level":"info","event":"Filling up the DagBag from /opt/airflow/dags/dag.py","logger":"airflow.models.dagbag.DagBag","filename":"dagbag.py","lineno":593}
{"timestamp":"2025-12-17T13:06:58.262047Z","level":"warning","event":"The `airflow.decorators.dag` attribute is deprecated. Please use `'airflow.sdk.dag'`.","category":"DeprecatedImportWarning","filename":"/opt/airflow/dags/dag.py","lineno":1,"logger":"py.warnings"}
{"timestamp":"2025-12-17T13:06:58.262253Z","level":"warning","event":"The `airflow.decorators.task` attribute is deprecated. Please use `'airflow.sdk.task'`.","category":"DeprecatedImportWarning","filename":"/opt/airflow/dags/dag.py","lineno":2,"logger":"py.warnings"}
{"timestamp":"2025-12-17T13:06:58.262285Z","level":"warning","event":"The `airflow.operators.empty.EmptyOperator` attribute is deprecated. Please use `'airflow.providers.standard.operators.empty.EmptyOperator'`.","category":"DeprecatedImportWarning","filename":"/opt/airflow/dags/dag.py","lineno":3,"logger":"py.warnings"}
{"timestamp":"2025-12-17T13:07:28.645155Z","level":"info","event":"Filling up the DagBag from /opt/airflow/dags/dag.py","logger":"airflow.models.dagbag.DagBag","filename":"dagbag.py","lineno":593}
{"timestamp":"2025-12-17T13:07:28.679895Z","level":"warning","event":"The `airflow.decorators.dag` attribute is deprecated. Please use `'airflow.sdk.dag'`.","category":"DeprecatedImportWarning","filename":"/opt/airflow/dags/dag.py","lineno":1,"logger":"py.warnings"}
{"timestamp":"2025-12-17T13:07:28.679955Z","level":"warning","event":"The `airflow.decorators.task` attribute is deprecated. Please use `'airflow.sdk.task'`.","category":"DeprecatedImportWarning","filename":"/opt/airflow/dags/dag.py","lineno":2,"logger":"py.warnings"}
{"timestamp":"2025-12-17T13:07:28.679980Z","level":"warning","event":"The `airflow.operators.empty.EmptyOperator` attribute is deprecated. Please use `'airflow.providers.standard.operators.empty.EmptyOperator'`.","category":"DeprecatedImportWarning","filename":"/opt/airflow/dags/dag.py","lineno":3,"logger":"py.warnings"}
{"timestamp":"2025-12-17T13:07:59.045128Z","level":"info","event":"Filling up the DagBag from /opt/airflow/dags/dag.py","logger":"airflow.models.dagbag.DagBag","filename":"dagbag.py","lineno":593}
{"timestamp":"2025-12-17T13:07:59.074597Z","level":"warning","event":"The `airflow.decorators.dag` attribute is deprecated. Please use `'airflow.sdk.dag'`.","category":"DeprecatedImportWarning","filename":"/opt/airflow/dags/dag.py","lineno":1,"logger":"py.warnings"}
{"timestamp":"2025-12-17T13:07:59.074665Z","level":"warning","event":"The `airflow.decorators.task` attribute is deprecated. Please use `'airflow.sdk.task'`.","category":"DeprecatedImportWarning","filename":"/opt/airflow/dags/dag.py","lineno":2,"logger":"py.warnings"}
{"timestamp":"2025-12-17T13:07:59.074692Z","level":"warning","event":"The `airflow.operators.empty.EmptyOperator` attribute is deprecated. Please use `'airflow.providers.standard.operators.empty.EmptyOperator'`.","category":"DeprecatedImportWarning","filename":"/opt/airflow/dags/dag.py","lineno":3,"logger":"py.warnings"}
{"timestamp":"2025-12-17T13:08:29.445168Z","level":"info","event":"Filling up the DagBag from /opt/airflow/dags/dag.py","logger":"airflow.models.dagbag.DagBag","filename":"dagbag.py","lineno":593}
{"timestamp":"2025-12-17T13:08:29.487587Z","level":"warning","event":"The `airflow.decorators.dag` attribute is deprecated. Please use `'airflow.sdk.dag'`.","category":"DeprecatedImportWarning","filename":"/opt/airflow/dags/dag.py","lineno":1,"logger":"py.warnings"}
{"timestamp":"2025-12-17T13:08:29.487646Z","level":"warning","event":"The `airflow.decorators.task` attribute is deprecated. Please use `'airflow.sdk.task'`.","category":"DeprecatedImportWarning","filename":"/opt/airflow/dags/dag.py","lineno":2,"logger":"py.warnings"}
{"timestamp":"2025-12-17T13:08:29.487671Z","level":"warning","event":"The `airflow.operators.empty.EmptyOperator` attribute is deprecated. Please use `'airflow.providers.standard.operators.empty.EmptyOperator'`.","category":"DeprecatedImportWarning","filename":"/opt/airflow/dags/dag.py","lineno":3,"logger":"py.warnings"}
{"timestamp":"2025-12-17T13:08:59.876654Z","level":"info","event":"Filling up the DagBag from /opt/airflow/dags/dag.py","logger":"airflow.models.dagbag.DagBag","filename":"dagbag.py","lineno":593}
{"timestamp":"2025-12-17T13:08:59.905618Z","level":"warning","event":"The `airflow.decorators.dag` attribute is deprecated. Please use `'airflow.sdk.dag'`.","category":"DeprecatedImportWarning","filename":"/opt/airflow/dags/dag.py","lineno":1,"logger":"py.warnings"}
{"timestamp":"2025-12-17T13:08:59.905681Z","level":"warning","event":"The `airflow.decorators.task` attribute is deprecated. Please use `'airflow.sdk.task'`.","category":"DeprecatedImportWarning","filename":"/opt/airflow/dags/dag.py","lineno":2,"logger":"py.warnings"}
{"timestamp":"2025-12-17T13:08:59.905707Z","level":"warning","event":"The `airflow.operators.empty.EmptyOperator` attribute is deprecated. Please use `'airflow.providers.standard.operators.empty.EmptyOperator'`.","category":"DeprecatedImportWarning","filename":"/opt/airflow/dags/dag.py","lineno":3,"logger":"py.warnings"}
{"timestamp":"2025-12-17T13:09:30.283684Z","level":"info","event":"Filling up the DagBag from /opt/airflow/dags/dag.py","logger":"airflow.models.dagbag.DagBag","filename":"dagbag.py","lineno":593}
{"timestamp":"2025-12-17T13:09:30.330165Z","level":"warning","event":"The `airflow.decorators.dag` attribute is deprecated. Please use `'airflow.sdk.dag'`.","category":"DeprecatedImportWarning","filename":"/opt/airflow/dags/dag.py","lineno":1,"logger":"py.warnings"}
{"timestamp":"2025-12-17T13:09:30.330291Z","level":"warning","event":"The `airflow.decorators.task` attribute is deprecated. Please use `'airflow.sdk.task'`.","category":"DeprecatedImportWarning","filename":"/opt/airflow/dags/dag.py","lineno":2,"logger":"py.warnings"}
{"timestamp":"2025-12-17T13:09:30.330320Z","level":"warning","event":"The `airflow.operators.empty.EmptyOperator` attribute is deprecated. Please use `'airflow.providers.standard.operators.empty.EmptyOperator'`.","category":"DeprecatedImportWarning","filename":"/opt/airflow/dags/dag.py","lineno":3,"logger":"py.warnings"}
{"timestamp":"2025-12-17T13:10:00.662957Z","level":"info","event":"Filling up the DagBag from /opt/airflow/dags/dag.py","logger":"airflow.models.dagbag.DagBag","filename":"dagbag.py","lineno":593}
{"timestamp":"2025-12-17T13:10:00.701247Z","level":"warning","event":"The `airflow.decorators.dag` attribute is deprecated. Please use `'airflow.sdk.dag'`.","category":"DeprecatedImportWarning","filename":"/opt/airflow/dags/dag.py","lineno":1,"logger":"py.warnings"}
{"timestamp":"2025-12-17T13:10:00.701309Z","level":"warning","event":"The `airflow.decorators.task` attribute is deprecated. Please use `'airflow.sdk.task'`.","category":"DeprecatedImportWarning","filename":"/opt/airflow/dags/dag.py","lineno":2,"logger":"py.warnings"}
{"timestamp":"2025-12-17T13:10:00.701333Z","level":"warning","event":"The `airflow.operators.empty.EmptyOperator` attribute is deprecated. Please use `'airflow.providers.standard.operators.empty.EmptyOperator'`.","category":"DeprecatedImportWarning","filename":"/opt/airflow/dags/dag.py","lineno":3,"logger":"py.warnings"}
{"timestamp":"2025-12-17T13:10:31.056523Z","level":"info","event":"Filling up the DagBag from /opt/airflow/dags/dag.py","logger":"airflow.models.dagbag.DagBag","filename":"dagbag.py","lineno":593}
{"timestamp":"2025-12-17T13:10:31.076743Z","level":"warning","event":"The `airflow.decorators.dag` attribute is deprecated. Please use `'airflow.sdk.dag'`.","category":"DeprecatedImportWarning","filename":"/opt/airflow/dags/dag.py","lineno":1,"logger":"py.warnings"}
{"timestamp":"2025-12-17T13:10:31.076793Z","level":"warning","event":"The `airflow.decorators.task` attribute is deprecated. Please use `'airflow.sdk.task'`.","category":"DeprecatedImportWarning","filename":"/opt/airflow/dags/dag.py","lineno":2,"logger":"py.warnings"}
{"timestamp":"2025-12-17T13:10:31.076816Z","level":"warning","event":"The `airflow.operators.empty.EmptyOperator` attribute is deprecated. Please use `'airflow.providers.standard.operators.empty.EmptyOperator'`.","category":"DeprecatedImportWarning","filename":"/opt/airflow/dags/dag.py","lineno":3,"logger":"py.warnings"}
{"timestamp":"2025-12-17T13:11:01.440723Z","level":"info","event":"Filling up the DagBag from /opt/airflow/dags/dag.py","logger":"airflow.models.dagbag.DagBag","filename":"dagbag.py","lineno":593}
{"timestamp":"2025-12-17T13:11:01.479325Z","level":"warning","event":"The `airflow.decorators.dag` attribute is deprecated. Please use `'airflow.sdk.dag'`.","category":"DeprecatedImportWarning","filename":"/opt/airflow/dags/dag.py","lineno":1,"logger":"py.warnings"}
{"timestamp":"2025-12-17T13:11:01.479384Z","level":"warning","event":"The `airflow.decorators.task` attribute is deprecated. Please use `'airflow.sdk.task'`.","category":"DeprecatedImportWarning","filename":"/opt/airflow/dags/dag.py","lineno":2,"logger":"py.warnings"}
{"timestamp":"2025-12-17T13:11:01.479419Z","level":"warning","event":"The `airflow.operators.empty.EmptyOperator` attribute is deprecated. Please use `'airflow.providers.standard.operators.empty.EmptyOperator'`.","category":"DeprecatedImportWarning","filename":"/opt/airflow/dags/dag.py","lineno":3,"logger":"py.warnings"}
{"timestamp":"2025-12-17T13:11:31.833102Z","level":"info","event":"Filling up the DagBag from /opt/airflow/dags/dag.py","logger":"airflow.models.dagbag.DagBag","filename":"dagbag.py","lineno":593}
{"timestamp":"2025-12-17T13:11:31.879301Z","level":"warning","event":"The `airflow.decorators.dag` attribute is deprecated. Please use `'airflow.sdk.dag'`.","category":"DeprecatedImportWarning","filename":"/opt/airflow/dags/dag.py","lineno":1,"logger":"py.warnings"}
{"timestamp":"2025-12-17T13:11:31.879362Z","level":"warning","event":"The `airflow.decorators.task` attribute is deprecated. Please use `'airflow.sdk.task'`.","category":"DeprecatedImportWarning","filename":"/opt/airflow/dags/dag.py","lineno":2,"logger":"py.warnings"}
{"timestamp":"2025-12-17T13:11:31.879387Z","level":"warning","event":"The `airflow.operators.empty.EmptyOperator` attribute is deprecated. Please use `'airflow.providers.standard.operators.empty.EmptyOperator'`.","category":"DeprecatedImportWarning","filename":"/opt/airflow/dags/dag.py","lineno":3,"logger":"py.warnings"}
{"timestamp":"2025-12-17T13:12:02.315489Z","level":"info","event":"Filling up the DagBag from /opt/airflow/dags/dag.py","logger":"airflow.models.dagbag.DagBag","filename":"dagbag.py","lineno":593}
{"timestamp":"2025-12-17T13:12:02.396152Z","level":"warning","event":"The `airflow.decorators.dag` attribute is deprecated. Please use `'airflow.sdk.dag'`.","category":"DeprecatedImportWarning","filename":"/opt/airflow/dags/dag.py","lineno":1,"logger":"py.warnings"}
{"timestamp":"2025-12-17T13:12:02.396255Z","level":"warning","event":"The `airflow.decorators.task` attribute is deprecated. Please use `'airflow.sdk.task'`.","category":"DeprecatedImportWarning","filename":"/opt/airflow/dags/dag.py","lineno":2,"logger":"py.warnings"}
{"timestamp":"2025-12-17T13:12:02.396290Z","level":"warning","event":"The `airflow.operators.empty.EmptyOperator` attribute is deprecated. Please use `'airflow.providers.standard.operators.empty.EmptyOperator'`.","category":"DeprecatedImportWarning","filename":"/opt/airflow/dags/dag.py","lineno":3,"logger":"py.warnings"}
{"timestamp":"2025-12-17T13:12:32.806737Z","level":"info","event":"Filling up the DagBag from /opt/airflow/dags/dag.py","logger":"airflow.models.dagbag.DagBag","filename":"dagbag.py","lineno":593}
{"timestamp":"2025-12-17T13:12:32.847971Z","level":"warning","event":"The `airflow.decorators.dag` attribute is deprecated. Please use `'airflow.sdk.dag'`.","category":"DeprecatedImportWarning","filename":"/opt/airflow/dags/dag.py","lineno":1,"logger":"py.warnings"}
{"timestamp":"2025-12-17T13:12:32.848039Z","level":"warning","event":"The `airflow.decorators.task` attribute is deprecated. Please use `'airflow.sdk.task'`.","category":"DeprecatedImportWarning","filename":"/opt/airflow/dags/dag.py","lineno":2,"logger":"py.warnings"}
{"timestamp":"2025-12-17T13:12:32.848062Z","level":"warning","event":"The `airflow.operators.empty.EmptyOperator` attribute is deprecated. Please use `'airflow.providers.standard.operators.empty.EmptyOperator'`.","category":"DeprecatedImportWarning","filename":"/opt/airflow/dags/dag.py","lineno":3,"logger":"py.warnings"}
{"timestamp":"2025-12-17T13:13:03.202100Z","level":"info","event":"Filling up the DagBag from /opt/airflow/dags/dag.py","logger":"airflow.models.dagbag.DagBag","filename":"dagbag.py","lineno":593}
{"timestamp":"2025-12-17T13:13:03.272934Z","level":"warning","event":"The `airflow.decorators.dag` attribute is deprecated. Please use `'airflow.sdk.dag'`.","category":"DeprecatedImportWarning","filename":"/opt/airflow/dags/dag.py","lineno":1,"logger":"py.warnings"}
{"timestamp":"2025-12-17T13:13:03.273016Z","level":"warning","event":"The `airflow.decorators.task` attribute is deprecated. Please use `'airflow.sdk.task'`.","category":"DeprecatedImportWarning","filename":"/opt/airflow/dags/dag.py","lineno":2,"logger":"py.warnings"}
{"timestamp":"2025-12-17T13:13:03.273039Z","level":"warning","event":"The `airflow.operators.empty.EmptyOperator` attribute is deprecated. Please use `'airflow.providers.standard.operators.empty.EmptyOperator'`.","category":"DeprecatedImportWarning","filename":"/opt/airflow/dags/dag.py","lineno":3,"logger":"py.warnings"}
{"timestamp":"2025-12-17T13:13:33.682681Z","level":"info","event":"Filling up the DagBag from /opt/airflow/dags/dag.py","logger":"airflow.models.dagbag.DagBag","filename":"dagbag.py","lineno":593}
{"timestamp":"2025-12-17T13:13:33.737033Z","level":"warning","event":"The `airflow.decorators.dag` attribute is deprecated. Please use `'airflow.sdk.dag'`.","category":"DeprecatedImportWarning","filename":"/opt/airflow/dags/dag.py","lineno":1,"logger":"py.warnings"}
{"timestamp":"2025-12-17T13:13:33.737102Z","level":"warning","event":"The `airflow.decorators.task` attribute is deprecated. Please use `'airflow.sdk.task'`.","category":"DeprecatedImportWarning","filename":"/opt/airflow/dags/dag.py","lineno":2,"logger":"py.warnings"}
{"timestamp":"2025-12-17T13:13:33.737125Z","level":"warning","event":"The `airflow.operators.empty.EmptyOperator` attribute is deprecated. Please use `'airflow.providers.standard.operators.empty.EmptyOperator'`.","category":"DeprecatedImportWarning","filename":"/opt/airflow/dags/dag.py","lineno":3,"logger":"py.warnings"}
{"timestamp":"2025-12-17T13:14:04.185567Z","level":"info","event":"Filling up the DagBag from /opt/airflow/dags/dag.py","logger":"airflow.models.dagbag.DagBag","filename":"dagbag.py","lineno":593}
{"timestamp":"2025-12-17T13:14:04.241900Z","level":"warning","event":"The `airflow.decorators.dag` attribute is deprecated. Please use `'airflow.sdk.dag'`.","category":"DeprecatedImportWarning","filename":"/opt/airflow/dags/dag.py","lineno":1,"logger":"py.warnings"}
{"timestamp":"2025-12-17T13:14:04.242127Z","level":"warning","event":"The `airflow.decorators.task` attribute is deprecated. Please use `'airflow.sdk.task'`.","category":"DeprecatedImportWarning","filename":"/opt/airflow/dags/dag.py","lineno":2,"logger":"py.warnings"}
{"timestamp":"2025-12-17T13:14:04.242174Z","level":"warning","event":"The `airflow.operators.empty.EmptyOperator` attribute is deprecated. Please use `'airflow.providers.standard.operators.empty.EmptyOperator'`.","category":"DeprecatedImportWarning","filename":"/opt/airflow/dags/dag.py","lineno":3,"logger":"py.warnings"}
{"timestamp":"2025-12-17T13:14:34.665985Z","level":"info","event":"Filling up the DagBag from /opt/airflow/dags/dag.py","logger":"airflow.models.dagbag.DagBag","filename":"dagbag.py","lineno":593}
{"timestamp":"2025-12-17T13:14:34.730740Z","level":"warning","event":"The `airflow.decorators.dag` attribute is deprecated. Please use `'airflow.sdk.dag'`.","category":"DeprecatedImportWarning","filename":"/opt/airflow/dags/dag.py","lineno":1,"logger":"py.warnings"}
{"timestamp":"2025-12-17T13:14:34.730811Z","level":"warning","event":"The `airflow.decorators.task` attribute is deprecated. Please use `'airflow.sdk.task'`.","category":"DeprecatedImportWarning","filename":"/opt/airflow/dags/dag.py","lineno":2,"logger":"py.warnings"}
{"timestamp":"2025-12-17T13:14:34.730835Z","level":"warning","event":"The `airflow.operators.empty.EmptyOperator` attribute is deprecated. Please use `'airflow.providers.standard.operators.empty.EmptyOperator'`.","category":"DeprecatedImportWarning","filename":"/opt/airflow/dags/dag.py","lineno":3,"logger":"py.warnings"}
{"timestamp":"2025-12-17T13:15:05.156671Z","level":"info","event":"Filling up the DagBag from /opt/airflow/dags/dag.py","logger":"airflow.models.dagbag.DagBag","filename":"dagbag.py","lineno":593}
{"timestamp":"2025-12-17T13:15:05.191368Z","level":"warning","event":"The `airflow.decorators.dag` attribute is deprecated. Please use `'airflow.sdk.dag'`.","category":"DeprecatedImportWarning","filename":"/opt/airflow/dags/dag.py","lineno":1,"logger":"py.warnings"}
{"timestamp":"2025-12-17T13:15:05.191571Z","level":"warning","event":"The `airflow.decorators.task` attribute is deprecated. Please use `'airflow.sdk.task'`.","category":"DeprecatedImportWarning","filename":"/opt/airflow/dags/dag.py","lineno":2,"logger":"py.warnings"}
{"timestamp":"2025-12-17T13:15:05.191615Z","level":"warning","event":"The `airflow.operators.empty.EmptyOperator` attribute is deprecated. Please use `'airflow.providers.standard.operators.empty.EmptyOperator'`.","category":"DeprecatedImportWarning","filename":"/opt/airflow/dags/dag.py","lineno":3,"logger":"py.warnings"}
{"timestamp":"2025-12-17T13:15:35.572794Z","level":"info","event":"Filling up the DagBag from /opt/airflow/dags/dag.py","logger":"airflow.models.dagbag.DagBag","filename":"dagbag.py","lineno":593}
{"timestamp":"2025-12-17T13:15:35.612432Z","level":"warning","event":"The `airflow.decorators.dag` attribute is deprecated. Please use `'airflow.sdk.dag'`.","category":"DeprecatedImportWarning","filename":"/opt/airflow/dags/dag.py","lineno":1,"logger":"py.warnings"}
{"timestamp":"2025-12-17T13:15:35.612649Z","level":"warning","event":"The `airflow.decorators.task` attribute is deprecated. Please use `'airflow.sdk.task'`.","category":"DeprecatedImportWarning","filename":"/opt/airflow/dags/dag.py","lineno":2,"logger":"py.warnings"}
{"timestamp":"2025-12-17T13:15:35.612678Z","level":"warning","event":"The `airflow.operators.empty.EmptyOperator` attribute is deprecated. Please use `'airflow.providers.standard.operators.empty.EmptyOperator'`.","category":"DeprecatedImportWarning","filename":"/opt/airflow/dags/dag.py","lineno":3,"logger":"py.warnings"}
{"timestamp":"2025-12-17T13:16:06.042125Z","level":"info","event":"Filling up the DagBag from /opt/airflow/dags/dag.py","logger":"airflow.models.dagbag.DagBag","filename":"dagbag.py","lineno":593}
{"timestamp":"2025-12-17T13:16:06.083208Z","level":"warning","event":"The `airflow.decorators.dag` attribute is deprecated. Please use `'airflow.sdk.dag'`.","category":"DeprecatedImportWarning","filename":"/opt/airflow/dags/dag.py","lineno":1,"logger":"py.warnings"}
{"timestamp":"2025-12-17T13:16:06.083412Z","level":"warning","event":"The `airflow.decorators.task` attribute is deprecated. Please use `'airflow.sdk.task'`.","category":"DeprecatedImportWarning","filename":"/opt/airflow/dags/dag.py","lineno":2,"logger":"py.warnings"}
{"timestamp":"2025-12-17T13:16:06.083443Z","level":"warning","event":"The `airflow.operators.empty.EmptyOperator` attribute is deprecated. Please use `'airflow.providers.standard.operators.empty.EmptyOperator'`.","category":"DeprecatedImportWarning","filename":"/opt/airflow/dags/dag.py","lineno":3,"logger":"py.warnings"}
{"timestamp":"2025-12-17T13:16:36.475385Z","level":"info","event":"Filling up the DagBag from /opt/airflow/dags/dag.py","logger":"airflow.models.dagbag.DagBag","filename":"dagbag.py","lineno":593}
{"timestamp":"2025-12-17T13:16:36.496958Z","level":"warning","event":"The `airflow.decorators.dag` attribute is deprecated. Please use `'airflow.sdk.dag'`.","category":"DeprecatedImportWarning","filename":"/opt/airflow/dags/dag.py","lineno":1,"logger":"py.warnings"}
{"timestamp":"2025-12-17T13:16:36.497201Z","level":"warning","event":"The `airflow.decorators.task` attribute is deprecated. Please use `'airflow.sdk.task'`.","category":"DeprecatedImportWarning","filename":"/opt/airflow/dags/dag.py","lineno":2,"logger":"py.warnings"}
{"timestamp":"2025-12-17T13:16:36.497241Z","level":"warning","event":"The `airflow.operators.empty.EmptyOperator` attribute is deprecated. Please use `'airflow.providers.standard.operators.empty.EmptyOperator'`.","category":"DeprecatedImportWarning","filename":"/opt/airflow/dags/dag.py","lineno":3,"logger":"py.warnings"}
{"timestamp":"2025-12-17T13:17:06.908323Z","level":"info","event":"Filling up the DagBag from /opt/airflow/dags/dag.py","logger":"airflow.models.dagbag.DagBag","filename":"dagbag.py","lineno":593}
{"timestamp":"2025-12-17T13:17:06.965297Z","level":"warning","event":"The `airflow.decorators.dag` attribute is deprecated. Please use `'airflow.sdk.dag'`.","category":"DeprecatedImportWarning","filename":"/opt/airflow/dags/dag.py","lineno":1,"logger":"py.warnings"}
{"timestamp":"2025-12-17T13:17:06.965560Z","level":"warning","event":"The `airflow.decorators.task` attribute is deprecated. Please use `'airflow.sdk.task'`.","category":"DeprecatedImportWarning","filename":"/opt/airflow/dags/dag.py","lineno":2,"logger":"py.warnings"}
{"timestamp":"2025-12-17T13:17:06.965591Z","level":"warning","event":"The `airflow.operators.empty.EmptyOperator` attribute is deprecated. Please use `'airflow.providers.standard.operators.empty.EmptyOperator'`.","category":"DeprecatedImportWarning","filename":"/opt/airflow/dags/dag.py","lineno":3,"logger":"py.warnings"}
{"timestamp":"2025-12-17T13:17:37.357332Z","level":"info","event":"Filling up the DagBag from /opt/airflow/dags/dag.py","logger":"airflow.models.dagbag.DagBag","filename":"dagbag.py","lineno":593}
{"timestamp":"2025-12-17T13:17:37.393665Z","level":"warning","event":"The `airflow.decorators.dag` attribute is deprecated. Please use `'airflow.sdk.dag'`.","category":"DeprecatedImportWarning","filename":"/opt/airflow/dags/dag.py","lineno":1,"logger":"py.warnings"}
{"timestamp":"2025-12-17T13:17:37.393722Z","level":"warning","event":"The `airflow.decorators.task` attribute is deprecated. Please use `'airflow.sdk.task'`.","category":"DeprecatedImportWarning","filename":"/opt/airflow/dags/dag.py","lineno":2,"logger":"py.warnings"}
{"timestamp":"2025-12-17T13:17:37.393747Z","level":"warning","event":"The `airflow.operators.empty.EmptyOperator` attribute is deprecated. Please use `'airflow.providers.standard.operators.empty.EmptyOperator'`.","category":"DeprecatedImportWarning","filename":"/opt/airflow/dags/dag.py","lineno":3,"logger":"py.warnings"}
{"timestamp":"2025-12-17T13:18:07.783946Z","level":"info","event":"Filling up the DagBag from /opt/airflow/dags/dag.py","logger":"airflow.models.dagbag.DagBag","filename":"dagbag.py","lineno":593}
{"timestamp":"2025-12-17T13:18:07.821013Z","level":"warning","event":"The `airflow.decorators.dag` attribute is deprecated. Please use `'airflow.sdk.dag'`.","category":"DeprecatedImportWarning","filename":"/opt/airflow/dags/dag.py","lineno":1,"logger":"py.warnings"}
{"timestamp":"2025-12-17T13:18:07.821085Z","level":"warning","event":"The `airflow.decorators.task` attribute is deprecated. Please use `'airflow.sdk.task'`.","category":"DeprecatedImportWarning","filename":"/opt/airflow/dags/dag.py","lineno":2,"logger":"py.warnings"}
{"timestamp":"2025-12-17T13:18:07.821112Z","level":"warning","event":"The `airflow.operators.empty.EmptyOperator` attribute is deprecated. Please use `'airflow.providers.standard.operators.empty.EmptyOperator'`.","category":"DeprecatedImportWarning","filename":"/opt/airflow/dags/dag.py","lineno":3,"logger":"py.warnings"}
{"timestamp":"2025-12-17T13:18:38.199647Z","level":"info","event":"Filling up the DagBag from /opt/airflow/dags/dag.py","logger":"airflow.models.dagbag.DagBag","filename":"dagbag.py","lineno":593}
{"timestamp":"2025-12-17T13:18:38.235766Z","level":"warning","event":"The `airflow.decorators.dag` attribute is deprecated. Please use `'airflow.sdk.dag'`.","category":"DeprecatedImportWarning","filename":"/opt/airflow/dags/dag.py","lineno":1,"logger":"py.warnings"}
{"timestamp":"2025-12-17T13:18:38.235829Z","level":"warning","event":"The `airflow.decorators.task` attribute is deprecated. Please use `'airflow.sdk.task'`.","category":"DeprecatedImportWarning","filename":"/opt/airflow/dags/dag.py","lineno":2,"logger":"py.warnings"}
{"timestamp":"2025-12-17T13:18:38.235855Z","level":"warning","event":"The `airflow.operators.empty.EmptyOperator` attribute is deprecated. Please use `'airflow.providers.standard.operators.empty.EmptyOperator'`.","category":"DeprecatedImportWarning","filename":"/opt/airflow/dags/dag.py","lineno":3,"logger":"py.warnings"}
{"timestamp":"2025-12-17T13:19:08.596431Z","level":"info","event":"Filling up the DagBag from /opt/airflow/dags/dag.py","logger":"airflow.models.dagbag.DagBag","filename":"dagbag.py","lineno":593}
{"timestamp":"2025-12-17T13:19:08.621577Z","level":"warning","event":"The `airflow.decorators.dag` attribute is deprecated. Please use `'airflow.sdk.dag'`.","category":"DeprecatedImportWarning","filename":"/opt/airflow/dags/dag.py","lineno":1,"logger":"py.warnings"}
{"timestamp":"2025-12-17T13:19:08.621785Z","level":"warning","event":"The `airflow.decorators.task` attribute is deprecated. Please use `'airflow.sdk.task'`.","category":"DeprecatedImportWarning","filename":"/opt/airflow/dags/dag.py","lineno":2,"logger":"py.warnings"}
{"timestamp":"2025-12-17T13:19:08.621835Z","level":"warning","event":"The `airflow.operators.empty.EmptyOperator` attribute is deprecated. Please use `'airflow.providers.standard.operators.empty.EmptyOperator'`.","category":"DeprecatedImportWarning","filename":"/opt/airflow/dags/dag.py","lineno":3,"logger":"py.warnings"}
{"timestamp":"2025-12-17T13:19:38.989639Z","level":"info","event":"Filling up the DagBag from /opt/airflow/dags/dag.py","logger":"airflow.models.dagbag.DagBag","filename":"dagbag.py","lineno":593}
{"timestamp":"2025-12-17T13:19:39.020665Z","level":"warning","event":"The `airflow.decorators.dag` attribute is deprecated. Please use `'airflow.sdk.dag'`.","category":"DeprecatedImportWarning","filename":"/opt/airflow/dags/dag.py","lineno":1,"logger":"py.warnings"}
{"timestamp":"2025-12-17T13:19:39.020723Z","level":"warning","event":"The `airflow.decorators.task` attribute is deprecated. Please use `'airflow.sdk.task'`.","category":"DeprecatedImportWarning","filename":"/opt/airflow/dags/dag.py","lineno":2,"logger":"py.warnings"}
{"timestamp":"2025-12-17T13:19:39.020751Z","level":"warning","event":"The `airflow.operators.empty.EmptyOperator` attribute is deprecated. Please use `'airflow.providers.standard.operators.empty.EmptyOperator'`.","category":"DeprecatedImportWarning","filename":"/opt/airflow/dags/dag.py","lineno":3,"logger":"py.warnings"}
{"timestamp":"2025-12-17T13:20:09.361759Z","level":"info","event":"Filling up the DagBag from /opt/airflow/dags/dag.py","logger":"airflow.models.dagbag.DagBag","filename":"dagbag.py","lineno":593}
{"timestamp":"2025-12-17T13:20:09.392528Z","level":"warning","event":"The `airflow.decorators.dag` attribute is deprecated. Please use `'airflow.sdk.dag'`.","category":"DeprecatedImportWarning","filename":"/opt/airflow/dags/dag.py","lineno":1,"logger":"py.warnings"}
{"timestamp":"2025-12-17T13:20:09.392728Z","level":"warning","event":"The `airflow.decorators.task` attribute is deprecated. Please use `'airflow.sdk.task'`.","category":"DeprecatedImportWarning","filename":"/opt/airflow/dags/dag.py","lineno":2,"logger":"py.warnings"}
{"timestamp":"2025-12-17T13:20:09.392769Z","level":"warning","event":"The `airflow.operators.empty.EmptyOperator` attribute is deprecated. Please use `'airflow.providers.standard.operators.empty.EmptyOperator'`.","category":"DeprecatedImportWarning","filename":"/opt/airflow/dags/dag.py","lineno":3,"logger":"py.warnings"}
{"timestamp":"2025-12-17T13:20:39.746317Z","level":"info","event":"Filling up the DagBag from /opt/airflow/dags/dag.py","logger":"airflow.models.dagbag.DagBag","filename":"dagbag.py","lineno":593}
{"timestamp":"2025-12-17T13:20:39.781738Z","level":"warning","event":"The `airflow.decorators.dag` attribute is deprecated. Please use `'airflow.sdk.dag'`.","category":"DeprecatedImportWarning","filename":"/opt/airflow/dags/dag.py","lineno":1,"logger":"py.warnings"}
{"timestamp":"2025-12-17T13:20:39.781797Z","level":"warning","event":"The `airflow.decorators.task` attribute is deprecated. Please use `'airflow.sdk.task'`.","category":"DeprecatedImportWarning","filename":"/opt/airflow/dags/dag.py","lineno":2,"logger":"py.warnings"}
{"timestamp":"2025-12-17T13:20:39.781821Z","level":"warning","event":"The `airflow.operators.empty.EmptyOperator` attribute is deprecated. Please use `'airflow.providers.standard.operators.empty.EmptyOperator'`.","category":"DeprecatedImportWarning","filename":"/opt/airflow/dags/dag.py","lineno":3,"logger":"py.warnings"}
{"timestamp":"2025-12-17T13:21:10.183134Z","level":"info","event":"Filling up the DagBag from /opt/airflow/dags/dag.py","logger":"airflow.models.dagbag.DagBag","filename":"dagbag.py","lineno":593}
{"timestamp":"2025-12-17T13:21:10.214088Z","level":"warning","event":"The `airflow.decorators.dag` attribute is deprecated. Please use `'airflow.sdk.dag'`.","category":"DeprecatedImportWarning","filename":"/opt/airflow/dags/dag.py","lineno":1,"logger":"py.warnings"}
{"timestamp":"2025-12-17T13:21:10.214152Z","level":"warning","event":"The `airflow.decorators.task` attribute is deprecated. Please use `'airflow.sdk.task'`.","category":"DeprecatedImportWarning","filename":"/opt/airflow/dags/dag.py","lineno":2,"logger":"py.warnings"}
{"timestamp":"2025-12-17T13:21:10.214180Z","level":"warning","event":"The `airflow.operators.empty.EmptyOperator` attribute is deprecated. Please use `'airflow.providers.standard.operators.empty.EmptyOperator'`.","category":"DeprecatedImportWarning","filename":"/opt/airflow/dags/dag.py","lineno":3,"logger":"py.warnings"}
{"timestamp":"2025-12-17T13:21:40.573939Z","level":"info","event":"Filling up the DagBag from /opt/airflow/dags/dag.py","logger":"airflow.models.dagbag.DagBag","filename":"dagbag.py","lineno":593}
{"timestamp":"2025-12-17T13:21:40.598899Z","level":"warning","event":"The `airflow.decorators.dag` attribute is deprecated. Please use `'airflow.sdk.dag'`.","category":"DeprecatedImportWarning","filename":"/opt/airflow/dags/dag.py","lineno":1,"logger":"py.warnings"}
{"timestamp":"2025-12-17T13:21:40.598962Z","level":"warning","event":"The `airflow.decorators.task` attribute is deprecated. Please use `'airflow.sdk.task'`.","category":"DeprecatedImportWarning","filename":"/opt/airflow/dags/dag.py","lineno":2,"logger":"py.warnings"}
{"timestamp":"2025-12-17T13:21:40.598988Z","level":"warning","event":"The `airflow.operators.empty.EmptyOperator` attribute is deprecated. Please use `'airflow.providers.standard.operators.empty.EmptyOperator'`.","category":"DeprecatedImportWarning","filename":"/opt/airflow/dags/dag.py","lineno":3,"logger":"py.warnings"}
{"timestamp":"2025-12-17T13:22:10.980982Z","level":"info","event":"Filling up the DagBag from /opt/airflow/dags/dag.py","logger":"airflow.models.dagbag.DagBag","filename":"dagbag.py","lineno":593}
{"timestamp":"2025-12-17T13:22:11.012070Z","level":"warning","event":"The `airflow.decorators.dag` attribute is deprecated. Please use `'airflow.sdk.dag'`.","category":"DeprecatedImportWarning","filename":"/opt/airflow/dags/dag.py","lineno":1,"logger":"py.warnings"}
{"timestamp":"2025-12-17T13:22:11.012132Z","level":"warning","event":"The `airflow.decorators.task` attribute is deprecated. Please use `'airflow.sdk.task'`.","category":"DeprecatedImportWarning","filename":"/opt/airflow/dags/dag.py","lineno":2,"logger":"py.warnings"}
{"timestamp":"2025-12-17T13:22:11.012173Z","level":"warning","event":"The `airflow.operators.empty.EmptyOperator` attribute is deprecated. Please use `'airflow.providers.standard.operators.empty.EmptyOperator'`.","category":"DeprecatedImportWarning","filename":"/opt/airflow/dags/dag.py","lineno":3,"logger":"py.warnings"}
{"timestamp":"2025-12-17T13:22:41.401901Z","level":"info","event":"Filling up the DagBag from /opt/airflow/dags/dag.py","logger":"airflow.models.dagbag.DagBag","filename":"dagbag.py","lineno":593}
{"timestamp":"2025-12-17T13:22:41.441844Z","level":"warning","event":"The `airflow.decorators.dag` attribute is deprecated. Please use `'airflow.sdk.dag'`.","category":"DeprecatedImportWarning","filename":"/opt/airflow/dags/dag.py","lineno":1,"logger":"py.warnings"}
{"timestamp":"2025-12-17T13:22:41.441906Z","level":"warning","event":"The `airflow.decorators.task` attribute is deprecated. Please use `'airflow.sdk.task'`.","category":"DeprecatedImportWarning","filename":"/opt/airflow/dags/dag.py","lineno":2,"logger":"py.warnings"}
{"timestamp":"2025-12-17T13:22:41.441931Z","level":"warning","event":"The `airflow.operators.empty.EmptyOperator` attribute is deprecated. Please use `'airflow.providers.standard.operators.empty.EmptyOperator'`.","category":"DeprecatedImportWarning","filename":"/opt/airflow/dags/dag.py","lineno":3,"logger":"py.warnings"}
{"timestamp":"2025-12-17T13:23:11.781202Z","level":"info","event":"Filling up the DagBag from /opt/airflow/dags/dag.py","logger":"airflow.models.dagbag.DagBag","filename":"dagbag.py","lineno":593}
{"timestamp":"2025-12-17T13:23:11.809245Z","level":"warning","event":"The `airflow.decorators.dag` attribute is deprecated. Please use `'airflow.sdk.dag'`.","category":"DeprecatedImportWarning","filename":"/opt/airflow/dags/dag.py","lineno":1,"logger":"py.warnings"}
{"timestamp":"2025-12-17T13:23:11.809307Z","level":"warning","event":"The `airflow.decorators.task` attribute is deprecated. Please use `'airflow.sdk.task'`.","category":"DeprecatedImportWarning","filename":"/opt/airflow/dags/dag.py","lineno":2,"logger":"py.warnings"}
{"timestamp":"2025-12-17T13:23:11.809336Z","level":"warning","event":"The `airflow.operators.empty.EmptyOperator` attribute is deprecated. Please use `'airflow.providers.standard.operators.empty.EmptyOperator'`.","category":"DeprecatedImportWarning","filename":"/opt/airflow/dags/dag.py","lineno":3,"logger":"py.warnings"}
{"timestamp":"2025-12-17T13:23:42.197594Z","level":"info","event":"Filling up the DagBag from /opt/airflow/dags/dag.py","logger":"airflow.models.dagbag.DagBag","filename":"dagbag.py","lineno":593}
{"timestamp":"2025-12-17T13:23:42.246489Z","level":"warning","event":"The `airflow.decorators.dag` attribute is deprecated. Please use `'airflow.sdk.dag'`.","category":"DeprecatedImportWarning","filename":"/opt/airflow/dags/dag.py","lineno":1,"logger":"py.warnings"}
{"timestamp":"2025-12-17T13:23:42.246591Z","level":"warning","event":"The `airflow.decorators.task` attribute is deprecated. Please use `'airflow.sdk.task'`.","category":"DeprecatedImportWarning","filename":"/opt/airflow/dags/dag.py","lineno":2,"logger":"py.warnings"}
{"timestamp":"2025-12-17T13:23:42.246630Z","level":"warning","event":"The `airflow.operators.empty.EmptyOperator` attribute is deprecated. Please use `'airflow.providers.standard.operators.empty.EmptyOperator'`.","category":"DeprecatedImportWarning","filename":"/opt/airflow/dags/dag.py","lineno":3,"logger":"py.warnings"}
{"timestamp":"2025-12-17T13:27:10.476875Z","level":"info","event":"Filling up the DagBag from /opt/airflow/dags/dag.py","logger":"airflow.models.dagbag.DagBag","filename":"dagbag.py","lineno":593}
{"timestamp":"2025-12-17T13:27:10.503690Z","level":"warning","event":"The `airflow.decorators.dag` attribute is deprecated. Please use `'airflow.sdk.dag'`.","category":"DeprecatedImportWarning","filename":"/opt/airflow/dags/dag.py","lineno":1,"logger":"py.warnings"}
{"timestamp":"2025-12-17T13:27:10.503908Z","level":"warning","event":"The `airflow.decorators.task` attribute is deprecated. Please use `'airflow.sdk.task'`.","category":"DeprecatedImportWarning","filename":"/opt/airflow/dags/dag.py","lineno":2,"logger":"py.warnings"}
{"timestamp":"2025-12-17T13:27:10.503940Z","level":"warning","event":"The `airflow.operators.empty.EmptyOperator` attribute is deprecated. Please use `'airflow.providers.standard.operators.empty.EmptyOperator'`.","category":"DeprecatedImportWarning","filename":"/opt/airflow/dags/dag.py","lineno":3,"logger":"py.warnings"}
{"timestamp":"2025-12-17T13:28:33.794328Z","level":"info","event":"Filling up the DagBag from /opt/airflow/dags/dag.py","logger":"airflow.models.dagbag.DagBag","filename":"dagbag.py","lineno":593}
{"timestamp":"2025-12-17T13:28:33.830725Z","level":"warning","event":"The `airflow.decorators.dag` attribute is deprecated. Please use `'airflow.sdk.dag'`.","category":"DeprecatedImportWarning","filename":"/opt/airflow/dags/dag.py","lineno":1,"logger":"py.warnings"}
{"timestamp":"2025-12-17T13:28:33.830930Z","level":"warning","event":"The `airflow.decorators.task` attribute is deprecated. Please use `'airflow.sdk.task'`.","category":"DeprecatedImportWarning","filename":"/opt/airflow/dags/dag.py","lineno":2,"logger":"py.warnings"}
{"timestamp":"2025-12-17T13:28:33.831300Z","level":"warning","event":"The `airflow.operators.empty.EmptyOperator` attribute is deprecated. Please use `'airflow.providers.standard.operators.empty.EmptyOperator'`.","category":"DeprecatedImportWarning","filename":"/opt/airflow/dags/dag.py","lineno":3,"logger":"py.warnings"}
{"timestamp":"2025-12-17T13:29:04.198390Z","level":"info","event":"Filling up the DagBag from /opt/airflow/dags/dag.py","logger":"airflow.models.dagbag.DagBag","filename":"dagbag.py","lineno":593}
{"timestamp":"2025-12-17T13:29:04.229527Z","level":"warning","event":"The `airflow.decorators.dag` attribute is deprecated. Please use `'airflow.sdk.dag'`.","category":"DeprecatedImportWarning","filename":"/opt/airflow/dags/dag.py","lineno":1,"logger":"py.warnings"}
{"timestamp":"2025-12-17T13:29:04.229714Z","level":"warning","event":"The `airflow.decorators.task` attribute is deprecated. Please use `'airflow.sdk.task'`.","category":"DeprecatedImportWarning","filename":"/opt/airflow/dags/dag.py","lineno":2,"logger":"py.warnings"}
{"timestamp":"2025-12-17T13:29:04.230045Z","level":"warning","event":"The `airflow.operators.empty.EmptyOperator` attribute is deprecated. Please use `'airflow.providers.standard.operators.empty.EmptyOperator'`.","category":"DeprecatedImportWarning","filename":"/opt/airflow/dags/dag.py","lineno":3,"logger":"py.warnings"}
{"timestamp":"2025-12-17T13:29:34.591284Z","level":"info","event":"Filling up the DagBag from /opt/airflow/dags/dag.py","logger":"airflow.models.dagbag.DagBag","filename":"dagbag.py","lineno":593}
{"timestamp":"2025-12-17T13:29:34.617153Z","level":"warning","event":"The `airflow.decorators.dag` attribute is deprecated. Please use `'airflow.sdk.dag'`.","category":"DeprecatedImportWarning","filename":"/opt/airflow/dags/dag.py","lineno":1,"logger":"py.warnings"}
{"timestamp":"2025-12-17T13:29:34.617213Z","level":"warning","event":"The `airflow.decorators.task` attribute is deprecated. Please use `'airflow.sdk.task'`.","category":"DeprecatedImportWarning","filename":"/opt/airflow/dags/dag.py","lineno":2,"logger":"py.warnings"}
{"timestamp":"2025-12-17T13:29:34.617241Z","level":"warning","event":"The `airflow.operators.empty.EmptyOperator` attribute is deprecated. Please use `'airflow.providers.standard.operators.empty.EmptyOperator'`.","category":"DeprecatedImportWarning","filename":"/opt/airflow/dags/dag.py","lineno":3,"logger":"py.warnings"}
{"timestamp":"2025-12-17T13:30:04.932475Z","level":"info","event":"Filling up the DagBag from /opt/airflow/dags/dag.py","logger":"airflow.models.dagbag.DagBag","filename":"dagbag.py","lineno":593}
{"timestamp":"2025-12-17T13:30:04.973277Z","level":"warning","event":"The `airflow.decorators.dag` attribute is deprecated. Please use `'airflow.sdk.dag'`.","category":"DeprecatedImportWarning","filename":"/opt/airflow/dags/dag.py","lineno":1,"logger":"py.warnings"}
{"timestamp":"2025-12-17T13:30:04.973471Z","level":"warning","event":"The `airflow.decorators.task` attribute is deprecated. Please use `'airflow.sdk.task'`.","category":"DeprecatedImportWarning","filename":"/opt/airflow/dags/dag.py","lineno":2,"logger":"py.warnings"}
{"timestamp":"2025-12-17T13:30:04.973511Z","level":"warning","event":"The `airflow.operators.empty.EmptyOperator` attribute is deprecated. Please use `'airflow.providers.standard.operators.empty.EmptyOperator'`.","category":"DeprecatedImportWarning","filename":"/opt/airflow/dags/dag.py","lineno":3,"logger":"py.warnings"}
{"timestamp":"2025-12-17T13:30:35.351656Z","level":"info","event":"Filling up the DagBag from /opt/airflow/dags/dag.py","logger":"airflow.models.dagbag.DagBag","filename":"dagbag.py","lineno":593}
{"timestamp":"2025-12-17T13:30:35.380934Z","level":"warning","event":"The `airflow.decorators.dag` attribute is deprecated. Please use `'airflow.sdk.dag'`.","category":"DeprecatedImportWarning","filename":"/opt/airflow/dags/dag.py","lineno":1,"logger":"py.warnings"}
{"timestamp":"2025-12-17T13:30:35.380995Z","level":"warning","event":"The `airflow.decorators.task` attribute is deprecated. Please use `'airflow.sdk.task'`.","category":"DeprecatedImportWarning","filename":"/opt/airflow/dags/dag.py","lineno":2,"logger":"py.warnings"}
{"timestamp":"2025-12-17T13:30:35.381021Z","level":"warning","event":"The `airflow.operators.empty.EmptyOperator` attribute is deprecated. Please use `'airflow.providers.standard.operators.empty.EmptyOperator'`.","category":"DeprecatedImportWarning","filename":"/opt/airflow/dags/dag.py","lineno":3,"logger":"py.warnings"}
{"timestamp":"2025-12-17T13:31:05.753017Z","level":"info","event":"Filling up the DagBag from /opt/airflow/dags/dag.py","logger":"airflow.models.dagbag.DagBag","filename":"dagbag.py","lineno":593}
{"timestamp":"2025-12-17T13:31:05.781651Z","level":"warning","event":"The `airflow.decorators.dag` attribute is deprecated. Please use `'airflow.sdk.dag'`.","category":"DeprecatedImportWarning","filename":"/opt/airflow/dags/dag.py","lineno":1,"logger":"py.warnings"}
{"timestamp":"2025-12-17T13:31:05.781848Z","level":"warning","event":"The `airflow.decorators.task` attribute is deprecated. Please use `'airflow.sdk.task'`.","category":"DeprecatedImportWarning","filename":"/opt/airflow/dags/dag.py","lineno":2,"logger":"py.warnings"}
{"timestamp":"2025-12-17T13:31:05.781897Z","level":"warning","event":"The `airflow.operators.empty.EmptyOperator` attribute is deprecated. Please use `'airflow.providers.standard.operators.empty.EmptyOperator'`.","category":"DeprecatedImportWarning","filename":"/opt/airflow/dags/dag.py","lineno":3,"logger":"py.warnings"}
{"timestamp":"2025-12-17T13:31:36.124444Z","level":"info","event":"Filling up the DagBag from /opt/airflow/dags/dag.py","logger":"airflow.models.dagbag.DagBag","filename":"dagbag.py","lineno":593}
{"timestamp":"2025-12-17T13:31:36.162938Z","level":"warning","event":"The `airflow.decorators.dag` attribute is deprecated. Please use `'airflow.sdk.dag'`.","category":"DeprecatedImportWarning","filename":"/opt/airflow/dags/dag.py","lineno":1,"logger":"py.warnings"}
{"timestamp":"2025-12-17T13:31:36.163010Z","level":"warning","event":"The `airflow.decorators.task` attribute is deprecated. Please use `'airflow.sdk.task'`.","category":"DeprecatedImportWarning","filename":"/opt/airflow/dags/dag.py","lineno":2,"logger":"py.warnings"}
{"timestamp":"2025-12-17T13:31:36.163035Z","level":"warning","event":"The `airflow.operators.empty.EmptyOperator` attribute is deprecated. Please use `'airflow.providers.standard.operators.empty.EmptyOperator'`.","category":"DeprecatedImportWarning","filename":"/opt/airflow/dags/dag.py","lineno":3,"logger":"py.warnings"}
{"timestamp":"2025-12-17T13:32:06.486793Z","level":"info","event":"Filling up the DagBag from /opt/airflow/dags/dag.py","logger":"airflow.models.dagbag.DagBag","filename":"dagbag.py","lineno":593}
{"timestamp":"2025-12-17T13:32:06.508797Z","level":"warning","event":"The `airflow.decorators.dag` attribute is deprecated. Please use `'airflow.sdk.dag'`.","category":"DeprecatedImportWarning","filename":"/opt/airflow/dags/dag.py","lineno":1,"logger":"py.warnings"}
{"timestamp":"2025-12-17T13:32:06.509002Z","level":"warning","event":"The `airflow.decorators.task` attribute is deprecated. Please use `'airflow.sdk.task'`.","category":"DeprecatedImportWarning","filename":"/opt/airflow/dags/dag.py","lineno":2,"logger":"py.warnings"}
{"timestamp":"2025-12-17T13:32:06.509054Z","level":"warning","event":"The `airflow.operators.empty.EmptyOperator` attribute is deprecated. Please use `'airflow.providers.standard.operators.empty.EmptyOperator'`.","category":"DeprecatedImportWarning","filename":"/opt/airflow/dags/dag.py","lineno":3,"logger":"py.warnings"}
{"timestamp":"2025-12-17T13:32:36.886951Z","level":"info","event":"Filling up the DagBag from /opt/airflow/dags/dag.py","logger":"airflow.models.dagbag.DagBag","filename":"dagbag.py","lineno":593}
{"timestamp":"2025-12-17T13:32:36.914976Z","level":"warning","event":"The `airflow.decorators.dag` attribute is deprecated. Please use `'airflow.sdk.dag'`.","category":"DeprecatedImportWarning","filename":"/opt/airflow/dags/dag.py","lineno":1,"logger":"py.warnings"}
{"timestamp":"2025-12-17T13:32:36.915041Z","level":"warning","event":"The `airflow.decorators.task` attribute is deprecated. Please use `'airflow.sdk.task'`.","category":"DeprecatedImportWarning","filename":"/opt/airflow/dags/dag.py","lineno":2,"logger":"py.warnings"}
{"timestamp":"2025-12-17T13:32:36.915069Z","level":"warning","event":"The `airflow.operators.empty.EmptyOperator` attribute is deprecated. Please use `'airflow.providers.standard.operators.empty.EmptyOperator'`.","category":"DeprecatedImportWarning","filename":"/opt/airflow/dags/dag.py","lineno":3,"logger":"py.warnings"}
{"timestamp":"2025-12-17T13:33:07.284053Z","level":"info","event":"Filling up the DagBag from /opt/airflow/dags/dag.py","logger":"airflow.models.dagbag.DagBag","filename":"dagbag.py","lineno":593}
{"timestamp":"2025-12-17T13:33:07.315859Z","level":"warning","event":"The `airflow.decorators.dag` attribute is deprecated. Please use `'airflow.sdk.dag'`.","category":"DeprecatedImportWarning","filename":"/opt/airflow/dags/dag.py","lineno":1,"logger":"py.warnings"}
{"timestamp":"2025-12-17T13:33:07.315918Z","level":"warning","event":"The `airflow.decorators.task` attribute is deprecated. Please use `'airflow.sdk.task'`.","category":"DeprecatedImportWarning","filename":"/opt/airflow/dags/dag.py","lineno":2,"logger":"py.warnings"}
{"timestamp":"2025-12-17T13:33:07.315946Z","level":"warning","event":"The `airflow.operators.empty.EmptyOperator` attribute is deprecated. Please use `'airflow.providers.standard.operators.empty.EmptyOperator'`.","category":"DeprecatedImportWarning","filename":"/opt/airflow/dags/dag.py","lineno":3,"logger":"py.warnings"}
{"timestamp":"2025-12-17T13:33:37.717017Z","level":"info","event":"Filling up the DagBag from /opt/airflow/dags/dag.py","logger":"airflow.models.dagbag.DagBag","filename":"dagbag.py","lineno":593}
{"timestamp":"2025-12-17T13:33:37.755265Z","level":"warning","event":"The `airflow.decorators.dag` attribute is deprecated. Please use `'airflow.sdk.dag'`.","category":"DeprecatedImportWarning","filename":"/opt/airflow/dags/dag.py","lineno":1,"logger":"py.warnings"}
{"timestamp":"2025-12-17T13:33:37.755325Z","level":"warning","event":"The `airflow.decorators.task` attribute is deprecated. Please use `'airflow.sdk.task'`.","category":"DeprecatedImportWarning","filename":"/opt/airflow/dags/dag.py","lineno":2,"logger":"py.warnings"}
{"timestamp":"2025-12-17T13:33:37.755349Z","level":"warning","event":"The `airflow.operators.empty.EmptyOperator` attribute is deprecated. Please use `'airflow.providers.standard.operators.empty.EmptyOperator'`.","category":"DeprecatedImportWarning","filename":"/opt/airflow/dags/dag.py","lineno":3,"logger":"py.warnings"}
{"timestamp":"2025-12-17T13:34:08.125856Z","level":"info","event":"Filling up the DagBag from /opt/airflow/dags/dag.py","logger":"airflow.models.dagbag.DagBag","filename":"dagbag.py","lineno":593}
{"timestamp":"2025-12-17T13:34:08.155694Z","level":"warning","event":"The `airflow.decorators.dag` attribute is deprecated. Please use `'airflow.sdk.dag'`.","category":"DeprecatedImportWarning","filename":"/opt/airflow/dags/dag.py","lineno":1,"logger":"py.warnings"}
{"timestamp":"2025-12-17T13:34:08.155883Z","level":"warning","event":"The `airflow.decorators.task` attribute is deprecated. Please use `'airflow.sdk.task'`.","category":"DeprecatedImportWarning","filename":"/opt/airflow/dags/dag.py","lineno":2,"logger":"py.warnings"}
{"timestamp":"2025-12-17T13:34:08.155938Z","level":"warning","event":"The `airflow.operators.empty.EmptyOperator` attribute is deprecated. Please use `'airflow.providers.standard.operators.empty.EmptyOperator'`.","category":"DeprecatedImportWarning","filename":"/opt/airflow/dags/dag.py","lineno":3,"logger":"py.warnings"}
{"timestamp":"2025-12-17T13:34:38.525715Z","level":"info","event":"Filling up the DagBag from /opt/airflow/dags/dag.py","logger":"airflow.models.dagbag.DagBag","filename":"dagbag.py","lineno":593}
{"timestamp":"2025-12-17T13:34:38.565362Z","level":"warning","event":"The `airflow.decorators.dag` attribute is deprecated. Please use `'airflow.sdk.dag'`.","category":"DeprecatedImportWarning","filename":"/opt/airflow/dags/dag.py","lineno":1,"logger":"py.warnings"}
{"timestamp":"2025-12-17T13:34:38.565422Z","level":"warning","event":"The `airflow.decorators.task` attribute is deprecated. Please use `'airflow.sdk.task'`.","category":"DeprecatedImportWarning","filename":"/opt/airflow/dags/dag.py","lineno":2,"logger":"py.warnings"}
{"timestamp":"2025-12-17T13:34:38.565448Z","level":"warning","event":"The `airflow.operators.empty.EmptyOperator` attribute is deprecated. Please use `'airflow.providers.standard.operators.empty.EmptyOperator'`.","category":"DeprecatedImportWarning","filename":"/opt/airflow/dags/dag.py","lineno":3,"logger":"py.warnings"}
{"timestamp":"2025-12-17T13:35:08.967446Z","level":"info","event":"Filling up the DagBag from /opt/airflow/dags/dag.py","logger":"airflow.models.dagbag.DagBag","filename":"dagbag.py","lineno":593}
{"timestamp":"2025-12-17T13:35:09.006502Z","level":"warning","event":"The `airflow.decorators.dag` attribute is deprecated. Please use `'airflow.sdk.dag'`.","category":"DeprecatedImportWarning","filename":"/opt/airflow/dags/dag.py","lineno":1,"logger":"py.warnings"}
{"timestamp":"2025-12-17T13:35:09.006569Z","level":"warning","event":"The `airflow.decorators.task` attribute is deprecated. Please use `'airflow.sdk.task'`.","category":"DeprecatedImportWarning","filename":"/opt/airflow/dags/dag.py","lineno":2,"logger":"py.warnings"}
{"timestamp":"2025-12-17T13:35:09.006594Z","level":"warning","event":"The `airflow.operators.empty.EmptyOperator` attribute is deprecated. Please use `'airflow.providers.standard.operators.empty.EmptyOperator'`.","category":"DeprecatedImportWarning","filename":"/opt/airflow/dags/dag.py","lineno":3,"logger":"py.warnings"}
{"timestamp":"2025-12-17T13:35:39.389460Z","level":"info","event":"Filling up the DagBag from /opt/airflow/dags/dag.py","logger":"airflow.models.dagbag.DagBag","filename":"dagbag.py","lineno":593}
{"timestamp":"2025-12-17T13:35:39.433278Z","level":"warning","event":"The `airflow.decorators.dag` attribute is deprecated. Please use `'airflow.sdk.dag'`.","category":"DeprecatedImportWarning","filename":"/opt/airflow/dags/dag.py","lineno":1,"logger":"py.warnings"}
{"timestamp":"2025-12-17T13:35:39.433372Z","level":"warning","event":"The `airflow.decorators.task` attribute is deprecated. Please use `'airflow.sdk.task'`.","category":"DeprecatedImportWarning","filename":"/opt/airflow/dags/dag.py","lineno":2,"logger":"py.warnings"}
{"timestamp":"2025-12-17T13:35:39.433400Z","level":"warning","event":"The `airflow.operators.empty.EmptyOperator` attribute is deprecated. Please use `'airflow.providers.standard.operators.empty.EmptyOperator'`.","category":"DeprecatedImportWarning","filename":"/opt/airflow/dags/dag.py","lineno":3,"logger":"py.warnings"}
{"timestamp":"2025-12-17T13:35:45.530806Z","level":"info","event":"Filling up the DagBag from /opt/airflow/dags/dag.py","logger":"airflow.models.dagbag.DagBag","filename":"dagbag.py","lineno":593}
{"timestamp":"2025-12-17T13:35:45.562573Z","level":"warning","event":"The `airflow.decorators.dag` attribute is deprecated. Please use `'airflow.sdk.dag'`.","category":"DeprecatedImportWarning","filename":"/opt/airflow/dags/dag.py","lineno":1,"logger":"py.warnings"}
{"timestamp":"2025-12-17T13:35:45.562645Z","level":"warning","event":"The `airflow.decorators.task` attribute is deprecated. Please use `'airflow.sdk.task'`.","category":"DeprecatedImportWarning","filename":"/opt/airflow/dags/dag.py","lineno":2,"logger":"py.warnings"}
{"timestamp":"2025-12-17T13:35:45.562671Z","level":"warning","event":"The `airflow.operators.empty.EmptyOperator` attribute is deprecated. Please use `'airflow.providers.standard.operators.empty.EmptyOperator'`.","category":"DeprecatedImportWarning","filename":"/opt/airflow/dags/dag.py","lineno":3,"logger":"py.warnings"}
{"timestamp":"2025-12-17T13:36:15.920943Z","level":"info","event":"Filling up the DagBag from /opt/airflow/dags/dag.py","logger":"airflow.models.dagbag.DagBag","filename":"dagbag.py","lineno":593}
{"timestamp":"2025-12-17T13:36:15.965379Z","level":"warning","event":"The `airflow.decorators.dag` attribute is deprecated. Please use `'airflow.sdk.dag'`.","category":"DeprecatedImportWarning","filename":"/opt/airflow/dags/dag.py","lineno":1,"logger":"py.warnings"}
{"timestamp":"2025-12-17T13:36:15.965443Z","level":"warning","event":"The `airflow.decorators.task` attribute is deprecated. Please use `'airflow.sdk.task'`.","category":"DeprecatedImportWarning","filename":"/opt/airflow/dags/dag.py","lineno":2,"logger":"py.warnings"}
{"timestamp":"2025-12-17T13:36:15.965467Z","level":"warning","event":"The `airflow.operators.empty.EmptyOperator` attribute is deprecated. Please use `'airflow.providers.standard.operators.empty.EmptyOperator'`.","category":"DeprecatedImportWarning","filename":"/opt/airflow/dags/dag.py","lineno":3,"logger":"py.warnings"}
{"timestamp":"2025-12-17T13:36:46.340198Z","level":"info","event":"Filling up the DagBag from /opt/airflow/dags/dag.py","logger":"airflow.models.dagbag.DagBag","filename":"dagbag.py","lineno":593}
{"timestamp":"2025-12-17T13:36:46.371186Z","level":"warning","event":"The `airflow.decorators.dag` attribute is deprecated. Please use `'airflow.sdk.dag'`.","category":"DeprecatedImportWarning","filename":"/opt/airflow/dags/dag.py","lineno":1,"logger":"py.warnings"}
{"timestamp":"2025-12-17T13:36:46.371248Z","level":"warning","event":"The `airflow.decorators.task` attribute is deprecated. Please use `'airflow.sdk.task'`.","category":"DeprecatedImportWarning","filename":"/opt/airflow/dags/dag.py","lineno":2,"logger":"py.warnings"}
{"timestamp":"2025-12-17T13:36:46.371276Z","level":"warning","event":"The `airflow.operators.empty.EmptyOperator` attribute is deprecated. Please use `'airflow.providers.standard.operators.empty.EmptyOperator'`.","category":"DeprecatedImportWarning","filename":"/opt/airflow/dags/dag.py","lineno":3,"logger":"py.warnings"}
{"timestamp":"2025-12-17T13:37:16.764736Z","level":"info","event":"Filling up the DagBag from /opt/airflow/dags/dag.py","logger":"airflow.models.dagbag.DagBag","filename":"dagbag.py","lineno":593}
{"timestamp":"2025-12-17T13:37:16.801855Z","level":"warning","event":"The `airflow.decorators.dag` attribute is deprecated. Please use `'airflow.sdk.dag'`.","category":"DeprecatedImportWarning","filename":"/opt/airflow/dags/dag.py","lineno":1,"logger":"py.warnings"}
{"timestamp":"2025-12-17T13:37:16.801927Z","level":"warning","event":"The `airflow.decorators.task` attribute is deprecated. Please use `'airflow.sdk.task'`.","category":"DeprecatedImportWarning","filename":"/opt/airflow/dags/dag.py","lineno":2,"logger":"py.warnings"}
{"timestamp":"2025-12-17T13:37:16.801952Z","level":"warning","event":"The `airflow.operators.empty.EmptyOperator` attribute is deprecated. Please use `'airflow.providers.standard.operators.empty.EmptyOperator'`.","category":"DeprecatedImportWarning","filename":"/opt/airflow/dags/dag.py","lineno":3,"logger":"py.warnings"}
{"timestamp":"2025-12-17T13:37:47.182786Z","level":"info","event":"Filling up the DagBag from /opt/airflow/dags/dag.py","logger":"airflow.models.dagbag.DagBag","filename":"dagbag.py","lineno":593}
{"timestamp":"2025-12-17T13:37:47.221609Z","level":"warning","event":"The `airflow.decorators.dag` attribute is deprecated. Please use `'airflow.sdk.dag'`.","category":"DeprecatedImportWarning","filename":"/opt/airflow/dags/dag.py","lineno":1,"logger":"py.warnings"}
{"timestamp":"2025-12-17T13:37:47.221665Z","level":"warning","event":"The `airflow.decorators.task` attribute is deprecated. Please use `'airflow.sdk.task'`.","category":"DeprecatedImportWarning","filename":"/opt/airflow/dags/dag.py","lineno":2,"logger":"py.warnings"}
{"timestamp":"2025-12-17T13:37:47.221691Z","level":"warning","event":"The `airflow.operators.empty.EmptyOperator` attribute is deprecated. Please use `'airflow.providers.standard.operators.empty.EmptyOperator'`.","category":"DeprecatedImportWarning","filename":"/opt/airflow/dags/dag.py","lineno":3,"logger":"py.warnings"}
{"timestamp":"2025-12-17T13:38:17.558527Z","level":"info","event":"Filling up the DagBag from /opt/airflow/dags/dag.py","logger":"airflow.models.dagbag.DagBag","filename":"dagbag.py","lineno":593}
{"timestamp":"2025-12-17T13:38:17.594323Z","level":"warning","event":"The `airflow.decorators.dag` attribute is deprecated. Please use `'airflow.sdk.dag'`.","category":"DeprecatedImportWarning","filename":"/opt/airflow/dags/dag.py","lineno":1,"logger":"py.warnings"}
{"timestamp":"2025-12-17T13:38:17.594389Z","level":"warning","event":"The `airflow.decorators.task` attribute is deprecated. Please use `'airflow.sdk.task'`.","category":"DeprecatedImportWarning","filename":"/opt/airflow/dags/dag.py","lineno":2,"logger":"py.warnings"}
{"timestamp":"2025-12-17T13:38:17.594416Z","level":"warning","event":"The `airflow.operators.empty.EmptyOperator` attribute is deprecated. Please use `'airflow.providers.standard.operators.empty.EmptyOperator'`.","category":"DeprecatedImportWarning","filename":"/opt/airflow/dags/dag.py","lineno":3,"logger":"py.warnings"}
{"timestamp":"2025-12-17T13:38:45.992379Z","level":"info","event":"Filling up the DagBag from /opt/airflow/dags/dag.py","logger":"airflow.models.dagbag.DagBag","filename":"dagbag.py","lineno":593}
{"timestamp":"2025-12-17T13:38:46.122626Z","level":"warning","event":"The `airflow.decorators.dag` attribute is deprecated. Please use `'airflow.sdk.dag'`.","category":"DeprecatedImportWarning","filename":"/opt/airflow/dags/dag.py","lineno":1,"logger":"py.warnings"}
{"timestamp":"2025-12-17T13:38:46.122984Z","level":"warning","event":"The `airflow.decorators.task` attribute is deprecated. Please use `'airflow.sdk.task'`.","category":"DeprecatedImportWarning","filename":"/opt/airflow/dags/dag.py","lineno":2,"logger":"py.warnings"}
{"timestamp":"2025-12-17T13:38:46.123016Z","level":"warning","event":"The `airflow.operators.empty.EmptyOperator` attribute is deprecated. Please use `'airflow.providers.standard.operators.empty.EmptyOperator'`.","category":"DeprecatedImportWarning","filename":"/opt/airflow/dags/dag.py","lineno":3,"logger":"py.warnings"}
{"timestamp":"2025-12-17T13:39:13.535121Z","level":"info","event":"Filling up the DagBag from /opt/airflow/dags/dag.py","logger":"airflow.models.dagbag.DagBag","filename":"dagbag.py","lineno":593}
{"timestamp":"2025-12-17T13:39:13.585924Z","level":"warning","event":"The `airflow.decorators.dag` attribute is deprecated. Please use `'airflow.sdk.dag'`.","category":"DeprecatedImportWarning","filename":"/opt/airflow/dags/dag.py","lineno":1,"logger":"py.warnings"}
{"timestamp":"2025-12-17T13:39:13.585998Z","level":"warning","event":"The `airflow.decorators.task` attribute is deprecated. Please use `'airflow.sdk.task'`.","category":"DeprecatedImportWarning","filename":"/opt/airflow/dags/dag.py","lineno":2,"logger":"py.warnings"}
{"timestamp":"2025-12-17T13:39:13.586029Z","level":"warning","event":"The `airflow.operators.empty.EmptyOperator` attribute is deprecated. Please use `'airflow.providers.standard.operators.empty.EmptyOperator'`.","category":"DeprecatedImportWarning","filename":"/opt/airflow/dags/dag.py","lineno":3,"logger":"py.warnings"}
{"timestamp":"2025-12-17T13:39:23.742633Z","level":"info","event":"Filling up the DagBag from /opt/airflow/dags/dag.py","logger":"airflow.models.dagbag.DagBag","filename":"dagbag.py","lineno":593}
{"timestamp":"2025-12-17T13:39:23.775578Z","level":"warning","event":"The `airflow.decorators.dag` attribute is deprecated. Please use `'airflow.sdk.dag'`.","category":"DeprecatedImportWarning","filename":"/opt/airflow/dags/dag.py","lineno":1,"logger":"py.warnings"}
{"timestamp":"2025-12-17T13:39:23.775648Z","level":"warning","event":"The `airflow.decorators.task` attribute is deprecated. Please use `'airflow.sdk.task'`.","category":"DeprecatedImportWarning","filename":"/opt/airflow/dags/dag.py","lineno":2,"logger":"py.warnings"}
{"timestamp":"2025-12-17T13:39:23.775674Z","level":"warning","event":"The `airflow.operators.empty.EmptyOperator` attribute is deprecated. Please use `'airflow.providers.standard.operators.empty.EmptyOperator'`.","category":"DeprecatedImportWarning","filename":"/opt/airflow/dags/dag.py","lineno":3,"logger":"py.warnings"}
{"timestamp":"2025-12-17T13:39:54.183836Z","level":"info","event":"Filling up the DagBag from /opt/airflow/dags/dag.py","logger":"airflow.models.dagbag.DagBag","filename":"dagbag.py","lineno":593}
{"timestamp":"2025-12-17T13:39:54.231838Z","level":"warning","event":"The `airflow.decorators.dag` attribute is deprecated. Please use `'airflow.sdk.dag'`.","category":"DeprecatedImportWarning","filename":"/opt/airflow/dags/dag.py","lineno":1,"logger":"py.warnings"}
{"timestamp":"2025-12-17T13:39:54.232056Z","level":"warning","event":"The `airflow.decorators.task` attribute is deprecated. Please use `'airflow.sdk.task'`.","category":"DeprecatedImportWarning","filename":"/opt/airflow/dags/dag.py","lineno":2,"logger":"py.warnings"}
{"timestamp":"2025-12-17T13:39:54.232100Z","level":"warning","event":"The `airflow.operators.empty.EmptyOperator` attribute is deprecated. Please use `'airflow.providers.standard.operators.empty.EmptyOperator'`.","category":"DeprecatedImportWarning","filename":"/opt/airflow/dags/dag.py","lineno":3,"logger":"py.warnings"}
{"timestamp":"2025-12-17T13:40:24.572516Z","level":"info","event":"Filling up the DagBag from /opt/airflow/dags/dag.py","logger":"airflow.models.dagbag.DagBag","filename":"dagbag.py","lineno":593}
{"timestamp":"2025-12-17T13:40:24.617166Z","level":"warning","event":"The `airflow.decorators.dag` attribute is deprecated. Please use `'airflow.sdk.dag'`.","category":"DeprecatedImportWarning","filename":"/opt/airflow/dags/dag.py","lineno":1,"logger":"py.warnings"}
{"timestamp":"2025-12-17T13:40:24.617371Z","level":"warning","event":"The `airflow.decorators.task` attribute is deprecated. Please use `'airflow.sdk.task'`.","category":"DeprecatedImportWarning","filename":"/opt/airflow/dags/dag.py","lineno":2,"logger":"py.warnings"}
{"timestamp":"2025-12-17T13:40:24.617416Z","level":"warning","event":"The `airflow.operators.empty.EmptyOperator` attribute is deprecated. Please use `'airflow.providers.standard.operators.empty.EmptyOperator'`.","category":"DeprecatedImportWarning","filename":"/opt/airflow/dags/dag.py","lineno":3,"logger":"py.warnings"}
{"timestamp":"2025-12-17T13:40:36.802476Z","level":"info","event":"Filling up the DagBag from /opt/airflow/dags/dag.py","logger":"airflow.models.dagbag.DagBag","filename":"dagbag.py","lineno":593}
{"timestamp":"2025-12-17T13:40:36.848829Z","level":"warning","event":"The `airflow.decorators.dag` attribute is deprecated. Please use `'airflow.sdk.dag'`.","category":"DeprecatedImportWarning","filename":"/opt/airflow/dags/dag.py","lineno":1,"logger":"py.warnings"}
{"timestamp":"2025-12-17T13:40:36.849058Z","level":"warning","event":"The `airflow.decorators.task` attribute is deprecated. Please use `'airflow.sdk.task'`.","category":"DeprecatedImportWarning","filename":"/opt/airflow/dags/dag.py","lineno":2,"logger":"py.warnings"}
{"timestamp":"2025-12-17T13:40:36.849106Z","level":"warning","event":"The `airflow.operators.empty.EmptyOperator` attribute is deprecated. Please use `'airflow.providers.standard.operators.empty.EmptyOperator'`.","category":"DeprecatedImportWarning","filename":"/opt/airflow/dags/dag.py","lineno":3,"logger":"py.warnings"}
{"timestamp":"2025-12-17T13:41:07.160520Z","level":"info","event":"Filling up the DagBag from /opt/airflow/dags/dag.py","logger":"airflow.models.dagbag.DagBag","filename":"dagbag.py","lineno":593}
{"timestamp":"2025-12-17T13:41:07.225030Z","level":"warning","event":"The `airflow.decorators.dag` attribute is deprecated. Please use `'airflow.sdk.dag'`.","category":"DeprecatedImportWarning","filename":"/opt/airflow/dags/dag.py","lineno":1,"logger":"py.warnings"}
{"timestamp":"2025-12-17T13:41:07.225156Z","level":"warning","event":"The `airflow.decorators.task` attribute is deprecated. Please use `'airflow.sdk.task'`.","category":"DeprecatedImportWarning","filename":"/opt/airflow/dags/dag.py","lineno":2,"logger":"py.warnings"}
{"timestamp":"2025-12-17T13:41:07.225217Z","level":"warning","event":"The `airflow.operators.empty.EmptyOperator` attribute is deprecated. Please use `'airflow.providers.standard.operators.empty.EmptyOperator'`.","category":"DeprecatedImportWarning","filename":"/opt/airflow/dags/dag.py","lineno":3,"logger":"py.warnings"}
{"timestamp":"2025-12-17T13:41:35.583886Z","level":"info","event":"Filling up the DagBag from /opt/airflow/dags/dag.py","logger":"airflow.models.dagbag.DagBag","filename":"dagbag.py","lineno":593}
{"timestamp":"2025-12-17T13:41:35.626280Z","level":"error","event":"Failed to import: /opt/airflow/dags/dag.py","logger":"airflow.models.dagbag.DagBag","filename":"dagbag.py","lineno":415,"error_detail":[{"exc_type":"IndentationError","exc_value":"expected an indented block after 'try' statement on line 65 (dag.py, line 66)","exc_notes":[],"syntax_error":{"offset":5,"filename":"/opt/airflow/dags/dag.py","line":"    conn = duckdb.connect(\"/opt/airflow/dags/data/bdd_airflow.duckdb\")  # chemin absolu dans Docker\n","lineno":66,"msg":"expected an indented block after 'try' statement on line 65"},"is_cause":false,"frames":[{"filename":"/home/airflow/.local/lib/python3.12/site-packages/airflow/models/dagbag.py","lineno":405,"name":"parse"},{"filename":"<frozen importlib._bootstrap_external>","lineno":995,"name":"exec_module"},{"filename":"<frozen importlib._bootstrap_external>","lineno":1133,"name":"get_code"},{"filename":"<frozen importlib._bootstrap_external>","lineno":1063,"name":"source_to_code"},{"filename":"<frozen importlib._bootstrap>","lineno":488,"name":"_call_with_frames_removed"}],"is_group":false,"exceptions":[]}]}
{"timestamp":"2025-12-17T13:41:41.728983Z","level":"info","event":"Filling up the DagBag from /opt/airflow/dags/dag.py","logger":"airflow.models.dagbag.DagBag","filename":"dagbag.py","lineno":593}
{"timestamp":"2025-12-17T13:41:41.768144Z","level":"warning","event":"The `airflow.decorators.dag` attribute is deprecated. Please use `'airflow.sdk.dag'`.","category":"DeprecatedImportWarning","filename":"/opt/airflow/dags/dag.py","lineno":1,"logger":"py.warnings"}
{"timestamp":"2025-12-17T13:41:41.768363Z","level":"warning","event":"The `airflow.decorators.task` attribute is deprecated. Please use `'airflow.sdk.task'`.","category":"DeprecatedImportWarning","filename":"/opt/airflow/dags/dag.py","lineno":2,"logger":"py.warnings"}
{"timestamp":"2025-12-17T13:41:41.768402Z","level":"warning","event":"The `airflow.operators.empty.EmptyOperator` attribute is deprecated. Please use `'airflow.providers.standard.operators.empty.EmptyOperator'`.","category":"DeprecatedImportWarning","filename":"/opt/airflow/dags/dag.py","lineno":3,"logger":"py.warnings"}
{"timestamp":"2025-12-17T13:42:12.161431Z","level":"info","event":"Filling up the DagBag from /opt/airflow/dags/dag.py","logger":"airflow.models.dagbag.DagBag","filename":"dagbag.py","lineno":593}
{"timestamp":"2025-12-17T13:42:12.203245Z","level":"warning","event":"The `airflow.decorators.dag` attribute is deprecated. Please use `'airflow.sdk.dag'`.","category":"DeprecatedImportWarning","filename":"/opt/airflow/dags/dag.py","lineno":1,"logger":"py.warnings"}
{"timestamp":"2025-12-17T13:42:12.203316Z","level":"warning","event":"The `airflow.decorators.task` attribute is deprecated. Please use `'airflow.sdk.task'`.","category":"DeprecatedImportWarning","filename":"/opt/airflow/dags/dag.py","lineno":2,"logger":"py.warnings"}
{"timestamp":"2025-12-17T13:42:12.203343Z","level":"warning","event":"The `airflow.operators.empty.EmptyOperator` attribute is deprecated. Please use `'airflow.providers.standard.operators.empty.EmptyOperator'`.","category":"DeprecatedImportWarning","filename":"/opt/airflow/dags/dag.py","lineno":3,"logger":"py.warnings"}
{"timestamp":"2025-12-17T13:42:42.688329Z","level":"info","event":"Filling up the DagBag from /opt/airflow/dags/dag.py","logger":"airflow.models.dagbag.DagBag","filename":"dagbag.py","lineno":593}
{"timestamp":"2025-12-17T13:42:42.742684Z","level":"warning","event":"The `airflow.decorators.dag` attribute is deprecated. Please use `'airflow.sdk.dag'`.","category":"DeprecatedImportWarning","filename":"/opt/airflow/dags/dag.py","lineno":1,"logger":"py.warnings"}
{"timestamp":"2025-12-17T13:42:42.742775Z","level":"warning","event":"The `airflow.decorators.task` attribute is deprecated. Please use `'airflow.sdk.task'`.","category":"DeprecatedImportWarning","filename":"/opt/airflow/dags/dag.py","lineno":2,"logger":"py.warnings"}
{"timestamp":"2025-12-17T13:42:42.742807Z","level":"warning","event":"The `airflow.operators.empty.EmptyOperator` attribute is deprecated. Please use `'airflow.providers.standard.operators.empty.EmptyOperator'`.","category":"DeprecatedImportWarning","filename":"/opt/airflow/dags/dag.py","lineno":3,"logger":"py.warnings"}
{"timestamp":"2025-12-17T13:43:06.066564Z","level":"info","event":"Filling up the DagBag from /opt/airflow/dags/dag.py","logger":"airflow.models.dagbag.DagBag","filename":"dagbag.py","lineno":593}
{"timestamp":"2025-12-17T13:43:06.074800Z","level":"error","event":"Failed to import: /opt/airflow/dags/dag.py","logger":"airflow.models.dagbag.DagBag","filename":"dagbag.py","lineno":415,"error_detail":[{"exc_type":"SyntaxError","exc_value":"expected 'except' or 'finally' block (dag.py, line 102)","exc_notes":[],"syntax_error":{"offset":5,"filename":"/opt/airflow/dags/dag.py","line":"    conn.close()\n","lineno":102,"msg":"expected 'except' or 'finally' block"},"is_cause":false,"frames":[{"filename":"/home/airflow/.local/lib/python3.12/site-packages/airflow/models/dagbag.py","lineno":405,"name":"parse"},{"filename":"<frozen importlib._bootstrap_external>","lineno":995,"name":"exec_module"},{"filename":"<frozen importlib._bootstrap_external>","lineno":1133,"name":"get_code"},{"filename":"<frozen importlib._bootstrap_external>","lineno":1063,"name":"source_to_code"},{"filename":"<frozen importlib._bootstrap>","lineno":488,"name":"_call_with_frames_removed"}],"is_group":false,"exceptions":[]}]}
{"timestamp":"2025-12-17T13:43:36.479043Z","level":"info","event":"Filling up the DagBag from /opt/airflow/dags/dag.py","logger":"airflow.models.dagbag.DagBag","filename":"dagbag.py","lineno":593}
{"timestamp":"2025-12-17T13:43:36.484229Z","level":"error","event":"Failed to import: /opt/airflow/dags/dag.py","logger":"airflow.models.dagbag.DagBag","filename":"dagbag.py","lineno":415,"error_detail":[{"exc_type":"SyntaxError","exc_value":"expected 'except' or 'finally' block (dag.py, line 102)","exc_notes":[],"syntax_error":{"offset":5,"filename":"/opt/airflow/dags/dag.py","line":"    conn.close()\n","lineno":102,"msg":"expected 'except' or 'finally' block"},"is_cause":false,"frames":[{"filename":"/home/airflow/.local/lib/python3.12/site-packages/airflow/models/dagbag.py","lineno":405,"name":"parse"},{"filename":"<frozen importlib._bootstrap_external>","lineno":995,"name":"exec_module"},{"filename":"<frozen importlib._bootstrap_external>","lineno":1133,"name":"get_code"},{"filename":"<frozen importlib._bootstrap_external>","lineno":1063,"name":"source_to_code"},{"filename":"<frozen importlib._bootstrap>","lineno":488,"name":"_call_with_frames_removed"}],"is_group":false,"exceptions":[]}]}
{"timestamp":"2025-12-17T13:43:50.680389Z","level":"info","event":"Filling up the DagBag from /opt/airflow/dags/dag.py","logger":"airflow.models.dagbag.DagBag","filename":"dagbag.py","lineno":593}
{"timestamp":"2025-12-17T13:43:50.686157Z","level":"error","event":"Failed to import: /opt/airflow/dags/dag.py","logger":"airflow.models.dagbag.DagBag","filename":"dagbag.py","lineno":415,"error_detail":[{"exc_type":"SyntaxError","exc_value":"expected 'except' or 'finally' block (dag.py, line 103)","exc_notes":[],"syntax_error":{"offset":5,"filename":"/opt/airflow/dags/dag.py","line":"    print(f\"Nombre de lignes dans la table : {result}\")\n","lineno":103,"msg":"expected 'except' or 'finally' block"},"is_cause":false,"frames":[{"filename":"/home/airflow/.local/lib/python3.12/site-packages/airflow/models/dagbag.py","lineno":405,"name":"parse"},{"filename":"<frozen importlib._bootstrap_external>","lineno":995,"name":"exec_module"},{"filename":"<frozen importlib._bootstrap_external>","lineno":1133,"name":"get_code"},{"filename":"<frozen importlib._bootstrap_external>","lineno":1063,"name":"source_to_code"},{"filename":"<frozen importlib._bootstrap>","lineno":488,"name":"_call_with_frames_removed"}],"is_group":false,"exceptions":[]}]}
{"timestamp":"2025-12-17T13:44:12.024065Z","level":"info","event":"Filling up the DagBag from /opt/airflow/dags/dag.py","logger":"airflow.models.dagbag.DagBag","filename":"dagbag.py","lineno":593}
{"timestamp":"2025-12-17T13:44:12.028567Z","level":"error","event":"Failed to import: /opt/airflow/dags/dag.py","logger":"airflow.models.dagbag.DagBag","filename":"dagbag.py","lineno":415,"error_detail":[{"exc_type":"SyntaxError","exc_value":"unterminated f-string literal (detected at line 101) (dag.py, line 101)","exc_notes":[],"syntax_error":{"offset":44,"filename":"/opt/airflow/dags/dag.py","line":"        nombre_ligne_trouve = conn.execute(f'SELECT count(*) FROM openskynetwork_brute where \").fetchone()[0]","lineno":101,"msg":"unterminated f-string literal (detected at line 101)"},"is_cause":false,"frames":[{"filename":"/home/airflow/.local/lib/python3.12/site-packages/airflow/models/dagbag.py","lineno":405,"name":"parse"},{"filename":"<frozen importlib._bootstrap_external>","lineno":995,"name":"exec_module"},{"filename":"<frozen importlib._bootstrap_external>","lineno":1133,"name":"get_code"},{"filename":"<frozen importlib._bootstrap_external>","lineno":1063,"name":"source_to_code"},{"filename":"<frozen importlib._bootstrap>","lineno":488,"name":"_call_with_frames_removed"}],"is_group":false,"exceptions":[]}]}
{"timestamp":"2025-12-17T13:44:21.133345Z","level":"info","event":"Filling up the DagBag from /opt/airflow/dags/dag.py","logger":"airflow.models.dagbag.DagBag","filename":"dagbag.py","lineno":593}
{"timestamp":"2025-12-17T13:44:21.137221Z","level":"error","event":"Failed to import: /opt/airflow/dags/dag.py","logger":"airflow.models.dagbag.DagBag","filename":"dagbag.py","lineno":415,"error_detail":[{"exc_type":"SyntaxError","exc_value":"unterminated f-string literal (detected at line 101) (dag.py, line 101)","exc_notes":[],"syntax_error":{"offset":44,"filename":"/opt/airflow/dags/dag.py","line":"        nombre_ligne_trouve = conn.execute(f'SELECT count(*) FROM openskynetwork_brute where timestamp=\").fetchone()[0]","lineno":101,"msg":"unterminated f-string literal (detected at line 101)"},"is_cause":false,"frames":[{"filename":"/home/airflow/.local/lib/python3.12/site-packages/airflow/models/dagbag.py","lineno":405,"name":"parse"},{"filename":"<frozen importlib._bootstrap_external>","lineno":995,"name":"exec_module"},{"filename":"<frozen importlib._bootstrap_external>","lineno":1133,"name":"get_code"},{"filename":"<frozen importlib._bootstrap_external>","lineno":1063,"name":"source_to_code"},{"filename":"<frozen importlib._bootstrap>","lineno":488,"name":"_call_with_frames_removed"}],"is_group":false,"exceptions":[]}]}
{"timestamp":"2025-12-17T13:44:51.487425Z","level":"info","event":"Filling up the DagBag from /opt/airflow/dags/dag.py","logger":"airflow.models.dagbag.DagBag","filename":"dagbag.py","lineno":593}
{"timestamp":"2025-12-17T13:44:51.492771Z","level":"error","event":"Failed to import: /opt/airflow/dags/dag.py","logger":"airflow.models.dagbag.DagBag","filename":"dagbag.py","lineno":415,"error_detail":[{"exc_type":"SyntaxError","exc_value":"unterminated f-string literal (detected at line 101) (dag.py, line 101)","exc_notes":[],"syntax_error":{"offset":44,"filename":"/opt/airflow/dags/dag.py","line":"        nombre_ligne_trouve = conn.execute(f'SELECT count(*) FROM openskynetwork_brute where timestamp=\").fetchone()[0]","lineno":101,"msg":"unterminated f-string literal (detected at line 101)"},"is_cause":false,"frames":[{"filename":"/home/airflow/.local/lib/python3.12/site-packages/airflow/models/dagbag.py","lineno":405,"name":"parse"},{"filename":"<frozen importlib._bootstrap_external>","lineno":995,"name":"exec_module"},{"filename":"<frozen importlib._bootstrap_external>","lineno":1133,"name":"get_code"},{"filename":"<frozen importlib._bootstrap_external>","lineno":1063,"name":"source_to_code"},{"filename":"<frozen importlib._bootstrap>","lineno":488,"name":"_call_with_frames_removed"}],"is_group":false,"exceptions":[]}]}
{"timestamp":"2025-12-17T13:45:21.852690Z","level":"info","event":"Filling up the DagBag from /opt/airflow/dags/dag.py","logger":"airflow.models.dagbag.DagBag","filename":"dagbag.py","lineno":593}
{"timestamp":"2025-12-17T13:45:21.856529Z","level":"error","event":"Failed to import: /opt/airflow/dags/dag.py","logger":"airflow.models.dagbag.DagBag","filename":"dagbag.py","lineno":415,"error_detail":[{"exc_type":"SyntaxError","exc_value":"unterminated f-string literal (detected at line 101) (dag.py, line 101)","exc_notes":[],"syntax_error":{"offset":44,"filename":"/opt/airflow/dags/dag.py","line":"        nombre_ligne_trouve = conn.execute(f'SELECT count(*) FROM openskynetwork_brute where timestamp=\").fetchone()[0]","lineno":101,"msg":"unterminated f-string literal (detected at line 101)"},"is_cause":false,"frames":[{"filename":"/home/airflow/.local/lib/python3.12/site-packages/airflow/models/dagbag.py","lineno":405,"name":"parse"},{"filename":"<frozen importlib._bootstrap_external>","lineno":995,"name":"exec_module"},{"filename":"<frozen importlib._bootstrap_external>","lineno":1133,"name":"get_code"},{"filename":"<frozen importlib._bootstrap_external>","lineno":1063,"name":"source_to_code"},{"filename":"<frozen importlib._bootstrap>","lineno":488,"name":"_call_with_frames_removed"}],"is_group":false,"exceptions":[]}]}
{"timestamp":"2025-12-17T13:45:52.204570Z","level":"info","event":"Filling up the DagBag from /opt/airflow/dags/dag.py","logger":"airflow.models.dagbag.DagBag","filename":"dagbag.py","lineno":593}
{"timestamp":"2025-12-17T13:45:52.209291Z","level":"error","event":"Failed to import: /opt/airflow/dags/dag.py","logger":"airflow.models.dagbag.DagBag","filename":"dagbag.py","lineno":415,"error_detail":[{"exc_type":"SyntaxError","exc_value":"unterminated f-string literal (detected at line 101) (dag.py, line 101)","exc_notes":[],"syntax_error":{"offset":44,"filename":"/opt/airflow/dags/dag.py","line":"        nombre_ligne_trouve = conn.execute(f'SELECT count(*) FROM openskynetwork_brute where timestamp=\").fetchone()[0]","lineno":101,"msg":"unterminated f-string literal (detected at line 101)"},"is_cause":false,"frames":[{"filename":"/home/airflow/.local/lib/python3.12/site-packages/airflow/models/dagbag.py","lineno":405,"name":"parse"},{"filename":"<frozen importlib._bootstrap_external>","lineno":995,"name":"exec_module"},{"filename":"<frozen importlib._bootstrap_external>","lineno":1133,"name":"get_code"},{"filename":"<frozen importlib._bootstrap_external>","lineno":1063,"name":"source_to_code"},{"filename":"<frozen importlib._bootstrap>","lineno":488,"name":"_call_with_frames_removed"}],"is_group":false,"exceptions":[]}]}
{"timestamp":"2025-12-17T13:46:03.375372Z","level":"info","event":"Filling up the DagBag from /opt/airflow/dags/dag.py","logger":"airflow.models.dagbag.DagBag","filename":"dagbag.py","lineno":593}
{"timestamp":"2025-12-17T13:46:03.381556Z","level":"error","event":"Failed to import: /opt/airflow/dags/dag.py","logger":"airflow.models.dagbag.DagBag","filename":"dagbag.py","lineno":415,"error_detail":[{"exc_type":"SyntaxError","exc_value":"expected 'except' or 'finally' block (dag.py, line 103)","exc_notes":[],"syntax_error":{"offset":5,"filename":"/opt/airflow/dags/dag.py","line":"    print(f\"Nombre de lignes dans la table : {result}\")\n","lineno":103,"msg":"expected 'except' or 'finally' block"},"is_cause":false,"frames":[{"filename":"/home/airflow/.local/lib/python3.12/site-packages/airflow/models/dagbag.py","lineno":405,"name":"parse"},{"filename":"<frozen importlib._bootstrap_external>","lineno":995,"name":"exec_module"},{"filename":"<frozen importlib._bootstrap_external>","lineno":1133,"name":"get_code"},{"filename":"<frozen importlib._bootstrap_external>","lineno":1063,"name":"source_to_code"},{"filename":"<frozen importlib._bootstrap>","lineno":488,"name":"_call_with_frames_removed"}],"is_group":false,"exceptions":[]}]}
{"timestamp":"2025-12-17T13:46:25.641753Z","level":"info","event":"Filling up the DagBag from /opt/airflow/dags/dag.py","logger":"airflow.models.dagbag.DagBag","filename":"dagbag.py","lineno":593}
{"timestamp":"2025-12-17T13:46:25.645480Z","level":"error","event":"Failed to import: /opt/airflow/dags/dag.py","logger":"airflow.models.dagbag.DagBag","filename":"dagbag.py","lineno":415,"error_detail":[{"exc_type":"SyntaxError","exc_value":"expected 'except' or 'finally' block (dag.py, line 104)","exc_notes":[],"syntax_error":{"offset":5,"filename":"/opt/airflow/dags/dag.py","line":"    print(f\"Nombre de lignes dans la table : {result}\")\n","lineno":104,"msg":"expected 'except' or 'finally' block"},"is_cause":false,"frames":[{"filename":"/home/airflow/.local/lib/python3.12/site-packages/airflow/models/dagbag.py","lineno":405,"name":"parse"},{"filename":"<frozen importlib._bootstrap_external>","lineno":995,"name":"exec_module"},{"filename":"<frozen importlib._bootstrap_external>","lineno":1133,"name":"get_code"},{"filename":"<frozen importlib._bootstrap_external>","lineno":1063,"name":"source_to_code"},{"filename":"<frozen importlib._bootstrap>","lineno":488,"name":"_call_with_frames_removed"}],"is_group":false,"exceptions":[]}]}
{"timestamp":"2025-12-17T13:46:45.963837Z","level":"info","event":"Filling up the DagBag from /opt/airflow/dags/dag.py","logger":"airflow.models.dagbag.DagBag","filename":"dagbag.py","lineno":593}
{"timestamp":"2025-12-17T13:46:45.990973Z","level":"error","event":"Failed to import: /opt/airflow/dags/dag.py","logger":"airflow.models.dagbag.DagBag","filename":"dagbag.py","lineno":415,"error_detail":[{"exc_type":"SyntaxError","exc_value":"invalid syntax (dag.py, line 103)","exc_notes":[],"syntax_error":{"offset":12,"filename":"/opt/airflow/dags/dag.py","line":"        if \n","lineno":103,"msg":"invalid syntax"},"is_cause":false,"frames":[{"filename":"/home/airflow/.local/lib/python3.12/site-packages/airflow/models/dagbag.py","lineno":405,"name":"parse"},{"filename":"<frozen importlib._bootstrap_external>","lineno":995,"name":"exec_module"},{"filename":"<frozen importlib._bootstrap_external>","lineno":1133,"name":"get_code"},{"filename":"<frozen importlib._bootstrap_external>","lineno":1063,"name":"source_to_code"},{"filename":"<frozen importlib._bootstrap>","lineno":488,"name":"_call_with_frames_removed"}],"is_group":false,"exceptions":[]}]}
{"timestamp":"2025-12-17T13:46:55.150786Z","level":"info","event":"Filling up the DagBag from /opt/airflow/dags/dag.py","logger":"airflow.models.dagbag.DagBag","filename":"dagbag.py","lineno":593}
{"timestamp":"2025-12-17T13:46:55.210019Z","level":"warning","event":"The `airflow.decorators.dag` attribute is deprecated. Please use `'airflow.sdk.dag'`.","category":"DeprecatedImportWarning","filename":"/opt/airflow/dags/dag.py","lineno":1,"logger":"py.warnings"}
{"timestamp":"2025-12-17T13:46:55.210746Z","level":"warning","event":"The `airflow.decorators.task` attribute is deprecated. Please use `'airflow.sdk.task'`.","category":"DeprecatedImportWarning","filename":"/opt/airflow/dags/dag.py","lineno":2,"logger":"py.warnings"}
{"timestamp":"2025-12-17T13:46:55.210788Z","level":"warning","event":"The `airflow.operators.empty.EmptyOperator` attribute is deprecated. Please use `'airflow.providers.standard.operators.empty.EmptyOperator'`.","category":"DeprecatedImportWarning","filename":"/opt/airflow/dags/dag.py","lineno":3,"logger":"py.warnings"}
{"timestamp":"2025-12-17T13:47:25.651930Z","level":"info","event":"Filling up the DagBag from /opt/airflow/dags/dag.py","logger":"airflow.models.dagbag.DagBag","filename":"dagbag.py","lineno":593}
{"timestamp":"2025-12-17T13:47:25.712379Z","level":"warning","event":"The `airflow.decorators.dag` attribute is deprecated. Please use `'airflow.sdk.dag'`.","category":"DeprecatedImportWarning","filename":"/opt/airflow/dags/dag.py","lineno":1,"logger":"py.warnings"}
{"timestamp":"2025-12-17T13:47:25.712446Z","level":"warning","event":"The `airflow.decorators.task` attribute is deprecated. Please use `'airflow.sdk.task'`.","category":"DeprecatedImportWarning","filename":"/opt/airflow/dags/dag.py","lineno":2,"logger":"py.warnings"}
{"timestamp":"2025-12-17T13:47:25.712467Z","level":"warning","event":"The `airflow.operators.empty.EmptyOperator` attribute is deprecated. Please use `'airflow.providers.standard.operators.empty.EmptyOperator'`.","category":"DeprecatedImportWarning","filename":"/opt/airflow/dags/dag.py","lineno":3,"logger":"py.warnings"}
{"timestamp":"2025-12-17T13:47:56.113819Z","level":"info","event":"Filling up the DagBag from /opt/airflow/dags/dag.py","logger":"airflow.models.dagbag.DagBag","filename":"dagbag.py","lineno":593}
{"timestamp":"2025-12-17T13:47:56.162472Z","level":"warning","event":"The `airflow.decorators.dag` attribute is deprecated. Please use `'airflow.sdk.dag'`.","category":"DeprecatedImportWarning","filename":"/opt/airflow/dags/dag.py","lineno":1,"logger":"py.warnings"}
{"timestamp":"2025-12-17T13:47:56.162534Z","level":"warning","event":"The `airflow.decorators.task` attribute is deprecated. Please use `'airflow.sdk.task'`.","category":"DeprecatedImportWarning","filename":"/opt/airflow/dags/dag.py","lineno":2,"logger":"py.warnings"}
{"timestamp":"2025-12-17T13:47:56.162556Z","level":"warning","event":"The `airflow.operators.empty.EmptyOperator` attribute is deprecated. Please use `'airflow.providers.standard.operators.empty.EmptyOperator'`.","category":"DeprecatedImportWarning","filename":"/opt/airflow/dags/dag.py","lineno":3,"logger":"py.warnings"}
{"timestamp":"2025-12-17T13:48:06.308155Z","level":"info","event":"Filling up the DagBag from /opt/airflow/dags/dag.py","logger":"airflow.models.dagbag.DagBag","filename":"dagbag.py","lineno":593}
{"timestamp":"2025-12-17T13:48:06.313421Z","level":"error","event":"Failed to import: /opt/airflow/dags/dag.py","logger":"airflow.models.dagbag.DagBag","filename":"dagbag.py","lineno":415,"error_detail":[{"exc_type":"IndentationError","exc_value":"expected an indented block after 'if' statement on line 105 (dag.py, line 107)","exc_notes":[],"syntax_error":{"offset":5,"filename":"/opt/airflow/dags/dag.py","line":"    print(f\"Nombre de lignes dans la table : {result}\")\n","lineno":107,"msg":"expected an indented block after 'if' statement on line 105"},"is_cause":false,"frames":[{"filename":"/home/airflow/.local/lib/python3.12/site-packages/airflow/models/dagbag.py","lineno":405,"name":"parse"},{"filename":"<frozen importlib._bootstrap_external>","lineno":995,"name":"exec_module"},{"filename":"<frozen importlib._bootstrap_external>","lineno":1133,"name":"get_code"},{"filename":"<frozen importlib._bootstrap_external>","lineno":1063,"name":"source_to_code"},{"filename":"<frozen importlib._bootstrap>","lineno":488,"name":"_call_with_frames_removed"}],"is_group":false,"exceptions":[]}]}
{"timestamp":"2025-12-17T13:48:15.478912Z","level":"info","event":"Filling up the DagBag from /opt/airflow/dags/dag.py","logger":"airflow.models.dagbag.DagBag","filename":"dagbag.py","lineno":593}
{"timestamp":"2025-12-17T13:48:15.528024Z","level":"warning","event":"The `airflow.decorators.dag` attribute is deprecated. Please use `'airflow.sdk.dag'`.","category":"DeprecatedImportWarning","filename":"/opt/airflow/dags/dag.py","lineno":1,"logger":"py.warnings"}
{"timestamp":"2025-12-17T13:48:15.528096Z","level":"warning","event":"The `airflow.decorators.task` attribute is deprecated. Please use `'airflow.sdk.task'`.","category":"DeprecatedImportWarning","filename":"/opt/airflow/dags/dag.py","lineno":2,"logger":"py.warnings"}
{"timestamp":"2025-12-17T13:48:15.528122Z","level":"warning","event":"The `airflow.operators.empty.EmptyOperator` attribute is deprecated. Please use `'airflow.providers.standard.operators.empty.EmptyOperator'`.","category":"DeprecatedImportWarning","filename":"/opt/airflow/dags/dag.py","lineno":3,"logger":"py.warnings"}
{"timestamp":"2025-12-17T13:48:22.690837Z","level":"info","event":"Filling up the DagBag from /opt/airflow/dags/dag.py","logger":"airflow.models.dagbag.DagBag","filename":"dagbag.py","lineno":593}
{"timestamp":"2025-12-17T13:48:22.734083Z","level":"warning","event":"The `airflow.decorators.dag` attribute is deprecated. Please use `'airflow.sdk.dag'`.","category":"DeprecatedImportWarning","filename":"/opt/airflow/dags/dag.py","lineno":1,"logger":"py.warnings"}
{"timestamp":"2025-12-17T13:48:22.734357Z","level":"warning","event":"The `airflow.decorators.task` attribute is deprecated. Please use `'airflow.sdk.task'`.","category":"DeprecatedImportWarning","filename":"/opt/airflow/dags/dag.py","lineno":2,"logger":"py.warnings"}
{"timestamp":"2025-12-17T13:48:22.734413Z","level":"warning","event":"The `airflow.operators.empty.EmptyOperator` attribute is deprecated. Please use `'airflow.providers.standard.operators.empty.EmptyOperator'`.","category":"DeprecatedImportWarning","filename":"/opt/airflow/dags/dag.py","lineno":3,"logger":"py.warnings"}
{"timestamp":"2025-12-17T13:48:25.832406Z","level":"info","event":"Filling up the DagBag from /opt/airflow/dags/dag.py","logger":"airflow.models.dagbag.DagBag","filename":"dagbag.py","lineno":593}
{"timestamp":"2025-12-17T13:48:25.870938Z","level":"warning","event":"The `airflow.decorators.dag` attribute is deprecated. Please use `'airflow.sdk.dag'`.","category":"DeprecatedImportWarning","filename":"/opt/airflow/dags/dag.py","lineno":1,"logger":"py.warnings"}
{"timestamp":"2025-12-17T13:48:25.870995Z","level":"warning","event":"The `airflow.decorators.task` attribute is deprecated. Please use `'airflow.sdk.task'`.","category":"DeprecatedImportWarning","filename":"/opt/airflow/dags/dag.py","lineno":2,"logger":"py.warnings"}
{"timestamp":"2025-12-17T13:48:25.871039Z","level":"warning","event":"The `airflow.operators.empty.EmptyOperator` attribute is deprecated. Please use `'airflow.providers.standard.operators.empty.EmptyOperator'`.","category":"DeprecatedImportWarning","filename":"/opt/airflow/dags/dag.py","lineno":3,"logger":"py.warnings"}
{"timestamp":"2025-12-17T13:48:56.268592Z","level":"info","event":"Filling up the DagBag from /opt/airflow/dags/dag.py","logger":"airflow.models.dagbag.DagBag","filename":"dagbag.py","lineno":593}
{"timestamp":"2025-12-17T13:48:56.312549Z","level":"warning","event":"The `airflow.decorators.dag` attribute is deprecated. Please use `'airflow.sdk.dag'`.","category":"DeprecatedImportWarning","filename":"/opt/airflow/dags/dag.py","lineno":1,"logger":"py.warnings"}
{"timestamp":"2025-12-17T13:48:56.312612Z","level":"warning","event":"The `airflow.decorators.task` attribute is deprecated. Please use `'airflow.sdk.task'`.","category":"DeprecatedImportWarning","filename":"/opt/airflow/dags/dag.py","lineno":2,"logger":"py.warnings"}
{"timestamp":"2025-12-17T13:48:56.312635Z","level":"warning","event":"The `airflow.operators.empty.EmptyOperator` attribute is deprecated. Please use `'airflow.providers.standard.operators.empty.EmptyOperator'`.","category":"DeprecatedImportWarning","filename":"/opt/airflow/dags/dag.py","lineno":3,"logger":"py.warnings"}
{"timestamp":"2025-12-17T13:49:02.473785Z","level":"info","event":"Filling up the DagBag from /opt/airflow/dags/dag.py","logger":"airflow.models.dagbag.DagBag","filename":"dagbag.py","lineno":593}
{"timestamp":"2025-12-17T13:49:02.513737Z","level":"warning","event":"The `airflow.decorators.dag` attribute is deprecated. Please use `'airflow.sdk.dag'`.","category":"DeprecatedImportWarning","filename":"/opt/airflow/dags/dag.py","lineno":1,"logger":"py.warnings"}
{"timestamp":"2025-12-17T13:49:02.513964Z","level":"warning","event":"The `airflow.decorators.task` attribute is deprecated. Please use `'airflow.sdk.task'`.","category":"DeprecatedImportWarning","filename":"/opt/airflow/dags/dag.py","lineno":2,"logger":"py.warnings"}
{"timestamp":"2025-12-17T13:49:02.514005Z","level":"warning","event":"The `airflow.operators.empty.EmptyOperator` attribute is deprecated. Please use `'airflow.providers.standard.operators.empty.EmptyOperator'`.","category":"DeprecatedImportWarning","filename":"/opt/airflow/dags/dag.py","lineno":3,"logger":"py.warnings"}
{"timestamp":"2025-12-17T13:49:11.683974Z","level":"info","event":"Filling up the DagBag from /opt/airflow/dags/dag.py","logger":"airflow.models.dagbag.DagBag","filename":"dagbag.py","lineno":593}
{"timestamp":"2025-12-17T13:49:11.778644Z","level":"warning","event":"The `airflow.decorators.dag` attribute is deprecated. Please use `'airflow.sdk.dag'`.","category":"DeprecatedImportWarning","filename":"/opt/airflow/dags/dag.py","lineno":1,"logger":"py.warnings"}
{"timestamp":"2025-12-17T13:49:11.778727Z","level":"warning","event":"The `airflow.decorators.task` attribute is deprecated. Please use `'airflow.sdk.task'`.","category":"DeprecatedImportWarning","filename":"/opt/airflow/dags/dag.py","lineno":2,"logger":"py.warnings"}
{"timestamp":"2025-12-17T13:49:11.778751Z","level":"warning","event":"The `airflow.operators.empty.EmptyOperator` attribute is deprecated. Please use `'airflow.providers.standard.operators.empty.EmptyOperator'`.","category":"DeprecatedImportWarning","filename":"/opt/airflow/dags/dag.py","lineno":3,"logger":"py.warnings"}
{"timestamp":"2025-12-17T13:49:21.909642Z","level":"info","event":"Filling up the DagBag from /opt/airflow/dags/dag.py","logger":"airflow.models.dagbag.DagBag","filename":"dagbag.py","lineno":593}
{"timestamp":"2025-12-17T13:49:21.939558Z","level":"warning","event":"The `airflow.decorators.dag` attribute is deprecated. Please use `'airflow.sdk.dag'`.","category":"DeprecatedImportWarning","filename":"/opt/airflow/dags/dag.py","lineno":1,"logger":"py.warnings"}
{"timestamp":"2025-12-17T13:49:21.939627Z","level":"warning","event":"The `airflow.decorators.task` attribute is deprecated. Please use `'airflow.sdk.task'`.","category":"DeprecatedImportWarning","filename":"/opt/airflow/dags/dag.py","lineno":2,"logger":"py.warnings"}
{"timestamp":"2025-12-17T13:49:21.939653Z","level":"warning","event":"The `airflow.operators.empty.EmptyOperator` attribute is deprecated. Please use `'airflow.providers.standard.operators.empty.EmptyOperator'`.","category":"DeprecatedImportWarning","filename":"/opt/airflow/dags/dag.py","lineno":3,"logger":"py.warnings"}
{"timestamp":"2025-12-17T13:49:32.169436Z","level":"info","event":"Filling up the DagBag from /opt/airflow/dags/dag.py","logger":"airflow.models.dagbag.DagBag","filename":"dagbag.py","lineno":593}
{"timestamp":"2025-12-17T13:49:32.215093Z","level":"warning","event":"The `airflow.decorators.dag` attribute is deprecated. Please use `'airflow.sdk.dag'`.","category":"DeprecatedImportWarning","filename":"/opt/airflow/dags/dag.py","lineno":1,"logger":"py.warnings"}
{"timestamp":"2025-12-17T13:49:32.215211Z","level":"warning","event":"The `airflow.decorators.task` attribute is deprecated. Please use `'airflow.sdk.task'`.","category":"DeprecatedImportWarning","filename":"/opt/airflow/dags/dag.py","lineno":2,"logger":"py.warnings"}
{"timestamp":"2025-12-17T13:49:32.215249Z","level":"warning","event":"The `airflow.operators.empty.EmptyOperator` attribute is deprecated. Please use `'airflow.providers.standard.operators.empty.EmptyOperator'`.","category":"DeprecatedImportWarning","filename":"/opt/airflow/dags/dag.py","lineno":3,"logger":"py.warnings"}
{"timestamp":"2025-12-17T13:49:54.512942Z","level":"info","event":"Filling up the DagBag from /opt/airflow/dags/dag.py","logger":"airflow.models.dagbag.DagBag","filename":"dagbag.py","lineno":593}
{"timestamp":"2025-12-17T13:49:54.569879Z","level":"warning","event":"The `airflow.decorators.dag` attribute is deprecated. Please use `'airflow.sdk.dag'`.","category":"DeprecatedImportWarning","filename":"/opt/airflow/dags/dag.py","lineno":1,"logger":"py.warnings"}
{"timestamp":"2025-12-17T13:49:54.569949Z","level":"warning","event":"The `airflow.decorators.task` attribute is deprecated. Please use `'airflow.sdk.task'`.","category":"DeprecatedImportWarning","filename":"/opt/airflow/dags/dag.py","lineno":2,"logger":"py.warnings"}
{"timestamp":"2025-12-17T13:49:54.569974Z","level":"warning","event":"The `airflow.operators.empty.EmptyOperator` attribute is deprecated. Please use `'airflow.providers.standard.operators.empty.EmptyOperator'`.","category":"DeprecatedImportWarning","filename":"/opt/airflow/dags/dag.py","lineno":3,"logger":"py.warnings"}
{"timestamp":"2025-12-17T13:50:24.920228Z","level":"info","event":"Filling up the DagBag from /opt/airflow/dags/dag.py","logger":"airflow.models.dagbag.DagBag","filename":"dagbag.py","lineno":593}
{"timestamp":"2025-12-17T13:50:24.970280Z","level":"warning","event":"The `airflow.decorators.dag` attribute is deprecated. Please use `'airflow.sdk.dag'`.","category":"DeprecatedImportWarning","filename":"/opt/airflow/dags/dag.py","lineno":1,"logger":"py.warnings"}
{"timestamp":"2025-12-17T13:50:24.970480Z","level":"warning","event":"The `airflow.decorators.task` attribute is deprecated. Please use `'airflow.sdk.task'`.","category":"DeprecatedImportWarning","filename":"/opt/airflow/dags/dag.py","lineno":2,"logger":"py.warnings"}
{"timestamp":"2025-12-17T13:50:24.970525Z","level":"warning","event":"The `airflow.operators.empty.EmptyOperator` attribute is deprecated. Please use `'airflow.providers.standard.operators.empty.EmptyOperator'`.","category":"DeprecatedImportWarning","filename":"/opt/airflow/dags/dag.py","lineno":3,"logger":"py.warnings"}
{"timestamp":"2025-12-17T13:50:55.366689Z","level":"info","event":"Filling up the DagBag from /opt/airflow/dags/dag.py","logger":"airflow.models.dagbag.DagBag","filename":"dagbag.py","lineno":593}
{"timestamp":"2025-12-17T13:50:55.418403Z","level":"warning","event":"The `airflow.decorators.dag` attribute is deprecated. Please use `'airflow.sdk.dag'`.","category":"DeprecatedImportWarning","filename":"/opt/airflow/dags/dag.py","lineno":1,"logger":"py.warnings"}
{"timestamp":"2025-12-17T13:50:55.418616Z","level":"warning","event":"The `airflow.decorators.task` attribute is deprecated. Please use `'airflow.sdk.task'`.","category":"DeprecatedImportWarning","filename":"/opt/airflow/dags/dag.py","lineno":2,"logger":"py.warnings"}
{"timestamp":"2025-12-17T13:50:55.418659Z","level":"warning","event":"The `airflow.operators.empty.EmptyOperator` attribute is deprecated. Please use `'airflow.providers.standard.operators.empty.EmptyOperator'`.","category":"DeprecatedImportWarning","filename":"/opt/airflow/dags/dag.py","lineno":3,"logger":"py.warnings"}
{"timestamp":"2025-12-17T13:51:25.809280Z","level":"info","event":"Filling up the DagBag from /opt/airflow/dags/dag.py","logger":"airflow.models.dagbag.DagBag","filename":"dagbag.py","lineno":593}
{"timestamp":"2025-12-17T13:51:25.857588Z","level":"warning","event":"The `airflow.decorators.dag` attribute is deprecated. Please use `'airflow.sdk.dag'`.","category":"DeprecatedImportWarning","filename":"/opt/airflow/dags/dag.py","lineno":1,"logger":"py.warnings"}
{"timestamp":"2025-12-17T13:51:25.857668Z","level":"warning","event":"The `airflow.decorators.task` attribute is deprecated. Please use `'airflow.sdk.task'`.","category":"DeprecatedImportWarning","filename":"/opt/airflow/dags/dag.py","lineno":2,"logger":"py.warnings"}
{"timestamp":"2025-12-17T13:51:25.857697Z","level":"warning","event":"The `airflow.operators.empty.EmptyOperator` attribute is deprecated. Please use `'airflow.providers.standard.operators.empty.EmptyOperator'`.","category":"DeprecatedImportWarning","filename":"/opt/airflow/dags/dag.py","lineno":3,"logger":"py.warnings"}
{"timestamp":"2025-12-17T13:51:56.258835Z","level":"info","event":"Filling up the DagBag from /opt/airflow/dags/dag.py","logger":"airflow.models.dagbag.DagBag","filename":"dagbag.py","lineno":593}
{"timestamp":"2025-12-17T13:51:56.291305Z","level":"warning","event":"The `airflow.decorators.dag` attribute is deprecated. Please use `'airflow.sdk.dag'`.","category":"DeprecatedImportWarning","filename":"/opt/airflow/dags/dag.py","lineno":1,"logger":"py.warnings"}
{"timestamp":"2025-12-17T13:51:56.291500Z","level":"warning","event":"The `airflow.decorators.task` attribute is deprecated. Please use `'airflow.sdk.task'`.","category":"DeprecatedImportWarning","filename":"/opt/airflow/dags/dag.py","lineno":2,"logger":"py.warnings"}
{"timestamp":"2025-12-17T13:51:56.291846Z","level":"warning","event":"The `airflow.operators.empty.EmptyOperator` attribute is deprecated. Please use `'airflow.providers.standard.operators.empty.EmptyOperator'`.","category":"DeprecatedImportWarning","filename":"/opt/airflow/dags/dag.py","lineno":3,"logger":"py.warnings"}
{"timestamp":"2025-12-17T13:52:26.630230Z","level":"info","event":"Filling up the DagBag from /opt/airflow/dags/dag.py","logger":"airflow.models.dagbag.DagBag","filename":"dagbag.py","lineno":593}
{"timestamp":"2025-12-17T13:52:26.679546Z","level":"warning","event":"The `airflow.decorators.dag` attribute is deprecated. Please use `'airflow.sdk.dag'`.","category":"DeprecatedImportWarning","filename":"/opt/airflow/dags/dag.py","lineno":1,"logger":"py.warnings"}
{"timestamp":"2025-12-17T13:52:26.679623Z","level":"warning","event":"The `airflow.decorators.task` attribute is deprecated. Please use `'airflow.sdk.task'`.","category":"DeprecatedImportWarning","filename":"/opt/airflow/dags/dag.py","lineno":2,"logger":"py.warnings"}
{"timestamp":"2025-12-17T13:52:26.679650Z","level":"warning","event":"The `airflow.operators.empty.EmptyOperator` attribute is deprecated. Please use `'airflow.providers.standard.operators.empty.EmptyOperator'`.","category":"DeprecatedImportWarning","filename":"/opt/airflow/dags/dag.py","lineno":3,"logger":"py.warnings"}
{"timestamp":"2025-12-17T13:52:57.109909Z","level":"info","event":"Filling up the DagBag from /opt/airflow/dags/dag.py","logger":"airflow.models.dagbag.DagBag","filename":"dagbag.py","lineno":593}
{"timestamp":"2025-12-17T13:52:57.153724Z","level":"warning","event":"The `airflow.decorators.dag` attribute is deprecated. Please use `'airflow.sdk.dag'`.","category":"DeprecatedImportWarning","filename":"/opt/airflow/dags/dag.py","lineno":1,"logger":"py.warnings"}
{"timestamp":"2025-12-17T13:52:57.153917Z","level":"warning","event":"The `airflow.decorators.task` attribute is deprecated. Please use `'airflow.sdk.task'`.","category":"DeprecatedImportWarning","filename":"/opt/airflow/dags/dag.py","lineno":2,"logger":"py.warnings"}
{"timestamp":"2025-12-17T13:52:57.153960Z","level":"warning","event":"The `airflow.operators.empty.EmptyOperator` attribute is deprecated. Please use `'airflow.providers.standard.operators.empty.EmptyOperator'`.","category":"DeprecatedImportWarning","filename":"/opt/airflow/dags/dag.py","lineno":3,"logger":"py.warnings"}
{"timestamp":"2025-12-17T13:53:27.564864Z","level":"info","event":"Filling up the DagBag from /opt/airflow/dags/dag.py","logger":"airflow.models.dagbag.DagBag","filename":"dagbag.py","lineno":593}
{"timestamp":"2025-12-17T13:53:27.611709Z","level":"warning","event":"The `airflow.decorators.dag` attribute is deprecated. Please use `'airflow.sdk.dag'`.","category":"DeprecatedImportWarning","filename":"/opt/airflow/dags/dag.py","lineno":1,"logger":"py.warnings"}
{"timestamp":"2025-12-17T13:53:27.611782Z","level":"warning","event":"The `airflow.decorators.task` attribute is deprecated. Please use `'airflow.sdk.task'`.","category":"DeprecatedImportWarning","filename":"/opt/airflow/dags/dag.py","lineno":2,"logger":"py.warnings"}
{"timestamp":"2025-12-17T13:53:27.611803Z","level":"warning","event":"The `airflow.operators.empty.EmptyOperator` attribute is deprecated. Please use `'airflow.providers.standard.operators.empty.EmptyOperator'`.","category":"DeprecatedImportWarning","filename":"/opt/airflow/dags/dag.py","lineno":3,"logger":"py.warnings"}
{"timestamp":"2025-12-17T13:53:57.928169Z","level":"info","event":"Filling up the DagBag from /opt/airflow/dags/dag.py","logger":"airflow.models.dagbag.DagBag","filename":"dagbag.py","lineno":593}
{"timestamp":"2025-12-17T13:53:57.962975Z","level":"warning","event":"The `airflow.decorators.dag` attribute is deprecated. Please use `'airflow.sdk.dag'`.","category":"DeprecatedImportWarning","filename":"/opt/airflow/dags/dag.py","lineno":1,"logger":"py.warnings"}
{"timestamp":"2025-12-17T13:53:57.963034Z","level":"warning","event":"The `airflow.decorators.task` attribute is deprecated. Please use `'airflow.sdk.task'`.","category":"DeprecatedImportWarning","filename":"/opt/airflow/dags/dag.py","lineno":2,"logger":"py.warnings"}
{"timestamp":"2025-12-17T13:53:57.963056Z","level":"warning","event":"The `airflow.operators.empty.EmptyOperator` attribute is deprecated. Please use `'airflow.providers.standard.operators.empty.EmptyOperator'`.","category":"DeprecatedImportWarning","filename":"/opt/airflow/dags/dag.py","lineno":3,"logger":"py.warnings"}
{"timestamp":"2025-12-17T13:54:28.339661Z","level":"info","event":"Filling up the DagBag from /opt/airflow/dags/dag.py","logger":"airflow.models.dagbag.DagBag","filename":"dagbag.py","lineno":593}
{"timestamp":"2025-12-17T13:54:28.380569Z","level":"warning","event":"The `airflow.decorators.dag` attribute is deprecated. Please use `'airflow.sdk.dag'`.","category":"DeprecatedImportWarning","filename":"/opt/airflow/dags/dag.py","lineno":1,"logger":"py.warnings"}
{"timestamp":"2025-12-17T13:54:28.380654Z","level":"warning","event":"The `airflow.decorators.task` attribute is deprecated. Please use `'airflow.sdk.task'`.","category":"DeprecatedImportWarning","filename":"/opt/airflow/dags/dag.py","lineno":2,"logger":"py.warnings"}
{"timestamp":"2025-12-17T13:54:28.380686Z","level":"warning","event":"The `airflow.operators.empty.EmptyOperator` attribute is deprecated. Please use `'airflow.providers.standard.operators.empty.EmptyOperator'`.","category":"DeprecatedImportWarning","filename":"/opt/airflow/dags/dag.py","lineno":3,"logger":"py.warnings"}
{"timestamp":"2025-12-17T13:54:58.770284Z","level":"info","event":"Filling up the DagBag from /opt/airflow/dags/dag.py","logger":"airflow.models.dagbag.DagBag","filename":"dagbag.py","lineno":593}
{"timestamp":"2025-12-17T13:54:58.809357Z","level":"warning","event":"The `airflow.decorators.dag` attribute is deprecated. Please use `'airflow.sdk.dag'`.","category":"DeprecatedImportWarning","filename":"/opt/airflow/dags/dag.py","lineno":1,"logger":"py.warnings"}
{"timestamp":"2025-12-17T13:54:58.809423Z","level":"warning","event":"The `airflow.decorators.task` attribute is deprecated. Please use `'airflow.sdk.task'`.","category":"DeprecatedImportWarning","filename":"/opt/airflow/dags/dag.py","lineno":2,"logger":"py.warnings"}
{"timestamp":"2025-12-17T13:54:58.809453Z","level":"warning","event":"The `airflow.operators.empty.EmptyOperator` attribute is deprecated. Please use `'airflow.providers.standard.operators.empty.EmptyOperator'`.","category":"DeprecatedImportWarning","filename":"/opt/airflow/dags/dag.py","lineno":3,"logger":"py.warnings"}
{"timestamp":"2025-12-17T13:55:29.160850Z","level":"info","event":"Filling up the DagBag from /opt/airflow/dags/dag.py","logger":"airflow.models.dagbag.DagBag","filename":"dagbag.py","lineno":593}
{"timestamp":"2025-12-17T13:55:29.190564Z","level":"warning","event":"The `airflow.decorators.dag` attribute is deprecated. Please use `'airflow.sdk.dag'`.","category":"DeprecatedImportWarning","filename":"/opt/airflow/dags/dag.py","lineno":1,"logger":"py.warnings"}
{"timestamp":"2025-12-17T13:55:29.190623Z","level":"warning","event":"The `airflow.decorators.task` attribute is deprecated. Please use `'airflow.sdk.task'`.","category":"DeprecatedImportWarning","filename":"/opt/airflow/dags/dag.py","lineno":2,"logger":"py.warnings"}
{"timestamp":"2025-12-17T13:55:29.190660Z","level":"warning","event":"The `airflow.operators.empty.EmptyOperator` attribute is deprecated. Please use `'airflow.providers.standard.operators.empty.EmptyOperator'`.","category":"DeprecatedImportWarning","filename":"/opt/airflow/dags/dag.py","lineno":3,"logger":"py.warnings"}
{"timestamp":"2025-12-17T13:55:59.544978Z","level":"info","event":"Filling up the DagBag from /opt/airflow/dags/dag.py","logger":"airflow.models.dagbag.DagBag","filename":"dagbag.py","lineno":593}
{"timestamp":"2025-12-17T13:55:59.593472Z","level":"warning","event":"The `airflow.decorators.dag` attribute is deprecated. Please use `'airflow.sdk.dag'`.","category":"DeprecatedImportWarning","filename":"/opt/airflow/dags/dag.py","lineno":1,"logger":"py.warnings"}
{"timestamp":"2025-12-17T13:55:59.593542Z","level":"warning","event":"The `airflow.decorators.task` attribute is deprecated. Please use `'airflow.sdk.task'`.","category":"DeprecatedImportWarning","filename":"/opt/airflow/dags/dag.py","lineno":2,"logger":"py.warnings"}
{"timestamp":"2025-12-17T13:55:59.593566Z","level":"warning","event":"The `airflow.operators.empty.EmptyOperator` attribute is deprecated. Please use `'airflow.providers.standard.operators.empty.EmptyOperator'`.","category":"DeprecatedImportWarning","filename":"/opt/airflow/dags/dag.py","lineno":3,"logger":"py.warnings"}
{"timestamp":"2025-12-17T13:56:29.963428Z","level":"info","event":"Filling up the DagBag from /opt/airflow/dags/dag.py","logger":"airflow.models.dagbag.DagBag","filename":"dagbag.py","lineno":593}
{"timestamp":"2025-12-17T13:56:30.004158Z","level":"warning","event":"The `airflow.decorators.dag` attribute is deprecated. Please use `'airflow.sdk.dag'`.","category":"DeprecatedImportWarning","filename":"/opt/airflow/dags/dag.py","lineno":1,"logger":"py.warnings"}
{"timestamp":"2025-12-17T13:56:30.004249Z","level":"warning","event":"The `airflow.decorators.task` attribute is deprecated. Please use `'airflow.sdk.task'`.","category":"DeprecatedImportWarning","filename":"/opt/airflow/dags/dag.py","lineno":2,"logger":"py.warnings"}
{"timestamp":"2025-12-17T13:56:30.004273Z","level":"warning","event":"The `airflow.operators.empty.EmptyOperator` attribute is deprecated. Please use `'airflow.providers.standard.operators.empty.EmptyOperator'`.","category":"DeprecatedImportWarning","filename":"/opt/airflow/dags/dag.py","lineno":3,"logger":"py.warnings"}
{"timestamp":"2025-12-17T13:57:00.389110Z","level":"info","event":"Filling up the DagBag from /opt/airflow/dags/dag.py","logger":"airflow.models.dagbag.DagBag","filename":"dagbag.py","lineno":593}
{"timestamp":"2025-12-17T13:57:00.419442Z","level":"warning","event":"The `airflow.decorators.dag` attribute is deprecated. Please use `'airflow.sdk.dag'`.","category":"DeprecatedImportWarning","filename":"/opt/airflow/dags/dag.py","lineno":1,"logger":"py.warnings"}
{"timestamp":"2025-12-17T13:57:00.419506Z","level":"warning","event":"The `airflow.decorators.task` attribute is deprecated. Please use `'airflow.sdk.task'`.","category":"DeprecatedImportWarning","filename":"/opt/airflow/dags/dag.py","lineno":2,"logger":"py.warnings"}
{"timestamp":"2025-12-17T13:57:00.419534Z","level":"warning","event":"The `airflow.operators.empty.EmptyOperator` attribute is deprecated. Please use `'airflow.providers.standard.operators.empty.EmptyOperator'`.","category":"DeprecatedImportWarning","filename":"/opt/airflow/dags/dag.py","lineno":3,"logger":"py.warnings"}
{"timestamp":"2025-12-17T13:57:30.826940Z","level":"info","event":"Filling up the DagBag from /opt/airflow/dags/dag.py","logger":"airflow.models.dagbag.DagBag","filename":"dagbag.py","lineno":593}
{"timestamp":"2025-12-17T13:57:30.863311Z","level":"warning","event":"The `airflow.decorators.dag` attribute is deprecated. Please use `'airflow.sdk.dag'`.","category":"DeprecatedImportWarning","filename":"/opt/airflow/dags/dag.py","lineno":1,"logger":"py.warnings"}
{"timestamp":"2025-12-17T13:57:30.863383Z","level":"warning","event":"The `airflow.decorators.task` attribute is deprecated. Please use `'airflow.sdk.task'`.","category":"DeprecatedImportWarning","filename":"/opt/airflow/dags/dag.py","lineno":2,"logger":"py.warnings"}
{"timestamp":"2025-12-17T13:57:30.863409Z","level":"warning","event":"The `airflow.operators.empty.EmptyOperator` attribute is deprecated. Please use `'airflow.providers.standard.operators.empty.EmptyOperator'`.","category":"DeprecatedImportWarning","filename":"/opt/airflow/dags/dag.py","lineno":3,"logger":"py.warnings"}
{"timestamp":"2025-12-17T13:58:01.145766Z","level":"info","event":"Filling up the DagBag from /opt/airflow/dags/dag.py","logger":"airflow.models.dagbag.DagBag","filename":"dagbag.py","lineno":593}
{"timestamp":"2025-12-17T13:58:01.178076Z","level":"warning","event":"The `airflow.decorators.dag` attribute is deprecated. Please use `'airflow.sdk.dag'`.","category":"DeprecatedImportWarning","filename":"/opt/airflow/dags/dag.py","lineno":1,"logger":"py.warnings"}
{"timestamp":"2025-12-17T13:58:01.178138Z","level":"warning","event":"The `airflow.decorators.task` attribute is deprecated. Please use `'airflow.sdk.task'`.","category":"DeprecatedImportWarning","filename":"/opt/airflow/dags/dag.py","lineno":2,"logger":"py.warnings"}
{"timestamp":"2025-12-17T13:58:01.178164Z","level":"warning","event":"The `airflow.operators.empty.EmptyOperator` attribute is deprecated. Please use `'airflow.providers.standard.operators.empty.EmptyOperator'`.","category":"DeprecatedImportWarning","filename":"/opt/airflow/dags/dag.py","lineno":3,"logger":"py.warnings"}
{"timestamp":"2025-12-17T13:58:31.563209Z","level":"info","event":"Filling up the DagBag from /opt/airflow/dags/dag.py","logger":"airflow.models.dagbag.DagBag","filename":"dagbag.py","lineno":593}
{"timestamp":"2025-12-17T13:58:31.594159Z","level":"warning","event":"The `airflow.decorators.dag` attribute is deprecated. Please use `'airflow.sdk.dag'`.","category":"DeprecatedImportWarning","filename":"/opt/airflow/dags/dag.py","lineno":1,"logger":"py.warnings"}
{"timestamp":"2025-12-17T13:58:31.594218Z","level":"warning","event":"The `airflow.decorators.task` attribute is deprecated. Please use `'airflow.sdk.task'`.","category":"DeprecatedImportWarning","filename":"/opt/airflow/dags/dag.py","lineno":2,"logger":"py.warnings"}
{"timestamp":"2025-12-17T13:58:31.594245Z","level":"warning","event":"The `airflow.operators.empty.EmptyOperator` attribute is deprecated. Please use `'airflow.providers.standard.operators.empty.EmptyOperator'`.","category":"DeprecatedImportWarning","filename":"/opt/airflow/dags/dag.py","lineno":3,"logger":"py.warnings"}
{"timestamp":"2025-12-17T13:59:01.977080Z","level":"info","event":"Filling up the DagBag from /opt/airflow/dags/dag.py","logger":"airflow.models.dagbag.DagBag","filename":"dagbag.py","lineno":593}
{"timestamp":"2025-12-17T13:59:02.006921Z","level":"warning","event":"The `airflow.decorators.dag` attribute is deprecated. Please use `'airflow.sdk.dag'`.","category":"DeprecatedImportWarning","filename":"/opt/airflow/dags/dag.py","lineno":1,"logger":"py.warnings"}
{"timestamp":"2025-12-17T13:59:02.006988Z","level":"warning","event":"The `airflow.decorators.task` attribute is deprecated. Please use `'airflow.sdk.task'`.","category":"DeprecatedImportWarning","filename":"/opt/airflow/dags/dag.py","lineno":2,"logger":"py.warnings"}
{"timestamp":"2025-12-17T13:59:02.007014Z","level":"warning","event":"The `airflow.operators.empty.EmptyOperator` attribute is deprecated. Please use `'airflow.providers.standard.operators.empty.EmptyOperator'`.","category":"DeprecatedImportWarning","filename":"/opt/airflow/dags/dag.py","lineno":3,"logger":"py.warnings"}
{"timestamp":"2025-12-17T13:59:32.386141Z","level":"info","event":"Filling up the DagBag from /opt/airflow/dags/dag.py","logger":"airflow.models.dagbag.DagBag","filename":"dagbag.py","lineno":593}
{"timestamp":"2025-12-17T13:59:32.417403Z","level":"warning","event":"The `airflow.decorators.dag` attribute is deprecated. Please use `'airflow.sdk.dag'`.","category":"DeprecatedImportWarning","filename":"/opt/airflow/dags/dag.py","lineno":1,"logger":"py.warnings"}
{"timestamp":"2025-12-17T13:59:32.417463Z","level":"warning","event":"The `airflow.decorators.task` attribute is deprecated. Please use `'airflow.sdk.task'`.","category":"DeprecatedImportWarning","filename":"/opt/airflow/dags/dag.py","lineno":2,"logger":"py.warnings"}
{"timestamp":"2025-12-17T13:59:32.417490Z","level":"warning","event":"The `airflow.operators.empty.EmptyOperator` attribute is deprecated. Please use `'airflow.providers.standard.operators.empty.EmptyOperator'`.","category":"DeprecatedImportWarning","filename":"/opt/airflow/dags/dag.py","lineno":3,"logger":"py.warnings"}
{"timestamp":"2025-12-17T14:00:02.770976Z","level":"info","event":"Filling up the DagBag from /opt/airflow/dags/dag.py","logger":"airflow.models.dagbag.DagBag","filename":"dagbag.py","lineno":593}
{"timestamp":"2025-12-17T14:00:02.798308Z","level":"warning","event":"The `airflow.decorators.dag` attribute is deprecated. Please use `'airflow.sdk.dag'`.","category":"DeprecatedImportWarning","filename":"/opt/airflow/dags/dag.py","lineno":1,"logger":"py.warnings"}
{"timestamp":"2025-12-17T14:00:02.798373Z","level":"warning","event":"The `airflow.decorators.task` attribute is deprecated. Please use `'airflow.sdk.task'`.","category":"DeprecatedImportWarning","filename":"/opt/airflow/dags/dag.py","lineno":2,"logger":"py.warnings"}
{"timestamp":"2025-12-17T14:00:02.798401Z","level":"warning","event":"The `airflow.operators.empty.EmptyOperator` attribute is deprecated. Please use `'airflow.providers.standard.operators.empty.EmptyOperator'`.","category":"DeprecatedImportWarning","filename":"/opt/airflow/dags/dag.py","lineno":3,"logger":"py.warnings"}
{"timestamp":"2025-12-17T14:00:33.170275Z","level":"info","event":"Filling up the DagBag from /opt/airflow/dags/dag.py","logger":"airflow.models.dagbag.DagBag","filename":"dagbag.py","lineno":593}
{"timestamp":"2025-12-17T14:00:33.208863Z","level":"warning","event":"The `airflow.decorators.dag` attribute is deprecated. Please use `'airflow.sdk.dag'`.","category":"DeprecatedImportWarning","filename":"/opt/airflow/dags/dag.py","lineno":1,"logger":"py.warnings"}
{"timestamp":"2025-12-17T14:00:33.208922Z","level":"warning","event":"The `airflow.decorators.task` attribute is deprecated. Please use `'airflow.sdk.task'`.","category":"DeprecatedImportWarning","filename":"/opt/airflow/dags/dag.py","lineno":2,"logger":"py.warnings"}
{"timestamp":"2025-12-17T14:00:33.208953Z","level":"warning","event":"The `airflow.operators.empty.EmptyOperator` attribute is deprecated. Please use `'airflow.providers.standard.operators.empty.EmptyOperator'`.","category":"DeprecatedImportWarning","filename":"/opt/airflow/dags/dag.py","lineno":3,"logger":"py.warnings"}
{"timestamp":"2025-12-17T14:01:03.563034Z","level":"info","event":"Filling up the DagBag from /opt/airflow/dags/dag.py","logger":"airflow.models.dagbag.DagBag","filename":"dagbag.py","lineno":593}
{"timestamp":"2025-12-17T14:01:03.589914Z","level":"warning","event":"The `airflow.decorators.dag` attribute is deprecated. Please use `'airflow.sdk.dag'`.","category":"DeprecatedImportWarning","filename":"/opt/airflow/dags/dag.py","lineno":1,"logger":"py.warnings"}
{"timestamp":"2025-12-17T14:01:03.589973Z","level":"warning","event":"The `airflow.decorators.task` attribute is deprecated. Please use `'airflow.sdk.task'`.","category":"DeprecatedImportWarning","filename":"/opt/airflow/dags/dag.py","lineno":2,"logger":"py.warnings"}
{"timestamp":"2025-12-17T14:01:03.590001Z","level":"warning","event":"The `airflow.operators.empty.EmptyOperator` attribute is deprecated. Please use `'airflow.providers.standard.operators.empty.EmptyOperator'`.","category":"DeprecatedImportWarning","filename":"/opt/airflow/dags/dag.py","lineno":3,"logger":"py.warnings"}
{"timestamp":"2025-12-17T14:01:33.972711Z","level":"info","event":"Filling up the DagBag from /opt/airflow/dags/dag.py","logger":"airflow.models.dagbag.DagBag","filename":"dagbag.py","lineno":593}
{"timestamp":"2025-12-17T14:01:34.002435Z","level":"warning","event":"The `airflow.decorators.dag` attribute is deprecated. Please use `'airflow.sdk.dag'`.","category":"DeprecatedImportWarning","filename":"/opt/airflow/dags/dag.py","lineno":1,"logger":"py.warnings"}
{"timestamp":"2025-12-17T14:01:34.002496Z","level":"warning","event":"The `airflow.decorators.task` attribute is deprecated. Please use `'airflow.sdk.task'`.","category":"DeprecatedImportWarning","filename":"/opt/airflow/dags/dag.py","lineno":2,"logger":"py.warnings"}
{"timestamp":"2025-12-17T14:01:34.002524Z","level":"warning","event":"The `airflow.operators.empty.EmptyOperator` attribute is deprecated. Please use `'airflow.providers.standard.operators.empty.EmptyOperator'`.","category":"DeprecatedImportWarning","filename":"/opt/airflow/dags/dag.py","lineno":3,"logger":"py.warnings"}
{"timestamp":"2025-12-17T14:02:04.355080Z","level":"info","event":"Filling up the DagBag from /opt/airflow/dags/dag.py","logger":"airflow.models.dagbag.DagBag","filename":"dagbag.py","lineno":593}
{"timestamp":"2025-12-17T14:02:04.380151Z","level":"warning","event":"The `airflow.decorators.dag` attribute is deprecated. Please use `'airflow.sdk.dag'`.","category":"DeprecatedImportWarning","filename":"/opt/airflow/dags/dag.py","lineno":1,"logger":"py.warnings"}
{"timestamp":"2025-12-17T14:02:04.380216Z","level":"warning","event":"The `airflow.decorators.task` attribute is deprecated. Please use `'airflow.sdk.task'`.","category":"DeprecatedImportWarning","filename":"/opt/airflow/dags/dag.py","lineno":2,"logger":"py.warnings"}
{"timestamp":"2025-12-17T14:02:04.380241Z","level":"warning","event":"The `airflow.operators.empty.EmptyOperator` attribute is deprecated. Please use `'airflow.providers.standard.operators.empty.EmptyOperator'`.","category":"DeprecatedImportWarning","filename":"/opt/airflow/dags/dag.py","lineno":3,"logger":"py.warnings"}
{"timestamp":"2025-12-17T14:02:34.762343Z","level":"info","event":"Filling up the DagBag from /opt/airflow/dags/dag.py","logger":"airflow.models.dagbag.DagBag","filename":"dagbag.py","lineno":593}
{"timestamp":"2025-12-17T14:02:34.795751Z","level":"warning","event":"The `airflow.decorators.dag` attribute is deprecated. Please use `'airflow.sdk.dag'`.","category":"DeprecatedImportWarning","filename":"/opt/airflow/dags/dag.py","lineno":1,"logger":"py.warnings"}
{"timestamp":"2025-12-17T14:02:34.795947Z","level":"warning","event":"The `airflow.decorators.task` attribute is deprecated. Please use `'airflow.sdk.task'`.","category":"DeprecatedImportWarning","filename":"/opt/airflow/dags/dag.py","lineno":2,"logger":"py.warnings"}
{"timestamp":"2025-12-17T14:02:34.796009Z","level":"warning","event":"The `airflow.operators.empty.EmptyOperator` attribute is deprecated. Please use `'airflow.providers.standard.operators.empty.EmptyOperator'`.","category":"DeprecatedImportWarning","filename":"/opt/airflow/dags/dag.py","lineno":3,"logger":"py.warnings"}
{"timestamp":"2025-12-17T14:03:05.161107Z","level":"info","event":"Filling up the DagBag from /opt/airflow/dags/dag.py","logger":"airflow.models.dagbag.DagBag","filename":"dagbag.py","lineno":593}
{"timestamp":"2025-12-17T14:03:05.201750Z","level":"warning","event":"The `airflow.decorators.dag` attribute is deprecated. Please use `'airflow.sdk.dag'`.","category":"DeprecatedImportWarning","filename":"/opt/airflow/dags/dag.py","lineno":1,"logger":"py.warnings"}
{"timestamp":"2025-12-17T14:03:05.201816Z","level":"warning","event":"The `airflow.decorators.task` attribute is deprecated. Please use `'airflow.sdk.task'`.","category":"DeprecatedImportWarning","filename":"/opt/airflow/dags/dag.py","lineno":2,"logger":"py.warnings"}
{"timestamp":"2025-12-17T14:03:05.201841Z","level":"warning","event":"The `airflow.operators.empty.EmptyOperator` attribute is deprecated. Please use `'airflow.providers.standard.operators.empty.EmptyOperator'`.","category":"DeprecatedImportWarning","filename":"/opt/airflow/dags/dag.py","lineno":3,"logger":"py.warnings"}
{"timestamp":"2025-12-17T14:03:35.562993Z","level":"info","event":"Filling up the DagBag from /opt/airflow/dags/dag.py","logger":"airflow.models.dagbag.DagBag","filename":"dagbag.py","lineno":593}
{"timestamp":"2025-12-17T14:03:35.595479Z","level":"warning","event":"The `airflow.decorators.dag` attribute is deprecated. Please use `'airflow.sdk.dag'`.","category":"DeprecatedImportWarning","filename":"/opt/airflow/dags/dag.py","lineno":1,"logger":"py.warnings"}
{"timestamp":"2025-12-17T14:03:35.595541Z","level":"warning","event":"The `airflow.decorators.task` attribute is deprecated. Please use `'airflow.sdk.task'`.","category":"DeprecatedImportWarning","filename":"/opt/airflow/dags/dag.py","lineno":2,"logger":"py.warnings"}
{"timestamp":"2025-12-17T14:03:35.595567Z","level":"warning","event":"The `airflow.operators.empty.EmptyOperator` attribute is deprecated. Please use `'airflow.providers.standard.operators.empty.EmptyOperator'`.","category":"DeprecatedImportWarning","filename":"/opt/airflow/dags/dag.py","lineno":3,"logger":"py.warnings"}
{"timestamp":"2025-12-17T14:04:05.965912Z","level":"info","event":"Filling up the DagBag from /opt/airflow/dags/dag.py","logger":"airflow.models.dagbag.DagBag","filename":"dagbag.py","lineno":593}
{"timestamp":"2025-12-17T14:04:05.995713Z","level":"warning","event":"The `airflow.decorators.dag` attribute is deprecated. Please use `'airflow.sdk.dag'`.","category":"DeprecatedImportWarning","filename":"/opt/airflow/dags/dag.py","lineno":1,"logger":"py.warnings"}
{"timestamp":"2025-12-17T14:04:05.995946Z","level":"warning","event":"The `airflow.decorators.task` attribute is deprecated. Please use `'airflow.sdk.task'`.","category":"DeprecatedImportWarning","filename":"/opt/airflow/dags/dag.py","lineno":2,"logger":"py.warnings"}
{"timestamp":"2025-12-17T14:04:05.995990Z","level":"warning","event":"The `airflow.operators.empty.EmptyOperator` attribute is deprecated. Please use `'airflow.providers.standard.operators.empty.EmptyOperator'`.","category":"DeprecatedImportWarning","filename":"/opt/airflow/dags/dag.py","lineno":3,"logger":"py.warnings"}
{"timestamp":"2025-12-17T14:04:36.341939Z","level":"info","event":"Filling up the DagBag from /opt/airflow/dags/dag.py","logger":"airflow.models.dagbag.DagBag","filename":"dagbag.py","lineno":593}
{"timestamp":"2025-12-17T14:04:36.376623Z","level":"warning","event":"The `airflow.decorators.dag` attribute is deprecated. Please use `'airflow.sdk.dag'`.","category":"DeprecatedImportWarning","filename":"/opt/airflow/dags/dag.py","lineno":1,"logger":"py.warnings"}
{"timestamp":"2025-12-17T14:04:36.376816Z","level":"warning","event":"The `airflow.decorators.task` attribute is deprecated. Please use `'airflow.sdk.task'`.","category":"DeprecatedImportWarning","filename":"/opt/airflow/dags/dag.py","lineno":2,"logger":"py.warnings"}
{"timestamp":"2025-12-17T14:04:36.376845Z","level":"warning","event":"The `airflow.operators.empty.EmptyOperator` attribute is deprecated. Please use `'airflow.providers.standard.operators.empty.EmptyOperator'`.","category":"DeprecatedImportWarning","filename":"/opt/airflow/dags/dag.py","lineno":3,"logger":"py.warnings"}
{"timestamp":"2025-12-17T14:05:06.782247Z","level":"info","event":"Filling up the DagBag from /opt/airflow/dags/dag.py","logger":"airflow.models.dagbag.DagBag","filename":"dagbag.py","lineno":593}
{"timestamp":"2025-12-17T14:05:06.819780Z","level":"warning","event":"The `airflow.decorators.dag` attribute is deprecated. Please use `'airflow.sdk.dag'`.","category":"DeprecatedImportWarning","filename":"/opt/airflow/dags/dag.py","lineno":1,"logger":"py.warnings"}
{"timestamp":"2025-12-17T14:05:06.819841Z","level":"warning","event":"The `airflow.decorators.task` attribute is deprecated. Please use `'airflow.sdk.task'`.","category":"DeprecatedImportWarning","filename":"/opt/airflow/dags/dag.py","lineno":2,"logger":"py.warnings"}
{"timestamp":"2025-12-17T14:05:06.819865Z","level":"warning","event":"The `airflow.operators.empty.EmptyOperator` attribute is deprecated. Please use `'airflow.providers.standard.operators.empty.EmptyOperator'`.","category":"DeprecatedImportWarning","filename":"/opt/airflow/dags/dag.py","lineno":3,"logger":"py.warnings"}
{"timestamp":"2025-12-17T14:05:37.187330Z","level":"info","event":"Filling up the DagBag from /opt/airflow/dags/dag.py","logger":"airflow.models.dagbag.DagBag","filename":"dagbag.py","lineno":593}
{"timestamp":"2025-12-17T14:05:37.213510Z","level":"warning","event":"The `airflow.decorators.dag` attribute is deprecated. Please use `'airflow.sdk.dag'`.","category":"DeprecatedImportWarning","filename":"/opt/airflow/dags/dag.py","lineno":1,"logger":"py.warnings"}
{"timestamp":"2025-12-17T14:05:37.213572Z","level":"warning","event":"The `airflow.decorators.task` attribute is deprecated. Please use `'airflow.sdk.task'`.","category":"DeprecatedImportWarning","filename":"/opt/airflow/dags/dag.py","lineno":2,"logger":"py.warnings"}
{"timestamp":"2025-12-17T14:05:37.213601Z","level":"warning","event":"The `airflow.operators.empty.EmptyOperator` attribute is deprecated. Please use `'airflow.providers.standard.operators.empty.EmptyOperator'`.","category":"DeprecatedImportWarning","filename":"/opt/airflow/dags/dag.py","lineno":3,"logger":"py.warnings"}
{"timestamp":"2025-12-17T14:06:07.532699Z","level":"info","event":"Filling up the DagBag from /opt/airflow/dags/dag.py","logger":"airflow.models.dagbag.DagBag","filename":"dagbag.py","lineno":593}
{"timestamp":"2025-12-17T14:06:07.561742Z","level":"warning","event":"The `airflow.decorators.dag` attribute is deprecated. Please use `'airflow.sdk.dag'`.","category":"DeprecatedImportWarning","filename":"/opt/airflow/dags/dag.py","lineno":1,"logger":"py.warnings"}
{"timestamp":"2025-12-17T14:06:07.561805Z","level":"warning","event":"The `airflow.decorators.task` attribute is deprecated. Please use `'airflow.sdk.task'`.","category":"DeprecatedImportWarning","filename":"/opt/airflow/dags/dag.py","lineno":2,"logger":"py.warnings"}
{"timestamp":"2025-12-17T14:06:07.561832Z","level":"warning","event":"The `airflow.operators.empty.EmptyOperator` attribute is deprecated. Please use `'airflow.providers.standard.operators.empty.EmptyOperator'`.","category":"DeprecatedImportWarning","filename":"/opt/airflow/dags/dag.py","lineno":3,"logger":"py.warnings"}
{"timestamp":"2025-12-17T14:06:37.939721Z","level":"info","event":"Filling up the DagBag from /opt/airflow/dags/dag.py","logger":"airflow.models.dagbag.DagBag","filename":"dagbag.py","lineno":593}
{"timestamp":"2025-12-17T14:06:37.974015Z","level":"warning","event":"The `airflow.decorators.dag` attribute is deprecated. Please use `'airflow.sdk.dag'`.","category":"DeprecatedImportWarning","filename":"/opt/airflow/dags/dag.py","lineno":1,"logger":"py.warnings"}
{"timestamp":"2025-12-17T14:06:37.974075Z","level":"warning","event":"The `airflow.decorators.task` attribute is deprecated. Please use `'airflow.sdk.task'`.","category":"DeprecatedImportWarning","filename":"/opt/airflow/dags/dag.py","lineno":2,"logger":"py.warnings"}
{"timestamp":"2025-12-17T14:06:37.974102Z","level":"warning","event":"The `airflow.operators.empty.EmptyOperator` attribute is deprecated. Please use `'airflow.providers.standard.operators.empty.EmptyOperator'`.","category":"DeprecatedImportWarning","filename":"/opt/airflow/dags/dag.py","lineno":3,"logger":"py.warnings"}
{"timestamp":"2025-12-17T14:07:08.309923Z","level":"info","event":"Filling up the DagBag from /opt/airflow/dags/dag.py","logger":"airflow.models.dagbag.DagBag","filename":"dagbag.py","lineno":593}
{"timestamp":"2025-12-17T14:07:08.339101Z","level":"warning","event":"The `airflow.decorators.dag` attribute is deprecated. Please use `'airflow.sdk.dag'`.","category":"DeprecatedImportWarning","filename":"/opt/airflow/dags/dag.py","lineno":1,"logger":"py.warnings"}
{"timestamp":"2025-12-17T14:07:08.339159Z","level":"warning","event":"The `airflow.decorators.task` attribute is deprecated. Please use `'airflow.sdk.task'`.","category":"DeprecatedImportWarning","filename":"/opt/airflow/dags/dag.py","lineno":2,"logger":"py.warnings"}
{"timestamp":"2025-12-17T14:07:08.339186Z","level":"warning","event":"The `airflow.operators.empty.EmptyOperator` attribute is deprecated. Please use `'airflow.providers.standard.operators.empty.EmptyOperator'`.","category":"DeprecatedImportWarning","filename":"/opt/airflow/dags/dag.py","lineno":3,"logger":"py.warnings"}
{"timestamp":"2025-12-17T14:07:38.704884Z","level":"info","event":"Filling up the DagBag from /opt/airflow/dags/dag.py","logger":"airflow.models.dagbag.DagBag","filename":"dagbag.py","lineno":593}
{"timestamp":"2025-12-17T14:07:38.741167Z","level":"warning","event":"The `airflow.decorators.dag` attribute is deprecated. Please use `'airflow.sdk.dag'`.","category":"DeprecatedImportWarning","filename":"/opt/airflow/dags/dag.py","lineno":1,"logger":"py.warnings"}
{"timestamp":"2025-12-17T14:07:38.741227Z","level":"warning","event":"The `airflow.decorators.task` attribute is deprecated. Please use `'airflow.sdk.task'`.","category":"DeprecatedImportWarning","filename":"/opt/airflow/dags/dag.py","lineno":2,"logger":"py.warnings"}
{"timestamp":"2025-12-17T14:07:38.741252Z","level":"warning","event":"The `airflow.operators.empty.EmptyOperator` attribute is deprecated. Please use `'airflow.providers.standard.operators.empty.EmptyOperator'`.","category":"DeprecatedImportWarning","filename":"/opt/airflow/dags/dag.py","lineno":3,"logger":"py.warnings"}
{"timestamp":"2025-12-17T14:08:09.090521Z","level":"info","event":"Filling up the DagBag from /opt/airflow/dags/dag.py","logger":"airflow.models.dagbag.DagBag","filename":"dagbag.py","lineno":593}
{"timestamp":"2025-12-17T14:08:09.122533Z","level":"warning","event":"The `airflow.decorators.dag` attribute is deprecated. Please use `'airflow.sdk.dag'`.","category":"DeprecatedImportWarning","filename":"/opt/airflow/dags/dag.py","lineno":1,"logger":"py.warnings"}
{"timestamp":"2025-12-17T14:08:09.122739Z","level":"warning","event":"The `airflow.decorators.task` attribute is deprecated. Please use `'airflow.sdk.task'`.","category":"DeprecatedImportWarning","filename":"/opt/airflow/dags/dag.py","lineno":2,"logger":"py.warnings"}
{"timestamp":"2025-12-17T14:08:09.122777Z","level":"warning","event":"The `airflow.operators.empty.EmptyOperator` attribute is deprecated. Please use `'airflow.providers.standard.operators.empty.EmptyOperator'`.","category":"DeprecatedImportWarning","filename":"/opt/airflow/dags/dag.py","lineno":3,"logger":"py.warnings"}
{"timestamp":"2025-12-17T14:08:39.464886Z","level":"info","event":"Filling up the DagBag from /opt/airflow/dags/dag.py","logger":"airflow.models.dagbag.DagBag","filename":"dagbag.py","lineno":593}
{"timestamp":"2025-12-17T14:08:39.495676Z","level":"warning","event":"The `airflow.decorators.dag` attribute is deprecated. Please use `'airflow.sdk.dag'`.","category":"DeprecatedImportWarning","filename":"/opt/airflow/dags/dag.py","lineno":1,"logger":"py.warnings"}
{"timestamp":"2025-12-17T14:08:39.495871Z","level":"warning","event":"The `airflow.decorators.task` attribute is deprecated. Please use `'airflow.sdk.task'`.","category":"DeprecatedImportWarning","filename":"/opt/airflow/dags/dag.py","lineno":2,"logger":"py.warnings"}
{"timestamp":"2025-12-17T14:08:39.495915Z","level":"warning","event":"The `airflow.operators.empty.EmptyOperator` attribute is deprecated. Please use `'airflow.providers.standard.operators.empty.EmptyOperator'`.","category":"DeprecatedImportWarning","filename":"/opt/airflow/dags/dag.py","lineno":3,"logger":"py.warnings"}
{"timestamp":"2025-12-17T14:09:09.839749Z","level":"info","event":"Filling up the DagBag from /opt/airflow/dags/dag.py","logger":"airflow.models.dagbag.DagBag","filename":"dagbag.py","lineno":593}
{"timestamp":"2025-12-17T14:09:09.864286Z","level":"warning","event":"The `airflow.decorators.dag` attribute is deprecated. Please use `'airflow.sdk.dag'`.","category":"DeprecatedImportWarning","filename":"/opt/airflow/dags/dag.py","lineno":1,"logger":"py.warnings"}
{"timestamp":"2025-12-17T14:09:09.864344Z","level":"warning","event":"The `airflow.decorators.task` attribute is deprecated. Please use `'airflow.sdk.task'`.","category":"DeprecatedImportWarning","filename":"/opt/airflow/dags/dag.py","lineno":2,"logger":"py.warnings"}
{"timestamp":"2025-12-17T14:09:09.864370Z","level":"warning","event":"The `airflow.operators.empty.EmptyOperator` attribute is deprecated. Please use `'airflow.providers.standard.operators.empty.EmptyOperator'`.","category":"DeprecatedImportWarning","filename":"/opt/airflow/dags/dag.py","lineno":3,"logger":"py.warnings"}
{"timestamp":"2025-12-17T14:11:46.504274Z","level":"info","event":"Filling up the DagBag from /opt/airflow/dags/dag.py","logger":"airflow.models.dagbag.DagBag","filename":"dagbag.py","lineno":593}
{"timestamp":"2025-12-17T14:11:46.562214Z","level":"warning","event":"The `airflow.decorators.dag` attribute is deprecated. Please use `'airflow.sdk.dag'`.","category":"DeprecatedImportWarning","filename":"/opt/airflow/dags/dag.py","lineno":1,"logger":"py.warnings"}
{"timestamp":"2025-12-17T14:11:46.562287Z","level":"warning","event":"The `airflow.decorators.task` attribute is deprecated. Please use `'airflow.sdk.task'`.","category":"DeprecatedImportWarning","filename":"/opt/airflow/dags/dag.py","lineno":2,"logger":"py.warnings"}
{"timestamp":"2025-12-17T14:11:46.562317Z","level":"warning","event":"The `airflow.operators.empty.EmptyOperator` attribute is deprecated. Please use `'airflow.providers.standard.operators.empty.EmptyOperator'`.","category":"DeprecatedImportWarning","filename":"/opt/airflow/dags/dag.py","lineno":3,"logger":"py.warnings"}
{"timestamp":"2025-12-17T14:12:16.970460Z","level":"info","event":"Filling up the DagBag from /opt/airflow/dags/dag.py","logger":"airflow.models.dagbag.DagBag","filename":"dagbag.py","lineno":593}
{"timestamp":"2025-12-17T14:12:17.015480Z","level":"warning","event":"The `airflow.decorators.dag` attribute is deprecated. Please use `'airflow.sdk.dag'`.","category":"DeprecatedImportWarning","filename":"/opt/airflow/dags/dag.py","lineno":1,"logger":"py.warnings"}
{"timestamp":"2025-12-17T14:12:17.015681Z","level":"warning","event":"The `airflow.decorators.task` attribute is deprecated. Please use `'airflow.sdk.task'`.","category":"DeprecatedImportWarning","filename":"/opt/airflow/dags/dag.py","lineno":2,"logger":"py.warnings"}
{"timestamp":"2025-12-17T14:12:17.016009Z","level":"warning","event":"The `airflow.operators.empty.EmptyOperator` attribute is deprecated. Please use `'airflow.providers.standard.operators.empty.EmptyOperator'`.","category":"DeprecatedImportWarning","filename":"/opt/airflow/dags/dag.py","lineno":3,"logger":"py.warnings"}
{"timestamp":"2025-12-17T14:12:47.341006Z","level":"info","event":"Filling up the DagBag from /opt/airflow/dags/dag.py","logger":"airflow.models.dagbag.DagBag","filename":"dagbag.py","lineno":593}
{"timestamp":"2025-12-17T14:12:47.381096Z","level":"warning","event":"The `airflow.decorators.dag` attribute is deprecated. Please use `'airflow.sdk.dag'`.","category":"DeprecatedImportWarning","filename":"/opt/airflow/dags/dag.py","lineno":1,"logger":"py.warnings"}
{"timestamp":"2025-12-17T14:12:47.381340Z","level":"warning","event":"The `airflow.decorators.task` attribute is deprecated. Please use `'airflow.sdk.task'`.","category":"DeprecatedImportWarning","filename":"/opt/airflow/dags/dag.py","lineno":2,"logger":"py.warnings"}
{"timestamp":"2025-12-17T14:12:47.381744Z","level":"warning","event":"The `airflow.operators.empty.EmptyOperator` attribute is deprecated. Please use `'airflow.providers.standard.operators.empty.EmptyOperator'`.","category":"DeprecatedImportWarning","filename":"/opt/airflow/dags/dag.py","lineno":3,"logger":"py.warnings"}
{"timestamp":"2025-12-17T14:13:10.778183Z","level":"info","event":"Filling up the DagBag from /opt/airflow/dags/dag.py","logger":"airflow.models.dagbag.DagBag","filename":"dagbag.py","lineno":593}
{"timestamp":"2025-12-17T14:13:10.828564Z","level":"warning","event":"The `airflow.decorators.dag` attribute is deprecated. Please use `'airflow.sdk.dag'`.","category":"DeprecatedImportWarning","filename":"/opt/airflow/dags/dag.py","lineno":1,"logger":"py.warnings"}
{"timestamp":"2025-12-17T14:13:10.828640Z","level":"warning","event":"The `airflow.decorators.task` attribute is deprecated. Please use `'airflow.sdk.task'`.","category":"DeprecatedImportWarning","filename":"/opt/airflow/dags/dag.py","lineno":2,"logger":"py.warnings"}
{"timestamp":"2025-12-17T14:13:10.828671Z","level":"warning","event":"The `airflow.operators.empty.EmptyOperator` attribute is deprecated. Please use `'airflow.providers.standard.operators.empty.EmptyOperator'`.","category":"DeprecatedImportWarning","filename":"/opt/airflow/dags/dag.py","lineno":3,"logger":"py.warnings"}
{"timestamp":"2025-12-17T14:13:41.188453Z","level":"info","event":"Filling up the DagBag from /opt/airflow/dags/dag.py","logger":"airflow.models.dagbag.DagBag","filename":"dagbag.py","lineno":593}
{"timestamp":"2025-12-17T14:13:41.230245Z","level":"warning","event":"The `airflow.decorators.dag` attribute is deprecated. Please use `'airflow.sdk.dag'`.","category":"DeprecatedImportWarning","filename":"/opt/airflow/dags/dag.py","lineno":1,"logger":"py.warnings"}
{"timestamp":"2025-12-17T14:13:41.230491Z","level":"warning","event":"The `airflow.decorators.task` attribute is deprecated. Please use `'airflow.sdk.task'`.","category":"DeprecatedImportWarning","filename":"/opt/airflow/dags/dag.py","lineno":2,"logger":"py.warnings"}
{"timestamp":"2025-12-17T14:13:41.230898Z","level":"warning","event":"The `airflow.operators.empty.EmptyOperator` attribute is deprecated. Please use `'airflow.providers.standard.operators.empty.EmptyOperator'`.","category":"DeprecatedImportWarning","filename":"/opt/airflow/dags/dag.py","lineno":3,"logger":"py.warnings"}
{"timestamp":"2025-12-17T14:14:11.596907Z","level":"info","event":"Filling up the DagBag from /opt/airflow/dags/dag.py","logger":"airflow.models.dagbag.DagBag","filename":"dagbag.py","lineno":593}
{"timestamp":"2025-12-17T14:14:11.636946Z","level":"warning","event":"The `airflow.decorators.dag` attribute is deprecated. Please use `'airflow.sdk.dag'`.","category":"DeprecatedImportWarning","filename":"/opt/airflow/dags/dag.py","lineno":1,"logger":"py.warnings"}
{"timestamp":"2025-12-17T14:14:11.637026Z","level":"warning","event":"The `airflow.decorators.task` attribute is deprecated. Please use `'airflow.sdk.task'`.","category":"DeprecatedImportWarning","filename":"/opt/airflow/dags/dag.py","lineno":2,"logger":"py.warnings"}
{"timestamp":"2025-12-17T14:14:11.637053Z","level":"warning","event":"The `airflow.operators.empty.EmptyOperator` attribute is deprecated. Please use `'airflow.providers.standard.operators.empty.EmptyOperator'`.","category":"DeprecatedImportWarning","filename":"/opt/airflow/dags/dag.py","lineno":3,"logger":"py.warnings"}
{"timestamp":"2025-12-17T14:14:41.985620Z","level":"info","event":"Filling up the DagBag from /opt/airflow/dags/dag.py","logger":"airflow.models.dagbag.DagBag","filename":"dagbag.py","lineno":593}
{"timestamp":"2025-12-17T14:14:42.016434Z","level":"warning","event":"The `airflow.decorators.dag` attribute is deprecated. Please use `'airflow.sdk.dag'`.","category":"DeprecatedImportWarning","filename":"/opt/airflow/dags/dag.py","lineno":1,"logger":"py.warnings"}
{"timestamp":"2025-12-17T14:14:42.016640Z","level":"warning","event":"The `airflow.decorators.task` attribute is deprecated. Please use `'airflow.sdk.task'`.","category":"DeprecatedImportWarning","filename":"/opt/airflow/dags/dag.py","lineno":2,"logger":"py.warnings"}
{"timestamp":"2025-12-17T14:14:42.017014Z","level":"warning","event":"The `airflow.operators.empty.EmptyOperator` attribute is deprecated. Please use `'airflow.providers.standard.operators.empty.EmptyOperator'`.","category":"DeprecatedImportWarning","filename":"/opt/airflow/dags/dag.py","lineno":3,"logger":"py.warnings"}
{"timestamp":"2025-12-17T14:15:12.395790Z","level":"info","event":"Filling up the DagBag from /opt/airflow/dags/dag.py","logger":"airflow.models.dagbag.DagBag","filename":"dagbag.py","lineno":593}
{"timestamp":"2025-12-17T14:15:12.431336Z","level":"warning","event":"The `airflow.decorators.dag` attribute is deprecated. Please use `'airflow.sdk.dag'`.","category":"DeprecatedImportWarning","filename":"/opt/airflow/dags/dag.py","lineno":1,"logger":"py.warnings"}
{"timestamp":"2025-12-17T14:15:12.431525Z","level":"warning","event":"The `airflow.decorators.task` attribute is deprecated. Please use `'airflow.sdk.task'`.","category":"DeprecatedImportWarning","filename":"/opt/airflow/dags/dag.py","lineno":2,"logger":"py.warnings"}
{"timestamp":"2025-12-17T14:15:12.431870Z","level":"warning","event":"The `airflow.operators.empty.EmptyOperator` attribute is deprecated. Please use `'airflow.providers.standard.operators.empty.EmptyOperator'`.","category":"DeprecatedImportWarning","filename":"/opt/airflow/dags/dag.py","lineno":3,"logger":"py.warnings"}
{"timestamp":"2025-12-17T14:15:42.797570Z","level":"info","event":"Filling up the DagBag from /opt/airflow/dags/dag.py","logger":"airflow.models.dagbag.DagBag","filename":"dagbag.py","lineno":593}
{"timestamp":"2025-12-17T14:15:42.833746Z","level":"warning","event":"The `airflow.decorators.dag` attribute is deprecated. Please use `'airflow.sdk.dag'`.","category":"DeprecatedImportWarning","filename":"/opt/airflow/dags/dag.py","lineno":1,"logger":"py.warnings"}
{"timestamp":"2025-12-17T14:15:42.833928Z","level":"warning","event":"The `airflow.decorators.task` attribute is deprecated. Please use `'airflow.sdk.task'`.","category":"DeprecatedImportWarning","filename":"/opt/airflow/dags/dag.py","lineno":2,"logger":"py.warnings"}
{"timestamp":"2025-12-17T14:15:42.834253Z","level":"warning","event":"The `airflow.operators.empty.EmptyOperator` attribute is deprecated. Please use `'airflow.providers.standard.operators.empty.EmptyOperator'`.","category":"DeprecatedImportWarning","filename":"/opt/airflow/dags/dag.py","lineno":3,"logger":"py.warnings"}
{"timestamp":"2025-12-17T14:16:13.181117Z","level":"info","event":"Filling up the DagBag from /opt/airflow/dags/dag.py","logger":"airflow.models.dagbag.DagBag","filename":"dagbag.py","lineno":593}
{"timestamp":"2025-12-17T14:16:13.214421Z","level":"warning","event":"The `airflow.decorators.dag` attribute is deprecated. Please use `'airflow.sdk.dag'`.","category":"DeprecatedImportWarning","filename":"/opt/airflow/dags/dag.py","lineno":1,"logger":"py.warnings"}
{"timestamp":"2025-12-17T14:16:13.214478Z","level":"warning","event":"The `airflow.decorators.task` attribute is deprecated. Please use `'airflow.sdk.task'`.","category":"DeprecatedImportWarning","filename":"/opt/airflow/dags/dag.py","lineno":2,"logger":"py.warnings"}
{"timestamp":"2025-12-17T14:16:13.214502Z","level":"warning","event":"The `airflow.operators.empty.EmptyOperator` attribute is deprecated. Please use `'airflow.providers.standard.operators.empty.EmptyOperator'`.","category":"DeprecatedImportWarning","filename":"/opt/airflow/dags/dag.py","lineno":3,"logger":"py.warnings"}
{"timestamp":"2025-12-17T14:16:43.600366Z","level":"info","event":"Filling up the DagBag from /opt/airflow/dags/dag.py","logger":"airflow.models.dagbag.DagBag","filename":"dagbag.py","lineno":593}
{"timestamp":"2025-12-17T14:16:43.650170Z","level":"warning","event":"The `airflow.decorators.dag` attribute is deprecated. Please use `'airflow.sdk.dag'`.","category":"DeprecatedImportWarning","filename":"/opt/airflow/dags/dag.py","lineno":1,"logger":"py.warnings"}
{"timestamp":"2025-12-17T14:16:43.650548Z","level":"warning","event":"The `airflow.decorators.task` attribute is deprecated. Please use `'airflow.sdk.task'`.","category":"DeprecatedImportWarning","filename":"/opt/airflow/dags/dag.py","lineno":2,"logger":"py.warnings"}
{"timestamp":"2025-12-17T14:16:43.650592Z","level":"warning","event":"The `airflow.operators.empty.EmptyOperator` attribute is deprecated. Please use `'airflow.providers.standard.operators.empty.EmptyOperator'`.","category":"DeprecatedImportWarning","filename":"/opt/airflow/dags/dag.py","lineno":3,"logger":"py.warnings"}
{"timestamp":"2025-12-17T14:17:14.007552Z","level":"info","event":"Filling up the DagBag from /opt/airflow/dags/dag.py","logger":"airflow.models.dagbag.DagBag","filename":"dagbag.py","lineno":593}
{"timestamp":"2025-12-17T14:17:14.039091Z","level":"warning","event":"The `airflow.decorators.dag` attribute is deprecated. Please use `'airflow.sdk.dag'`.","category":"DeprecatedImportWarning","filename":"/opt/airflow/dags/dag.py","lineno":1,"logger":"py.warnings"}
{"timestamp":"2025-12-17T14:17:14.039157Z","level":"warning","event":"The `airflow.decorators.task` attribute is deprecated. Please use `'airflow.sdk.task'`.","category":"DeprecatedImportWarning","filename":"/opt/airflow/dags/dag.py","lineno":2,"logger":"py.warnings"}
{"timestamp":"2025-12-17T14:17:14.039184Z","level":"warning","event":"The `airflow.operators.empty.EmptyOperator` attribute is deprecated. Please use `'airflow.providers.standard.operators.empty.EmptyOperator'`.","category":"DeprecatedImportWarning","filename":"/opt/airflow/dags/dag.py","lineno":3,"logger":"py.warnings"}
{"timestamp":"2025-12-17T14:17:22.273917Z","level":"info","event":"Filling up the DagBag from /opt/airflow/dags/dag.py","logger":"airflow.models.dagbag.DagBag","filename":"dagbag.py","lineno":593}
{"timestamp":"2025-12-17T14:17:22.328492Z","level":"warning","event":"The `airflow.decorators.dag` attribute is deprecated. Please use `'airflow.sdk.dag'`.","category":"DeprecatedImportWarning","filename":"/opt/airflow/dags/dag.py","lineno":1,"logger":"py.warnings"}
{"timestamp":"2025-12-17T14:17:22.328738Z","level":"warning","event":"The `airflow.decorators.task` attribute is deprecated. Please use `'airflow.sdk.task'`.","category":"DeprecatedImportWarning","filename":"/opt/airflow/dags/dag.py","lineno":2,"logger":"py.warnings"}
{"timestamp":"2025-12-17T14:17:22.328792Z","level":"warning","event":"The `airflow.operators.empty.EmptyOperator` attribute is deprecated. Please use `'airflow.providers.standard.operators.empty.EmptyOperator'`.","category":"DeprecatedImportWarning","filename":"/opt/airflow/dags/dag.py","lineno":3,"logger":"py.warnings"}
{"timestamp":"2025-12-17T14:17:52.720874Z","level":"info","event":"Filling up the DagBag from /opt/airflow/dags/dag.py","logger":"airflow.models.dagbag.DagBag","filename":"dagbag.py","lineno":593}
{"timestamp":"2025-12-17T14:17:52.757820Z","level":"warning","event":"The `airflow.decorators.dag` attribute is deprecated. Please use `'airflow.sdk.dag'`.","category":"DeprecatedImportWarning","filename":"/opt/airflow/dags/dag.py","lineno":1,"logger":"py.warnings"}
{"timestamp":"2025-12-17T14:17:52.757896Z","level":"warning","event":"The `airflow.decorators.task` attribute is deprecated. Please use `'airflow.sdk.task'`.","category":"DeprecatedImportWarning","filename":"/opt/airflow/dags/dag.py","lineno":2,"logger":"py.warnings"}
{"timestamp":"2025-12-17T14:17:52.757923Z","level":"warning","event":"The `airflow.operators.empty.EmptyOperator` attribute is deprecated. Please use `'airflow.providers.standard.operators.empty.EmptyOperator'`.","category":"DeprecatedImportWarning","filename":"/opt/airflow/dags/dag.py","lineno":3,"logger":"py.warnings"}
{"timestamp":"2025-12-17T14:18:23.115778Z","level":"info","event":"Filling up the DagBag from /opt/airflow/dags/dag.py","logger":"airflow.models.dagbag.DagBag","filename":"dagbag.py","lineno":593}
{"timestamp":"2025-12-17T14:18:23.168302Z","level":"warning","event":"The `airflow.decorators.dag` attribute is deprecated. Please use `'airflow.sdk.dag'`.","category":"DeprecatedImportWarning","filename":"/opt/airflow/dags/dag.py","lineno":1,"logger":"py.warnings"}
{"timestamp":"2025-12-17T14:18:23.168659Z","level":"warning","event":"The `airflow.decorators.task` attribute is deprecated. Please use `'airflow.sdk.task'`.","category":"DeprecatedImportWarning","filename":"/opt/airflow/dags/dag.py","lineno":2,"logger":"py.warnings"}
{"timestamp":"2025-12-17T14:18:23.168703Z","level":"warning","event":"The `airflow.operators.empty.EmptyOperator` attribute is deprecated. Please use `'airflow.providers.standard.operators.empty.EmptyOperator'`.","category":"DeprecatedImportWarning","filename":"/opt/airflow/dags/dag.py","lineno":3,"logger":"py.warnings"}
{"timestamp":"2025-12-17T14:18:53.550804Z","level":"info","event":"Filling up the DagBag from /opt/airflow/dags/dag.py","logger":"airflow.models.dagbag.DagBag","filename":"dagbag.py","lineno":593}
{"timestamp":"2025-12-17T14:18:53.592287Z","level":"warning","event":"The `airflow.decorators.dag` attribute is deprecated. Please use `'airflow.sdk.dag'`.","category":"DeprecatedImportWarning","filename":"/opt/airflow/dags/dag.py","lineno":1,"logger":"py.warnings"}
{"timestamp":"2025-12-17T14:18:53.592519Z","level":"warning","event":"The `airflow.decorators.task` attribute is deprecated. Please use `'airflow.sdk.task'`.","category":"DeprecatedImportWarning","filename":"/opt/airflow/dags/dag.py","lineno":2,"logger":"py.warnings"}
{"timestamp":"2025-12-17T14:18:53.592561Z","level":"warning","event":"The `airflow.operators.empty.EmptyOperator` attribute is deprecated. Please use `'airflow.providers.standard.operators.empty.EmptyOperator'`.","category":"DeprecatedImportWarning","filename":"/opt/airflow/dags/dag.py","lineno":3,"logger":"py.warnings"}
{"timestamp":"2025-12-17T14:19:23.945189Z","level":"info","event":"Filling up the DagBag from /opt/airflow/dags/dag.py","logger":"airflow.models.dagbag.DagBag","filename":"dagbag.py","lineno":593}
{"timestamp":"2025-12-17T14:19:23.984529Z","level":"warning","event":"The `airflow.decorators.dag` attribute is deprecated. Please use `'airflow.sdk.dag'`.","category":"DeprecatedImportWarning","filename":"/opt/airflow/dags/dag.py","lineno":1,"logger":"py.warnings"}
{"timestamp":"2025-12-17T14:19:23.984595Z","level":"warning","event":"The `airflow.decorators.task` attribute is deprecated. Please use `'airflow.sdk.task'`.","category":"DeprecatedImportWarning","filename":"/opt/airflow/dags/dag.py","lineno":2,"logger":"py.warnings"}
{"timestamp":"2025-12-17T14:19:23.984621Z","level":"warning","event":"The `airflow.operators.empty.EmptyOperator` attribute is deprecated. Please use `'airflow.providers.standard.operators.empty.EmptyOperator'`.","category":"DeprecatedImportWarning","filename":"/opt/airflow/dags/dag.py","lineno":3,"logger":"py.warnings"}
{"timestamp":"2025-12-17T14:19:54.354432Z","level":"info","event":"Filling up the DagBag from /opt/airflow/dags/dag.py","logger":"airflow.models.dagbag.DagBag","filename":"dagbag.py","lineno":593}
{"timestamp":"2025-12-17T14:19:54.413916Z","level":"warning","event":"The `airflow.decorators.dag` attribute is deprecated. Please use `'airflow.sdk.dag'`.","category":"DeprecatedImportWarning","filename":"/opt/airflow/dags/dag.py","lineno":1,"logger":"py.warnings"}
{"timestamp":"2025-12-17T14:19:54.413986Z","level":"warning","event":"The `airflow.decorators.task` attribute is deprecated. Please use `'airflow.sdk.task'`.","category":"DeprecatedImportWarning","filename":"/opt/airflow/dags/dag.py","lineno":2,"logger":"py.warnings"}
{"timestamp":"2025-12-17T14:19:54.414020Z","level":"warning","event":"The `airflow.operators.empty.EmptyOperator` attribute is deprecated. Please use `'airflow.providers.standard.operators.empty.EmptyOperator'`.","category":"DeprecatedImportWarning","filename":"/opt/airflow/dags/dag.py","lineno":3,"logger":"py.warnings"}
{"timestamp":"2025-12-17T14:20:24.884239Z","level":"info","event":"Filling up the DagBag from /opt/airflow/dags/dag.py","logger":"airflow.models.dagbag.DagBag","filename":"dagbag.py","lineno":593}
{"timestamp":"2025-12-17T14:20:24.921520Z","level":"warning","event":"The `airflow.decorators.dag` attribute is deprecated. Please use `'airflow.sdk.dag'`.","category":"DeprecatedImportWarning","filename":"/opt/airflow/dags/dag.py","lineno":1,"logger":"py.warnings"}
{"timestamp":"2025-12-17T14:20:24.921779Z","level":"warning","event":"The `airflow.decorators.task` attribute is deprecated. Please use `'airflow.sdk.task'`.","category":"DeprecatedImportWarning","filename":"/opt/airflow/dags/dag.py","lineno":2,"logger":"py.warnings"}
{"timestamp":"2025-12-17T14:20:24.922230Z","level":"warning","event":"The `airflow.operators.empty.EmptyOperator` attribute is deprecated. Please use `'airflow.providers.standard.operators.empty.EmptyOperator'`.","category":"DeprecatedImportWarning","filename":"/opt/airflow/dags/dag.py","lineno":3,"logger":"py.warnings"}
{"timestamp":"2025-12-17T14:20:55.294083Z","level":"info","event":"Filling up the DagBag from /opt/airflow/dags/dag.py","logger":"airflow.models.dagbag.DagBag","filename":"dagbag.py","lineno":593}
{"timestamp":"2025-12-17T14:20:55.329432Z","level":"warning","event":"The `airflow.decorators.dag` attribute is deprecated. Please use `'airflow.sdk.dag'`.","category":"DeprecatedImportWarning","filename":"/opt/airflow/dags/dag.py","lineno":1,"logger":"py.warnings"}
{"timestamp":"2025-12-17T14:20:55.329644Z","level":"warning","event":"The `airflow.decorators.task` attribute is deprecated. Please use `'airflow.sdk.task'`.","category":"DeprecatedImportWarning","filename":"/opt/airflow/dags/dag.py","lineno":2,"logger":"py.warnings"}
{"timestamp":"2025-12-17T14:20:55.330007Z","level":"warning","event":"The `airflow.operators.empty.EmptyOperator` attribute is deprecated. Please use `'airflow.providers.standard.operators.empty.EmptyOperator'`.","category":"DeprecatedImportWarning","filename":"/opt/airflow/dags/dag.py","lineno":3,"logger":"py.warnings"}
{"timestamp":"2025-12-17T14:21:25.690545Z","level":"info","event":"Filling up the DagBag from /opt/airflow/dags/dag.py","logger":"airflow.models.dagbag.DagBag","filename":"dagbag.py","lineno":593}
{"timestamp":"2025-12-17T14:21:25.722623Z","level":"warning","event":"The `airflow.decorators.dag` attribute is deprecated. Please use `'airflow.sdk.dag'`.","category":"DeprecatedImportWarning","filename":"/opt/airflow/dags/dag.py","lineno":1,"logger":"py.warnings"}
{"timestamp":"2025-12-17T14:21:25.722682Z","level":"warning","event":"The `airflow.decorators.task` attribute is deprecated. Please use `'airflow.sdk.task'`.","category":"DeprecatedImportWarning","filename":"/opt/airflow/dags/dag.py","lineno":2,"logger":"py.warnings"}
{"timestamp":"2025-12-17T14:21:25.722707Z","level":"warning","event":"The `airflow.operators.empty.EmptyOperator` attribute is deprecated. Please use `'airflow.providers.standard.operators.empty.EmptyOperator'`.","category":"DeprecatedImportWarning","filename":"/opt/airflow/dags/dag.py","lineno":3,"logger":"py.warnings"}
{"timestamp":"2025-12-17T14:21:56.083806Z","level":"info","event":"Filling up the DagBag from /opt/airflow/dags/dag.py","logger":"airflow.models.dagbag.DagBag","filename":"dagbag.py","lineno":593}
{"timestamp":"2025-12-17T14:21:56.144185Z","level":"warning","event":"The `airflow.decorators.dag` attribute is deprecated. Please use `'airflow.sdk.dag'`.","category":"DeprecatedImportWarning","filename":"/opt/airflow/dags/dag.py","lineno":1,"logger":"py.warnings"}
{"timestamp":"2025-12-17T14:21:56.144258Z","level":"warning","event":"The `airflow.decorators.task` attribute is deprecated. Please use `'airflow.sdk.task'`.","category":"DeprecatedImportWarning","filename":"/opt/airflow/dags/dag.py","lineno":2,"logger":"py.warnings"}
{"timestamp":"2025-12-17T14:21:56.144292Z","level":"warning","event":"The `airflow.operators.empty.EmptyOperator` attribute is deprecated. Please use `'airflow.providers.standard.operators.empty.EmptyOperator'`.","category":"DeprecatedImportWarning","filename":"/opt/airflow/dags/dag.py","lineno":3,"logger":"py.warnings"}
{"timestamp":"2025-12-17T14:22:22.475082Z","level":"info","event":"Filling up the DagBag from /opt/airflow/dags/dag.py","logger":"airflow.models.dagbag.DagBag","filename":"dagbag.py","lineno":593}
{"timestamp":"2025-12-17T14:22:22.526343Z","level":"warning","event":"The `airflow.decorators.dag` attribute is deprecated. Please use `'airflow.sdk.dag'`.","category":"DeprecatedImportWarning","filename":"/opt/airflow/dags/dag.py","lineno":1,"logger":"py.warnings"}
{"timestamp":"2025-12-17T14:22:22.526416Z","level":"warning","event":"The `airflow.decorators.task` attribute is deprecated. Please use `'airflow.sdk.task'`.","category":"DeprecatedImportWarning","filename":"/opt/airflow/dags/dag.py","lineno":2,"logger":"py.warnings"}
{"timestamp":"2025-12-17T14:22:22.526447Z","level":"warning","event":"The `airflow.operators.empty.EmptyOperator` attribute is deprecated. Please use `'airflow.providers.standard.operators.empty.EmptyOperator'`.","category":"DeprecatedImportWarning","filename":"/opt/airflow/dags/dag.py","lineno":3,"logger":"py.warnings"}
{"timestamp":"2025-12-17T14:22:29.660096Z","level":"info","event":"Filling up the DagBag from /opt/airflow/dags/dag.py","logger":"airflow.models.dagbag.DagBag","filename":"dagbag.py","lineno":593}
{"timestamp":"2025-12-17T14:22:29.697757Z","level":"warning","event":"The `airflow.decorators.dag` attribute is deprecated. Please use `'airflow.sdk.dag'`.","category":"DeprecatedImportWarning","filename":"/opt/airflow/dags/dag.py","lineno":1,"logger":"py.warnings"}
{"timestamp":"2025-12-17T14:22:29.697812Z","level":"warning","event":"The `airflow.decorators.task` attribute is deprecated. Please use `'airflow.sdk.task'`.","category":"DeprecatedImportWarning","filename":"/opt/airflow/dags/dag.py","lineno":2,"logger":"py.warnings"}
{"timestamp":"2025-12-17T14:22:29.697836Z","level":"warning","event":"The `airflow.operators.empty.EmptyOperator` attribute is deprecated. Please use `'airflow.providers.standard.operators.empty.EmptyOperator'`.","category":"DeprecatedImportWarning","filename":"/opt/airflow/dags/dag.py","lineno":3,"logger":"py.warnings"}
{"timestamp":"2025-12-17T14:23:00.046688Z","level":"info","event":"Filling up the DagBag from /opt/airflow/dags/dag.py","logger":"airflow.models.dagbag.DagBag","filename":"dagbag.py","lineno":593}
{"timestamp":"2025-12-17T14:23:00.094058Z","level":"warning","event":"The `airflow.decorators.dag` attribute is deprecated. Please use `'airflow.sdk.dag'`.","category":"DeprecatedImportWarning","filename":"/opt/airflow/dags/dag.py","lineno":1,"logger":"py.warnings"}
{"timestamp":"2025-12-17T14:23:00.094601Z","level":"warning","event":"The `airflow.decorators.task` attribute is deprecated. Please use `'airflow.sdk.task'`.","category":"DeprecatedImportWarning","filename":"/opt/airflow/dags/dag.py","lineno":2,"logger":"py.warnings"}
{"timestamp":"2025-12-17T14:23:00.094653Z","level":"warning","event":"The `airflow.operators.empty.EmptyOperator` attribute is deprecated. Please use `'airflow.providers.standard.operators.empty.EmptyOperator'`.","category":"DeprecatedImportWarning","filename":"/opt/airflow/dags/dag.py","lineno":3,"logger":"py.warnings"}
{"timestamp":"2025-12-17T14:23:30.443696Z","level":"info","event":"Filling up the DagBag from /opt/airflow/dags/dag.py","logger":"airflow.models.dagbag.DagBag","filename":"dagbag.py","lineno":593}
{"timestamp":"2025-12-17T14:23:30.489517Z","level":"warning","event":"The `airflow.decorators.dag` attribute is deprecated. Please use `'airflow.sdk.dag'`.","category":"DeprecatedImportWarning","filename":"/opt/airflow/dags/dag.py","lineno":1,"logger":"py.warnings"}
{"timestamp":"2025-12-17T14:23:30.489603Z","level":"warning","event":"The `airflow.decorators.task` attribute is deprecated. Please use `'airflow.sdk.task'`.","category":"DeprecatedImportWarning","filename":"/opt/airflow/dags/dag.py","lineno":2,"logger":"py.warnings"}
{"timestamp":"2025-12-17T14:23:30.489630Z","level":"warning","event":"The `airflow.operators.empty.EmptyOperator` attribute is deprecated. Please use `'airflow.providers.standard.operators.empty.EmptyOperator'`.","category":"DeprecatedImportWarning","filename":"/opt/airflow/dags/dag.py","lineno":3,"logger":"py.warnings"}
{"timestamp":"2025-12-17T14:24:00.842690Z","level":"info","event":"Filling up the DagBag from /opt/airflow/dags/dag.py","logger":"airflow.models.dagbag.DagBag","filename":"dagbag.py","lineno":593}
{"timestamp":"2025-12-17T14:24:00.873610Z","level":"warning","event":"The `airflow.decorators.dag` attribute is deprecated. Please use `'airflow.sdk.dag'`.","category":"DeprecatedImportWarning","filename":"/opt/airflow/dags/dag.py","lineno":1,"logger":"py.warnings"}
{"timestamp":"2025-12-17T14:24:00.873681Z","level":"warning","event":"The `airflow.decorators.task` attribute is deprecated. Please use `'airflow.sdk.task'`.","category":"DeprecatedImportWarning","filename":"/opt/airflow/dags/dag.py","lineno":2,"logger":"py.warnings"}
{"timestamp":"2025-12-17T14:24:00.873714Z","level":"warning","event":"The `airflow.operators.empty.EmptyOperator` attribute is deprecated. Please use `'airflow.providers.standard.operators.empty.EmptyOperator'`.","category":"DeprecatedImportWarning","filename":"/opt/airflow/dags/dag.py","lineno":3,"logger":"py.warnings"}
{"timestamp":"2025-12-17T14:24:31.277887Z","level":"info","event":"Filling up the DagBag from /opt/airflow/dags/dag.py","logger":"airflow.models.dagbag.DagBag","filename":"dagbag.py","lineno":593}
{"timestamp":"2025-12-17T14:24:31.312033Z","level":"warning","event":"The `airflow.decorators.dag` attribute is deprecated. Please use `'airflow.sdk.dag'`.","category":"DeprecatedImportWarning","filename":"/opt/airflow/dags/dag.py","lineno":1,"logger":"py.warnings"}
{"timestamp":"2025-12-17T14:24:31.312095Z","level":"warning","event":"The `airflow.decorators.task` attribute is deprecated. Please use `'airflow.sdk.task'`.","category":"DeprecatedImportWarning","filename":"/opt/airflow/dags/dag.py","lineno":2,"logger":"py.warnings"}
{"timestamp":"2025-12-17T14:24:31.312120Z","level":"warning","event":"The `airflow.operators.empty.EmptyOperator` attribute is deprecated. Please use `'airflow.providers.standard.operators.empty.EmptyOperator'`.","category":"DeprecatedImportWarning","filename":"/opt/airflow/dags/dag.py","lineno":3,"logger":"py.warnings"}
{"timestamp":"2025-12-17T14:25:01.710106Z","level":"info","event":"Filling up the DagBag from /opt/airflow/dags/dag.py","logger":"airflow.models.dagbag.DagBag","filename":"dagbag.py","lineno":593}
{"timestamp":"2025-12-17T14:25:01.790107Z","level":"warning","event":"The `airflow.decorators.dag` attribute is deprecated. Please use `'airflow.sdk.dag'`.","category":"DeprecatedImportWarning","filename":"/opt/airflow/dags/dag.py","lineno":1,"logger":"py.warnings"}
{"timestamp":"2025-12-17T14:25:01.790186Z","level":"warning","event":"The `airflow.decorators.task` attribute is deprecated. Please use `'airflow.sdk.task'`.","category":"DeprecatedImportWarning","filename":"/opt/airflow/dags/dag.py","lineno":2,"logger":"py.warnings"}
{"timestamp":"2025-12-17T14:25:01.790210Z","level":"warning","event":"The `airflow.operators.empty.EmptyOperator` attribute is deprecated. Please use `'airflow.providers.standard.operators.empty.EmptyOperator'`.","category":"DeprecatedImportWarning","filename":"/opt/airflow/dags/dag.py","lineno":3,"logger":"py.warnings"}
{"timestamp":"2025-12-17T14:25:03.885300Z","level":"info","event":"Filling up the DagBag from /opt/airflow/dags/dag.py","logger":"airflow.models.dagbag.DagBag","filename":"dagbag.py","lineno":593}
{"timestamp":"2025-12-17T14:25:03.924631Z","level":"warning","event":"The `airflow.decorators.dag` attribute is deprecated. Please use `'airflow.sdk.dag'`.","category":"DeprecatedImportWarning","filename":"/opt/airflow/dags/dag.py","lineno":1,"logger":"py.warnings"}
{"timestamp":"2025-12-17T14:25:03.924697Z","level":"warning","event":"The `airflow.decorators.task` attribute is deprecated. Please use `'airflow.sdk.task'`.","category":"DeprecatedImportWarning","filename":"/opt/airflow/dags/dag.py","lineno":2,"logger":"py.warnings"}
{"timestamp":"2025-12-17T14:25:03.924723Z","level":"warning","event":"The `airflow.operators.empty.EmptyOperator` attribute is deprecated. Please use `'airflow.providers.standard.operators.empty.EmptyOperator'`.","category":"DeprecatedImportWarning","filename":"/opt/airflow/dags/dag.py","lineno":3,"logger":"py.warnings"}
{"timestamp":"2025-12-17T14:25:10.090775Z","level":"info","event":"Filling up the DagBag from /opt/airflow/dags/dag.py","logger":"airflow.models.dagbag.DagBag","filename":"dagbag.py","lineno":593}
{"timestamp":"2025-12-17T14:25:10.216040Z","level":"warning","event":"The `airflow.decorators.dag` attribute is deprecated. Please use `'airflow.sdk.dag'`.","category":"DeprecatedImportWarning","filename":"/opt/airflow/dags/dag.py","lineno":1,"logger":"py.warnings"}
{"timestamp":"2025-12-17T14:25:10.216229Z","level":"warning","event":"The `airflow.decorators.task` attribute is deprecated. Please use `'airflow.sdk.task'`.","category":"DeprecatedImportWarning","filename":"/opt/airflow/dags/dag.py","lineno":2,"logger":"py.warnings"}
{"timestamp":"2025-12-17T14:25:10.216281Z","level":"warning","event":"The `airflow.operators.empty.EmptyOperator` attribute is deprecated. Please use `'airflow.providers.standard.operators.empty.EmptyOperator'`.","category":"DeprecatedImportWarning","filename":"/opt/airflow/dags/dag.py","lineno":3,"logger":"py.warnings"}
{"timestamp":"2025-12-17T14:25:10.216325Z","level":"warning","event":"The `airflow.operators.python.get_current_context` attribute is deprecated. Please use `'airflow.sdk.get_current_context'`.","category":"DeprecatedImportWarning","filename":"/opt/airflow/dags/dag.py","lineno":5,"logger":"py.warnings"}
{"timestamp":"2025-12-17T14:25:40.619348Z","level":"info","event":"Filling up the DagBag from /opt/airflow/dags/dag.py","logger":"airflow.models.dagbag.DagBag","filename":"dagbag.py","lineno":593}
{"timestamp":"2025-12-17T14:25:40.648799Z","level":"warning","event":"The `airflow.decorators.dag` attribute is deprecated. Please use `'airflow.sdk.dag'`.","category":"DeprecatedImportWarning","filename":"/opt/airflow/dags/dag.py","lineno":1,"logger":"py.warnings"}
{"timestamp":"2025-12-17T14:25:40.649023Z","level":"warning","event":"The `airflow.decorators.task` attribute is deprecated. Please use `'airflow.sdk.task'`.","category":"DeprecatedImportWarning","filename":"/opt/airflow/dags/dag.py","lineno":2,"logger":"py.warnings"}
{"timestamp":"2025-12-17T14:25:40.649435Z","level":"warning","event":"The `airflow.operators.empty.EmptyOperator` attribute is deprecated. Please use `'airflow.providers.standard.operators.empty.EmptyOperator'`.","category":"DeprecatedImportWarning","filename":"/opt/airflow/dags/dag.py","lineno":3,"logger":"py.warnings"}
{"timestamp":"2025-12-17T14:25:40.649613Z","level":"warning","event":"The `airflow.operators.python.get_current_context` attribute is deprecated. Please use `'airflow.sdk.get_current_context'`.","category":"DeprecatedImportWarning","filename":"/opt/airflow/dags/dag.py","lineno":5,"logger":"py.warnings"}
{"timestamp":"2025-12-17T14:26:11.018235Z","level":"info","event":"Filling up the DagBag from /opt/airflow/dags/dag.py","logger":"airflow.models.dagbag.DagBag","filename":"dagbag.py","lineno":593}
{"timestamp":"2025-12-17T14:26:11.053902Z","level":"warning","event":"The `airflow.decorators.dag` attribute is deprecated. Please use `'airflow.sdk.dag'`.","category":"DeprecatedImportWarning","filename":"/opt/airflow/dags/dag.py","lineno":1,"logger":"py.warnings"}
{"timestamp":"2025-12-17T14:26:11.053972Z","level":"warning","event":"The `airflow.decorators.task` attribute is deprecated. Please use `'airflow.sdk.task'`.","category":"DeprecatedImportWarning","filename":"/opt/airflow/dags/dag.py","lineno":2,"logger":"py.warnings"}
{"timestamp":"2025-12-17T14:26:11.053998Z","level":"warning","event":"The `airflow.operators.empty.EmptyOperator` attribute is deprecated. Please use `'airflow.providers.standard.operators.empty.EmptyOperator'`.","category":"DeprecatedImportWarning","filename":"/opt/airflow/dags/dag.py","lineno":3,"logger":"py.warnings"}
{"timestamp":"2025-12-17T14:26:11.054021Z","level":"warning","event":"The `airflow.operators.python.get_current_context` attribute is deprecated. Please use `'airflow.sdk.get_current_context'`.","category":"DeprecatedImportWarning","filename":"/opt/airflow/dags/dag.py","lineno":5,"logger":"py.warnings"}
{"timestamp":"2025-12-17T14:26:41.408058Z","level":"info","event":"Filling up the DagBag from /opt/airflow/dags/dag.py","logger":"airflow.models.dagbag.DagBag","filename":"dagbag.py","lineno":593}
{"timestamp":"2025-12-17T14:26:41.451253Z","level":"warning","event":"The `airflow.decorators.dag` attribute is deprecated. Please use `'airflow.sdk.dag'`.","category":"DeprecatedImportWarning","filename":"/opt/airflow/dags/dag.py","lineno":1,"logger":"py.warnings"}
{"timestamp":"2025-12-17T14:26:41.451521Z","level":"warning","event":"The `airflow.decorators.task` attribute is deprecated. Please use `'airflow.sdk.task'`.","category":"DeprecatedImportWarning","filename":"/opt/airflow/dags/dag.py","lineno":2,"logger":"py.warnings"}
{"timestamp":"2025-12-17T14:26:41.451652Z","level":"warning","event":"The `airflow.operators.empty.EmptyOperator` attribute is deprecated. Please use `'airflow.providers.standard.operators.empty.EmptyOperator'`.","category":"DeprecatedImportWarning","filename":"/opt/airflow/dags/dag.py","lineno":3,"logger":"py.warnings"}
{"timestamp":"2025-12-17T14:26:41.451737Z","level":"warning","event":"The `airflow.operators.python.get_current_context` attribute is deprecated. Please use `'airflow.sdk.get_current_context'`.","category":"DeprecatedImportWarning","filename":"/opt/airflow/dags/dag.py","lineno":5,"logger":"py.warnings"}
{"timestamp":"2025-12-17T14:27:11.855433Z","level":"info","event":"Filling up the DagBag from /opt/airflow/dags/dag.py","logger":"airflow.models.dagbag.DagBag","filename":"dagbag.py","lineno":593}
{"timestamp":"2025-12-17T14:27:11.902967Z","level":"warning","event":"The `airflow.decorators.dag` attribute is deprecated. Please use `'airflow.sdk.dag'`.","category":"DeprecatedImportWarning","filename":"/opt/airflow/dags/dag.py","lineno":1,"logger":"py.warnings"}
{"timestamp":"2025-12-17T14:27:11.903069Z","level":"warning","event":"The `airflow.decorators.task` attribute is deprecated. Please use `'airflow.sdk.task'`.","category":"DeprecatedImportWarning","filename":"/opt/airflow/dags/dag.py","lineno":2,"logger":"py.warnings"}
{"timestamp":"2025-12-17T14:27:11.903097Z","level":"warning","event":"The `airflow.operators.empty.EmptyOperator` attribute is deprecated. Please use `'airflow.providers.standard.operators.empty.EmptyOperator'`.","category":"DeprecatedImportWarning","filename":"/opt/airflow/dags/dag.py","lineno":3,"logger":"py.warnings"}
{"timestamp":"2025-12-17T14:27:11.903116Z","level":"warning","event":"The `airflow.operators.python.get_current_context` attribute is deprecated. Please use `'airflow.sdk.get_current_context'`.","category":"DeprecatedImportWarning","filename":"/opt/airflow/dags/dag.py","lineno":5,"logger":"py.warnings"}
{"timestamp":"2025-12-17T14:27:42.279679Z","level":"info","event":"Filling up the DagBag from /opt/airflow/dags/dag.py","logger":"airflow.models.dagbag.DagBag","filename":"dagbag.py","lineno":593}
{"timestamp":"2025-12-17T14:27:42.318644Z","level":"warning","event":"The `airflow.decorators.dag` attribute is deprecated. Please use `'airflow.sdk.dag'`.","category":"DeprecatedImportWarning","filename":"/opt/airflow/dags/dag.py","lineno":1,"logger":"py.warnings"}
{"timestamp":"2025-12-17T14:27:42.318705Z","level":"warning","event":"The `airflow.decorators.task` attribute is deprecated. Please use `'airflow.sdk.task'`.","category":"DeprecatedImportWarning","filename":"/opt/airflow/dags/dag.py","lineno":2,"logger":"py.warnings"}
{"timestamp":"2025-12-17T14:27:42.318740Z","level":"warning","event":"The `airflow.operators.empty.EmptyOperator` attribute is deprecated. Please use `'airflow.providers.standard.operators.empty.EmptyOperator'`.","category":"DeprecatedImportWarning","filename":"/opt/airflow/dags/dag.py","lineno":3,"logger":"py.warnings"}
{"timestamp":"2025-12-17T14:27:42.318762Z","level":"warning","event":"The `airflow.operators.python.get_current_context` attribute is deprecated. Please use `'airflow.sdk.get_current_context'`.","category":"DeprecatedImportWarning","filename":"/opt/airflow/dags/dag.py","lineno":5,"logger":"py.warnings"}
{"timestamp":"2025-12-17T14:28:12.658281Z","level":"info","event":"Filling up the DagBag from /opt/airflow/dags/dag.py","logger":"airflow.models.dagbag.DagBag","filename":"dagbag.py","lineno":593}
{"timestamp":"2025-12-17T14:28:12.696987Z","level":"warning","event":"The `airflow.decorators.dag` attribute is deprecated. Please use `'airflow.sdk.dag'`.","category":"DeprecatedImportWarning","filename":"/opt/airflow/dags/dag.py","lineno":1,"logger":"py.warnings"}
{"timestamp":"2025-12-17T14:28:12.697073Z","level":"warning","event":"The `airflow.decorators.task` attribute is deprecated. Please use `'airflow.sdk.task'`.","category":"DeprecatedImportWarning","filename":"/opt/airflow/dags/dag.py","lineno":2,"logger":"py.warnings"}
{"timestamp":"2025-12-17T14:28:12.697104Z","level":"warning","event":"The `airflow.operators.empty.EmptyOperator` attribute is deprecated. Please use `'airflow.providers.standard.operators.empty.EmptyOperator'`.","category":"DeprecatedImportWarning","filename":"/opt/airflow/dags/dag.py","lineno":3,"logger":"py.warnings"}
{"timestamp":"2025-12-17T14:28:12.697126Z","level":"warning","event":"The `airflow.operators.python.get_current_context` attribute is deprecated. Please use `'airflow.sdk.get_current_context'`.","category":"DeprecatedImportWarning","filename":"/opt/airflow/dags/dag.py","lineno":5,"logger":"py.warnings"}
{"timestamp":"2025-12-17T14:28:43.112747Z","level":"info","event":"Filling up the DagBag from /opt/airflow/dags/dag.py","logger":"airflow.models.dagbag.DagBag","filename":"dagbag.py","lineno":593}
{"timestamp":"2025-12-17T14:28:43.150089Z","level":"warning","event":"The `airflow.decorators.dag` attribute is deprecated. Please use `'airflow.sdk.dag'`.","category":"DeprecatedImportWarning","filename":"/opt/airflow/dags/dag.py","lineno":1,"logger":"py.warnings"}
{"timestamp":"2025-12-17T14:28:43.150147Z","level":"warning","event":"The `airflow.decorators.task` attribute is deprecated. Please use `'airflow.sdk.task'`.","category":"DeprecatedImportWarning","filename":"/opt/airflow/dags/dag.py","lineno":2,"logger":"py.warnings"}
{"timestamp":"2025-12-17T14:28:43.150170Z","level":"warning","event":"The `airflow.operators.empty.EmptyOperator` attribute is deprecated. Please use `'airflow.providers.standard.operators.empty.EmptyOperator'`.","category":"DeprecatedImportWarning","filename":"/opt/airflow/dags/dag.py","lineno":3,"logger":"py.warnings"}
{"timestamp":"2025-12-17T14:28:43.150190Z","level":"warning","event":"The `airflow.operators.python.get_current_context` attribute is deprecated. Please use `'airflow.sdk.get_current_context'`.","category":"DeprecatedImportWarning","filename":"/opt/airflow/dags/dag.py","lineno":5,"logger":"py.warnings"}
{"timestamp":"2025-12-17T14:29:13.568271Z","level":"info","event":"Filling up the DagBag from /opt/airflow/dags/dag.py","logger":"airflow.models.dagbag.DagBag","filename":"dagbag.py","lineno":593}
{"timestamp":"2025-12-17T14:29:13.602911Z","level":"warning","event":"The `airflow.decorators.dag` attribute is deprecated. Please use `'airflow.sdk.dag'`.","category":"DeprecatedImportWarning","filename":"/opt/airflow/dags/dag.py","lineno":1,"logger":"py.warnings"}
{"timestamp":"2025-12-17T14:29:13.602974Z","level":"warning","event":"The `airflow.decorators.task` attribute is deprecated. Please use `'airflow.sdk.task'`.","category":"DeprecatedImportWarning","filename":"/opt/airflow/dags/dag.py","lineno":2,"logger":"py.warnings"}
{"timestamp":"2025-12-17T14:29:13.603005Z","level":"warning","event":"The `airflow.operators.empty.EmptyOperator` attribute is deprecated. Please use `'airflow.providers.standard.operators.empty.EmptyOperator'`.","category":"DeprecatedImportWarning","filename":"/opt/airflow/dags/dag.py","lineno":3,"logger":"py.warnings"}
{"timestamp":"2025-12-17T14:29:13.603028Z","level":"warning","event":"The `airflow.operators.python.get_current_context` attribute is deprecated. Please use `'airflow.sdk.get_current_context'`.","category":"DeprecatedImportWarning","filename":"/opt/airflow/dags/dag.py","lineno":5,"logger":"py.warnings"}
{"timestamp":"2025-12-17T14:29:32.867067Z","level":"info","event":"Filling up the DagBag from /opt/airflow/dags/dag.py","logger":"airflow.models.dagbag.DagBag","filename":"dagbag.py","lineno":593}
{"timestamp":"2025-12-17T14:29:32.911680Z","level":"warning","event":"The `airflow.decorators.dag` attribute is deprecated. Please use `'airflow.sdk.dag'`.","category":"DeprecatedImportWarning","filename":"/opt/airflow/dags/dag.py","lineno":1,"logger":"py.warnings"}
{"timestamp":"2025-12-17T14:29:32.911734Z","level":"warning","event":"The `airflow.decorators.task` attribute is deprecated. Please use `'airflow.sdk.task'`.","category":"DeprecatedImportWarning","filename":"/opt/airflow/dags/dag.py","lineno":2,"logger":"py.warnings"}
{"timestamp":"2025-12-17T14:29:32.911765Z","level":"warning","event":"The `airflow.operators.empty.EmptyOperator` attribute is deprecated. Please use `'airflow.providers.standard.operators.empty.EmptyOperator'`.","category":"DeprecatedImportWarning","filename":"/opt/airflow/dags/dag.py","lineno":3,"logger":"py.warnings"}
{"timestamp":"2025-12-17T14:29:32.911786Z","level":"warning","event":"The `airflow.operators.python.get_current_context` attribute is deprecated. Please use `'airflow.sdk.get_current_context'`.","category":"DeprecatedImportWarning","filename":"/opt/airflow/dags/dag.py","lineno":5,"logger":"py.warnings"}
{"timestamp":"2025-12-17T14:30:03.275784Z","level":"info","event":"Filling up the DagBag from /opt/airflow/dags/dag.py","logger":"airflow.models.dagbag.DagBag","filename":"dagbag.py","lineno":593}
{"timestamp":"2025-12-17T14:30:03.304864Z","level":"warning","event":"The `airflow.decorators.dag` attribute is deprecated. Please use `'airflow.sdk.dag'`.","category":"DeprecatedImportWarning","filename":"/opt/airflow/dags/dag.py","lineno":1,"logger":"py.warnings"}
{"timestamp":"2025-12-17T14:30:03.304926Z","level":"warning","event":"The `airflow.decorators.task` attribute is deprecated. Please use `'airflow.sdk.task'`.","category":"DeprecatedImportWarning","filename":"/opt/airflow/dags/dag.py","lineno":2,"logger":"py.warnings"}
{"timestamp":"2025-12-17T14:30:03.304958Z","level":"warning","event":"The `airflow.operators.empty.EmptyOperator` attribute is deprecated. Please use `'airflow.providers.standard.operators.empty.EmptyOperator'`.","category":"DeprecatedImportWarning","filename":"/opt/airflow/dags/dag.py","lineno":3,"logger":"py.warnings"}
{"timestamp":"2025-12-17T14:30:03.304981Z","level":"warning","event":"The `airflow.operators.python.get_current_context` attribute is deprecated. Please use `'airflow.sdk.get_current_context'`.","category":"DeprecatedImportWarning","filename":"/opt/airflow/dags/dag.py","lineno":5,"logger":"py.warnings"}
{"timestamp":"2025-12-17T14:30:33.659992Z","level":"info","event":"Filling up the DagBag from /opt/airflow/dags/dag.py","logger":"airflow.models.dagbag.DagBag","filename":"dagbag.py","lineno":593}
{"timestamp":"2025-12-17T14:30:33.699000Z","level":"warning","event":"The `airflow.decorators.dag` attribute is deprecated. Please use `'airflow.sdk.dag'`.","category":"DeprecatedImportWarning","filename":"/opt/airflow/dags/dag.py","lineno":1,"logger":"py.warnings"}
{"timestamp":"2025-12-17T14:30:33.699059Z","level":"warning","event":"The `airflow.decorators.task` attribute is deprecated. Please use `'airflow.sdk.task'`.","category":"DeprecatedImportWarning","filename":"/opt/airflow/dags/dag.py","lineno":2,"logger":"py.warnings"}
{"timestamp":"2025-12-17T14:30:33.699087Z","level":"warning","event":"The `airflow.operators.empty.EmptyOperator` attribute is deprecated. Please use `'airflow.providers.standard.operators.empty.EmptyOperator'`.","category":"DeprecatedImportWarning","filename":"/opt/airflow/dags/dag.py","lineno":3,"logger":"py.warnings"}
{"timestamp":"2025-12-17T14:30:33.699109Z","level":"warning","event":"The `airflow.operators.python.get_current_context` attribute is deprecated. Please use `'airflow.sdk.get_current_context'`.","category":"DeprecatedImportWarning","filename":"/opt/airflow/dags/dag.py","lineno":5,"logger":"py.warnings"}
{"timestamp":"2025-12-17T14:31:04.067721Z","level":"info","event":"Filling up the DagBag from /opt/airflow/dags/dag.py","logger":"airflow.models.dagbag.DagBag","filename":"dagbag.py","lineno":593}
{"timestamp":"2025-12-17T14:31:04.097076Z","level":"warning","event":"The `airflow.decorators.dag` attribute is deprecated. Please use `'airflow.sdk.dag'`.","category":"DeprecatedImportWarning","filename":"/opt/airflow/dags/dag.py","lineno":1,"logger":"py.warnings"}
{"timestamp":"2025-12-17T14:31:04.097146Z","level":"warning","event":"The `airflow.decorators.task` attribute is deprecated. Please use `'airflow.sdk.task'`.","category":"DeprecatedImportWarning","filename":"/opt/airflow/dags/dag.py","lineno":2,"logger":"py.warnings"}
{"timestamp":"2025-12-17T14:31:04.097173Z","level":"warning","event":"The `airflow.operators.empty.EmptyOperator` attribute is deprecated. Please use `'airflow.providers.standard.operators.empty.EmptyOperator'`.","category":"DeprecatedImportWarning","filename":"/opt/airflow/dags/dag.py","lineno":3,"logger":"py.warnings"}
{"timestamp":"2025-12-17T14:31:04.097194Z","level":"warning","event":"The `airflow.operators.python.get_current_context` attribute is deprecated. Please use `'airflow.sdk.get_current_context'`.","category":"DeprecatedImportWarning","filename":"/opt/airflow/dags/dag.py","lineno":5,"logger":"py.warnings"}
{"timestamp":"2025-12-17T14:31:34.478849Z","level":"info","event":"Filling up the DagBag from /opt/airflow/dags/dag.py","logger":"airflow.models.dagbag.DagBag","filename":"dagbag.py","lineno":593}
{"timestamp":"2025-12-17T14:31:34.521548Z","level":"warning","event":"The `airflow.decorators.dag` attribute is deprecated. Please use `'airflow.sdk.dag'`.","category":"DeprecatedImportWarning","filename":"/opt/airflow/dags/dag.py","lineno":1,"logger":"py.warnings"}
{"timestamp":"2025-12-17T14:31:34.521621Z","level":"warning","event":"The `airflow.decorators.task` attribute is deprecated. Please use `'airflow.sdk.task'`.","category":"DeprecatedImportWarning","filename":"/opt/airflow/dags/dag.py","lineno":2,"logger":"py.warnings"}
{"timestamp":"2025-12-17T14:31:34.521648Z","level":"warning","event":"The `airflow.operators.empty.EmptyOperator` attribute is deprecated. Please use `'airflow.providers.standard.operators.empty.EmptyOperator'`.","category":"DeprecatedImportWarning","filename":"/opt/airflow/dags/dag.py","lineno":3,"logger":"py.warnings"}
{"timestamp":"2025-12-17T14:31:34.521673Z","level":"warning","event":"The `airflow.operators.python.get_current_context` attribute is deprecated. Please use `'airflow.sdk.get_current_context'`.","category":"DeprecatedImportWarning","filename":"/opt/airflow/dags/dag.py","lineno":5,"logger":"py.warnings"}
{"timestamp":"2025-12-17T14:32:02.843070Z","level":"info","event":"Filling up the DagBag from /opt/airflow/dags/dag.py","logger":"airflow.models.dagbag.DagBag","filename":"dagbag.py","lineno":593}
{"timestamp":"2025-12-17T14:32:02.891303Z","level":"warning","event":"The `airflow.decorators.dag` attribute is deprecated. Please use `'airflow.sdk.dag'`.","category":"DeprecatedImportWarning","filename":"/opt/airflow/dags/dag.py","lineno":1,"logger":"py.warnings"}
{"timestamp":"2025-12-17T14:32:02.891384Z","level":"warning","event":"The `airflow.decorators.task` attribute is deprecated. Please use `'airflow.sdk.task'`.","category":"DeprecatedImportWarning","filename":"/opt/airflow/dags/dag.py","lineno":2,"logger":"py.warnings"}
{"timestamp":"2025-12-17T14:32:02.891407Z","level":"warning","event":"The `airflow.operators.empty.EmptyOperator` attribute is deprecated. Please use `'airflow.providers.standard.operators.empty.EmptyOperator'`.","category":"DeprecatedImportWarning","filename":"/opt/airflow/dags/dag.py","lineno":3,"logger":"py.warnings"}
{"timestamp":"2025-12-17T14:32:02.891445Z","level":"warning","event":"The `airflow.operators.python.get_current_context` attribute is deprecated. Please use `'airflow.sdk.get_current_context'`.","category":"DeprecatedImportWarning","filename":"/opt/airflow/dags/dag.py","lineno":5,"logger":"py.warnings"}
{"timestamp":"2025-12-17T14:32:33.255282Z","level":"info","event":"Filling up the DagBag from /opt/airflow/dags/dag.py","logger":"airflow.models.dagbag.DagBag","filename":"dagbag.py","lineno":593}
{"timestamp":"2025-12-17T14:32:33.293080Z","level":"warning","event":"The `airflow.decorators.dag` attribute is deprecated. Please use `'airflow.sdk.dag'`.","category":"DeprecatedImportWarning","filename":"/opt/airflow/dags/dag.py","lineno":1,"logger":"py.warnings"}
{"timestamp":"2025-12-17T14:32:33.293139Z","level":"warning","event":"The `airflow.decorators.task` attribute is deprecated. Please use `'airflow.sdk.task'`.","category":"DeprecatedImportWarning","filename":"/opt/airflow/dags/dag.py","lineno":2,"logger":"py.warnings"}
{"timestamp":"2025-12-17T14:32:33.293177Z","level":"warning","event":"The `airflow.operators.empty.EmptyOperator` attribute is deprecated. Please use `'airflow.providers.standard.operators.empty.EmptyOperator'`.","category":"DeprecatedImportWarning","filename":"/opt/airflow/dags/dag.py","lineno":3,"logger":"py.warnings"}
{"timestamp":"2025-12-17T14:32:33.293199Z","level":"warning","event":"The `airflow.operators.python.get_current_context` attribute is deprecated. Please use `'airflow.sdk.get_current_context'`.","category":"DeprecatedImportWarning","filename":"/opt/airflow/dags/dag.py","lineno":5,"logger":"py.warnings"}
{"timestamp":"2025-12-17T14:33:03.663568Z","level":"info","event":"Filling up the DagBag from /opt/airflow/dags/dag.py","logger":"airflow.models.dagbag.DagBag","filename":"dagbag.py","lineno":593}
{"timestamp":"2025-12-17T14:33:03.715702Z","level":"warning","event":"The `airflow.decorators.dag` attribute is deprecated. Please use `'airflow.sdk.dag'`.","category":"DeprecatedImportWarning","filename":"/opt/airflow/dags/dag.py","lineno":1,"logger":"py.warnings"}
{"timestamp":"2025-12-17T14:33:03.715807Z","level":"warning","event":"The `airflow.decorators.task` attribute is deprecated. Please use `'airflow.sdk.task'`.","category":"DeprecatedImportWarning","filename":"/opt/airflow/dags/dag.py","lineno":2,"logger":"py.warnings"}
{"timestamp":"2025-12-17T14:33:03.715845Z","level":"warning","event":"The `airflow.operators.empty.EmptyOperator` attribute is deprecated. Please use `'airflow.providers.standard.operators.empty.EmptyOperator'`.","category":"DeprecatedImportWarning","filename":"/opt/airflow/dags/dag.py","lineno":3,"logger":"py.warnings"}
{"timestamp":"2025-12-17T14:33:03.715869Z","level":"warning","event":"The `airflow.operators.python.get_current_context` attribute is deprecated. Please use `'airflow.sdk.get_current_context'`.","category":"DeprecatedImportWarning","filename":"/opt/airflow/dags/dag.py","lineno":5,"logger":"py.warnings"}
{"timestamp":"2025-12-17T14:33:13.907251Z","level":"info","event":"Filling up the DagBag from /opt/airflow/dags/dag.py","logger":"airflow.models.dagbag.DagBag","filename":"dagbag.py","lineno":593}
{"timestamp":"2025-12-17T14:33:13.982056Z","level":"warning","event":"The `airflow.decorators.dag` attribute is deprecated. Please use `'airflow.sdk.dag'`.","category":"DeprecatedImportWarning","filename":"/opt/airflow/dags/dag.py","lineno":1,"logger":"py.warnings"}
{"timestamp":"2025-12-17T14:33:13.982138Z","level":"warning","event":"The `airflow.decorators.task` attribute is deprecated. Please use `'airflow.sdk.task'`.","category":"DeprecatedImportWarning","filename":"/opt/airflow/dags/dag.py","lineno":2,"logger":"py.warnings"}
{"timestamp":"2025-12-17T14:33:13.982166Z","level":"warning","event":"The `airflow.operators.empty.EmptyOperator` attribute is deprecated. Please use `'airflow.providers.standard.operators.empty.EmptyOperator'`.","category":"DeprecatedImportWarning","filename":"/opt/airflow/dags/dag.py","lineno":3,"logger":"py.warnings"}
{"timestamp":"2025-12-17T14:33:13.982187Z","level":"warning","event":"The `airflow.operators.python.get_current_context` attribute is deprecated. Please use `'airflow.sdk.get_current_context'`.","category":"DeprecatedImportWarning","filename":"/opt/airflow/dags/dag.py","lineno":5,"logger":"py.warnings"}
{"timestamp":"2025-12-17T14:33:44.351671Z","level":"info","event":"Filling up the DagBag from /opt/airflow/dags/dag.py","logger":"airflow.models.dagbag.DagBag","filename":"dagbag.py","lineno":593}
{"timestamp":"2025-12-17T14:33:44.388008Z","level":"warning","event":"The `airflow.decorators.dag` attribute is deprecated. Please use `'airflow.sdk.dag'`.","category":"DeprecatedImportWarning","filename":"/opt/airflow/dags/dag.py","lineno":1,"logger":"py.warnings"}
{"timestamp":"2025-12-17T14:33:44.388070Z","level":"warning","event":"The `airflow.decorators.task` attribute is deprecated. Please use `'airflow.sdk.task'`.","category":"DeprecatedImportWarning","filename":"/opt/airflow/dags/dag.py","lineno":2,"logger":"py.warnings"}
{"timestamp":"2025-12-17T14:33:44.388093Z","level":"warning","event":"The `airflow.operators.empty.EmptyOperator` attribute is deprecated. Please use `'airflow.providers.standard.operators.empty.EmptyOperator'`.","category":"DeprecatedImportWarning","filename":"/opt/airflow/dags/dag.py","lineno":3,"logger":"py.warnings"}
{"timestamp":"2025-12-17T14:33:44.388113Z","level":"warning","event":"The `airflow.operators.python.get_current_context` attribute is deprecated. Please use `'airflow.sdk.get_current_context'`.","category":"DeprecatedImportWarning","filename":"/opt/airflow/dags/dag.py","lineno":5,"logger":"py.warnings"}
{"timestamp":"2025-12-17T14:34:14.736957Z","level":"info","event":"Filling up the DagBag from /opt/airflow/dags/dag.py","logger":"airflow.models.dagbag.DagBag","filename":"dagbag.py","lineno":593}
{"timestamp":"2025-12-17T14:34:14.769331Z","level":"warning","event":"The `airflow.decorators.dag` attribute is deprecated. Please use `'airflow.sdk.dag'`.","category":"DeprecatedImportWarning","filename":"/opt/airflow/dags/dag.py","lineno":1,"logger":"py.warnings"}
{"timestamp":"2025-12-17T14:34:14.769390Z","level":"warning","event":"The `airflow.decorators.task` attribute is deprecated. Please use `'airflow.sdk.task'`.","category":"DeprecatedImportWarning","filename":"/opt/airflow/dags/dag.py","lineno":2,"logger":"py.warnings"}
{"timestamp":"2025-12-17T14:34:14.769426Z","level":"warning","event":"The `airflow.operators.empty.EmptyOperator` attribute is deprecated. Please use `'airflow.providers.standard.operators.empty.EmptyOperator'`.","category":"DeprecatedImportWarning","filename":"/opt/airflow/dags/dag.py","lineno":3,"logger":"py.warnings"}
{"timestamp":"2025-12-17T14:34:14.769450Z","level":"warning","event":"The `airflow.operators.python.get_current_context` attribute is deprecated. Please use `'airflow.sdk.get_current_context'`.","category":"DeprecatedImportWarning","filename":"/opt/airflow/dags/dag.py","lineno":5,"logger":"py.warnings"}
{"timestamp":"2025-12-17T14:34:45.215763Z","level":"info","event":"Filling up the DagBag from /opt/airflow/dags/dag.py","logger":"airflow.models.dagbag.DagBag","filename":"dagbag.py","lineno":593}
{"timestamp":"2025-12-17T14:34:45.254149Z","level":"warning","event":"The `airflow.decorators.dag` attribute is deprecated. Please use `'airflow.sdk.dag'`.","category":"DeprecatedImportWarning","filename":"/opt/airflow/dags/dag.py","lineno":1,"logger":"py.warnings"}
{"timestamp":"2025-12-17T14:34:45.254331Z","level":"warning","event":"The `airflow.decorators.task` attribute is deprecated. Please use `'airflow.sdk.task'`.","category":"DeprecatedImportWarning","filename":"/opt/airflow/dags/dag.py","lineno":2,"logger":"py.warnings"}
{"timestamp":"2025-12-17T14:34:45.254370Z","level":"warning","event":"The `airflow.operators.empty.EmptyOperator` attribute is deprecated. Please use `'airflow.providers.standard.operators.empty.EmptyOperator'`.","category":"DeprecatedImportWarning","filename":"/opt/airflow/dags/dag.py","lineno":3,"logger":"py.warnings"}
{"timestamp":"2025-12-17T14:34:45.254389Z","level":"warning","event":"The `airflow.operators.python.get_current_context` attribute is deprecated. Please use `'airflow.sdk.get_current_context'`.","category":"DeprecatedImportWarning","filename":"/opt/airflow/dags/dag.py","lineno":5,"logger":"py.warnings"}
{"timestamp":"2025-12-17T14:35:15.630685Z","level":"info","event":"Filling up the DagBag from /opt/airflow/dags/dag.py","logger":"airflow.models.dagbag.DagBag","filename":"dagbag.py","lineno":593}
{"timestamp":"2025-12-17T14:35:15.671861Z","level":"warning","event":"The `airflow.decorators.dag` attribute is deprecated. Please use `'airflow.sdk.dag'`.","category":"DeprecatedImportWarning","filename":"/opt/airflow/dags/dag.py","lineno":1,"logger":"py.warnings"}
{"timestamp":"2025-12-17T14:35:15.671921Z","level":"warning","event":"The `airflow.decorators.task` attribute is deprecated. Please use `'airflow.sdk.task'`.","category":"DeprecatedImportWarning","filename":"/opt/airflow/dags/dag.py","lineno":2,"logger":"py.warnings"}
{"timestamp":"2025-12-17T14:35:15.671949Z","level":"warning","event":"The `airflow.operators.empty.EmptyOperator` attribute is deprecated. Please use `'airflow.providers.standard.operators.empty.EmptyOperator'`.","category":"DeprecatedImportWarning","filename":"/opt/airflow/dags/dag.py","lineno":3,"logger":"py.warnings"}
{"timestamp":"2025-12-17T14:35:15.671970Z","level":"warning","event":"The `airflow.operators.python.get_current_context` attribute is deprecated. Please use `'airflow.sdk.get_current_context'`.","category":"DeprecatedImportWarning","filename":"/opt/airflow/dags/dag.py","lineno":5,"logger":"py.warnings"}
{"timestamp":"2025-12-17T14:35:38.922924Z","level":"info","event":"Filling up the DagBag from /opt/airflow/dags/dag.py","logger":"airflow.models.dagbag.DagBag","filename":"dagbag.py","lineno":593}
{"timestamp":"2025-12-17T14:35:39.002272Z","level":"warning","event":"The `airflow.decorators.dag` attribute is deprecated. Please use `'airflow.sdk.dag'`.","category":"DeprecatedImportWarning","filename":"/opt/airflow/dags/dag.py","lineno":1,"logger":"py.warnings"}
{"timestamp":"2025-12-17T14:35:39.002511Z","level":"warning","event":"The `airflow.decorators.task` attribute is deprecated. Please use `'airflow.sdk.task'`.","category":"DeprecatedImportWarning","filename":"/opt/airflow/dags/dag.py","lineno":2,"logger":"py.warnings"}
{"timestamp":"2025-12-17T14:35:39.002559Z","level":"warning","event":"The `airflow.operators.empty.EmptyOperator` attribute is deprecated. Please use `'airflow.providers.standard.operators.empty.EmptyOperator'`.","category":"DeprecatedImportWarning","filename":"/opt/airflow/dags/dag.py","lineno":3,"logger":"py.warnings"}
{"timestamp":"2025-12-17T14:35:39.002579Z","level":"warning","event":"The `airflow.operators.python.get_current_context` attribute is deprecated. Please use `'airflow.sdk.get_current_context'`.","category":"DeprecatedImportWarning","filename":"/opt/airflow/dags/dag.py","lineno":5,"logger":"py.warnings"}
{"timestamp":"2025-12-17T14:35:55.278199Z","level":"info","event":"Filling up the DagBag from /opt/airflow/dags/dag.py","logger":"airflow.models.dagbag.DagBag","filename":"dagbag.py","lineno":593}
{"timestamp":"2025-12-17T14:35:55.353849Z","level":"warning","event":"The `airflow.decorators.dag` attribute is deprecated. Please use `'airflow.sdk.dag'`.","category":"DeprecatedImportWarning","filename":"/opt/airflow/dags/dag.py","lineno":1,"logger":"py.warnings"}
{"timestamp":"2025-12-17T14:35:55.353941Z","level":"warning","event":"The `airflow.decorators.task` attribute is deprecated. Please use `'airflow.sdk.task'`.","category":"DeprecatedImportWarning","filename":"/opt/airflow/dags/dag.py","lineno":2,"logger":"py.warnings"}
{"timestamp":"2025-12-17T14:35:55.353982Z","level":"warning","event":"The `airflow.operators.empty.EmptyOperator` attribute is deprecated. Please use `'airflow.providers.standard.operators.empty.EmptyOperator'`.","category":"DeprecatedImportWarning","filename":"/opt/airflow/dags/dag.py","lineno":3,"logger":"py.warnings"}
{"timestamp":"2025-12-17T14:35:55.354007Z","level":"warning","event":"The `airflow.operators.python.get_current_context` attribute is deprecated. Please use `'airflow.sdk.get_current_context'`.","category":"DeprecatedImportWarning","filename":"/opt/airflow/dags/dag.py","lineno":5,"logger":"py.warnings"}
{"timestamp":"2025-12-17T14:36:09.565702Z","level":"info","event":"Filling up the DagBag from /opt/airflow/dags/dag.py","logger":"airflow.models.dagbag.DagBag","filename":"dagbag.py","lineno":593}
{"timestamp":"2025-12-17T14:36:09.606949Z","level":"warning","event":"The `airflow.decorators.dag` attribute is deprecated. Please use `'airflow.sdk.dag'`.","category":"DeprecatedImportWarning","filename":"/opt/airflow/dags/dag.py","lineno":1,"logger":"py.warnings"}
{"timestamp":"2025-12-17T14:36:09.607221Z","level":"warning","event":"The `airflow.decorators.task` attribute is deprecated. Please use `'airflow.sdk.task'`.","category":"DeprecatedImportWarning","filename":"/opt/airflow/dags/dag.py","lineno":2,"logger":"py.warnings"}
{"timestamp":"2025-12-17T14:36:09.607276Z","level":"warning","event":"The `airflow.operators.empty.EmptyOperator` attribute is deprecated. Please use `'airflow.providers.standard.operators.empty.EmptyOperator'`.","category":"DeprecatedImportWarning","filename":"/opt/airflow/dags/dag.py","lineno":3,"logger":"py.warnings"}
{"timestamp":"2025-12-17T14:36:09.607297Z","level":"warning","event":"The `airflow.operators.python.get_current_context` attribute is deprecated. Please use `'airflow.sdk.get_current_context'`.","category":"DeprecatedImportWarning","filename":"/opt/airflow/dags/dag.py","lineno":5,"logger":"py.warnings"}
{"timestamp":"2025-12-17T14:36:40.037157Z","level":"info","event":"Filling up the DagBag from /opt/airflow/dags/dag.py","logger":"airflow.models.dagbag.DagBag","filename":"dagbag.py","lineno":593}
{"timestamp":"2025-12-17T14:36:40.088369Z","level":"warning","event":"The `airflow.decorators.dag` attribute is deprecated. Please use `'airflow.sdk.dag'`.","category":"DeprecatedImportWarning","filename":"/opt/airflow/dags/dag.py","lineno":1,"logger":"py.warnings"}
{"timestamp":"2025-12-17T14:36:40.088617Z","level":"warning","event":"The `airflow.decorators.task` attribute is deprecated. Please use `'airflow.sdk.task'`.","category":"DeprecatedImportWarning","filename":"/opt/airflow/dags/dag.py","lineno":2,"logger":"py.warnings"}
{"timestamp":"2025-12-17T14:36:40.088648Z","level":"warning","event":"The `airflow.operators.empty.EmptyOperator` attribute is deprecated. Please use `'airflow.providers.standard.operators.empty.EmptyOperator'`.","category":"DeprecatedImportWarning","filename":"/opt/airflow/dags/dag.py","lineno":3,"logger":"py.warnings"}
{"timestamp":"2025-12-17T14:36:40.088667Z","level":"warning","event":"The `airflow.operators.python.get_current_context` attribute is deprecated. Please use `'airflow.sdk.get_current_context'`.","category":"DeprecatedImportWarning","filename":"/opt/airflow/dags/dag.py","lineno":5,"logger":"py.warnings"}
{"timestamp":"2025-12-17T14:37:10.440258Z","level":"info","event":"Filling up the DagBag from /opt/airflow/dags/dag.py","logger":"airflow.models.dagbag.DagBag","filename":"dagbag.py","lineno":593}
{"timestamp":"2025-12-17T14:37:10.473422Z","level":"warning","event":"The `airflow.decorators.dag` attribute is deprecated. Please use `'airflow.sdk.dag'`.","category":"DeprecatedImportWarning","filename":"/opt/airflow/dags/dag.py","lineno":1,"logger":"py.warnings"}
{"timestamp":"2025-12-17T14:37:10.473482Z","level":"warning","event":"The `airflow.decorators.task` attribute is deprecated. Please use `'airflow.sdk.task'`.","category":"DeprecatedImportWarning","filename":"/opt/airflow/dags/dag.py","lineno":2,"logger":"py.warnings"}
{"timestamp":"2025-12-17T14:37:10.473506Z","level":"warning","event":"The `airflow.operators.empty.EmptyOperator` attribute is deprecated. Please use `'airflow.providers.standard.operators.empty.EmptyOperator'`.","category":"DeprecatedImportWarning","filename":"/opt/airflow/dags/dag.py","lineno":3,"logger":"py.warnings"}
{"timestamp":"2025-12-17T14:37:10.473533Z","level":"warning","event":"The `airflow.operators.python.get_current_context` attribute is deprecated. Please use `'airflow.sdk.get_current_context'`.","category":"DeprecatedImportWarning","filename":"/opt/airflow/dags/dag.py","lineno":5,"logger":"py.warnings"}
{"timestamp":"2025-12-17T14:37:40.840360Z","level":"info","event":"Filling up the DagBag from /opt/airflow/dags/dag.py","logger":"airflow.models.dagbag.DagBag","filename":"dagbag.py","lineno":593}
{"timestamp":"2025-12-17T14:37:40.921484Z","level":"warning","event":"The `airflow.decorators.dag` attribute is deprecated. Please use `'airflow.sdk.dag'`.","category":"DeprecatedImportWarning","filename":"/opt/airflow/dags/dag.py","lineno":1,"logger":"py.warnings"}
{"timestamp":"2025-12-17T14:37:40.921823Z","level":"warning","event":"The `airflow.decorators.task` attribute is deprecated. Please use `'airflow.sdk.task'`.","category":"DeprecatedImportWarning","filename":"/opt/airflow/dags/dag.py","lineno":2,"logger":"py.warnings"}
{"timestamp":"2025-12-17T14:37:40.921857Z","level":"warning","event":"The `airflow.operators.empty.EmptyOperator` attribute is deprecated. Please use `'airflow.providers.standard.operators.empty.EmptyOperator'`.","category":"DeprecatedImportWarning","filename":"/opt/airflow/dags/dag.py","lineno":3,"logger":"py.warnings"}
{"timestamp":"2025-12-17T14:37:40.922441Z","level":"warning","event":"The `airflow.operators.python.get_current_context` attribute is deprecated. Please use `'airflow.sdk.get_current_context'`.","category":"DeprecatedImportWarning","filename":"/opt/airflow/dags/dag.py","lineno":5,"logger":"py.warnings"}
{"timestamp":"2025-12-17T14:37:44.053348Z","level":"info","event":"Filling up the DagBag from /opt/airflow/dags/dag.py","logger":"airflow.models.dagbag.DagBag","filename":"dagbag.py","lineno":593}
{"timestamp":"2025-12-17T14:37:44.089698Z","level":"warning","event":"The `airflow.decorators.dag` attribute is deprecated. Please use `'airflow.sdk.dag'`.","category":"DeprecatedImportWarning","filename":"/opt/airflow/dags/dag.py","lineno":1,"logger":"py.warnings"}
{"timestamp":"2025-12-17T14:37:44.089772Z","level":"warning","event":"The `airflow.decorators.task` attribute is deprecated. Please use `'airflow.sdk.task'`.","category":"DeprecatedImportWarning","filename":"/opt/airflow/dags/dag.py","lineno":2,"logger":"py.warnings"}
{"timestamp":"2025-12-17T14:37:44.089798Z","level":"warning","event":"The `airflow.operators.empty.EmptyOperator` attribute is deprecated. Please use `'airflow.providers.standard.operators.empty.EmptyOperator'`.","category":"DeprecatedImportWarning","filename":"/opt/airflow/dags/dag.py","lineno":3,"logger":"py.warnings"}
{"timestamp":"2025-12-17T14:37:44.089819Z","level":"warning","event":"The `airflow.operators.python.get_current_context` attribute is deprecated. Please use `'airflow.sdk.get_current_context'`.","category":"DeprecatedImportWarning","filename":"/opt/airflow/dags/dag.py","lineno":5,"logger":"py.warnings"}
{"timestamp":"2025-12-17T14:38:14.479308Z","level":"info","event":"Filling up the DagBag from /opt/airflow/dags/dag.py","logger":"airflow.models.dagbag.DagBag","filename":"dagbag.py","lineno":593}
{"timestamp":"2025-12-17T14:38:14.514266Z","level":"warning","event":"The `airflow.decorators.dag` attribute is deprecated. Please use `'airflow.sdk.dag'`.","category":"DeprecatedImportWarning","filename":"/opt/airflow/dags/dag.py","lineno":1,"logger":"py.warnings"}
{"timestamp":"2025-12-17T14:38:14.514322Z","level":"warning","event":"The `airflow.decorators.task` attribute is deprecated. Please use `'airflow.sdk.task'`.","category":"DeprecatedImportWarning","filename":"/opt/airflow/dags/dag.py","lineno":2,"logger":"py.warnings"}
{"timestamp":"2025-12-17T14:38:14.514346Z","level":"warning","event":"The `airflow.operators.empty.EmptyOperator` attribute is deprecated. Please use `'airflow.providers.standard.operators.empty.EmptyOperator'`.","category":"DeprecatedImportWarning","filename":"/opt/airflow/dags/dag.py","lineno":3,"logger":"py.warnings"}
{"timestamp":"2025-12-17T14:38:14.514367Z","level":"warning","event":"The `airflow.operators.python.get_current_context` attribute is deprecated. Please use `'airflow.sdk.get_current_context'`.","category":"DeprecatedImportWarning","filename":"/opt/airflow/dags/dag.py","lineno":5,"logger":"py.warnings"}
{"timestamp":"2025-12-17T14:38:44.902100Z","level":"info","event":"Filling up the DagBag from /opt/airflow/dags/dag.py","logger":"airflow.models.dagbag.DagBag","filename":"dagbag.py","lineno":593}
{"timestamp":"2025-12-17T14:38:44.938537Z","level":"warning","event":"The `airflow.decorators.dag` attribute is deprecated. Please use `'airflow.sdk.dag'`.","category":"DeprecatedImportWarning","filename":"/opt/airflow/dags/dag.py","lineno":1,"logger":"py.warnings"}
{"timestamp":"2025-12-17T14:38:44.938610Z","level":"warning","event":"The `airflow.decorators.task` attribute is deprecated. Please use `'airflow.sdk.task'`.","category":"DeprecatedImportWarning","filename":"/opt/airflow/dags/dag.py","lineno":2,"logger":"py.warnings"}
{"timestamp":"2025-12-17T14:38:44.938649Z","level":"warning","event":"The `airflow.operators.empty.EmptyOperator` attribute is deprecated. Please use `'airflow.providers.standard.operators.empty.EmptyOperator'`.","category":"DeprecatedImportWarning","filename":"/opt/airflow/dags/dag.py","lineno":3,"logger":"py.warnings"}
{"timestamp":"2025-12-17T14:38:44.938671Z","level":"warning","event":"The `airflow.operators.python.get_current_context` attribute is deprecated. Please use `'airflow.sdk.get_current_context'`.","category":"DeprecatedImportWarning","filename":"/opt/airflow/dags/dag.py","lineno":5,"logger":"py.warnings"}
{"timestamp":"2025-12-17T14:39:15.307954Z","level":"info","event":"Filling up the DagBag from /opt/airflow/dags/dag.py","logger":"airflow.models.dagbag.DagBag","filename":"dagbag.py","lineno":593}
{"timestamp":"2025-12-17T14:39:15.341716Z","level":"warning","event":"The `airflow.decorators.dag` attribute is deprecated. Please use `'airflow.sdk.dag'`.","category":"DeprecatedImportWarning","filename":"/opt/airflow/dags/dag.py","lineno":1,"logger":"py.warnings"}
{"timestamp":"2025-12-17T14:39:15.341779Z","level":"warning","event":"The `airflow.decorators.task` attribute is deprecated. Please use `'airflow.sdk.task'`.","category":"DeprecatedImportWarning","filename":"/opt/airflow/dags/dag.py","lineno":2,"logger":"py.warnings"}
{"timestamp":"2025-12-17T14:39:15.341801Z","level":"warning","event":"The `airflow.operators.empty.EmptyOperator` attribute is deprecated. Please use `'airflow.providers.standard.operators.empty.EmptyOperator'`.","category":"DeprecatedImportWarning","filename":"/opt/airflow/dags/dag.py","lineno":3,"logger":"py.warnings"}
{"timestamp":"2025-12-17T14:39:15.341819Z","level":"warning","event":"The `airflow.operators.python.get_current_context` attribute is deprecated. Please use `'airflow.sdk.get_current_context'`.","category":"DeprecatedImportWarning","filename":"/opt/airflow/dags/dag.py","lineno":5,"logger":"py.warnings"}
{"timestamp":"2025-12-17T14:39:45.721192Z","level":"info","event":"Filling up the DagBag from /opt/airflow/dags/dag.py","logger":"airflow.models.dagbag.DagBag","filename":"dagbag.py","lineno":593}
{"timestamp":"2025-12-17T14:39:45.760628Z","level":"warning","event":"The `airflow.decorators.dag` attribute is deprecated. Please use `'airflow.sdk.dag'`.","category":"DeprecatedImportWarning","filename":"/opt/airflow/dags/dag.py","lineno":1,"logger":"py.warnings"}
{"timestamp":"2025-12-17T14:39:45.760694Z","level":"warning","event":"The `airflow.decorators.task` attribute is deprecated. Please use `'airflow.sdk.task'`.","category":"DeprecatedImportWarning","filename":"/opt/airflow/dags/dag.py","lineno":2,"logger":"py.warnings"}
{"timestamp":"2025-12-17T14:39:45.760718Z","level":"warning","event":"The `airflow.operators.empty.EmptyOperator` attribute is deprecated. Please use `'airflow.providers.standard.operators.empty.EmptyOperator'`.","category":"DeprecatedImportWarning","filename":"/opt/airflow/dags/dag.py","lineno":3,"logger":"py.warnings"}
{"timestamp":"2025-12-17T14:39:45.760739Z","level":"warning","event":"The `airflow.operators.python.get_current_context` attribute is deprecated. Please use `'airflow.sdk.get_current_context'`.","category":"DeprecatedImportWarning","filename":"/opt/airflow/dags/dag.py","lineno":5,"logger":"py.warnings"}
{"timestamp":"2025-12-17T14:39:57.924620Z","level":"info","event":"Filling up the DagBag from /opt/airflow/dags/dag.py","logger":"airflow.models.dagbag.DagBag","filename":"dagbag.py","lineno":593}
{"timestamp":"2025-12-17T14:39:58.004423Z","level":"warning","event":"The `airflow.decorators.dag` attribute is deprecated. Please use `'airflow.sdk.dag'`.","category":"DeprecatedImportWarning","filename":"/opt/airflow/dags/dag.py","lineno":1,"logger":"py.warnings"}
{"timestamp":"2025-12-17T14:39:58.005099Z","level":"warning","event":"The `airflow.decorators.task` attribute is deprecated. Please use `'airflow.sdk.task'`.","category":"DeprecatedImportWarning","filename":"/opt/airflow/dags/dag.py","lineno":2,"logger":"py.warnings"}
{"timestamp":"2025-12-17T14:39:58.005277Z","level":"warning","event":"The `airflow.operators.empty.EmptyOperator` attribute is deprecated. Please use `'airflow.providers.standard.operators.empty.EmptyOperator'`.","category":"DeprecatedImportWarning","filename":"/opt/airflow/dags/dag.py","lineno":3,"logger":"py.warnings"}
{"timestamp":"2025-12-17T14:39:58.005366Z","level":"warning","event":"The `airflow.operators.python.get_current_context` attribute is deprecated. Please use `'airflow.sdk.get_current_context'`.","category":"DeprecatedImportWarning","filename":"/opt/airflow/dags/dag.py","lineno":5,"logger":"py.warnings"}
{"timestamp":"2025-12-17T14:40:28.384929Z","level":"info","event":"Filling up the DagBag from /opt/airflow/dags/dag.py","logger":"airflow.models.dagbag.DagBag","filename":"dagbag.py","lineno":593}
{"timestamp":"2025-12-17T14:40:28.431117Z","level":"warning","event":"The `airflow.decorators.dag` attribute is deprecated. Please use `'airflow.sdk.dag'`.","category":"DeprecatedImportWarning","filename":"/opt/airflow/dags/dag.py","lineno":1,"logger":"py.warnings"}
{"timestamp":"2025-12-17T14:40:28.431192Z","level":"warning","event":"The `airflow.decorators.task` attribute is deprecated. Please use `'airflow.sdk.task'`.","category":"DeprecatedImportWarning","filename":"/opt/airflow/dags/dag.py","lineno":2,"logger":"py.warnings"}
{"timestamp":"2025-12-17T14:40:28.431218Z","level":"warning","event":"The `airflow.operators.empty.EmptyOperator` attribute is deprecated. Please use `'airflow.providers.standard.operators.empty.EmptyOperator'`.","category":"DeprecatedImportWarning","filename":"/opt/airflow/dags/dag.py","lineno":3,"logger":"py.warnings"}
{"timestamp":"2025-12-17T14:40:28.431242Z","level":"warning","event":"The `airflow.operators.python.get_current_context` attribute is deprecated. Please use `'airflow.sdk.get_current_context'`.","category":"DeprecatedImportWarning","filename":"/opt/airflow/dags/dag.py","lineno":5,"logger":"py.warnings"}
{"timestamp":"2025-12-17T14:40:58.786005Z","level":"info","event":"Filling up the DagBag from /opt/airflow/dags/dag.py","logger":"airflow.models.dagbag.DagBag","filename":"dagbag.py","lineno":593}
{"timestamp":"2025-12-17T14:40:58.815113Z","level":"warning","event":"The `airflow.decorators.dag` attribute is deprecated. Please use `'airflow.sdk.dag'`.","category":"DeprecatedImportWarning","filename":"/opt/airflow/dags/dag.py","lineno":1,"logger":"py.warnings"}
{"timestamp":"2025-12-17T14:40:58.815177Z","level":"warning","event":"The `airflow.decorators.task` attribute is deprecated. Please use `'airflow.sdk.task'`.","category":"DeprecatedImportWarning","filename":"/opt/airflow/dags/dag.py","lineno":2,"logger":"py.warnings"}
{"timestamp":"2025-12-17T14:40:58.815214Z","level":"warning","event":"The `airflow.operators.empty.EmptyOperator` attribute is deprecated. Please use `'airflow.providers.standard.operators.empty.EmptyOperator'`.","category":"DeprecatedImportWarning","filename":"/opt/airflow/dags/dag.py","lineno":3,"logger":"py.warnings"}
{"timestamp":"2025-12-17T14:40:58.815239Z","level":"warning","event":"The `airflow.operators.python.get_current_context` attribute is deprecated. Please use `'airflow.sdk.get_current_context'`.","category":"DeprecatedImportWarning","filename":"/opt/airflow/dags/dag.py","lineno":5,"logger":"py.warnings"}
{"timestamp":"2025-12-17T14:41:29.172363Z","level":"info","event":"Filling up the DagBag from /opt/airflow/dags/dag.py","logger":"airflow.models.dagbag.DagBag","filename":"dagbag.py","lineno":593}
{"timestamp":"2025-12-17T14:41:29.204713Z","level":"warning","event":"The `airflow.decorators.dag` attribute is deprecated. Please use `'airflow.sdk.dag'`.","category":"DeprecatedImportWarning","filename":"/opt/airflow/dags/dag.py","lineno":1,"logger":"py.warnings"}
{"timestamp":"2025-12-17T14:41:29.204878Z","level":"warning","event":"The `airflow.decorators.task` attribute is deprecated. Please use `'airflow.sdk.task'`.","category":"DeprecatedImportWarning","filename":"/opt/airflow/dags/dag.py","lineno":2,"logger":"py.warnings"}
{"timestamp":"2025-12-17T14:41:29.204923Z","level":"warning","event":"The `airflow.operators.empty.EmptyOperator` attribute is deprecated. Please use `'airflow.providers.standard.operators.empty.EmptyOperator'`.","category":"DeprecatedImportWarning","filename":"/opt/airflow/dags/dag.py","lineno":3,"logger":"py.warnings"}
{"timestamp":"2025-12-17T14:41:29.204957Z","level":"warning","event":"The `airflow.operators.python.get_current_context` attribute is deprecated. Please use `'airflow.sdk.get_current_context'`.","category":"DeprecatedImportWarning","filename":"/opt/airflow/dags/dag.py","lineno":5,"logger":"py.warnings"}
{"timestamp":"2025-12-17T14:41:59.564699Z","level":"info","event":"Filling up the DagBag from /opt/airflow/dags/dag.py","logger":"airflow.models.dagbag.DagBag","filename":"dagbag.py","lineno":593}
{"timestamp":"2025-12-17T14:41:59.600025Z","level":"warning","event":"The `airflow.decorators.dag` attribute is deprecated. Please use `'airflow.sdk.dag'`.","category":"DeprecatedImportWarning","filename":"/opt/airflow/dags/dag.py","lineno":1,"logger":"py.warnings"}
{"timestamp":"2025-12-17T14:41:59.600087Z","level":"warning","event":"The `airflow.decorators.task` attribute is deprecated. Please use `'airflow.sdk.task'`.","category":"DeprecatedImportWarning","filename":"/opt/airflow/dags/dag.py","lineno":2,"logger":"py.warnings"}
{"timestamp":"2025-12-17T14:41:59.600110Z","level":"warning","event":"The `airflow.operators.empty.EmptyOperator` attribute is deprecated. Please use `'airflow.providers.standard.operators.empty.EmptyOperator'`.","category":"DeprecatedImportWarning","filename":"/opt/airflow/dags/dag.py","lineno":3,"logger":"py.warnings"}
{"timestamp":"2025-12-17T14:41:59.600130Z","level":"warning","event":"The `airflow.operators.python.get_current_context` attribute is deprecated. Please use `'airflow.sdk.get_current_context'`.","category":"DeprecatedImportWarning","filename":"/opt/airflow/dags/dag.py","lineno":5,"logger":"py.warnings"}
{"timestamp":"2025-12-17T14:42:29.990964Z","level":"info","event":"Filling up the DagBag from /opt/airflow/dags/dag.py","logger":"airflow.models.dagbag.DagBag","filename":"dagbag.py","lineno":593}
{"timestamp":"2025-12-17T14:42:30.134675Z","level":"warning","event":"The `airflow.decorators.dag` attribute is deprecated. Please use `'airflow.sdk.dag'`.","category":"DeprecatedImportWarning","filename":"/opt/airflow/dags/dag.py","lineno":1,"logger":"py.warnings"}
{"timestamp":"2025-12-17T14:42:30.134889Z","level":"warning","event":"The `airflow.decorators.task` attribute is deprecated. Please use `'airflow.sdk.task'`.","category":"DeprecatedImportWarning","filename":"/opt/airflow/dags/dag.py","lineno":2,"logger":"py.warnings"}
{"timestamp":"2025-12-17T14:42:30.134965Z","level":"warning","event":"The `airflow.operators.empty.EmptyOperator` attribute is deprecated. Please use `'airflow.providers.standard.operators.empty.EmptyOperator'`.","category":"DeprecatedImportWarning","filename":"/opt/airflow/dags/dag.py","lineno":3,"logger":"py.warnings"}
{"timestamp":"2025-12-17T14:42:30.135023Z","level":"warning","event":"The `airflow.operators.python.get_current_context` attribute is deprecated. Please use `'airflow.sdk.get_current_context'`.","category":"DeprecatedImportWarning","filename":"/opt/airflow/dags/dag.py","lineno":5,"logger":"py.warnings"}
{"timestamp":"2025-12-17T14:43:29.002683Z","level":"info","event":"Filling up the DagBag from /opt/airflow/dags/dag.py","logger":"airflow.models.dagbag.DagBag","filename":"dagbag.py","lineno":593}
{"timestamp":"2025-12-17T14:43:29.076999Z","level":"warning","event":"The `airflow.decorators.dag` attribute is deprecated. Please use `'airflow.sdk.dag'`.","category":"DeprecatedImportWarning","filename":"/opt/airflow/dags/dag.py","lineno":1,"logger":"py.warnings"}
{"timestamp":"2025-12-17T14:43:29.077251Z","level":"warning","event":"The `airflow.decorators.task` attribute is deprecated. Please use `'airflow.sdk.task'`.","category":"DeprecatedImportWarning","filename":"/opt/airflow/dags/dag.py","lineno":2,"logger":"py.warnings"}
{"timestamp":"2025-12-17T14:43:29.077280Z","level":"warning","event":"The `airflow.operators.empty.EmptyOperator` attribute is deprecated. Please use `'airflow.providers.standard.operators.empty.EmptyOperator'`.","category":"DeprecatedImportWarning","filename":"/opt/airflow/dags/dag.py","lineno":3,"logger":"py.warnings"}
{"timestamp":"2025-12-17T14:43:29.077299Z","level":"warning","event":"The `airflow.operators.python.get_current_context` attribute is deprecated. Please use `'airflow.sdk.get_current_context'`.","category":"DeprecatedImportWarning","filename":"/opt/airflow/dags/dag.py","lineno":5,"logger":"py.warnings"}
{"timestamp":"2025-12-17T14:43:59.452953Z","level":"info","event":"Filling up the DagBag from /opt/airflow/dags/dag.py","logger":"airflow.models.dagbag.DagBag","filename":"dagbag.py","lineno":593}
{"timestamp":"2025-12-17T14:43:59.479479Z","level":"warning","event":"The `airflow.decorators.dag` attribute is deprecated. Please use `'airflow.sdk.dag'`.","category":"DeprecatedImportWarning","filename":"/opt/airflow/dags/dag.py","lineno":1,"logger":"py.warnings"}
{"timestamp":"2025-12-17T14:43:59.479537Z","level":"warning","event":"The `airflow.decorators.task` attribute is deprecated. Please use `'airflow.sdk.task'`.","category":"DeprecatedImportWarning","filename":"/opt/airflow/dags/dag.py","lineno":2,"logger":"py.warnings"}
{"timestamp":"2025-12-17T14:43:59.479563Z","level":"warning","event":"The `airflow.operators.empty.EmptyOperator` attribute is deprecated. Please use `'airflow.providers.standard.operators.empty.EmptyOperator'`.","category":"DeprecatedImportWarning","filename":"/opt/airflow/dags/dag.py","lineno":3,"logger":"py.warnings"}
{"timestamp":"2025-12-17T14:43:59.479586Z","level":"warning","event":"The `airflow.operators.python.get_current_context` attribute is deprecated. Please use `'airflow.sdk.get_current_context'`.","category":"DeprecatedImportWarning","filename":"/opt/airflow/dags/dag.py","lineno":5,"logger":"py.warnings"}
{"timestamp":"2025-12-17T14:44:29.857477Z","level":"info","event":"Filling up the DagBag from /opt/airflow/dags/dag.py","logger":"airflow.models.dagbag.DagBag","filename":"dagbag.py","lineno":593}
{"timestamp":"2025-12-17T14:44:29.900089Z","level":"warning","event":"The `airflow.decorators.dag` attribute is deprecated. Please use `'airflow.sdk.dag'`.","category":"DeprecatedImportWarning","filename":"/opt/airflow/dags/dag.py","lineno":1,"logger":"py.warnings"}
{"timestamp":"2025-12-17T14:44:29.900153Z","level":"warning","event":"The `airflow.decorators.task` attribute is deprecated. Please use `'airflow.sdk.task'`.","category":"DeprecatedImportWarning","filename":"/opt/airflow/dags/dag.py","lineno":2,"logger":"py.warnings"}
{"timestamp":"2025-12-17T14:44:29.900176Z","level":"warning","event":"The `airflow.operators.empty.EmptyOperator` attribute is deprecated. Please use `'airflow.providers.standard.operators.empty.EmptyOperator'`.","category":"DeprecatedImportWarning","filename":"/opt/airflow/dags/dag.py","lineno":3,"logger":"py.warnings"}
{"timestamp":"2025-12-17T14:44:29.900195Z","level":"warning","event":"The `airflow.operators.python.get_current_context` attribute is deprecated. Please use `'airflow.sdk.get_current_context'`.","category":"DeprecatedImportWarning","filename":"/opt/airflow/dags/dag.py","lineno":5,"logger":"py.warnings"}
{"timestamp":"2025-12-17T14:45:00.274157Z","level":"info","event":"Filling up the DagBag from /opt/airflow/dags/dag.py","logger":"airflow.models.dagbag.DagBag","filename":"dagbag.py","lineno":593}
{"timestamp":"2025-12-17T14:45:00.321644Z","level":"warning","event":"The `airflow.decorators.dag` attribute is deprecated. Please use `'airflow.sdk.dag'`.","category":"DeprecatedImportWarning","filename":"/opt/airflow/dags/dag.py","lineno":1,"logger":"py.warnings"}
{"timestamp":"2025-12-17T14:45:00.321718Z","level":"warning","event":"The `airflow.decorators.task` attribute is deprecated. Please use `'airflow.sdk.task'`.","category":"DeprecatedImportWarning","filename":"/opt/airflow/dags/dag.py","lineno":2,"logger":"py.warnings"}
{"timestamp":"2025-12-17T14:45:00.321744Z","level":"warning","event":"The `airflow.operators.empty.EmptyOperator` attribute is deprecated. Please use `'airflow.providers.standard.operators.empty.EmptyOperator'`.","category":"DeprecatedImportWarning","filename":"/opt/airflow/dags/dag.py","lineno":3,"logger":"py.warnings"}
{"timestamp":"2025-12-17T14:45:00.321768Z","level":"warning","event":"The `airflow.operators.python.get_current_context` attribute is deprecated. Please use `'airflow.sdk.get_current_context'`.","category":"DeprecatedImportWarning","filename":"/opt/airflow/dags/dag.py","lineno":5,"logger":"py.warnings"}
{"timestamp":"2025-12-17T14:45:30.717826Z","level":"info","event":"Filling up the DagBag from /opt/airflow/dags/dag.py","logger":"airflow.models.dagbag.DagBag","filename":"dagbag.py","lineno":593}
{"timestamp":"2025-12-17T14:45:30.751722Z","level":"warning","event":"The `airflow.decorators.dag` attribute is deprecated. Please use `'airflow.sdk.dag'`.","category":"DeprecatedImportWarning","filename":"/opt/airflow/dags/dag.py","lineno":1,"logger":"py.warnings"}
{"timestamp":"2025-12-17T14:45:30.751777Z","level":"warning","event":"The `airflow.decorators.task` attribute is deprecated. Please use `'airflow.sdk.task'`.","category":"DeprecatedImportWarning","filename":"/opt/airflow/dags/dag.py","lineno":2,"logger":"py.warnings"}
{"timestamp":"2025-12-17T14:45:30.751801Z","level":"warning","event":"The `airflow.operators.empty.EmptyOperator` attribute is deprecated. Please use `'airflow.providers.standard.operators.empty.EmptyOperator'`.","category":"DeprecatedImportWarning","filename":"/opt/airflow/dags/dag.py","lineno":3,"logger":"py.warnings"}
{"timestamp":"2025-12-17T14:45:30.751821Z","level":"warning","event":"The `airflow.operators.python.get_current_context` attribute is deprecated. Please use `'airflow.sdk.get_current_context'`.","category":"DeprecatedImportWarning","filename":"/opt/airflow/dags/dag.py","lineno":5,"logger":"py.warnings"}
{"timestamp":"2025-12-17T14:46:01.138257Z","level":"info","event":"Filling up the DagBag from /opt/airflow/dags/dag.py","logger":"airflow.models.dagbag.DagBag","filename":"dagbag.py","lineno":593}
{"timestamp":"2025-12-17T14:46:01.174869Z","level":"warning","event":"The `airflow.decorators.dag` attribute is deprecated. Please use `'airflow.sdk.dag'`.","category":"DeprecatedImportWarning","filename":"/opt/airflow/dags/dag.py","lineno":1,"logger":"py.warnings"}
{"timestamp":"2025-12-17T14:46:01.174927Z","level":"warning","event":"The `airflow.decorators.task` attribute is deprecated. Please use `'airflow.sdk.task'`.","category":"DeprecatedImportWarning","filename":"/opt/airflow/dags/dag.py","lineno":2,"logger":"py.warnings"}
{"timestamp":"2025-12-17T14:46:01.174951Z","level":"warning","event":"The `airflow.operators.empty.EmptyOperator` attribute is deprecated. Please use `'airflow.providers.standard.operators.empty.EmptyOperator'`.","category":"DeprecatedImportWarning","filename":"/opt/airflow/dags/dag.py","lineno":3,"logger":"py.warnings"}
{"timestamp":"2025-12-17T14:46:01.174971Z","level":"warning","event":"The `airflow.operators.python.get_current_context` attribute is deprecated. Please use `'airflow.sdk.get_current_context'`.","category":"DeprecatedImportWarning","filename":"/opt/airflow/dags/dag.py","lineno":5,"logger":"py.warnings"}
{"timestamp":"2025-12-17T14:46:31.523237Z","level":"info","event":"Filling up the DagBag from /opt/airflow/dags/dag.py","logger":"airflow.models.dagbag.DagBag","filename":"dagbag.py","lineno":593}
{"timestamp":"2025-12-17T14:46:31.562774Z","level":"warning","event":"The `airflow.decorators.dag` attribute is deprecated. Please use `'airflow.sdk.dag'`.","category":"DeprecatedImportWarning","filename":"/opt/airflow/dags/dag.py","lineno":1,"logger":"py.warnings"}
{"timestamp":"2025-12-17T14:46:31.562985Z","level":"warning","event":"The `airflow.decorators.task` attribute is deprecated. Please use `'airflow.sdk.task'`.","category":"DeprecatedImportWarning","filename":"/opt/airflow/dags/dag.py","lineno":2,"logger":"py.warnings"}
{"timestamp":"2025-12-17T14:46:31.563025Z","level":"warning","event":"The `airflow.operators.empty.EmptyOperator` attribute is deprecated. Please use `'airflow.providers.standard.operators.empty.EmptyOperator'`.","category":"DeprecatedImportWarning","filename":"/opt/airflow/dags/dag.py","lineno":3,"logger":"py.warnings"}
{"timestamp":"2025-12-17T14:46:31.563047Z","level":"warning","event":"The `airflow.operators.python.get_current_context` attribute is deprecated. Please use `'airflow.sdk.get_current_context'`.","category":"DeprecatedImportWarning","filename":"/opt/airflow/dags/dag.py","lineno":5,"logger":"py.warnings"}
{"timestamp":"2025-12-17T14:47:01.943478Z","level":"info","event":"Filling up the DagBag from /opt/airflow/dags/dag.py","logger":"airflow.models.dagbag.DagBag","filename":"dagbag.py","lineno":593}
{"timestamp":"2025-12-17T14:47:01.974667Z","level":"warning","event":"The `airflow.decorators.dag` attribute is deprecated. Please use `'airflow.sdk.dag'`.","category":"DeprecatedImportWarning","filename":"/opt/airflow/dags/dag.py","lineno":1,"logger":"py.warnings"}
{"timestamp":"2025-12-17T14:47:01.975169Z","level":"warning","event":"The `airflow.decorators.task` attribute is deprecated. Please use `'airflow.sdk.task'`.","category":"DeprecatedImportWarning","filename":"/opt/airflow/dags/dag.py","lineno":2,"logger":"py.warnings"}
{"timestamp":"2025-12-17T14:47:01.975217Z","level":"warning","event":"The `airflow.operators.empty.EmptyOperator` attribute is deprecated. Please use `'airflow.providers.standard.operators.empty.EmptyOperator'`.","category":"DeprecatedImportWarning","filename":"/opt/airflow/dags/dag.py","lineno":3,"logger":"py.warnings"}
{"timestamp":"2025-12-17T14:47:01.975378Z","level":"warning","event":"The `airflow.operators.python.get_current_context` attribute is deprecated. Please use `'airflow.sdk.get_current_context'`.","category":"DeprecatedImportWarning","filename":"/opt/airflow/dags/dag.py","lineno":5,"logger":"py.warnings"}
{"timestamp":"2025-12-17T14:47:32.339325Z","level":"info","event":"Filling up the DagBag from /opt/airflow/dags/dag.py","logger":"airflow.models.dagbag.DagBag","filename":"dagbag.py","lineno":593}
{"timestamp":"2025-12-17T14:47:32.359349Z","level":"warning","event":"The `airflow.decorators.dag` attribute is deprecated. Please use `'airflow.sdk.dag'`.","category":"DeprecatedImportWarning","filename":"/opt/airflow/dags/dag.py","lineno":1,"logger":"py.warnings"}
{"timestamp":"2025-12-17T14:47:32.359405Z","level":"warning","event":"The `airflow.decorators.task` attribute is deprecated. Please use `'airflow.sdk.task'`.","category":"DeprecatedImportWarning","filename":"/opt/airflow/dags/dag.py","lineno":2,"logger":"py.warnings"}
{"timestamp":"2025-12-17T14:47:32.359427Z","level":"warning","event":"The `airflow.operators.empty.EmptyOperator` attribute is deprecated. Please use `'airflow.providers.standard.operators.empty.EmptyOperator'`.","category":"DeprecatedImportWarning","filename":"/opt/airflow/dags/dag.py","lineno":3,"logger":"py.warnings"}
{"timestamp":"2025-12-17T14:47:32.359445Z","level":"warning","event":"The `airflow.operators.python.get_current_context` attribute is deprecated. Please use `'airflow.sdk.get_current_context'`.","category":"DeprecatedImportWarning","filename":"/opt/airflow/dags/dag.py","lineno":5,"logger":"py.warnings"}
{"timestamp":"2025-12-17T14:48:02.733859Z","level":"info","event":"Filling up the DagBag from /opt/airflow/dags/dag.py","logger":"airflow.models.dagbag.DagBag","filename":"dagbag.py","lineno":593}
{"timestamp":"2025-12-17T14:48:02.795427Z","level":"warning","event":"The `airflow.decorators.dag` attribute is deprecated. Please use `'airflow.sdk.dag'`.","category":"DeprecatedImportWarning","filename":"/opt/airflow/dags/dag.py","lineno":1,"logger":"py.warnings"}
{"timestamp":"2025-12-17T14:48:02.795731Z","level":"warning","event":"The `airflow.decorators.task` attribute is deprecated. Please use `'airflow.sdk.task'`.","category":"DeprecatedImportWarning","filename":"/opt/airflow/dags/dag.py","lineno":2,"logger":"py.warnings"}
{"timestamp":"2025-12-17T14:48:02.795792Z","level":"warning","event":"The `airflow.operators.empty.EmptyOperator` attribute is deprecated. Please use `'airflow.providers.standard.operators.empty.EmptyOperator'`.","category":"DeprecatedImportWarning","filename":"/opt/airflow/dags/dag.py","lineno":3,"logger":"py.warnings"}
{"timestamp":"2025-12-17T14:48:02.795833Z","level":"warning","event":"The `airflow.operators.python.get_current_context` attribute is deprecated. Please use `'airflow.sdk.get_current_context'`.","category":"DeprecatedImportWarning","filename":"/opt/airflow/dags/dag.py","lineno":5,"logger":"py.warnings"}
{"timestamp":"2025-12-17T14:48:33.161333Z","level":"info","event":"Filling up the DagBag from /opt/airflow/dags/dag.py","logger":"airflow.models.dagbag.DagBag","filename":"dagbag.py","lineno":593}
{"timestamp":"2025-12-17T14:48:33.200432Z","level":"warning","event":"The `airflow.decorators.dag` attribute is deprecated. Please use `'airflow.sdk.dag'`.","category":"DeprecatedImportWarning","filename":"/opt/airflow/dags/dag.py","lineno":1,"logger":"py.warnings"}
{"timestamp":"2025-12-17T14:48:33.200499Z","level":"warning","event":"The `airflow.decorators.task` attribute is deprecated. Please use `'airflow.sdk.task'`.","category":"DeprecatedImportWarning","filename":"/opt/airflow/dags/dag.py","lineno":2,"logger":"py.warnings"}
{"timestamp":"2025-12-17T14:48:33.200527Z","level":"warning","event":"The `airflow.operators.empty.EmptyOperator` attribute is deprecated. Please use `'airflow.providers.standard.operators.empty.EmptyOperator'`.","category":"DeprecatedImportWarning","filename":"/opt/airflow/dags/dag.py","lineno":3,"logger":"py.warnings"}
{"timestamp":"2025-12-17T14:48:33.200553Z","level":"warning","event":"The `airflow.operators.python.get_current_context` attribute is deprecated. Please use `'airflow.sdk.get_current_context'`.","category":"DeprecatedImportWarning","filename":"/opt/airflow/dags/dag.py","lineno":5,"logger":"py.warnings"}
{"timestamp":"2025-12-17T14:49:03.588773Z","level":"info","event":"Filling up the DagBag from /opt/airflow/dags/dag.py","logger":"airflow.models.dagbag.DagBag","filename":"dagbag.py","lineno":593}
{"timestamp":"2025-12-17T14:49:03.626081Z","level":"warning","event":"The `airflow.decorators.dag` attribute is deprecated. Please use `'airflow.sdk.dag'`.","category":"DeprecatedImportWarning","filename":"/opt/airflow/dags/dag.py","lineno":1,"logger":"py.warnings"}
{"timestamp":"2025-12-17T14:49:03.626143Z","level":"warning","event":"The `airflow.decorators.task` attribute is deprecated. Please use `'airflow.sdk.task'`.","category":"DeprecatedImportWarning","filename":"/opt/airflow/dags/dag.py","lineno":2,"logger":"py.warnings"}
{"timestamp":"2025-12-17T14:49:03.626181Z","level":"warning","event":"The `airflow.operators.empty.EmptyOperator` attribute is deprecated. Please use `'airflow.providers.standard.operators.empty.EmptyOperator'`.","category":"DeprecatedImportWarning","filename":"/opt/airflow/dags/dag.py","lineno":3,"logger":"py.warnings"}
{"timestamp":"2025-12-17T14:49:03.626204Z","level":"warning","event":"The `airflow.operators.python.get_current_context` attribute is deprecated. Please use `'airflow.sdk.get_current_context'`.","category":"DeprecatedImportWarning","filename":"/opt/airflow/dags/dag.py","lineno":5,"logger":"py.warnings"}
{"timestamp":"2025-12-17T14:49:34.041806Z","level":"info","event":"Filling up the DagBag from /opt/airflow/dags/dag.py","logger":"airflow.models.dagbag.DagBag","filename":"dagbag.py","lineno":593}
{"timestamp":"2025-12-17T14:49:34.082451Z","level":"warning","event":"The `airflow.decorators.dag` attribute is deprecated. Please use `'airflow.sdk.dag'`.","category":"DeprecatedImportWarning","filename":"/opt/airflow/dags/dag.py","lineno":1,"logger":"py.warnings"}
{"timestamp":"2025-12-17T14:49:34.082507Z","level":"warning","event":"The `airflow.decorators.task` attribute is deprecated. Please use `'airflow.sdk.task'`.","category":"DeprecatedImportWarning","filename":"/opt/airflow/dags/dag.py","lineno":2,"logger":"py.warnings"}
{"timestamp":"2025-12-17T14:49:34.082549Z","level":"warning","event":"The `airflow.operators.empty.EmptyOperator` attribute is deprecated. Please use `'airflow.providers.standard.operators.empty.EmptyOperator'`.","category":"DeprecatedImportWarning","filename":"/opt/airflow/dags/dag.py","lineno":3,"logger":"py.warnings"}
{"timestamp":"2025-12-17T14:49:34.082578Z","level":"warning","event":"The `airflow.operators.python.get_current_context` attribute is deprecated. Please use `'airflow.sdk.get_current_context'`.","category":"DeprecatedImportWarning","filename":"/opt/airflow/dags/dag.py","lineno":5,"logger":"py.warnings"}
{"timestamp":"2025-12-17T14:50:04.468012Z","level":"info","event":"Filling up the DagBag from /opt/airflow/dags/dag.py","logger":"airflow.models.dagbag.DagBag","filename":"dagbag.py","lineno":593}
{"timestamp":"2025-12-17T14:50:04.506830Z","level":"warning","event":"The `airflow.decorators.dag` attribute is deprecated. Please use `'airflow.sdk.dag'`.","category":"DeprecatedImportWarning","filename":"/opt/airflow/dags/dag.py","lineno":1,"logger":"py.warnings"}
{"timestamp":"2025-12-17T14:50:04.506900Z","level":"warning","event":"The `airflow.decorators.task` attribute is deprecated. Please use `'airflow.sdk.task'`.","category":"DeprecatedImportWarning","filename":"/opt/airflow/dags/dag.py","lineno":2,"logger":"py.warnings"}
{"timestamp":"2025-12-17T14:50:04.506927Z","level":"warning","event":"The `airflow.operators.empty.EmptyOperator` attribute is deprecated. Please use `'airflow.providers.standard.operators.empty.EmptyOperator'`.","category":"DeprecatedImportWarning","filename":"/opt/airflow/dags/dag.py","lineno":3,"logger":"py.warnings"}
{"timestamp":"2025-12-17T14:50:04.506948Z","level":"warning","event":"The `airflow.operators.python.get_current_context` attribute is deprecated. Please use `'airflow.sdk.get_current_context'`.","category":"DeprecatedImportWarning","filename":"/opt/airflow/dags/dag.py","lineno":5,"logger":"py.warnings"}
{"timestamp":"2025-12-17T14:50:34.879627Z","level":"info","event":"Filling up the DagBag from /opt/airflow/dags/dag.py","logger":"airflow.models.dagbag.DagBag","filename":"dagbag.py","lineno":593}
{"timestamp":"2025-12-17T14:50:34.908922Z","level":"warning","event":"The `airflow.decorators.dag` attribute is deprecated. Please use `'airflow.sdk.dag'`.","category":"DeprecatedImportWarning","filename":"/opt/airflow/dags/dag.py","lineno":1,"logger":"py.warnings"}
{"timestamp":"2025-12-17T14:50:34.909118Z","level":"warning","event":"The `airflow.decorators.task` attribute is deprecated. Please use `'airflow.sdk.task'`.","category":"DeprecatedImportWarning","filename":"/opt/airflow/dags/dag.py","lineno":2,"logger":"py.warnings"}
{"timestamp":"2025-12-17T14:50:34.909154Z","level":"warning","event":"The `airflow.operators.empty.EmptyOperator` attribute is deprecated. Please use `'airflow.providers.standard.operators.empty.EmptyOperator'`.","category":"DeprecatedImportWarning","filename":"/opt/airflow/dags/dag.py","lineno":3,"logger":"py.warnings"}
{"timestamp":"2025-12-17T14:50:34.909180Z","level":"warning","event":"The `airflow.operators.python.get_current_context` attribute is deprecated. Please use `'airflow.sdk.get_current_context'`.","category":"DeprecatedImportWarning","filename":"/opt/airflow/dags/dag.py","lineno":5,"logger":"py.warnings"}
{"timestamp":"2025-12-17T14:51:05.318636Z","level":"info","event":"Filling up the DagBag from /opt/airflow/dags/dag.py","logger":"airflow.models.dagbag.DagBag","filename":"dagbag.py","lineno":593}
{"timestamp":"2025-12-17T14:51:05.367403Z","level":"warning","event":"The `airflow.decorators.dag` attribute is deprecated. Please use `'airflow.sdk.dag'`.","category":"DeprecatedImportWarning","filename":"/opt/airflow/dags/dag.py","lineno":1,"logger":"py.warnings"}
{"timestamp":"2025-12-17T14:51:05.367625Z","level":"warning","event":"The `airflow.decorators.task` attribute is deprecated. Please use `'airflow.sdk.task'`.","category":"DeprecatedImportWarning","filename":"/opt/airflow/dags/dag.py","lineno":2,"logger":"py.warnings"}
{"timestamp":"2025-12-17T14:51:05.367672Z","level":"warning","event":"The `airflow.operators.empty.EmptyOperator` attribute is deprecated. Please use `'airflow.providers.standard.operators.empty.EmptyOperator'`.","category":"DeprecatedImportWarning","filename":"/opt/airflow/dags/dag.py","lineno":3,"logger":"py.warnings"}
{"timestamp":"2025-12-17T14:51:05.367693Z","level":"warning","event":"The `airflow.operators.python.get_current_context` attribute is deprecated. Please use `'airflow.sdk.get_current_context'`.","category":"DeprecatedImportWarning","filename":"/opt/airflow/dags/dag.py","lineno":5,"logger":"py.warnings"}
{"timestamp":"2025-12-17T14:51:35.743275Z","level":"info","event":"Filling up the DagBag from /opt/airflow/dags/dag.py","logger":"airflow.models.dagbag.DagBag","filename":"dagbag.py","lineno":593}
{"timestamp":"2025-12-17T14:51:35.776712Z","level":"warning","event":"The `airflow.decorators.dag` attribute is deprecated. Please use `'airflow.sdk.dag'`.","category":"DeprecatedImportWarning","filename":"/opt/airflow/dags/dag.py","lineno":1,"logger":"py.warnings"}
{"timestamp":"2025-12-17T14:51:35.776920Z","level":"warning","event":"The `airflow.decorators.task` attribute is deprecated. Please use `'airflow.sdk.task'`.","category":"DeprecatedImportWarning","filename":"/opt/airflow/dags/dag.py","lineno":2,"logger":"py.warnings"}
{"timestamp":"2025-12-17T14:51:35.776975Z","level":"warning","event":"The `airflow.operators.empty.EmptyOperator` attribute is deprecated. Please use `'airflow.providers.standard.operators.empty.EmptyOperator'`.","category":"DeprecatedImportWarning","filename":"/opt/airflow/dags/dag.py","lineno":3,"logger":"py.warnings"}
{"timestamp":"2025-12-17T14:51:35.777000Z","level":"warning","event":"The `airflow.operators.python.get_current_context` attribute is deprecated. Please use `'airflow.sdk.get_current_context'`.","category":"DeprecatedImportWarning","filename":"/opt/airflow/dags/dag.py","lineno":5,"logger":"py.warnings"}
{"timestamp":"2025-12-17T14:52:06.178422Z","level":"info","event":"Filling up the DagBag from /opt/airflow/dags/dag.py","logger":"airflow.models.dagbag.DagBag","filename":"dagbag.py","lineno":593}
{"timestamp":"2025-12-17T14:52:06.217398Z","level":"warning","event":"The `airflow.decorators.dag` attribute is deprecated. Please use `'airflow.sdk.dag'`.","category":"DeprecatedImportWarning","filename":"/opt/airflow/dags/dag.py","lineno":1,"logger":"py.warnings"}
{"timestamp":"2025-12-17T14:52:06.217480Z","level":"warning","event":"The `airflow.decorators.task` attribute is deprecated. Please use `'airflow.sdk.task'`.","category":"DeprecatedImportWarning","filename":"/opt/airflow/dags/dag.py","lineno":2,"logger":"py.warnings"}
{"timestamp":"2025-12-17T14:52:06.217506Z","level":"warning","event":"The `airflow.operators.empty.EmptyOperator` attribute is deprecated. Please use `'airflow.providers.standard.operators.empty.EmptyOperator'`.","category":"DeprecatedImportWarning","filename":"/opt/airflow/dags/dag.py","lineno":3,"logger":"py.warnings"}
{"timestamp":"2025-12-17T14:52:06.217527Z","level":"warning","event":"The `airflow.operators.python.get_current_context` attribute is deprecated. Please use `'airflow.sdk.get_current_context'`.","category":"DeprecatedImportWarning","filename":"/opt/airflow/dags/dag.py","lineno":5,"logger":"py.warnings"}
{"timestamp":"2025-12-17T14:52:36.605355Z","level":"info","event":"Filling up the DagBag from /opt/airflow/dags/dag.py","logger":"airflow.models.dagbag.DagBag","filename":"dagbag.py","lineno":593}
{"timestamp":"2025-12-17T14:52:36.636699Z","level":"warning","event":"The `airflow.decorators.dag` attribute is deprecated. Please use `'airflow.sdk.dag'`.","category":"DeprecatedImportWarning","filename":"/opt/airflow/dags/dag.py","lineno":1,"logger":"py.warnings"}
{"timestamp":"2025-12-17T14:52:36.636759Z","level":"warning","event":"The `airflow.decorators.task` attribute is deprecated. Please use `'airflow.sdk.task'`.","category":"DeprecatedImportWarning","filename":"/opt/airflow/dags/dag.py","lineno":2,"logger":"py.warnings"}
{"timestamp":"2025-12-17T14:52:36.636787Z","level":"warning","event":"The `airflow.operators.empty.EmptyOperator` attribute is deprecated. Please use `'airflow.providers.standard.operators.empty.EmptyOperator'`.","category":"DeprecatedImportWarning","filename":"/opt/airflow/dags/dag.py","lineno":3,"logger":"py.warnings"}
{"timestamp":"2025-12-17T14:52:36.636811Z","level":"warning","event":"The `airflow.operators.python.get_current_context` attribute is deprecated. Please use `'airflow.sdk.get_current_context'`.","category":"DeprecatedImportWarning","filename":"/opt/airflow/dags/dag.py","lineno":5,"logger":"py.warnings"}
{"timestamp":"2025-12-17T14:53:06.986547Z","level":"info","event":"Filling up the DagBag from /opt/airflow/dags/dag.py","logger":"airflow.models.dagbag.DagBag","filename":"dagbag.py","lineno":593}
{"timestamp":"2025-12-17T14:53:07.014721Z","level":"warning","event":"The `airflow.decorators.dag` attribute is deprecated. Please use `'airflow.sdk.dag'`.","category":"DeprecatedImportWarning","filename":"/opt/airflow/dags/dag.py","lineno":1,"logger":"py.warnings"}
{"timestamp":"2025-12-17T14:53:07.014790Z","level":"warning","event":"The `airflow.decorators.task` attribute is deprecated. Please use `'airflow.sdk.task'`.","category":"DeprecatedImportWarning","filename":"/opt/airflow/dags/dag.py","lineno":2,"logger":"py.warnings"}
{"timestamp":"2025-12-17T14:53:07.014818Z","level":"warning","event":"The `airflow.operators.empty.EmptyOperator` attribute is deprecated. Please use `'airflow.providers.standard.operators.empty.EmptyOperator'`.","category":"DeprecatedImportWarning","filename":"/opt/airflow/dags/dag.py","lineno":3,"logger":"py.warnings"}
{"timestamp":"2025-12-17T14:53:07.014843Z","level":"warning","event":"The `airflow.operators.python.get_current_context` attribute is deprecated. Please use `'airflow.sdk.get_current_context'`.","category":"DeprecatedImportWarning","filename":"/opt/airflow/dags/dag.py","lineno":5,"logger":"py.warnings"}
{"timestamp":"2025-12-17T14:53:37.345422Z","level":"info","event":"Filling up the DagBag from /opt/airflow/dags/dag.py","logger":"airflow.models.dagbag.DagBag","filename":"dagbag.py","lineno":593}
{"timestamp":"2025-12-17T14:53:37.397438Z","level":"warning","event":"The `airflow.decorators.dag` attribute is deprecated. Please use `'airflow.sdk.dag'`.","category":"DeprecatedImportWarning","filename":"/opt/airflow/dags/dag.py","lineno":1,"logger":"py.warnings"}
{"timestamp":"2025-12-17T14:53:37.397513Z","level":"warning","event":"The `airflow.decorators.task` attribute is deprecated. Please use `'airflow.sdk.task'`.","category":"DeprecatedImportWarning","filename":"/opt/airflow/dags/dag.py","lineno":2,"logger":"py.warnings"}
{"timestamp":"2025-12-17T14:53:37.397539Z","level":"warning","event":"The `airflow.operators.empty.EmptyOperator` attribute is deprecated. Please use `'airflow.providers.standard.operators.empty.EmptyOperator'`.","category":"DeprecatedImportWarning","filename":"/opt/airflow/dags/dag.py","lineno":3,"logger":"py.warnings"}
{"timestamp":"2025-12-17T14:53:37.397559Z","level":"warning","event":"The `airflow.operators.python.get_current_context` attribute is deprecated. Please use `'airflow.sdk.get_current_context'`.","category":"DeprecatedImportWarning","filename":"/opt/airflow/dags/dag.py","lineno":5,"logger":"py.warnings"}
{"timestamp":"2025-12-17T14:54:07.798758Z","level":"info","event":"Filling up the DagBag from /opt/airflow/dags/dag.py","logger":"airflow.models.dagbag.DagBag","filename":"dagbag.py","lineno":593}
{"timestamp":"2025-12-17T14:54:07.843887Z","level":"warning","event":"The `airflow.decorators.dag` attribute is deprecated. Please use `'airflow.sdk.dag'`.","category":"DeprecatedImportWarning","filename":"/opt/airflow/dags/dag.py","lineno":1,"logger":"py.warnings"}
{"timestamp":"2025-12-17T14:54:07.844015Z","level":"warning","event":"The `airflow.decorators.task` attribute is deprecated. Please use `'airflow.sdk.task'`.","category":"DeprecatedImportWarning","filename":"/opt/airflow/dags/dag.py","lineno":2,"logger":"py.warnings"}
{"timestamp":"2025-12-17T14:54:07.844146Z","level":"warning","event":"The `airflow.operators.empty.EmptyOperator` attribute is deprecated. Please use `'airflow.providers.standard.operators.empty.EmptyOperator'`.","category":"DeprecatedImportWarning","filename":"/opt/airflow/dags/dag.py","lineno":3,"logger":"py.warnings"}
{"timestamp":"2025-12-17T14:54:07.844192Z","level":"warning","event":"The `airflow.operators.python.get_current_context` attribute is deprecated. Please use `'airflow.sdk.get_current_context'`.","category":"DeprecatedImportWarning","filename":"/opt/airflow/dags/dag.py","lineno":5,"logger":"py.warnings"}
{"timestamp":"2025-12-17T14:54:38.244374Z","level":"info","event":"Filling up the DagBag from /opt/airflow/dags/dag.py","logger":"airflow.models.dagbag.DagBag","filename":"dagbag.py","lineno":593}
{"timestamp":"2025-12-17T14:54:38.284932Z","level":"warning","event":"The `airflow.decorators.dag` attribute is deprecated. Please use `'airflow.sdk.dag'`.","category":"DeprecatedImportWarning","filename":"/opt/airflow/dags/dag.py","lineno":1,"logger":"py.warnings"}
{"timestamp":"2025-12-17T14:54:38.285008Z","level":"warning","event":"The `airflow.decorators.task` attribute is deprecated. Please use `'airflow.sdk.task'`.","category":"DeprecatedImportWarning","filename":"/opt/airflow/dags/dag.py","lineno":2,"logger":"py.warnings"}
{"timestamp":"2025-12-17T14:54:38.285035Z","level":"warning","event":"The `airflow.operators.empty.EmptyOperator` attribute is deprecated. Please use `'airflow.providers.standard.operators.empty.EmptyOperator'`.","category":"DeprecatedImportWarning","filename":"/opt/airflow/dags/dag.py","lineno":3,"logger":"py.warnings"}
{"timestamp":"2025-12-17T14:54:38.285056Z","level":"warning","event":"The `airflow.operators.python.get_current_context` attribute is deprecated. Please use `'airflow.sdk.get_current_context'`.","category":"DeprecatedImportWarning","filename":"/opt/airflow/dags/dag.py","lineno":5,"logger":"py.warnings"}
{"timestamp":"2025-12-17T14:55:08.676162Z","level":"info","event":"Filling up the DagBag from /opt/airflow/dags/dag.py","logger":"airflow.models.dagbag.DagBag","filename":"dagbag.py","lineno":593}
{"timestamp":"2025-12-17T14:55:08.710311Z","level":"warning","event":"The `airflow.decorators.dag` attribute is deprecated. Please use `'airflow.sdk.dag'`.","category":"DeprecatedImportWarning","filename":"/opt/airflow/dags/dag.py","lineno":1,"logger":"py.warnings"}
{"timestamp":"2025-12-17T14:55:08.710511Z","level":"warning","event":"The `airflow.decorators.task` attribute is deprecated. Please use `'airflow.sdk.task'`.","category":"DeprecatedImportWarning","filename":"/opt/airflow/dags/dag.py","lineno":2,"logger":"py.warnings"}
{"timestamp":"2025-12-17T14:55:08.710542Z","level":"warning","event":"The `airflow.operators.empty.EmptyOperator` attribute is deprecated. Please use `'airflow.providers.standard.operators.empty.EmptyOperator'`.","category":"DeprecatedImportWarning","filename":"/opt/airflow/dags/dag.py","lineno":3,"logger":"py.warnings"}
{"timestamp":"2025-12-17T14:55:08.710566Z","level":"warning","event":"The `airflow.operators.python.get_current_context` attribute is deprecated. Please use `'airflow.sdk.get_current_context'`.","category":"DeprecatedImportWarning","filename":"/opt/airflow/dags/dag.py","lineno":5,"logger":"py.warnings"}
{"timestamp":"2025-12-17T14:55:39.057151Z","level":"info","event":"Filling up the DagBag from /opt/airflow/dags/dag.py","logger":"airflow.models.dagbag.DagBag","filename":"dagbag.py","lineno":593}
{"timestamp":"2025-12-17T14:55:39.104005Z","level":"warning","event":"The `airflow.decorators.dag` attribute is deprecated. Please use `'airflow.sdk.dag'`.","category":"DeprecatedImportWarning","filename":"/opt/airflow/dags/dag.py","lineno":1,"logger":"py.warnings"}
{"timestamp":"2025-12-17T14:55:39.104063Z","level":"warning","event":"The `airflow.decorators.task` attribute is deprecated. Please use `'airflow.sdk.task'`.","category":"DeprecatedImportWarning","filename":"/opt/airflow/dags/dag.py","lineno":2,"logger":"py.warnings"}
{"timestamp":"2025-12-17T14:55:39.104086Z","level":"warning","event":"The `airflow.operators.empty.EmptyOperator` attribute is deprecated. Please use `'airflow.providers.standard.operators.empty.EmptyOperator'`.","category":"DeprecatedImportWarning","filename":"/opt/airflow/dags/dag.py","lineno":3,"logger":"py.warnings"}
{"timestamp":"2025-12-17T14:55:39.104107Z","level":"warning","event":"The `airflow.operators.python.get_current_context` attribute is deprecated. Please use `'airflow.sdk.get_current_context'`.","category":"DeprecatedImportWarning","filename":"/opt/airflow/dags/dag.py","lineno":5,"logger":"py.warnings"}
{"timestamp":"2025-12-17T14:56:09.404942Z","level":"info","event":"Filling up the DagBag from /opt/airflow/dags/dag.py","logger":"airflow.models.dagbag.DagBag","filename":"dagbag.py","lineno":593}
{"timestamp":"2025-12-17T14:56:09.432685Z","level":"warning","event":"The `airflow.decorators.dag` attribute is deprecated. Please use `'airflow.sdk.dag'`.","category":"DeprecatedImportWarning","filename":"/opt/airflow/dags/dag.py","lineno":1,"logger":"py.warnings"}
{"timestamp":"2025-12-17T14:56:09.432743Z","level":"warning","event":"The `airflow.decorators.task` attribute is deprecated. Please use `'airflow.sdk.task'`.","category":"DeprecatedImportWarning","filename":"/opt/airflow/dags/dag.py","lineno":2,"logger":"py.warnings"}
{"timestamp":"2025-12-17T14:56:09.432769Z","level":"warning","event":"The `airflow.operators.empty.EmptyOperator` attribute is deprecated. Please use `'airflow.providers.standard.operators.empty.EmptyOperator'`.","category":"DeprecatedImportWarning","filename":"/opt/airflow/dags/dag.py","lineno":3,"logger":"py.warnings"}
{"timestamp":"2025-12-17T14:56:09.432791Z","level":"warning","event":"The `airflow.operators.python.get_current_context` attribute is deprecated. Please use `'airflow.sdk.get_current_context'`.","category":"DeprecatedImportWarning","filename":"/opt/airflow/dags/dag.py","lineno":5,"logger":"py.warnings"}
{"timestamp":"2025-12-17T14:56:39.952332Z","level":"info","event":"Filling up the DagBag from /opt/airflow/dags/dag.py","logger":"airflow.models.dagbag.DagBag","filename":"dagbag.py","lineno":593}
{"timestamp":"2025-12-17T14:56:40.012226Z","level":"warning","event":"The `airflow.decorators.dag` attribute is deprecated. Please use `'airflow.sdk.dag'`.","category":"DeprecatedImportWarning","filename":"/opt/airflow/dags/dag.py","lineno":1,"logger":"py.warnings"}
{"timestamp":"2025-12-17T14:56:40.012301Z","level":"warning","event":"The `airflow.decorators.task` attribute is deprecated. Please use `'airflow.sdk.task'`.","category":"DeprecatedImportWarning","filename":"/opt/airflow/dags/dag.py","lineno":2,"logger":"py.warnings"}
{"timestamp":"2025-12-17T14:56:40.012332Z","level":"warning","event":"The `airflow.operators.empty.EmptyOperator` attribute is deprecated. Please use `'airflow.providers.standard.operators.empty.EmptyOperator'`.","category":"DeprecatedImportWarning","filename":"/opt/airflow/dags/dag.py","lineno":3,"logger":"py.warnings"}
{"timestamp":"2025-12-17T14:56:40.012353Z","level":"warning","event":"The `airflow.operators.python.get_current_context` attribute is deprecated. Please use `'airflow.sdk.get_current_context'`.","category":"DeprecatedImportWarning","filename":"/opt/airflow/dags/dag.py","lineno":5,"logger":"py.warnings"}
{"timestamp":"2025-12-17T15:12:07.039917Z","level":"info","event":"Filling up the DagBag from /opt/airflow/dags/dag.py","logger":"airflow.models.dagbag.DagBag","filename":"dagbag.py","lineno":593}
{"timestamp":"2025-12-17T15:12:07.088018Z","level":"warning","event":"The `airflow.decorators.dag` attribute is deprecated. Please use `'airflow.sdk.dag'`.","category":"DeprecatedImportWarning","filename":"/opt/airflow/dags/dag.py","lineno":1,"logger":"py.warnings"}
{"timestamp":"2025-12-17T15:12:07.088089Z","level":"warning","event":"The `airflow.decorators.task` attribute is deprecated. Please use `'airflow.sdk.task'`.","category":"DeprecatedImportWarning","filename":"/opt/airflow/dags/dag.py","lineno":2,"logger":"py.warnings"}
{"timestamp":"2025-12-17T15:12:07.088122Z","level":"warning","event":"The `airflow.operators.empty.EmptyOperator` attribute is deprecated. Please use `'airflow.providers.standard.operators.empty.EmptyOperator'`.","category":"DeprecatedImportWarning","filename":"/opt/airflow/dags/dag.py","lineno":3,"logger":"py.warnings"}
{"timestamp":"2025-12-17T15:12:07.088153Z","level":"warning","event":"The `airflow.operators.python.get_current_context` attribute is deprecated. Please use `'airflow.sdk.get_current_context'`.","category":"DeprecatedImportWarning","filename":"/opt/airflow/dags/dag.py","lineno":5,"logger":"py.warnings"}
{"timestamp":"2025-12-17T15:12:37.514001Z","level":"info","event":"Filling up the DagBag from /opt/airflow/dags/dag.py","logger":"airflow.models.dagbag.DagBag","filename":"dagbag.py","lineno":593}
{"timestamp":"2025-12-17T15:12:37.553540Z","level":"warning","event":"The `airflow.decorators.dag` attribute is deprecated. Please use `'airflow.sdk.dag'`.","category":"DeprecatedImportWarning","filename":"/opt/airflow/dags/dag.py","lineno":1,"logger":"py.warnings"}
{"timestamp":"2025-12-17T15:12:37.553602Z","level":"warning","event":"The `airflow.decorators.task` attribute is deprecated. Please use `'airflow.sdk.task'`.","category":"DeprecatedImportWarning","filename":"/opt/airflow/dags/dag.py","lineno":2,"logger":"py.warnings"}
{"timestamp":"2025-12-17T15:12:37.553626Z","level":"warning","event":"The `airflow.operators.empty.EmptyOperator` attribute is deprecated. Please use `'airflow.providers.standard.operators.empty.EmptyOperator'`.","category":"DeprecatedImportWarning","filename":"/opt/airflow/dags/dag.py","lineno":3,"logger":"py.warnings"}
{"timestamp":"2025-12-17T15:12:37.553662Z","level":"warning","event":"The `airflow.operators.python.get_current_context` attribute is deprecated. Please use `'airflow.sdk.get_current_context'`.","category":"DeprecatedImportWarning","filename":"/opt/airflow/dags/dag.py","lineno":5,"logger":"py.warnings"}
{"timestamp":"2025-12-17T15:13:07.924828Z","level":"info","event":"Filling up the DagBag from /opt/airflow/dags/dag.py","logger":"airflow.models.dagbag.DagBag","filename":"dagbag.py","lineno":593}
{"timestamp":"2025-12-17T15:13:07.952484Z","level":"warning","event":"The `airflow.decorators.dag` attribute is deprecated. Please use `'airflow.sdk.dag'`.","category":"DeprecatedImportWarning","filename":"/opt/airflow/dags/dag.py","lineno":1,"logger":"py.warnings"}
{"timestamp":"2025-12-17T15:13:07.952541Z","level":"warning","event":"The `airflow.decorators.task` attribute is deprecated. Please use `'airflow.sdk.task'`.","category":"DeprecatedImportWarning","filename":"/opt/airflow/dags/dag.py","lineno":2,"logger":"py.warnings"}
{"timestamp":"2025-12-17T15:13:07.952567Z","level":"warning","event":"The `airflow.operators.empty.EmptyOperator` attribute is deprecated. Please use `'airflow.providers.standard.operators.empty.EmptyOperator'`.","category":"DeprecatedImportWarning","filename":"/opt/airflow/dags/dag.py","lineno":3,"logger":"py.warnings"}
{"timestamp":"2025-12-17T15:13:07.952588Z","level":"warning","event":"The `airflow.operators.python.get_current_context` attribute is deprecated. Please use `'airflow.sdk.get_current_context'`.","category":"DeprecatedImportWarning","filename":"/opt/airflow/dags/dag.py","lineno":5,"logger":"py.warnings"}
{"timestamp":"2025-12-17T15:13:38.347867Z","level":"info","event":"Filling up the DagBag from /opt/airflow/dags/dag.py","logger":"airflow.models.dagbag.DagBag","filename":"dagbag.py","lineno":593}
{"timestamp":"2025-12-17T15:13:38.386703Z","level":"warning","event":"The `airflow.decorators.dag` attribute is deprecated. Please use `'airflow.sdk.dag'`.","category":"DeprecatedImportWarning","filename":"/opt/airflow/dags/dag.py","lineno":1,"logger":"py.warnings"}
{"timestamp":"2025-12-17T15:13:38.386900Z","level":"warning","event":"The `airflow.decorators.task` attribute is deprecated. Please use `'airflow.sdk.task'`.","category":"DeprecatedImportWarning","filename":"/opt/airflow/dags/dag.py","lineno":2,"logger":"py.warnings"}
{"timestamp":"2025-12-17T15:13:38.386945Z","level":"warning","event":"The `airflow.operators.empty.EmptyOperator` attribute is deprecated. Please use `'airflow.providers.standard.operators.empty.EmptyOperator'`.","category":"DeprecatedImportWarning","filename":"/opt/airflow/dags/dag.py","lineno":3,"logger":"py.warnings"}
{"timestamp":"2025-12-17T15:13:38.386965Z","level":"warning","event":"The `airflow.operators.python.get_current_context` attribute is deprecated. Please use `'airflow.sdk.get_current_context'`.","category":"DeprecatedImportWarning","filename":"/opt/airflow/dags/dag.py","lineno":5,"logger":"py.warnings"}
{"timestamp":"2025-12-17T15:13:57.652139Z","level":"info","event":"Filling up the DagBag from /opt/airflow/dags/dag.py","logger":"airflow.models.dagbag.DagBag","filename":"dagbag.py","lineno":593}
{"timestamp":"2025-12-17T15:13:57.714069Z","level":"warning","event":"The `airflow.decorators.dag` attribute is deprecated. Please use `'airflow.sdk.dag'`.","category":"DeprecatedImportWarning","filename":"/opt/airflow/dags/dag.py","lineno":1,"logger":"py.warnings"}
{"timestamp":"2025-12-17T15:13:57.714128Z","level":"warning","event":"The `airflow.decorators.task` attribute is deprecated. Please use `'airflow.sdk.task'`.","category":"DeprecatedImportWarning","filename":"/opt/airflow/dags/dag.py","lineno":2,"logger":"py.warnings"}
{"timestamp":"2025-12-17T15:13:57.714153Z","level":"warning","event":"The `airflow.operators.empty.EmptyOperator` attribute is deprecated. Please use `'airflow.providers.standard.operators.empty.EmptyOperator'`.","category":"DeprecatedImportWarning","filename":"/opt/airflow/dags/dag.py","lineno":3,"logger":"py.warnings"}
{"timestamp":"2025-12-17T15:13:57.714187Z","level":"warning","event":"The `airflow.operators.python.get_current_context` attribute is deprecated. Please use `'airflow.sdk.get_current_context'`.","category":"DeprecatedImportWarning","filename":"/opt/airflow/dags/dag.py","lineno":5,"logger":"py.warnings"}
{"timestamp":"2025-12-17T15:14:28.099442Z","level":"info","event":"Filling up the DagBag from /opt/airflow/dags/dag.py","logger":"airflow.models.dagbag.DagBag","filename":"dagbag.py","lineno":593}
{"timestamp":"2025-12-17T15:14:28.151887Z","level":"warning","event":"The `airflow.decorators.dag` attribute is deprecated. Please use `'airflow.sdk.dag'`.","category":"DeprecatedImportWarning","filename":"/opt/airflow/dags/dag.py","lineno":1,"logger":"py.warnings"}
{"timestamp":"2025-12-17T15:14:28.152118Z","level":"warning","event":"The `airflow.decorators.task` attribute is deprecated. Please use `'airflow.sdk.task'`.","category":"DeprecatedImportWarning","filename":"/opt/airflow/dags/dag.py","lineno":2,"logger":"py.warnings"}
{"timestamp":"2025-12-17T15:14:28.152531Z","level":"warning","event":"The `airflow.operators.empty.EmptyOperator` attribute is deprecated. Please use `'airflow.providers.standard.operators.empty.EmptyOperator'`.","category":"DeprecatedImportWarning","filename":"/opt/airflow/dags/dag.py","lineno":3,"logger":"py.warnings"}
{"timestamp":"2025-12-17T15:14:28.152557Z","level":"warning","event":"The `airflow.operators.python.get_current_context` attribute is deprecated. Please use `'airflow.sdk.get_current_context'`.","category":"DeprecatedImportWarning","filename":"/opt/airflow/dags/dag.py","lineno":5,"logger":"py.warnings"}
{"timestamp":"2025-12-17T15:14:58.548716Z","level":"info","event":"Filling up the DagBag from /opt/airflow/dags/dag.py","logger":"airflow.models.dagbag.DagBag","filename":"dagbag.py","lineno":593}
{"timestamp":"2025-12-17T15:14:58.587941Z","level":"warning","event":"The `airflow.decorators.dag` attribute is deprecated. Please use `'airflow.sdk.dag'`.","category":"DeprecatedImportWarning","filename":"/opt/airflow/dags/dag.py","lineno":1,"logger":"py.warnings"}
{"timestamp":"2025-12-17T15:14:58.588466Z","level":"warning","event":"The `airflow.decorators.task` attribute is deprecated. Please use `'airflow.sdk.task'`.","category":"DeprecatedImportWarning","filename":"/opt/airflow/dags/dag.py","lineno":2,"logger":"py.warnings"}
{"timestamp":"2025-12-17T15:14:58.588512Z","level":"warning","event":"The `airflow.operators.empty.EmptyOperator` attribute is deprecated. Please use `'airflow.providers.standard.operators.empty.EmptyOperator'`.","category":"DeprecatedImportWarning","filename":"/opt/airflow/dags/dag.py","lineno":3,"logger":"py.warnings"}
{"timestamp":"2025-12-17T15:14:58.588536Z","level":"warning","event":"The `airflow.operators.python.get_current_context` attribute is deprecated. Please use `'airflow.sdk.get_current_context'`.","category":"DeprecatedImportWarning","filename":"/opt/airflow/dags/dag.py","lineno":5,"logger":"py.warnings"}
{"timestamp":"2025-12-17T15:15:29.006048Z","level":"info","event":"Filling up the DagBag from /opt/airflow/dags/dag.py","logger":"airflow.models.dagbag.DagBag","filename":"dagbag.py","lineno":593}
{"timestamp":"2025-12-17T15:15:29.048818Z","level":"warning","event":"The `airflow.decorators.dag` attribute is deprecated. Please use `'airflow.sdk.dag'`.","category":"DeprecatedImportWarning","filename":"/opt/airflow/dags/dag.py","lineno":1,"logger":"py.warnings"}
{"timestamp":"2025-12-17T15:15:29.049042Z","level":"warning","event":"The `airflow.decorators.task` attribute is deprecated. Please use `'airflow.sdk.task'`.","category":"DeprecatedImportWarning","filename":"/opt/airflow/dags/dag.py","lineno":2,"logger":"py.warnings"}
{"timestamp":"2025-12-17T15:15:29.049073Z","level":"warning","event":"The `airflow.operators.empty.EmptyOperator` attribute is deprecated. Please use `'airflow.providers.standard.operators.empty.EmptyOperator'`.","category":"DeprecatedImportWarning","filename":"/opt/airflow/dags/dag.py","lineno":3,"logger":"py.warnings"}
{"timestamp":"2025-12-17T15:15:29.049098Z","level":"warning","event":"The `airflow.operators.python.get_current_context` attribute is deprecated. Please use `'airflow.sdk.get_current_context'`.","category":"DeprecatedImportWarning","filename":"/opt/airflow/dags/dag.py","lineno":5,"logger":"py.warnings"}
{"timestamp":"2025-12-17T15:15:59.450521Z","level":"info","event":"Filling up the DagBag from /opt/airflow/dags/dag.py","logger":"airflow.models.dagbag.DagBag","filename":"dagbag.py","lineno":593}
{"timestamp":"2025-12-17T15:15:59.496023Z","level":"warning","event":"The `airflow.decorators.dag` attribute is deprecated. Please use `'airflow.sdk.dag'`.","category":"DeprecatedImportWarning","filename":"/opt/airflow/dags/dag.py","lineno":1,"logger":"py.warnings"}
{"timestamp":"2025-12-17T15:15:59.496114Z","level":"warning","event":"The `airflow.decorators.task` attribute is deprecated. Please use `'airflow.sdk.task'`.","category":"DeprecatedImportWarning","filename":"/opt/airflow/dags/dag.py","lineno":2,"logger":"py.warnings"}
{"timestamp":"2025-12-17T15:15:59.496147Z","level":"warning","event":"The `airflow.operators.empty.EmptyOperator` attribute is deprecated. Please use `'airflow.providers.standard.operators.empty.EmptyOperator'`.","category":"DeprecatedImportWarning","filename":"/opt/airflow/dags/dag.py","lineno":3,"logger":"py.warnings"}
{"timestamp":"2025-12-17T15:15:59.496177Z","level":"warning","event":"The `airflow.operators.python.get_current_context` attribute is deprecated. Please use `'airflow.sdk.get_current_context'`.","category":"DeprecatedImportWarning","filename":"/opt/airflow/dags/dag.py","lineno":5,"logger":"py.warnings"}
{"timestamp":"2025-12-17T15:16:24.767598Z","level":"info","event":"Filling up the DagBag from /opt/airflow/dags/dag.py","logger":"airflow.models.dagbag.DagBag","filename":"dagbag.py","lineno":593}
{"timestamp":"2025-12-17T15:16:24.821077Z","level":"warning","event":"The `airflow.decorators.dag` attribute is deprecated. Please use `'airflow.sdk.dag'`.","category":"DeprecatedImportWarning","filename":"/opt/airflow/dags/dag.py","lineno":1,"logger":"py.warnings"}
{"timestamp":"2025-12-17T15:16:24.821153Z","level":"warning","event":"The `airflow.decorators.task` attribute is deprecated. Please use `'airflow.sdk.task'`.","category":"DeprecatedImportWarning","filename":"/opt/airflow/dags/dag.py","lineno":2,"logger":"py.warnings"}
{"timestamp":"2025-12-17T15:16:24.821179Z","level":"warning","event":"The `airflow.operators.empty.EmptyOperator` attribute is deprecated. Please use `'airflow.providers.standard.operators.empty.EmptyOperator'`.","category":"DeprecatedImportWarning","filename":"/opt/airflow/dags/dag.py","lineno":3,"logger":"py.warnings"}
{"timestamp":"2025-12-17T15:16:24.821200Z","level":"warning","event":"The `airflow.operators.python.get_current_context` attribute is deprecated. Please use `'airflow.sdk.get_current_context'`.","category":"DeprecatedImportWarning","filename":"/opt/airflow/dags/dag.py","lineno":5,"logger":"py.warnings"}
{"timestamp":"2025-12-17T15:16:55.214608Z","level":"info","event":"Filling up the DagBag from /opt/airflow/dags/dag.py","logger":"airflow.models.dagbag.DagBag","filename":"dagbag.py","lineno":593}
{"timestamp":"2025-12-17T15:16:55.270044Z","level":"warning","event":"The `airflow.decorators.dag` attribute is deprecated. Please use `'airflow.sdk.dag'`.","category":"DeprecatedImportWarning","filename":"/opt/airflow/dags/dag.py","lineno":1,"logger":"py.warnings"}
{"timestamp":"2025-12-17T15:16:55.270106Z","level":"warning","event":"The `airflow.decorators.task` attribute is deprecated. Please use `'airflow.sdk.task'`.","category":"DeprecatedImportWarning","filename":"/opt/airflow/dags/dag.py","lineno":2,"logger":"py.warnings"}
{"timestamp":"2025-12-17T15:16:55.270131Z","level":"warning","event":"The `airflow.operators.empty.EmptyOperator` attribute is deprecated. Please use `'airflow.providers.standard.operators.empty.EmptyOperator'`.","category":"DeprecatedImportWarning","filename":"/opt/airflow/dags/dag.py","lineno":3,"logger":"py.warnings"}
{"timestamp":"2025-12-17T15:16:55.270160Z","level":"warning","event":"The `airflow.operators.python.get_current_context` attribute is deprecated. Please use `'airflow.sdk.get_current_context'`.","category":"DeprecatedImportWarning","filename":"/opt/airflow/dags/dag.py","lineno":5,"logger":"py.warnings"}
{"timestamp":"2025-12-17T15:17:14.581652Z","level":"info","event":"Filling up the DagBag from /opt/airflow/dags/dag.py","logger":"airflow.models.dagbag.DagBag","filename":"dagbag.py","lineno":593}
{"timestamp":"2025-12-17T15:17:14.635332Z","level":"warning","event":"The `airflow.decorators.dag` attribute is deprecated. Please use `'airflow.sdk.dag'`.","category":"DeprecatedImportWarning","filename":"/opt/airflow/dags/dag.py","lineno":1,"logger":"py.warnings"}
{"timestamp":"2025-12-17T15:17:14.635397Z","level":"warning","event":"The `airflow.decorators.task` attribute is deprecated. Please use `'airflow.sdk.task'`.","category":"DeprecatedImportWarning","filename":"/opt/airflow/dags/dag.py","lineno":2,"logger":"py.warnings"}
{"timestamp":"2025-12-17T15:17:14.635419Z","level":"warning","event":"The `airflow.operators.empty.EmptyOperator` attribute is deprecated. Please use `'airflow.providers.standard.operators.empty.EmptyOperator'`.","category":"DeprecatedImportWarning","filename":"/opt/airflow/dags/dag.py","lineno":3,"logger":"py.warnings"}
{"timestamp":"2025-12-17T15:17:14.635438Z","level":"warning","event":"The `airflow.operators.python.get_current_context` attribute is deprecated. Please use `'airflow.sdk.get_current_context'`.","category":"DeprecatedImportWarning","filename":"/opt/airflow/dags/dag.py","lineno":5,"logger":"py.warnings"}
{"timestamp":"2025-12-17T15:17:45.063852Z","level":"info","event":"Filling up the DagBag from /opt/airflow/dags/dag.py","logger":"airflow.models.dagbag.DagBag","filename":"dagbag.py","lineno":593}
{"timestamp":"2025-12-17T15:17:45.148294Z","level":"warning","event":"The `airflow.decorators.dag` attribute is deprecated. Please use `'airflow.sdk.dag'`.","category":"DeprecatedImportWarning","filename":"/opt/airflow/dags/dag.py","lineno":1,"logger":"py.warnings"}
{"timestamp":"2025-12-17T15:17:45.148376Z","level":"warning","event":"The `airflow.decorators.task` attribute is deprecated. Please use `'airflow.sdk.task'`.","category":"DeprecatedImportWarning","filename":"/opt/airflow/dags/dag.py","lineno":2,"logger":"py.warnings"}
{"timestamp":"2025-12-17T15:17:45.148406Z","level":"warning","event":"The `airflow.operators.empty.EmptyOperator` attribute is deprecated. Please use `'airflow.providers.standard.operators.empty.EmptyOperator'`.","category":"DeprecatedImportWarning","filename":"/opt/airflow/dags/dag.py","lineno":3,"logger":"py.warnings"}
{"timestamp":"2025-12-17T15:17:45.148432Z","level":"warning","event":"The `airflow.operators.python.get_current_context` attribute is deprecated. Please use `'airflow.sdk.get_current_context'`.","category":"DeprecatedImportWarning","filename":"/opt/airflow/dags/dag.py","lineno":5,"logger":"py.warnings"}
{"timestamp":"2025-12-17T15:18:15.541209Z","level":"info","event":"Filling up the DagBag from /opt/airflow/dags/dag.py","logger":"airflow.models.dagbag.DagBag","filename":"dagbag.py","lineno":593}
{"timestamp":"2025-12-17T15:18:15.582892Z","level":"warning","event":"The `airflow.decorators.dag` attribute is deprecated. Please use `'airflow.sdk.dag'`.","category":"DeprecatedImportWarning","filename":"/opt/airflow/dags/dag.py","lineno":1,"logger":"py.warnings"}
{"timestamp":"2025-12-17T15:18:15.582956Z","level":"warning","event":"The `airflow.decorators.task` attribute is deprecated. Please use `'airflow.sdk.task'`.","category":"DeprecatedImportWarning","filename":"/opt/airflow/dags/dag.py","lineno":2,"logger":"py.warnings"}
{"timestamp":"2025-12-17T15:18:15.582981Z","level":"warning","event":"The `airflow.operators.empty.EmptyOperator` attribute is deprecated. Please use `'airflow.providers.standard.operators.empty.EmptyOperator'`.","category":"DeprecatedImportWarning","filename":"/opt/airflow/dags/dag.py","lineno":3,"logger":"py.warnings"}
{"timestamp":"2025-12-17T15:18:15.583001Z","level":"warning","event":"The `airflow.operators.python.get_current_context` attribute is deprecated. Please use `'airflow.sdk.get_current_context'`.","category":"DeprecatedImportWarning","filename":"/opt/airflow/dags/dag.py","lineno":5,"logger":"py.warnings"}
{"timestamp":"2025-12-17T15:18:45.957632Z","level":"info","event":"Filling up the DagBag from /opt/airflow/dags/dag.py","logger":"airflow.models.dagbag.DagBag","filename":"dagbag.py","lineno":593}
{"timestamp":"2025-12-17T15:18:45.987413Z","level":"warning","event":"The `airflow.decorators.dag` attribute is deprecated. Please use `'airflow.sdk.dag'`.","category":"DeprecatedImportWarning","filename":"/opt/airflow/dags/dag.py","lineno":1,"logger":"py.warnings"}
{"timestamp":"2025-12-17T15:18:45.987475Z","level":"warning","event":"The `airflow.decorators.task` attribute is deprecated. Please use `'airflow.sdk.task'`.","category":"DeprecatedImportWarning","filename":"/opt/airflow/dags/dag.py","lineno":2,"logger":"py.warnings"}
{"timestamp":"2025-12-17T15:18:45.987502Z","level":"warning","event":"The `airflow.operators.empty.EmptyOperator` attribute is deprecated. Please use `'airflow.providers.standard.operators.empty.EmptyOperator'`.","category":"DeprecatedImportWarning","filename":"/opt/airflow/dags/dag.py","lineno":3,"logger":"py.warnings"}
{"timestamp":"2025-12-17T15:18:45.987525Z","level":"warning","event":"The `airflow.operators.python.get_current_context` attribute is deprecated. Please use `'airflow.sdk.get_current_context'`.","category":"DeprecatedImportWarning","filename":"/opt/airflow/dags/dag.py","lineno":5,"logger":"py.warnings"}
{"timestamp":"2025-12-17T15:19:16.356684Z","level":"info","event":"Filling up the DagBag from /opt/airflow/dags/dag.py","logger":"airflow.models.dagbag.DagBag","filename":"dagbag.py","lineno":593}
{"timestamp":"2025-12-17T15:19:16.396351Z","level":"warning","event":"The `airflow.decorators.dag` attribute is deprecated. Please use `'airflow.sdk.dag'`.","category":"DeprecatedImportWarning","filename":"/opt/airflow/dags/dag.py","lineno":1,"logger":"py.warnings"}
{"timestamp":"2025-12-17T15:19:16.396412Z","level":"warning","event":"The `airflow.decorators.task` attribute is deprecated. Please use `'airflow.sdk.task'`.","category":"DeprecatedImportWarning","filename":"/opt/airflow/dags/dag.py","lineno":2,"logger":"py.warnings"}
{"timestamp":"2025-12-17T15:19:16.396439Z","level":"warning","event":"The `airflow.operators.empty.EmptyOperator` attribute is deprecated. Please use `'airflow.providers.standard.operators.empty.EmptyOperator'`.","category":"DeprecatedImportWarning","filename":"/opt/airflow/dags/dag.py","lineno":3,"logger":"py.warnings"}
{"timestamp":"2025-12-17T15:19:16.396460Z","level":"warning","event":"The `airflow.operators.python.get_current_context` attribute is deprecated. Please use `'airflow.sdk.get_current_context'`.","category":"DeprecatedImportWarning","filename":"/opt/airflow/dags/dag.py","lineno":5,"logger":"py.warnings"}
{"timestamp":"2025-12-17T15:19:46.733859Z","level":"info","event":"Filling up the DagBag from /opt/airflow/dags/dag.py","logger":"airflow.models.dagbag.DagBag","filename":"dagbag.py","lineno":593}
{"timestamp":"2025-12-17T15:19:46.772153Z","level":"warning","event":"The `airflow.decorators.dag` attribute is deprecated. Please use `'airflow.sdk.dag'`.","category":"DeprecatedImportWarning","filename":"/opt/airflow/dags/dag.py","lineno":1,"logger":"py.warnings"}
{"timestamp":"2025-12-17T15:19:46.772219Z","level":"warning","event":"The `airflow.decorators.task` attribute is deprecated. Please use `'airflow.sdk.task'`.","category":"DeprecatedImportWarning","filename":"/opt/airflow/dags/dag.py","lineno":2,"logger":"py.warnings"}
{"timestamp":"2025-12-17T15:19:46.772245Z","level":"warning","event":"The `airflow.operators.empty.EmptyOperator` attribute is deprecated. Please use `'airflow.providers.standard.operators.empty.EmptyOperator'`.","category":"DeprecatedImportWarning","filename":"/opt/airflow/dags/dag.py","lineno":3,"logger":"py.warnings"}
{"timestamp":"2025-12-17T15:19:46.772267Z","level":"warning","event":"The `airflow.operators.python.get_current_context` attribute is deprecated. Please use `'airflow.sdk.get_current_context'`.","category":"DeprecatedImportWarning","filename":"/opt/airflow/dags/dag.py","lineno":5,"logger":"py.warnings"}
{"timestamp":"2025-12-17T15:19:50.852951Z","level":"info","event":"Filling up the DagBag from /opt/airflow/dags/dag.py","logger":"airflow.models.dagbag.DagBag","filename":"dagbag.py","lineno":593}
{"timestamp":"2025-12-17T15:19:50.902498Z","level":"warning","event":"The `airflow.decorators.dag` attribute is deprecated. Please use `'airflow.sdk.dag'`.","category":"DeprecatedImportWarning","filename":"/opt/airflow/dags/dag.py","lineno":1,"logger":"py.warnings"}
{"timestamp":"2025-12-17T15:19:50.902589Z","level":"warning","event":"The `airflow.decorators.task` attribute is deprecated. Please use `'airflow.sdk.task'`.","category":"DeprecatedImportWarning","filename":"/opt/airflow/dags/dag.py","lineno":2,"logger":"py.warnings"}
{"timestamp":"2025-12-17T15:19:50.902621Z","level":"warning","event":"The `airflow.operators.empty.EmptyOperator` attribute is deprecated. Please use `'airflow.providers.standard.operators.empty.EmptyOperator'`.","category":"DeprecatedImportWarning","filename":"/opt/airflow/dags/dag.py","lineno":3,"logger":"py.warnings"}
{"timestamp":"2025-12-17T15:19:50.902645Z","level":"warning","event":"The `airflow.operators.python.get_current_context` attribute is deprecated. Please use `'airflow.sdk.get_current_context'`.","category":"DeprecatedImportWarning","filename":"/opt/airflow/dags/dag.py","lineno":5,"logger":"py.warnings"}
{"timestamp":"2025-12-17T15:20:21.307429Z","level":"info","event":"Filling up the DagBag from /opt/airflow/dags/dag.py","logger":"airflow.models.dagbag.DagBag","filename":"dagbag.py","lineno":593}
{"timestamp":"2025-12-17T15:20:21.356144Z","level":"warning","event":"The `airflow.decorators.dag` attribute is deprecated. Please use `'airflow.sdk.dag'`.","category":"DeprecatedImportWarning","filename":"/opt/airflow/dags/dag.py","lineno":1,"logger":"py.warnings"}
{"timestamp":"2025-12-17T15:20:21.356354Z","level":"warning","event":"The `airflow.decorators.task` attribute is deprecated. Please use `'airflow.sdk.task'`.","category":"DeprecatedImportWarning","filename":"/opt/airflow/dags/dag.py","lineno":2,"logger":"py.warnings"}
{"timestamp":"2025-12-17T15:20:21.356385Z","level":"warning","event":"The `airflow.operators.empty.EmptyOperator` attribute is deprecated. Please use `'airflow.providers.standard.operators.empty.EmptyOperator'`.","category":"DeprecatedImportWarning","filename":"/opt/airflow/dags/dag.py","lineno":3,"logger":"py.warnings"}
{"timestamp":"2025-12-17T15:20:21.356407Z","level":"warning","event":"The `airflow.operators.python.get_current_context` attribute is deprecated. Please use `'airflow.sdk.get_current_context'`.","category":"DeprecatedImportWarning","filename":"/opt/airflow/dags/dag.py","lineno":5,"logger":"py.warnings"}
{"timestamp":"2025-12-17T15:20:51.770191Z","level":"info","event":"Filling up the DagBag from /opt/airflow/dags/dag.py","logger":"airflow.models.dagbag.DagBag","filename":"dagbag.py","lineno":593}
{"timestamp":"2025-12-17T15:20:51.802053Z","level":"warning","event":"The `airflow.decorators.dag` attribute is deprecated. Please use `'airflow.sdk.dag'`.","category":"DeprecatedImportWarning","filename":"/opt/airflow/dags/dag.py","lineno":1,"logger":"py.warnings"}
{"timestamp":"2025-12-17T15:20:51.802247Z","level":"warning","event":"The `airflow.decorators.task` attribute is deprecated. Please use `'airflow.sdk.task'`.","category":"DeprecatedImportWarning","filename":"/opt/airflow/dags/dag.py","lineno":2,"logger":"py.warnings"}
{"timestamp":"2025-12-17T15:20:51.802296Z","level":"warning","event":"The `airflow.operators.empty.EmptyOperator` attribute is deprecated. Please use `'airflow.providers.standard.operators.empty.EmptyOperator'`.","category":"DeprecatedImportWarning","filename":"/opt/airflow/dags/dag.py","lineno":3,"logger":"py.warnings"}
{"timestamp":"2025-12-17T15:20:51.802318Z","level":"warning","event":"The `airflow.operators.python.get_current_context` attribute is deprecated. Please use `'airflow.sdk.get_current_context'`.","category":"DeprecatedImportWarning","filename":"/opt/airflow/dags/dag.py","lineno":5,"logger":"py.warnings"}
{"timestamp":"2025-12-17T15:21:13.075958Z","level":"info","event":"Filling up the DagBag from /opt/airflow/dags/dag.py","logger":"airflow.models.dagbag.DagBag","filename":"dagbag.py","lineno":593}
{"timestamp":"2025-12-17T15:21:13.081627Z","level":"error","event":"Failed to import: /opt/airflow/dags/dag.py","logger":"airflow.models.dagbag.DagBag","filename":"dagbag.py","lineno":415,"error_detail":[{"exc_type":"SyntaxError","exc_value":"invalid syntax. Perhaps you forgot a comma? (dag.py, line 57)","exc_notes":[],"syntax_error":{"offset":70,"filename":"/opt/airflow/dags/dag.py","line":"    return {\"filename\": data_file_name,\"timestamp\": timestamp,\"rows\":l en(states_list)}\n","lineno":57,"msg":"invalid syntax. Perhaps you forgot a comma?"},"is_cause":false,"frames":[{"filename":"/home/airflow/.local/lib/python3.12/site-packages/airflow/models/dagbag.py","lineno":405,"name":"parse"},{"filename":"<frozen importlib._bootstrap_external>","lineno":995,"name":"exec_module"},{"filename":"<frozen importlib._bootstrap_external>","lineno":1133,"name":"get_code"},{"filename":"<frozen importlib._bootstrap_external>","lineno":1063,"name":"source_to_code"},{"filename":"<frozen importlib._bootstrap>","lineno":488,"name":"_call_with_frames_removed"}],"is_group":false,"exceptions":[]}]}
{"timestamp":"2025-12-17T15:21:43.445969Z","level":"info","event":"Filling up the DagBag from /opt/airflow/dags/dag.py","logger":"airflow.models.dagbag.DagBag","filename":"dagbag.py","lineno":593}
{"timestamp":"2025-12-17T15:21:43.450176Z","level":"error","event":"Failed to import: /opt/airflow/dags/dag.py","logger":"airflow.models.dagbag.DagBag","filename":"dagbag.py","lineno":415,"error_detail":[{"exc_type":"SyntaxError","exc_value":"invalid syntax. Perhaps you forgot a comma? (dag.py, line 57)","exc_notes":[],"syntax_error":{"offset":70,"filename":"/opt/airflow/dags/dag.py","line":"    return {\"filename\": data_file_name,\"timestamp\": timestamp,\"rows\":l en(states_list)}\n","lineno":57,"msg":"invalid syntax. Perhaps you forgot a comma?"},"is_cause":false,"frames":[{"filename":"/home/airflow/.local/lib/python3.12/site-packages/airflow/models/dagbag.py","lineno":405,"name":"parse"},{"filename":"<frozen importlib._bootstrap_external>","lineno":995,"name":"exec_module"},{"filename":"<frozen importlib._bootstrap_external>","lineno":1133,"name":"get_code"},{"filename":"<frozen importlib._bootstrap_external>","lineno":1063,"name":"source_to_code"},{"filename":"<frozen importlib._bootstrap>","lineno":488,"name":"_call_with_frames_removed"}],"is_group":false,"exceptions":[]}]}
{"timestamp":"2025-12-17T15:22:03.732255Z","level":"info","event":"Filling up the DagBag from /opt/airflow/dags/dag.py","logger":"airflow.models.dagbag.DagBag","filename":"dagbag.py","lineno":593}
{"timestamp":"2025-12-17T15:22:03.787311Z","level":"warning","event":"The `airflow.decorators.dag` attribute is deprecated. Please use `'airflow.sdk.dag'`.","category":"DeprecatedImportWarning","filename":"/opt/airflow/dags/dag.py","lineno":1,"logger":"py.warnings"}
{"timestamp":"2025-12-17T15:22:03.787398Z","level":"warning","event":"The `airflow.decorators.task` attribute is deprecated. Please use `'airflow.sdk.task'`.","category":"DeprecatedImportWarning","filename":"/opt/airflow/dags/dag.py","lineno":2,"logger":"py.warnings"}
{"timestamp":"2025-12-17T15:22:03.787428Z","level":"warning","event":"The `airflow.operators.empty.EmptyOperator` attribute is deprecated. Please use `'airflow.providers.standard.operators.empty.EmptyOperator'`.","category":"DeprecatedImportWarning","filename":"/opt/airflow/dags/dag.py","lineno":3,"logger":"py.warnings"}
{"timestamp":"2025-12-17T15:22:03.787448Z","level":"warning","event":"The `airflow.operators.python.get_current_context` attribute is deprecated. Please use `'airflow.sdk.get_current_context'`.","category":"DeprecatedImportWarning","filename":"/opt/airflow/dags/dag.py","lineno":5,"logger":"py.warnings"}
{"timestamp":"2025-12-17T15:22:34.192400Z","level":"info","event":"Filling up the DagBag from /opt/airflow/dags/dag.py","logger":"airflow.models.dagbag.DagBag","filename":"dagbag.py","lineno":593}
{"timestamp":"2025-12-17T15:22:34.249347Z","level":"warning","event":"The `airflow.decorators.dag` attribute is deprecated. Please use `'airflow.sdk.dag'`.","category":"DeprecatedImportWarning","filename":"/opt/airflow/dags/dag.py","lineno":1,"logger":"py.warnings"}
{"timestamp":"2025-12-17T15:22:34.249404Z","level":"warning","event":"The `airflow.decorators.task` attribute is deprecated. Please use `'airflow.sdk.task'`.","category":"DeprecatedImportWarning","filename":"/opt/airflow/dags/dag.py","lineno":2,"logger":"py.warnings"}
{"timestamp":"2025-12-17T15:22:34.249426Z","level":"warning","event":"The `airflow.operators.empty.EmptyOperator` attribute is deprecated. Please use `'airflow.providers.standard.operators.empty.EmptyOperator'`.","category":"DeprecatedImportWarning","filename":"/opt/airflow/dags/dag.py","lineno":3,"logger":"py.warnings"}
{"timestamp":"2025-12-17T15:22:34.249445Z","level":"warning","event":"The `airflow.operators.python.get_current_context` attribute is deprecated. Please use `'airflow.sdk.get_current_context'`.","category":"DeprecatedImportWarning","filename":"/opt/airflow/dags/dag.py","lineno":5,"logger":"py.warnings"}
{"timestamp":"2025-12-17T15:23:04.651846Z","level":"info","event":"Filling up the DagBag from /opt/airflow/dags/dag.py","logger":"airflow.models.dagbag.DagBag","filename":"dagbag.py","lineno":593}
{"timestamp":"2025-12-17T15:23:04.702548Z","level":"warning","event":"The `airflow.decorators.dag` attribute is deprecated. Please use `'airflow.sdk.dag'`.","category":"DeprecatedImportWarning","filename":"/opt/airflow/dags/dag.py","lineno":1,"logger":"py.warnings"}
{"timestamp":"2025-12-17T15:23:04.702810Z","level":"warning","event":"The `airflow.decorators.task` attribute is deprecated. Please use `'airflow.sdk.task'`.","category":"DeprecatedImportWarning","filename":"/opt/airflow/dags/dag.py","lineno":2,"logger":"py.warnings"}
{"timestamp":"2025-12-17T15:23:04.702838Z","level":"warning","event":"The `airflow.operators.empty.EmptyOperator` attribute is deprecated. Please use `'airflow.providers.standard.operators.empty.EmptyOperator'`.","category":"DeprecatedImportWarning","filename":"/opt/airflow/dags/dag.py","lineno":3,"logger":"py.warnings"}
{"timestamp":"2025-12-17T15:23:04.702858Z","level":"warning","event":"The `airflow.operators.python.get_current_context` attribute is deprecated. Please use `'airflow.sdk.get_current_context'`.","category":"DeprecatedImportWarning","filename":"/opt/airflow/dags/dag.py","lineno":5,"logger":"py.warnings"}
{"timestamp":"2025-12-17T15:23:35.110500Z","level":"info","event":"Filling up the DagBag from /opt/airflow/dags/dag.py","logger":"airflow.models.dagbag.DagBag","filename":"dagbag.py","lineno":593}
{"timestamp":"2025-12-17T15:23:35.152247Z","level":"warning","event":"The `airflow.decorators.dag` attribute is deprecated. Please use `'airflow.sdk.dag'`.","category":"DeprecatedImportWarning","filename":"/opt/airflow/dags/dag.py","lineno":1,"logger":"py.warnings"}
{"timestamp":"2025-12-17T15:23:35.152442Z","level":"warning","event":"The `airflow.decorators.task` attribute is deprecated. Please use `'airflow.sdk.task'`.","category":"DeprecatedImportWarning","filename":"/opt/airflow/dags/dag.py","lineno":2,"logger":"py.warnings"}
{"timestamp":"2025-12-17T15:23:35.152485Z","level":"warning","event":"The `airflow.operators.empty.EmptyOperator` attribute is deprecated. Please use `'airflow.providers.standard.operators.empty.EmptyOperator'`.","category":"DeprecatedImportWarning","filename":"/opt/airflow/dags/dag.py","lineno":3,"logger":"py.warnings"}
{"timestamp":"2025-12-17T15:23:35.152515Z","level":"warning","event":"The `airflow.operators.python.get_current_context` attribute is deprecated. Please use `'airflow.sdk.get_current_context'`.","category":"DeprecatedImportWarning","filename":"/opt/airflow/dags/dag.py","lineno":5,"logger":"py.warnings"}
{"timestamp":"2025-12-17T15:24:05.524356Z","level":"info","event":"Filling up the DagBag from /opt/airflow/dags/dag.py","logger":"airflow.models.dagbag.DagBag","filename":"dagbag.py","lineno":593}
{"timestamp":"2025-12-17T15:24:05.556224Z","level":"warning","event":"The `airflow.decorators.dag` attribute is deprecated. Please use `'airflow.sdk.dag'`.","category":"DeprecatedImportWarning","filename":"/opt/airflow/dags/dag.py","lineno":1,"logger":"py.warnings"}
{"timestamp":"2025-12-17T15:24:05.556284Z","level":"warning","event":"The `airflow.decorators.task` attribute is deprecated. Please use `'airflow.sdk.task'`.","category":"DeprecatedImportWarning","filename":"/opt/airflow/dags/dag.py","lineno":2,"logger":"py.warnings"}
{"timestamp":"2025-12-17T15:24:05.556312Z","level":"warning","event":"The `airflow.operators.empty.EmptyOperator` attribute is deprecated. Please use `'airflow.providers.standard.operators.empty.EmptyOperator'`.","category":"DeprecatedImportWarning","filename":"/opt/airflow/dags/dag.py","lineno":3,"logger":"py.warnings"}
{"timestamp":"2025-12-17T15:24:05.556343Z","level":"warning","event":"The `airflow.operators.python.get_current_context` attribute is deprecated. Please use `'airflow.sdk.get_current_context'`.","category":"DeprecatedImportWarning","filename":"/opt/airflow/dags/dag.py","lineno":5,"logger":"py.warnings"}
{"timestamp":"2025-12-17T15:24:35.930538Z","level":"info","event":"Filling up the DagBag from /opt/airflow/dags/dag.py","logger":"airflow.models.dagbag.DagBag","filename":"dagbag.py","lineno":593}
{"timestamp":"2025-12-17T15:24:35.968155Z","level":"warning","event":"The `airflow.decorators.dag` attribute is deprecated. Please use `'airflow.sdk.dag'`.","category":"DeprecatedImportWarning","filename":"/opt/airflow/dags/dag.py","lineno":1,"logger":"py.warnings"}
{"timestamp":"2025-12-17T15:24:35.968213Z","level":"warning","event":"The `airflow.decorators.task` attribute is deprecated. Please use `'airflow.sdk.task'`.","category":"DeprecatedImportWarning","filename":"/opt/airflow/dags/dag.py","lineno":2,"logger":"py.warnings"}
{"timestamp":"2025-12-17T15:24:35.968255Z","level":"warning","event":"The `airflow.operators.empty.EmptyOperator` attribute is deprecated. Please use `'airflow.providers.standard.operators.empty.EmptyOperator'`.","category":"DeprecatedImportWarning","filename":"/opt/airflow/dags/dag.py","lineno":3,"logger":"py.warnings"}
{"timestamp":"2025-12-17T15:24:35.968280Z","level":"warning","event":"The `airflow.operators.python.get_current_context` attribute is deprecated. Please use `'airflow.sdk.get_current_context'`.","category":"DeprecatedImportWarning","filename":"/opt/airflow/dags/dag.py","lineno":5,"logger":"py.warnings"}
{"timestamp":"2025-12-17T15:25:06.296837Z","level":"info","event":"Filling up the DagBag from /opt/airflow/dags/dag.py","logger":"airflow.models.dagbag.DagBag","filename":"dagbag.py","lineno":593}
{"timestamp":"2025-12-17T15:25:06.337033Z","level":"warning","event":"The `airflow.decorators.dag` attribute is deprecated. Please use `'airflow.sdk.dag'`.","category":"DeprecatedImportWarning","filename":"/opt/airflow/dags/dag.py","lineno":1,"logger":"py.warnings"}
{"timestamp":"2025-12-17T15:25:06.337245Z","level":"warning","event":"The `airflow.decorators.task` attribute is deprecated. Please use `'airflow.sdk.task'`.","category":"DeprecatedImportWarning","filename":"/opt/airflow/dags/dag.py","lineno":2,"logger":"py.warnings"}
{"timestamp":"2025-12-17T15:25:06.337289Z","level":"warning","event":"The `airflow.operators.empty.EmptyOperator` attribute is deprecated. Please use `'airflow.providers.standard.operators.empty.EmptyOperator'`.","category":"DeprecatedImportWarning","filename":"/opt/airflow/dags/dag.py","lineno":3,"logger":"py.warnings"}
{"timestamp":"2025-12-17T15:25:06.337311Z","level":"warning","event":"The `airflow.operators.python.get_current_context` attribute is deprecated. Please use `'airflow.sdk.get_current_context'`.","category":"DeprecatedImportWarning","filename":"/opt/airflow/dags/dag.py","lineno":5,"logger":"py.warnings"}
{"timestamp":"2025-12-17T15:25:36.657542Z","level":"info","event":"Filling up the DagBag from /opt/airflow/dags/dag.py","logger":"airflow.models.dagbag.DagBag","filename":"dagbag.py","lineno":593}
{"timestamp":"2025-12-17T15:25:36.682479Z","level":"warning","event":"The `airflow.decorators.dag` attribute is deprecated. Please use `'airflow.sdk.dag'`.","category":"DeprecatedImportWarning","filename":"/opt/airflow/dags/dag.py","lineno":1,"logger":"py.warnings"}
{"timestamp":"2025-12-17T15:25:36.682666Z","level":"warning","event":"The `airflow.decorators.task` attribute is deprecated. Please use `'airflow.sdk.task'`.","category":"DeprecatedImportWarning","filename":"/opt/airflow/dags/dag.py","lineno":2,"logger":"py.warnings"}
{"timestamp":"2025-12-17T15:25:36.682697Z","level":"warning","event":"The `airflow.operators.empty.EmptyOperator` attribute is deprecated. Please use `'airflow.providers.standard.operators.empty.EmptyOperator'`.","category":"DeprecatedImportWarning","filename":"/opt/airflow/dags/dag.py","lineno":3,"logger":"py.warnings"}
{"timestamp":"2025-12-17T15:25:36.682720Z","level":"warning","event":"The `airflow.operators.python.get_current_context` attribute is deprecated. Please use `'airflow.sdk.get_current_context'`.","category":"DeprecatedImportWarning","filename":"/opt/airflow/dags/dag.py","lineno":5,"logger":"py.warnings"}
{"timestamp":"2025-12-17T15:26:07.011693Z","level":"info","event":"Filling up the DagBag from /opt/airflow/dags/dag.py","logger":"airflow.models.dagbag.DagBag","filename":"dagbag.py","lineno":593}
{"timestamp":"2025-12-17T15:26:07.038876Z","level":"warning","event":"The `airflow.decorators.dag` attribute is deprecated. Please use `'airflow.sdk.dag'`.","category":"DeprecatedImportWarning","filename":"/opt/airflow/dags/dag.py","lineno":1,"logger":"py.warnings"}
{"timestamp":"2025-12-17T15:26:07.039070Z","level":"warning","event":"The `airflow.decorators.task` attribute is deprecated. Please use `'airflow.sdk.task'`.","category":"DeprecatedImportWarning","filename":"/opt/airflow/dags/dag.py","lineno":2,"logger":"py.warnings"}
{"timestamp":"2025-12-17T15:26:07.039399Z","level":"warning","event":"The `airflow.operators.empty.EmptyOperator` attribute is deprecated. Please use `'airflow.providers.standard.operators.empty.EmptyOperator'`.","category":"DeprecatedImportWarning","filename":"/opt/airflow/dags/dag.py","lineno":3,"logger":"py.warnings"}
{"timestamp":"2025-12-17T15:26:07.039548Z","level":"warning","event":"The `airflow.operators.python.get_current_context` attribute is deprecated. Please use `'airflow.sdk.get_current_context'`.","category":"DeprecatedImportWarning","filename":"/opt/airflow/dags/dag.py","lineno":5,"logger":"py.warnings"}
{"timestamp":"2025-12-17T15:26:37.418658Z","level":"info","event":"Filling up the DagBag from /opt/airflow/dags/dag.py","logger":"airflow.models.dagbag.DagBag","filename":"dagbag.py","lineno":593}
{"timestamp":"2025-12-17T15:26:37.443011Z","level":"warning","event":"The `airflow.decorators.dag` attribute is deprecated. Please use `'airflow.sdk.dag'`.","category":"DeprecatedImportWarning","filename":"/opt/airflow/dags/dag.py","lineno":1,"logger":"py.warnings"}
{"timestamp":"2025-12-17T15:26:37.443186Z","level":"warning","event":"The `airflow.decorators.task` attribute is deprecated. Please use `'airflow.sdk.task'`.","category":"DeprecatedImportWarning","filename":"/opt/airflow/dags/dag.py","lineno":2,"logger":"py.warnings"}
{"timestamp":"2025-12-17T15:26:37.443481Z","level":"warning","event":"The `airflow.operators.empty.EmptyOperator` attribute is deprecated. Please use `'airflow.providers.standard.operators.empty.EmptyOperator'`.","category":"DeprecatedImportWarning","filename":"/opt/airflow/dags/dag.py","lineno":3,"logger":"py.warnings"}
{"timestamp":"2025-12-17T15:26:37.443507Z","level":"warning","event":"The `airflow.operators.python.get_current_context` attribute is deprecated. Please use `'airflow.sdk.get_current_context'`.","category":"DeprecatedImportWarning","filename":"/opt/airflow/dags/dag.py","lineno":5,"logger":"py.warnings"}
{"timestamp":"2025-12-17T15:27:07.827543Z","level":"info","event":"Filling up the DagBag from /opt/airflow/dags/dag.py","logger":"airflow.models.dagbag.DagBag","filename":"dagbag.py","lineno":593}
{"timestamp":"2025-12-17T15:27:07.871611Z","level":"warning","event":"The `airflow.decorators.dag` attribute is deprecated. Please use `'airflow.sdk.dag'`.","category":"DeprecatedImportWarning","filename":"/opt/airflow/dags/dag.py","lineno":1,"logger":"py.warnings"}
{"timestamp":"2025-12-17T15:27:07.871823Z","level":"warning","event":"The `airflow.decorators.task` attribute is deprecated. Please use `'airflow.sdk.task'`.","category":"DeprecatedImportWarning","filename":"/opt/airflow/dags/dag.py","lineno":2,"logger":"py.warnings"}
{"timestamp":"2025-12-17T15:27:07.871864Z","level":"warning","event":"The `airflow.operators.empty.EmptyOperator` attribute is deprecated. Please use `'airflow.providers.standard.operators.empty.EmptyOperator'`.","category":"DeprecatedImportWarning","filename":"/opt/airflow/dags/dag.py","lineno":3,"logger":"py.warnings"}
{"timestamp":"2025-12-17T15:27:07.871885Z","level":"warning","event":"The `airflow.operators.python.get_current_context` attribute is deprecated. Please use `'airflow.sdk.get_current_context'`.","category":"DeprecatedImportWarning","filename":"/opt/airflow/dags/dag.py","lineno":5,"logger":"py.warnings"}
{"timestamp":"2025-12-17T15:27:38.282733Z","level":"info","event":"Filling up the DagBag from /opt/airflow/dags/dag.py","logger":"airflow.models.dagbag.DagBag","filename":"dagbag.py","lineno":593}
{"timestamp":"2025-12-17T15:27:38.349266Z","level":"warning","event":"The `airflow.decorators.dag` attribute is deprecated. Please use `'airflow.sdk.dag'`.","category":"DeprecatedImportWarning","filename":"/opt/airflow/dags/dag.py","lineno":1,"logger":"py.warnings"}
{"timestamp":"2025-12-17T15:27:38.349357Z","level":"warning","event":"The `airflow.decorators.task` attribute is deprecated. Please use `'airflow.sdk.task'`.","category":"DeprecatedImportWarning","filename":"/opt/airflow/dags/dag.py","lineno":2,"logger":"py.warnings"}
{"timestamp":"2025-12-17T15:27:38.349389Z","level":"warning","event":"The `airflow.operators.empty.EmptyOperator` attribute is deprecated. Please use `'airflow.providers.standard.operators.empty.EmptyOperator'`.","category":"DeprecatedImportWarning","filename":"/opt/airflow/dags/dag.py","lineno":3,"logger":"py.warnings"}
{"timestamp":"2025-12-17T15:27:38.349421Z","level":"warning","event":"The `airflow.operators.python.get_current_context` attribute is deprecated. Please use `'airflow.sdk.get_current_context'`.","category":"DeprecatedImportWarning","filename":"/opt/airflow/dags/dag.py","lineno":5,"logger":"py.warnings"}
{"timestamp":"2025-12-17T15:28:08.733520Z","level":"info","event":"Filling up the DagBag from /opt/airflow/dags/dag.py","logger":"airflow.models.dagbag.DagBag","filename":"dagbag.py","lineno":593}
{"timestamp":"2025-12-17T15:28:08.779036Z","level":"warning","event":"The `airflow.decorators.dag` attribute is deprecated. Please use `'airflow.sdk.dag'`.","category":"DeprecatedImportWarning","filename":"/opt/airflow/dags/dag.py","lineno":1,"logger":"py.warnings"}
{"timestamp":"2025-12-17T15:28:08.779107Z","level":"warning","event":"The `airflow.decorators.task` attribute is deprecated. Please use `'airflow.sdk.task'`.","category":"DeprecatedImportWarning","filename":"/opt/airflow/dags/dag.py","lineno":2,"logger":"py.warnings"}
{"timestamp":"2025-12-17T15:28:08.779132Z","level":"warning","event":"The `airflow.operators.empty.EmptyOperator` attribute is deprecated. Please use `'airflow.providers.standard.operators.empty.EmptyOperator'`.","category":"DeprecatedImportWarning","filename":"/opt/airflow/dags/dag.py","lineno":3,"logger":"py.warnings"}
{"timestamp":"2025-12-17T15:28:08.779153Z","level":"warning","event":"The `airflow.operators.python.get_current_context` attribute is deprecated. Please use `'airflow.sdk.get_current_context'`.","category":"DeprecatedImportWarning","filename":"/opt/airflow/dags/dag.py","lineno":5,"logger":"py.warnings"}
{"timestamp":"2025-12-17T15:28:39.106563Z","level":"info","event":"Filling up the DagBag from /opt/airflow/dags/dag.py","logger":"airflow.models.dagbag.DagBag","filename":"dagbag.py","lineno":593}
{"timestamp":"2025-12-17T15:28:39.136143Z","level":"warning","event":"The `airflow.decorators.dag` attribute is deprecated. Please use `'airflow.sdk.dag'`.","category":"DeprecatedImportWarning","filename":"/opt/airflow/dags/dag.py","lineno":1,"logger":"py.warnings"}
{"timestamp":"2025-12-17T15:28:39.136340Z","level":"warning","event":"The `airflow.decorators.task` attribute is deprecated. Please use `'airflow.sdk.task'`.","category":"DeprecatedImportWarning","filename":"/opt/airflow/dags/dag.py","lineno":2,"logger":"py.warnings"}
{"timestamp":"2025-12-17T15:28:39.136374Z","level":"warning","event":"The `airflow.operators.empty.EmptyOperator` attribute is deprecated. Please use `'airflow.providers.standard.operators.empty.EmptyOperator'`.","category":"DeprecatedImportWarning","filename":"/opt/airflow/dags/dag.py","lineno":3,"logger":"py.warnings"}
{"timestamp":"2025-12-17T15:28:39.136399Z","level":"warning","event":"The `airflow.operators.python.get_current_context` attribute is deprecated. Please use `'airflow.sdk.get_current_context'`.","category":"DeprecatedImportWarning","filename":"/opt/airflow/dags/dag.py","lineno":5,"logger":"py.warnings"}
{"timestamp":"2025-12-17T15:29:09.446077Z","level":"info","event":"Filling up the DagBag from /opt/airflow/dags/dag.py","logger":"airflow.models.dagbag.DagBag","filename":"dagbag.py","lineno":593}
{"timestamp":"2025-12-17T15:29:09.475942Z","level":"warning","event":"The `airflow.decorators.dag` attribute is deprecated. Please use `'airflow.sdk.dag'`.","category":"DeprecatedImportWarning","filename":"/opt/airflow/dags/dag.py","lineno":1,"logger":"py.warnings"}
{"timestamp":"2025-12-17T15:29:09.476134Z","level":"warning","event":"The `airflow.decorators.task` attribute is deprecated. Please use `'airflow.sdk.task'`.","category":"DeprecatedImportWarning","filename":"/opt/airflow/dags/dag.py","lineno":2,"logger":"py.warnings"}
{"timestamp":"2025-12-17T15:29:09.476186Z","level":"warning","event":"The `airflow.operators.empty.EmptyOperator` attribute is deprecated. Please use `'airflow.providers.standard.operators.empty.EmptyOperator'`.","category":"DeprecatedImportWarning","filename":"/opt/airflow/dags/dag.py","lineno":3,"logger":"py.warnings"}
{"timestamp":"2025-12-17T15:29:09.476211Z","level":"warning","event":"The `airflow.operators.python.get_current_context` attribute is deprecated. Please use `'airflow.sdk.get_current_context'`.","category":"DeprecatedImportWarning","filename":"/opt/airflow/dags/dag.py","lineno":5,"logger":"py.warnings"}
{"timestamp":"2025-12-17T15:29:39.851304Z","level":"info","event":"Filling up the DagBag from /opt/airflow/dags/dag.py","logger":"airflow.models.dagbag.DagBag","filename":"dagbag.py","lineno":593}
{"timestamp":"2025-12-17T15:29:39.885713Z","level":"warning","event":"The `airflow.decorators.dag` attribute is deprecated. Please use `'airflow.sdk.dag'`.","category":"DeprecatedImportWarning","filename":"/opt/airflow/dags/dag.py","lineno":1,"logger":"py.warnings"}
{"timestamp":"2025-12-17T15:29:39.885776Z","level":"warning","event":"The `airflow.decorators.task` attribute is deprecated. Please use `'airflow.sdk.task'`.","category":"DeprecatedImportWarning","filename":"/opt/airflow/dags/dag.py","lineno":2,"logger":"py.warnings"}
{"timestamp":"2025-12-17T15:29:39.885801Z","level":"warning","event":"The `airflow.operators.empty.EmptyOperator` attribute is deprecated. Please use `'airflow.providers.standard.operators.empty.EmptyOperator'`.","category":"DeprecatedImportWarning","filename":"/opt/airflow/dags/dag.py","lineno":3,"logger":"py.warnings"}
{"timestamp":"2025-12-17T15:29:39.885822Z","level":"warning","event":"The `airflow.operators.python.get_current_context` attribute is deprecated. Please use `'airflow.sdk.get_current_context'`.","category":"DeprecatedImportWarning","filename":"/opt/airflow/dags/dag.py","lineno":5,"logger":"py.warnings"}
{"timestamp":"2025-12-17T15:30:10.270552Z","level":"info","event":"Filling up the DagBag from /opt/airflow/dags/dag.py","logger":"airflow.models.dagbag.DagBag","filename":"dagbag.py","lineno":593}
{"timestamp":"2025-12-17T15:30:10.304111Z","level":"warning","event":"The `airflow.decorators.dag` attribute is deprecated. Please use `'airflow.sdk.dag'`.","category":"DeprecatedImportWarning","filename":"/opt/airflow/dags/dag.py","lineno":1,"logger":"py.warnings"}
{"timestamp":"2025-12-17T15:30:10.304169Z","level":"warning","event":"The `airflow.decorators.task` attribute is deprecated. Please use `'airflow.sdk.task'`.","category":"DeprecatedImportWarning","filename":"/opt/airflow/dags/dag.py","lineno":2,"logger":"py.warnings"}
{"timestamp":"2025-12-17T15:30:10.304196Z","level":"warning","event":"The `airflow.operators.empty.EmptyOperator` attribute is deprecated. Please use `'airflow.providers.standard.operators.empty.EmptyOperator'`.","category":"DeprecatedImportWarning","filename":"/opt/airflow/dags/dag.py","lineno":3,"logger":"py.warnings"}
{"timestamp":"2025-12-17T15:30:10.304218Z","level":"warning","event":"The `airflow.operators.python.get_current_context` attribute is deprecated. Please use `'airflow.sdk.get_current_context'`.","category":"DeprecatedImportWarning","filename":"/opt/airflow/dags/dag.py","lineno":5,"logger":"py.warnings"}
{"timestamp":"2025-12-17T16:01:02.842534Z","level":"info","event":"Filling up the DagBag from /opt/airflow/dags/dag.py","logger":"airflow.models.dagbag.DagBag","filename":"dagbag.py","lineno":593}
{"timestamp":"2025-12-17T16:01:02.886303Z","level":"warning","event":"The `airflow.decorators.dag` attribute is deprecated. Please use `'airflow.sdk.dag'`.","category":"DeprecatedImportWarning","filename":"/opt/airflow/dags/dag.py","lineno":1,"logger":"py.warnings"}
{"timestamp":"2025-12-17T16:01:02.886366Z","level":"warning","event":"The `airflow.decorators.task` attribute is deprecated. Please use `'airflow.sdk.task'`.","category":"DeprecatedImportWarning","filename":"/opt/airflow/dags/dag.py","lineno":2,"logger":"py.warnings"}
{"timestamp":"2025-12-17T16:01:02.886388Z","level":"warning","event":"The `airflow.operators.empty.EmptyOperator` attribute is deprecated. Please use `'airflow.providers.standard.operators.empty.EmptyOperator'`.","category":"DeprecatedImportWarning","filename":"/opt/airflow/dags/dag.py","lineno":3,"logger":"py.warnings"}
{"timestamp":"2025-12-17T16:01:02.886406Z","level":"warning","event":"The `airflow.operators.python.get_current_context` attribute is deprecated. Please use `'airflow.sdk.get_current_context'`.","category":"DeprecatedImportWarning","filename":"/opt/airflow/dags/dag.py","lineno":5,"logger":"py.warnings"}
{"timestamp":"2025-12-17T17:02:53.438522Z","level":"info","event":"Filling up the DagBag from /opt/airflow/dags/dag.py","logger":"airflow.models.dagbag.DagBag","filename":"dagbag.py","lineno":593}
{"timestamp":"2025-12-17T17:02:53.481437Z","level":"warning","event":"The `airflow.decorators.dag` attribute is deprecated. Please use `'airflow.sdk.dag'`.","category":"DeprecatedImportWarning","filename":"/opt/airflow/dags/dag.py","lineno":1,"logger":"py.warnings"}
{"timestamp":"2025-12-17T17:02:53.481510Z","level":"warning","event":"The `airflow.decorators.task` attribute is deprecated. Please use `'airflow.sdk.task'`.","category":"DeprecatedImportWarning","filename":"/opt/airflow/dags/dag.py","lineno":2,"logger":"py.warnings"}
{"timestamp":"2025-12-17T17:02:53.481536Z","level":"warning","event":"The `airflow.operators.empty.EmptyOperator` attribute is deprecated. Please use `'airflow.providers.standard.operators.empty.EmptyOperator'`.","category":"DeprecatedImportWarning","filename":"/opt/airflow/dags/dag.py","lineno":3,"logger":"py.warnings"}
{"timestamp":"2025-12-17T17:02:53.481557Z","level":"warning","event":"The `airflow.operators.python.get_current_context` attribute is deprecated. Please use `'airflow.sdk.get_current_context'`.","category":"DeprecatedImportWarning","filename":"/opt/airflow/dags/dag.py","lineno":5,"logger":"py.warnings"}
{"timestamp":"2025-12-17T18:20:56.742010Z","level":"info","event":"Filling up the DagBag from /opt/airflow/dags/dag.py","logger":"airflow.models.dagbag.DagBag","filename":"dagbag.py","lineno":593}
{"timestamp":"2025-12-17T18:20:56.784272Z","level":"warning","event":"The `airflow.decorators.dag` attribute is deprecated. Please use `'airflow.sdk.dag'`.","category":"DeprecatedImportWarning","filename":"/opt/airflow/dags/dag.py","lineno":1,"logger":"py.warnings"}
{"timestamp":"2025-12-17T18:20:56.784330Z","level":"warning","event":"The `airflow.decorators.task` attribute is deprecated. Please use `'airflow.sdk.task'`.","category":"DeprecatedImportWarning","filename":"/opt/airflow/dags/dag.py","lineno":2,"logger":"py.warnings"}
{"timestamp":"2025-12-17T18:20:56.784350Z","level":"warning","event":"The `airflow.operators.empty.EmptyOperator` attribute is deprecated. Please use `'airflow.providers.standard.operators.empty.EmptyOperator'`.","category":"DeprecatedImportWarning","filename":"/opt/airflow/dags/dag.py","lineno":3,"logger":"py.warnings"}
{"timestamp":"2025-12-17T18:20:56.784369Z","level":"warning","event":"The `airflow.operators.python.get_current_context` attribute is deprecated. Please use `'airflow.sdk.get_current_context'`.","category":"DeprecatedImportWarning","filename":"/opt/airflow/dags/dag.py","lineno":5,"logger":"py.warnings"}
{"timestamp":"2025-12-17T19:33:20.652084Z","level":"info","event":"Filling up the DagBag from /opt/airflow/dags/dag.py","logger":"airflow.models.dagbag.DagBag","filename":"dagbag.py","lineno":593}
{"timestamp":"2025-12-17T19:33:20.700251Z","level":"warning","event":"The `airflow.decorators.dag` attribute is deprecated. Please use `'airflow.sdk.dag'`.","category":"DeprecatedImportWarning","filename":"/opt/airflow/dags/dag.py","lineno":1,"logger":"py.warnings"}
{"timestamp":"2025-12-17T19:33:20.700329Z","level":"warning","event":"The `airflow.decorators.task` attribute is deprecated. Please use `'airflow.sdk.task'`.","category":"DeprecatedImportWarning","filename":"/opt/airflow/dags/dag.py","lineno":2,"logger":"py.warnings"}
{"timestamp":"2025-12-17T19:33:20.700354Z","level":"warning","event":"The `airflow.operators.empty.EmptyOperator` attribute is deprecated. Please use `'airflow.providers.standard.operators.empty.EmptyOperator'`.","category":"DeprecatedImportWarning","filename":"/opt/airflow/dags/dag.py","lineno":3,"logger":"py.warnings"}
{"timestamp":"2025-12-17T19:33:20.700374Z","level":"warning","event":"The `airflow.operators.python.get_current_context` attribute is deprecated. Please use `'airflow.sdk.get_current_context'`.","category":"DeprecatedImportWarning","filename":"/opt/airflow/dags/dag.py","lineno":5,"logger":"py.warnings"}
{"timestamp":"2025-12-17T20:27:03.989978Z","level":"info","event":"Filling up the DagBag from /opt/airflow/dags/dag.py","logger":"airflow.models.dagbag.DagBag","filename":"dagbag.py","lineno":593}
{"timestamp":"2025-12-17T20:27:04.029551Z","level":"warning","event":"The `airflow.decorators.dag` attribute is deprecated. Please use `'airflow.sdk.dag'`.","category":"DeprecatedImportWarning","filename":"/opt/airflow/dags/dag.py","lineno":1,"logger":"py.warnings"}
{"timestamp":"2025-12-17T20:27:04.029613Z","level":"warning","event":"The `airflow.decorators.task` attribute is deprecated. Please use `'airflow.sdk.task'`.","category":"DeprecatedImportWarning","filename":"/opt/airflow/dags/dag.py","lineno":2,"logger":"py.warnings"}
{"timestamp":"2025-12-17T20:27:04.029642Z","level":"warning","event":"The `airflow.operators.empty.EmptyOperator` attribute is deprecated. Please use `'airflow.providers.standard.operators.empty.EmptyOperator'`.","category":"DeprecatedImportWarning","filename":"/opt/airflow/dags/dag.py","lineno":3,"logger":"py.warnings"}
{"timestamp":"2025-12-17T20:27:04.029669Z","level":"warning","event":"The `airflow.operators.python.get_current_context` attribute is deprecated. Please use `'airflow.sdk.get_current_context'`.","category":"DeprecatedImportWarning","filename":"/opt/airflow/dags/dag.py","lineno":5,"logger":"py.warnings"}
{"timestamp":"2025-12-17T20:27:58.083353Z","level":"info","event":"Filling up the DagBag from /opt/airflow/dags/dag.py","logger":"airflow.models.dagbag.DagBag","filename":"dagbag.py","lineno":593}
{"timestamp":"2025-12-17T20:27:58.121072Z","level":"warning","event":"The `airflow.decorators.dag` attribute is deprecated. Please use `'airflow.sdk.dag'`.","category":"DeprecatedImportWarning","filename":"/opt/airflow/dags/dag.py","lineno":1,"logger":"py.warnings"}
{"timestamp":"2025-12-17T20:27:58.121280Z","level":"warning","event":"The `airflow.decorators.task` attribute is deprecated. Please use `'airflow.sdk.task'`.","category":"DeprecatedImportWarning","filename":"/opt/airflow/dags/dag.py","lineno":2,"logger":"py.warnings"}
{"timestamp":"2025-12-17T20:27:58.121320Z","level":"warning","event":"The `airflow.operators.empty.EmptyOperator` attribute is deprecated. Please use `'airflow.providers.standard.operators.empty.EmptyOperator'`.","category":"DeprecatedImportWarning","filename":"/opt/airflow/dags/dag.py","lineno":3,"logger":"py.warnings"}
{"timestamp":"2025-12-17T20:27:58.121341Z","level":"warning","event":"The `airflow.operators.python.get_current_context` attribute is deprecated. Please use `'airflow.sdk.get_current_context'`.","category":"DeprecatedImportWarning","filename":"/opt/airflow/dags/dag.py","lineno":5,"logger":"py.warnings"}
{"timestamp":"2025-12-17T20:28:28.486601Z","level":"info","event":"Filling up the DagBag from /opt/airflow/dags/dag.py","logger":"airflow.models.dagbag.DagBag","filename":"dagbag.py","lineno":593}
{"timestamp":"2025-12-17T20:28:28.513919Z","level":"warning","event":"The `airflow.decorators.dag` attribute is deprecated. Please use `'airflow.sdk.dag'`.","category":"DeprecatedImportWarning","filename":"/opt/airflow/dags/dag.py","lineno":1,"logger":"py.warnings"}
{"timestamp":"2025-12-17T20:28:28.513985Z","level":"warning","event":"The `airflow.decorators.task` attribute is deprecated. Please use `'airflow.sdk.task'`.","category":"DeprecatedImportWarning","filename":"/opt/airflow/dags/dag.py","lineno":2,"logger":"py.warnings"}
{"timestamp":"2025-12-17T20:28:28.514013Z","level":"warning","event":"The `airflow.operators.empty.EmptyOperator` attribute is deprecated. Please use `'airflow.providers.standard.operators.empty.EmptyOperator'`.","category":"DeprecatedImportWarning","filename":"/opt/airflow/dags/dag.py","lineno":3,"logger":"py.warnings"}
{"timestamp":"2025-12-17T20:28:28.514038Z","level":"warning","event":"The `airflow.operators.python.get_current_context` attribute is deprecated. Please use `'airflow.sdk.get_current_context'`.","category":"DeprecatedImportWarning","filename":"/opt/airflow/dags/dag.py","lineno":5,"logger":"py.warnings"}
{"timestamp":"2025-12-17T20:28:58.858452Z","level":"info","event":"Filling up the DagBag from /opt/airflow/dags/dag.py","logger":"airflow.models.dagbag.DagBag","filename":"dagbag.py","lineno":593}
{"timestamp":"2025-12-17T20:28:58.893136Z","level":"warning","event":"The `airflow.decorators.dag` attribute is deprecated. Please use `'airflow.sdk.dag'`.","category":"DeprecatedImportWarning","filename":"/opt/airflow/dags/dag.py","lineno":1,"logger":"py.warnings"}
{"timestamp":"2025-12-17T20:28:58.893209Z","level":"warning","event":"The `airflow.decorators.task` attribute is deprecated. Please use `'airflow.sdk.task'`.","category":"DeprecatedImportWarning","filename":"/opt/airflow/dags/dag.py","lineno":2,"logger":"py.warnings"}
{"timestamp":"2025-12-17T20:28:58.893233Z","level":"warning","event":"The `airflow.operators.empty.EmptyOperator` attribute is deprecated. Please use `'airflow.providers.standard.operators.empty.EmptyOperator'`.","category":"DeprecatedImportWarning","filename":"/opt/airflow/dags/dag.py","lineno":3,"logger":"py.warnings"}
{"timestamp":"2025-12-17T20:28:58.893254Z","level":"warning","event":"The `airflow.operators.python.get_current_context` attribute is deprecated. Please use `'airflow.sdk.get_current_context'`.","category":"DeprecatedImportWarning","filename":"/opt/airflow/dags/dag.py","lineno":5,"logger":"py.warnings"}
{"timestamp":"2025-12-17T20:29:29.207008Z","level":"info","event":"Filling up the DagBag from /opt/airflow/dags/dag.py","logger":"airflow.models.dagbag.DagBag","filename":"dagbag.py","lineno":593}
{"timestamp":"2025-12-17T20:29:29.239045Z","level":"warning","event":"The `airflow.decorators.dag` attribute is deprecated. Please use `'airflow.sdk.dag'`.","category":"DeprecatedImportWarning","filename":"/opt/airflow/dags/dag.py","lineno":1,"logger":"py.warnings"}
{"timestamp":"2025-12-17T20:29:29.239115Z","level":"warning","event":"The `airflow.decorators.task` attribute is deprecated. Please use `'airflow.sdk.task'`.","category":"DeprecatedImportWarning","filename":"/opt/airflow/dags/dag.py","lineno":2,"logger":"py.warnings"}
{"timestamp":"2025-12-17T20:29:29.239142Z","level":"warning","event":"The `airflow.operators.empty.EmptyOperator` attribute is deprecated. Please use `'airflow.providers.standard.operators.empty.EmptyOperator'`.","category":"DeprecatedImportWarning","filename":"/opt/airflow/dags/dag.py","lineno":3,"logger":"py.warnings"}
{"timestamp":"2025-12-17T20:29:29.239165Z","level":"warning","event":"The `airflow.operators.python.get_current_context` attribute is deprecated. Please use `'airflow.sdk.get_current_context'`.","category":"DeprecatedImportWarning","filename":"/opt/airflow/dags/dag.py","lineno":5,"logger":"py.warnings"}
{"timestamp":"2025-12-17T20:32:07.869072Z","level":"info","event":"Filling up the DagBag from /opt/airflow/dags/dag.py","logger":"airflow.models.dagbag.DagBag","filename":"dagbag.py","lineno":593}
{"timestamp":"2025-12-17T20:32:07.917193Z","level":"warning","event":"The `airflow.decorators.dag` attribute is deprecated. Please use `'airflow.sdk.dag'`.","category":"DeprecatedImportWarning","filename":"/opt/airflow/dags/dag.py","lineno":1,"logger":"py.warnings"}
{"timestamp":"2025-12-17T20:32:07.917436Z","level":"warning","event":"The `airflow.decorators.task` attribute is deprecated. Please use `'airflow.sdk.task'`.","category":"DeprecatedImportWarning","filename":"/opt/airflow/dags/dag.py","lineno":2,"logger":"py.warnings"}
{"timestamp":"2025-12-17T20:32:07.917466Z","level":"warning","event":"The `airflow.operators.empty.EmptyOperator` attribute is deprecated. Please use `'airflow.providers.standard.operators.empty.EmptyOperator'`.","category":"DeprecatedImportWarning","filename":"/opt/airflow/dags/dag.py","lineno":3,"logger":"py.warnings"}
{"timestamp":"2025-12-17T20:32:07.917487Z","level":"warning","event":"The `airflow.operators.python.get_current_context` attribute is deprecated. Please use `'airflow.sdk.get_current_context'`.","category":"DeprecatedImportWarning","filename":"/opt/airflow/dags/dag.py","lineno":5,"logger":"py.warnings"}
{"timestamp":"2025-12-17T20:32:38.312350Z","level":"info","event":"Filling up the DagBag from /opt/airflow/dags/dag.py","logger":"airflow.models.dagbag.DagBag","filename":"dagbag.py","lineno":593}
{"timestamp":"2025-12-17T20:32:38.366493Z","level":"warning","event":"The `airflow.decorators.dag` attribute is deprecated. Please use `'airflow.sdk.dag'`.","category":"DeprecatedImportWarning","filename":"/opt/airflow/dags/dag.py","lineno":1,"logger":"py.warnings"}
{"timestamp":"2025-12-17T20:32:38.366579Z","level":"warning","event":"The `airflow.decorators.task` attribute is deprecated. Please use `'airflow.sdk.task'`.","category":"DeprecatedImportWarning","filename":"/opt/airflow/dags/dag.py","lineno":2,"logger":"py.warnings"}
{"timestamp":"2025-12-17T20:32:38.366606Z","level":"warning","event":"The `airflow.operators.empty.EmptyOperator` attribute is deprecated. Please use `'airflow.providers.standard.operators.empty.EmptyOperator'`.","category":"DeprecatedImportWarning","filename":"/opt/airflow/dags/dag.py","lineno":3,"logger":"py.warnings"}
{"timestamp":"2025-12-17T20:32:38.366626Z","level":"warning","event":"The `airflow.operators.python.get_current_context` attribute is deprecated. Please use `'airflow.sdk.get_current_context'`.","category":"DeprecatedImportWarning","filename":"/opt/airflow/dags/dag.py","lineno":5,"logger":"py.warnings"}
{"timestamp":"2025-12-17T20:33:08.738240Z","level":"info","event":"Filling up the DagBag from /opt/airflow/dags/dag.py","logger":"airflow.models.dagbag.DagBag","filename":"dagbag.py","lineno":593}
{"timestamp":"2025-12-17T20:33:08.786058Z","level":"warning","event":"The `airflow.decorators.dag` attribute is deprecated. Please use `'airflow.sdk.dag'`.","category":"DeprecatedImportWarning","filename":"/opt/airflow/dags/dag.py","lineno":1,"logger":"py.warnings"}
{"timestamp":"2025-12-17T20:33:08.786147Z","level":"warning","event":"The `airflow.decorators.task` attribute is deprecated. Please use `'airflow.sdk.task'`.","category":"DeprecatedImportWarning","filename":"/opt/airflow/dags/dag.py","lineno":2,"logger":"py.warnings"}
{"timestamp":"2025-12-17T20:33:08.786173Z","level":"warning","event":"The `airflow.operators.empty.EmptyOperator` attribute is deprecated. Please use `'airflow.providers.standard.operators.empty.EmptyOperator'`.","category":"DeprecatedImportWarning","filename":"/opt/airflow/dags/dag.py","lineno":3,"logger":"py.warnings"}
{"timestamp":"2025-12-17T20:33:08.786205Z","level":"warning","event":"The `airflow.operators.python.get_current_context` attribute is deprecated. Please use `'airflow.sdk.get_current_context'`.","category":"DeprecatedImportWarning","filename":"/opt/airflow/dags/dag.py","lineno":5,"logger":"py.warnings"}
{"timestamp":"2025-12-17T20:33:39.179968Z","level":"info","event":"Filling up the DagBag from /opt/airflow/dags/dag.py","logger":"airflow.models.dagbag.DagBag","filename":"dagbag.py","lineno":593}
{"timestamp":"2025-12-17T20:33:39.225916Z","level":"warning","event":"The `airflow.decorators.dag` attribute is deprecated. Please use `'airflow.sdk.dag'`.","category":"DeprecatedImportWarning","filename":"/opt/airflow/dags/dag.py","lineno":1,"logger":"py.warnings"}
{"timestamp":"2025-12-17T20:33:39.226523Z","level":"warning","event":"The `airflow.decorators.task` attribute is deprecated. Please use `'airflow.sdk.task'`.","category":"DeprecatedImportWarning","filename":"/opt/airflow/dags/dag.py","lineno":2,"logger":"py.warnings"}
{"timestamp":"2025-12-17T20:33:39.226559Z","level":"warning","event":"The `airflow.operators.empty.EmptyOperator` attribute is deprecated. Please use `'airflow.providers.standard.operators.empty.EmptyOperator'`.","category":"DeprecatedImportWarning","filename":"/opt/airflow/dags/dag.py","lineno":3,"logger":"py.warnings"}
{"timestamp":"2025-12-17T20:33:39.226758Z","level":"warning","event":"The `airflow.operators.python.get_current_context` attribute is deprecated. Please use `'airflow.sdk.get_current_context'`.","category":"DeprecatedImportWarning","filename":"/opt/airflow/dags/dag.py","lineno":5,"logger":"py.warnings"}
{"timestamp":"2025-12-17T20:34:09.596645Z","level":"info","event":"Filling up the DagBag from /opt/airflow/dags/dag.py","logger":"airflow.models.dagbag.DagBag","filename":"dagbag.py","lineno":593}
{"timestamp":"2025-12-17T20:34:09.631745Z","level":"warning","event":"The `airflow.decorators.dag` attribute is deprecated. Please use `'airflow.sdk.dag'`.","category":"DeprecatedImportWarning","filename":"/opt/airflow/dags/dag.py","lineno":1,"logger":"py.warnings"}
{"timestamp":"2025-12-17T20:34:09.632225Z","level":"warning","event":"The `airflow.decorators.task` attribute is deprecated. Please use `'airflow.sdk.task'`.","category":"DeprecatedImportWarning","filename":"/opt/airflow/dags/dag.py","lineno":2,"logger":"py.warnings"}
{"timestamp":"2025-12-17T20:34:09.632267Z","level":"warning","event":"The `airflow.operators.empty.EmptyOperator` attribute is deprecated. Please use `'airflow.providers.standard.operators.empty.EmptyOperator'`.","category":"DeprecatedImportWarning","filename":"/opt/airflow/dags/dag.py","lineno":3,"logger":"py.warnings"}
{"timestamp":"2025-12-17T20:34:09.632428Z","level":"warning","event":"The `airflow.operators.python.get_current_context` attribute is deprecated. Please use `'airflow.sdk.get_current_context'`.","category":"DeprecatedImportWarning","filename":"/opt/airflow/dags/dag.py","lineno":5,"logger":"py.warnings"}
{"timestamp":"2025-12-17T20:34:40.057728Z","level":"info","event":"Filling up the DagBag from /opt/airflow/dags/dag.py","logger":"airflow.models.dagbag.DagBag","filename":"dagbag.py","lineno":593}
{"timestamp":"2025-12-17T20:34:40.091275Z","level":"warning","event":"The `airflow.decorators.dag` attribute is deprecated. Please use `'airflow.sdk.dag'`.","category":"DeprecatedImportWarning","filename":"/opt/airflow/dags/dag.py","lineno":1,"logger":"py.warnings"}
{"timestamp":"2025-12-17T20:34:40.091339Z","level":"warning","event":"The `airflow.decorators.task` attribute is deprecated. Please use `'airflow.sdk.task'`.","category":"DeprecatedImportWarning","filename":"/opt/airflow/dags/dag.py","lineno":2,"logger":"py.warnings"}
{"timestamp":"2025-12-17T20:34:40.091366Z","level":"warning","event":"The `airflow.operators.empty.EmptyOperator` attribute is deprecated. Please use `'airflow.providers.standard.operators.empty.EmptyOperator'`.","category":"DeprecatedImportWarning","filename":"/opt/airflow/dags/dag.py","lineno":3,"logger":"py.warnings"}
{"timestamp":"2025-12-17T20:34:40.091387Z","level":"warning","event":"The `airflow.operators.python.get_current_context` attribute is deprecated. Please use `'airflow.sdk.get_current_context'`.","category":"DeprecatedImportWarning","filename":"/opt/airflow/dags/dag.py","lineno":5,"logger":"py.warnings"}
{"timestamp":"2025-12-17T20:35:10.482547Z","level":"info","event":"Filling up the DagBag from /opt/airflow/dags/dag.py","logger":"airflow.models.dagbag.DagBag","filename":"dagbag.py","lineno":593}
{"timestamp":"2025-12-17T20:35:10.519865Z","level":"warning","event":"The `airflow.decorators.dag` attribute is deprecated. Please use `'airflow.sdk.dag'`.","category":"DeprecatedImportWarning","filename":"/opt/airflow/dags/dag.py","lineno":1,"logger":"py.warnings"}
{"timestamp":"2025-12-17T20:35:10.520285Z","level":"warning","event":"The `airflow.decorators.task` attribute is deprecated. Please use `'airflow.sdk.task'`.","category":"DeprecatedImportWarning","filename":"/opt/airflow/dags/dag.py","lineno":2,"logger":"py.warnings"}
{"timestamp":"2025-12-17T20:35:10.520331Z","level":"warning","event":"The `airflow.operators.empty.EmptyOperator` attribute is deprecated. Please use `'airflow.providers.standard.operators.empty.EmptyOperator'`.","category":"DeprecatedImportWarning","filename":"/opt/airflow/dags/dag.py","lineno":3,"logger":"py.warnings"}
{"timestamp":"2025-12-17T20:35:10.520355Z","level":"warning","event":"The `airflow.operators.python.get_current_context` attribute is deprecated. Please use `'airflow.sdk.get_current_context'`.","category":"DeprecatedImportWarning","filename":"/opt/airflow/dags/dag.py","lineno":5,"logger":"py.warnings"}
{"timestamp":"2025-12-17T20:35:40.851120Z","level":"info","event":"Filling up the DagBag from /opt/airflow/dags/dag.py","logger":"airflow.models.dagbag.DagBag","filename":"dagbag.py","lineno":593}
{"timestamp":"2025-12-17T20:35:40.887069Z","level":"warning","event":"The `airflow.decorators.dag` attribute is deprecated. Please use `'airflow.sdk.dag'`.","category":"DeprecatedImportWarning","filename":"/opt/airflow/dags/dag.py","lineno":1,"logger":"py.warnings"}
{"timestamp":"2025-12-17T20:35:40.887127Z","level":"warning","event":"The `airflow.decorators.task` attribute is deprecated. Please use `'airflow.sdk.task'`.","category":"DeprecatedImportWarning","filename":"/opt/airflow/dags/dag.py","lineno":2,"logger":"py.warnings"}
{"timestamp":"2025-12-17T20:35:40.887151Z","level":"warning","event":"The `airflow.operators.empty.EmptyOperator` attribute is deprecated. Please use `'airflow.providers.standard.operators.empty.EmptyOperator'`.","category":"DeprecatedImportWarning","filename":"/opt/airflow/dags/dag.py","lineno":3,"logger":"py.warnings"}
{"timestamp":"2025-12-17T20:35:40.887171Z","level":"warning","event":"The `airflow.operators.python.get_current_context` attribute is deprecated. Please use `'airflow.sdk.get_current_context'`.","category":"DeprecatedImportWarning","filename":"/opt/airflow/dags/dag.py","lineno":5,"logger":"py.warnings"}
{"timestamp":"2025-12-17T20:36:37.539646Z","level":"info","event":"Filling up the DagBag from /opt/airflow/dags/dag.py","logger":"airflow.models.dagbag.DagBag","filename":"dagbag.py","lineno":593}
{"timestamp":"2025-12-17T20:36:37.591238Z","level":"warning","event":"The `airflow.decorators.dag` attribute is deprecated. Please use `'airflow.sdk.dag'`.","category":"DeprecatedImportWarning","filename":"/opt/airflow/dags/dag.py","lineno":1,"logger":"py.warnings"}
{"timestamp":"2025-12-17T20:36:37.591461Z","level":"warning","event":"The `airflow.decorators.task` attribute is deprecated. Please use `'airflow.sdk.task'`.","category":"DeprecatedImportWarning","filename":"/opt/airflow/dags/dag.py","lineno":2,"logger":"py.warnings"}
{"timestamp":"2025-12-17T20:36:37.591838Z","level":"warning","event":"The `airflow.operators.empty.EmptyOperator` attribute is deprecated. Please use `'airflow.providers.standard.operators.empty.EmptyOperator'`.","category":"DeprecatedImportWarning","filename":"/opt/airflow/dags/dag.py","lineno":3,"logger":"py.warnings"}
{"timestamp":"2025-12-17T20:36:37.591871Z","level":"warning","event":"The `airflow.operators.python.get_current_context` attribute is deprecated. Please use `'airflow.sdk.get_current_context'`.","category":"DeprecatedImportWarning","filename":"/opt/airflow/dags/dag.py","lineno":5,"logger":"py.warnings"}
{"timestamp":"2025-12-17T20:37:07.974004Z","level":"info","event":"Filling up the DagBag from /opt/airflow/dags/dag.py","logger":"airflow.models.dagbag.DagBag","filename":"dagbag.py","lineno":593}
{"timestamp":"2025-12-17T20:37:08.062219Z","level":"warning","event":"The `airflow.decorators.dag` attribute is deprecated. Please use `'airflow.sdk.dag'`.","category":"DeprecatedImportWarning","filename":"/opt/airflow/dags/dag.py","lineno":1,"logger":"py.warnings"}
{"timestamp":"2025-12-17T20:37:08.062635Z","level":"warning","event":"The `airflow.decorators.task` attribute is deprecated. Please use `'airflow.sdk.task'`.","category":"DeprecatedImportWarning","filename":"/opt/airflow/dags/dag.py","lineno":2,"logger":"py.warnings"}
{"timestamp":"2025-12-17T20:37:08.062706Z","level":"warning","event":"The `airflow.operators.empty.EmptyOperator` attribute is deprecated. Please use `'airflow.providers.standard.operators.empty.EmptyOperator'`.","category":"DeprecatedImportWarning","filename":"/opt/airflow/dags/dag.py","lineno":3,"logger":"py.warnings"}
{"timestamp":"2025-12-17T20:37:08.062749Z","level":"warning","event":"The `airflow.operators.python.get_current_context` attribute is deprecated. Please use `'airflow.sdk.get_current_context'`.","category":"DeprecatedImportWarning","filename":"/opt/airflow/dags/dag.py","lineno":5,"logger":"py.warnings"}
{"timestamp":"2025-12-17T20:37:38.452890Z","level":"info","event":"Filling up the DagBag from /opt/airflow/dags/dag.py","logger":"airflow.models.dagbag.DagBag","filename":"dagbag.py","lineno":593}
{"timestamp":"2025-12-17T20:37:38.501223Z","level":"warning","event":"The `airflow.decorators.dag` attribute is deprecated. Please use `'airflow.sdk.dag'`.","category":"DeprecatedImportWarning","filename":"/opt/airflow/dags/dag.py","lineno":1,"logger":"py.warnings"}
{"timestamp":"2025-12-17T20:37:38.501295Z","level":"warning","event":"The `airflow.decorators.task` attribute is deprecated. Please use `'airflow.sdk.task'`.","category":"DeprecatedImportWarning","filename":"/opt/airflow/dags/dag.py","lineno":2,"logger":"py.warnings"}
{"timestamp":"2025-12-17T20:37:38.501324Z","level":"warning","event":"The `airflow.operators.empty.EmptyOperator` attribute is deprecated. Please use `'airflow.providers.standard.operators.empty.EmptyOperator'`.","category":"DeprecatedImportWarning","filename":"/opt/airflow/dags/dag.py","lineno":3,"logger":"py.warnings"}
{"timestamp":"2025-12-17T20:37:38.501344Z","level":"warning","event":"The `airflow.operators.python.get_current_context` attribute is deprecated. Please use `'airflow.sdk.get_current_context'`.","category":"DeprecatedImportWarning","filename":"/opt/airflow/dags/dag.py","lineno":5,"logger":"py.warnings"}
{"timestamp":"2025-12-17T20:38:08.950440Z","level":"info","event":"Filling up the DagBag from /opt/airflow/dags/dag.py","logger":"airflow.models.dagbag.DagBag","filename":"dagbag.py","lineno":593}
{"timestamp":"2025-12-17T20:38:09.003398Z","level":"warning","event":"The `airflow.decorators.dag` attribute is deprecated. Please use `'airflow.sdk.dag'`.","category":"DeprecatedImportWarning","filename":"/opt/airflow/dags/dag.py","lineno":1,"logger":"py.warnings"}
{"timestamp":"2025-12-17T20:38:09.003471Z","level":"warning","event":"The `airflow.decorators.task` attribute is deprecated. Please use `'airflow.sdk.task'`.","category":"DeprecatedImportWarning","filename":"/opt/airflow/dags/dag.py","lineno":2,"logger":"py.warnings"}
{"timestamp":"2025-12-17T20:38:09.003494Z","level":"warning","event":"The `airflow.operators.empty.EmptyOperator` attribute is deprecated. Please use `'airflow.providers.standard.operators.empty.EmptyOperator'`.","category":"DeprecatedImportWarning","filename":"/opt/airflow/dags/dag.py","lineno":3,"logger":"py.warnings"}
{"timestamp":"2025-12-17T20:38:09.003513Z","level":"warning","event":"The `airflow.operators.python.get_current_context` attribute is deprecated. Please use `'airflow.sdk.get_current_context'`.","category":"DeprecatedImportWarning","filename":"/opt/airflow/dags/dag.py","lineno":5,"logger":"py.warnings"}
{"timestamp":"2025-12-17T20:38:39.425442Z","level":"info","event":"Filling up the DagBag from /opt/airflow/dags/dag.py","logger":"airflow.models.dagbag.DagBag","filename":"dagbag.py","lineno":593}
{"timestamp":"2025-12-17T20:38:39.495765Z","level":"warning","event":"The `airflow.decorators.dag` attribute is deprecated. Please use `'airflow.sdk.dag'`.","category":"DeprecatedImportWarning","filename":"/opt/airflow/dags/dag.py","lineno":1,"logger":"py.warnings"}
{"timestamp":"2025-12-17T20:38:39.496062Z","level":"warning","event":"The `airflow.decorators.task` attribute is deprecated. Please use `'airflow.sdk.task'`.","category":"DeprecatedImportWarning","filename":"/opt/airflow/dags/dag.py","lineno":2,"logger":"py.warnings"}
{"timestamp":"2025-12-17T20:38:39.496122Z","level":"warning","event":"The `airflow.operators.empty.EmptyOperator` attribute is deprecated. Please use `'airflow.providers.standard.operators.empty.EmptyOperator'`.","category":"DeprecatedImportWarning","filename":"/opt/airflow/dags/dag.py","lineno":3,"logger":"py.warnings"}
{"timestamp":"2025-12-17T20:38:39.496155Z","level":"warning","event":"The `airflow.operators.python.get_current_context` attribute is deprecated. Please use `'airflow.sdk.get_current_context'`.","category":"DeprecatedImportWarning","filename":"/opt/airflow/dags/dag.py","lineno":5,"logger":"py.warnings"}
{"timestamp":"2025-12-17T20:39:09.960515Z","level":"info","event":"Filling up the DagBag from /opt/airflow/dags/dag.py","logger":"airflow.models.dagbag.DagBag","filename":"dagbag.py","lineno":593}
{"timestamp":"2025-12-17T20:39:10.028096Z","level":"warning","event":"The `airflow.decorators.dag` attribute is deprecated. Please use `'airflow.sdk.dag'`.","category":"DeprecatedImportWarning","filename":"/opt/airflow/dags/dag.py","lineno":1,"logger":"py.warnings"}
{"timestamp":"2025-12-17T20:39:10.028175Z","level":"warning","event":"The `airflow.decorators.task` attribute is deprecated. Please use `'airflow.sdk.task'`.","category":"DeprecatedImportWarning","filename":"/opt/airflow/dags/dag.py","lineno":2,"logger":"py.warnings"}
{"timestamp":"2025-12-17T20:39:10.028196Z","level":"warning","event":"The `airflow.operators.empty.EmptyOperator` attribute is deprecated. Please use `'airflow.providers.standard.operators.empty.EmptyOperator'`.","category":"DeprecatedImportWarning","filename":"/opt/airflow/dags/dag.py","lineno":3,"logger":"py.warnings"}
{"timestamp":"2025-12-17T20:39:10.028215Z","level":"warning","event":"The `airflow.operators.python.get_current_context` attribute is deprecated. Please use `'airflow.sdk.get_current_context'`.","category":"DeprecatedImportWarning","filename":"/opt/airflow/dags/dag.py","lineno":5,"logger":"py.warnings"}
{"timestamp":"2025-12-17T20:39:40.481618Z","level":"info","event":"Filling up the DagBag from /opt/airflow/dags/dag.py","logger":"airflow.models.dagbag.DagBag","filename":"dagbag.py","lineno":593}
{"timestamp":"2025-12-17T20:39:40.540342Z","level":"warning","event":"The `airflow.decorators.dag` attribute is deprecated. Please use `'airflow.sdk.dag'`.","category":"DeprecatedImportWarning","filename":"/opt/airflow/dags/dag.py","lineno":1,"logger":"py.warnings"}
{"timestamp":"2025-12-17T20:39:40.540420Z","level":"warning","event":"The `airflow.decorators.task` attribute is deprecated. Please use `'airflow.sdk.task'`.","category":"DeprecatedImportWarning","filename":"/opt/airflow/dags/dag.py","lineno":2,"logger":"py.warnings"}
{"timestamp":"2025-12-17T20:39:40.540442Z","level":"warning","event":"The `airflow.operators.empty.EmptyOperator` attribute is deprecated. Please use `'airflow.providers.standard.operators.empty.EmptyOperator'`.","category":"DeprecatedImportWarning","filename":"/opt/airflow/dags/dag.py","lineno":3,"logger":"py.warnings"}
{"timestamp":"2025-12-17T20:39:40.540460Z","level":"warning","event":"The `airflow.operators.python.get_current_context` attribute is deprecated. Please use `'airflow.sdk.get_current_context'`.","category":"DeprecatedImportWarning","filename":"/opt/airflow/dags/dag.py","lineno":5,"logger":"py.warnings"}
{"timestamp":"2025-12-17T20:40:11.029198Z","level":"info","event":"Filling up the DagBag from /opt/airflow/dags/dag.py","logger":"airflow.models.dagbag.DagBag","filename":"dagbag.py","lineno":593}
{"timestamp":"2025-12-17T20:40:11.113425Z","level":"warning","event":"The `airflow.decorators.dag` attribute is deprecated. Please use `'airflow.sdk.dag'`.","category":"DeprecatedImportWarning","filename":"/opt/airflow/dags/dag.py","lineno":1,"logger":"py.warnings"}
{"timestamp":"2025-12-17T20:40:11.113524Z","level":"warning","event":"The `airflow.decorators.task` attribute is deprecated. Please use `'airflow.sdk.task'`.","category":"DeprecatedImportWarning","filename":"/opt/airflow/dags/dag.py","lineno":2,"logger":"py.warnings"}
{"timestamp":"2025-12-17T20:40:11.113548Z","level":"warning","event":"The `airflow.operators.empty.EmptyOperator` attribute is deprecated. Please use `'airflow.providers.standard.operators.empty.EmptyOperator'`.","category":"DeprecatedImportWarning","filename":"/opt/airflow/dags/dag.py","lineno":3,"logger":"py.warnings"}
{"timestamp":"2025-12-17T20:40:11.113580Z","level":"warning","event":"The `airflow.operators.python.get_current_context` attribute is deprecated. Please use `'airflow.sdk.get_current_context'`.","category":"DeprecatedImportWarning","filename":"/opt/airflow/dags/dag.py","lineno":5,"logger":"py.warnings"}
{"timestamp":"2025-12-17T20:40:41.486366Z","level":"info","event":"Filling up the DagBag from /opt/airflow/dags/dag.py","logger":"airflow.models.dagbag.DagBag","filename":"dagbag.py","lineno":593}
{"timestamp":"2025-12-17T20:40:41.527396Z","level":"warning","event":"The `airflow.decorators.dag` attribute is deprecated. Please use `'airflow.sdk.dag'`.","category":"DeprecatedImportWarning","filename":"/opt/airflow/dags/dag.py","lineno":1,"logger":"py.warnings"}
{"timestamp":"2025-12-17T20:40:41.527606Z","level":"warning","event":"The `airflow.decorators.task` attribute is deprecated. Please use `'airflow.sdk.task'`.","category":"DeprecatedImportWarning","filename":"/opt/airflow/dags/dag.py","lineno":2,"logger":"py.warnings"}
{"timestamp":"2025-12-17T20:40:41.527646Z","level":"warning","event":"The `airflow.operators.empty.EmptyOperator` attribute is deprecated. Please use `'airflow.providers.standard.operators.empty.EmptyOperator'`.","category":"DeprecatedImportWarning","filename":"/opt/airflow/dags/dag.py","lineno":3,"logger":"py.warnings"}
{"timestamp":"2025-12-17T20:40:41.527666Z","level":"warning","event":"The `airflow.operators.python.get_current_context` attribute is deprecated. Please use `'airflow.sdk.get_current_context'`.","category":"DeprecatedImportWarning","filename":"/opt/airflow/dags/dag.py","lineno":5,"logger":"py.warnings"}
{"timestamp":"2025-12-17T20:41:00.830816Z","level":"info","event":"Filling up the DagBag from /opt/airflow/dags/dag.py","logger":"airflow.models.dagbag.DagBag","filename":"dagbag.py","lineno":593}
{"timestamp":"2025-12-17T20:41:00.835282Z","level":"error","event":"Failed to import: /opt/airflow/dags/dag.py","logger":"airflow.models.dagbag.DagBag","filename":"dagbag.py","lineno":415,"error_detail":[{"exc_type":"SyntaxError","exc_value":"unmatched ')' (dag.py, line 139)","exc_notes":[],"syntax_error":{"offset":8,"filename":"/opt/airflow/dags/dag.py","line":"    \"\"\")","lineno":139,"msg":"unmatched ')'"},"is_cause":false,"frames":[{"filename":"/home/airflow/.local/lib/python3.12/site-packages/airflow/models/dagbag.py","lineno":405,"name":"parse"},{"filename":"<frozen importlib._bootstrap_external>","lineno":995,"name":"exec_module"},{"filename":"<frozen importlib._bootstrap_external>","lineno":1133,"name":"get_code"},{"filename":"<frozen importlib._bootstrap_external>","lineno":1063,"name":"source_to_code"},{"filename":"<frozen importlib._bootstrap>","lineno":488,"name":"_call_with_frames_removed"}],"is_group":false,"exceptions":[]}]}
{"timestamp":"2025-12-17T20:41:10.064166Z","level":"info","event":"Filling up the DagBag from /opt/airflow/dags/dag.py","logger":"airflow.models.dagbag.DagBag","filename":"dagbag.py","lineno":593}
{"timestamp":"2025-12-17T20:41:10.070355Z","level":"error","event":"Failed to import: /opt/airflow/dags/dag.py","logger":"airflow.models.dagbag.DagBag","filename":"dagbag.py","lineno":415,"error_detail":[{"exc_type":"SyntaxError","exc_value":"unmatched ')' (dag.py, line 141)","exc_notes":[],"syntax_error":{"offset":8,"filename":"/opt/airflow/dags/dag.py","line":"    \"\"\")","lineno":141,"msg":"unmatched ')'"},"is_cause":false,"frames":[{"filename":"/home/airflow/.local/lib/python3.12/site-packages/airflow/models/dagbag.py","lineno":405,"name":"parse"},{"filename":"<frozen importlib._bootstrap_external>","lineno":995,"name":"exec_module"},{"filename":"<frozen importlib._bootstrap_external>","lineno":1133,"name":"get_code"},{"filename":"<frozen importlib._bootstrap_external>","lineno":1063,"name":"source_to_code"},{"filename":"<frozen importlib._bootstrap>","lineno":488,"name":"_call_with_frames_removed"}],"is_group":false,"exceptions":[]}]}
{"timestamp":"2025-12-17T20:41:31.403053Z","level":"info","event":"Filling up the DagBag from /opt/airflow/dags/dag.py","logger":"airflow.models.dagbag.DagBag","filename":"dagbag.py","lineno":593}
{"timestamp":"2025-12-17T20:41:31.415153Z","level":"error","event":"Failed to import: /opt/airflow/dags/dag.py","logger":"airflow.models.dagbag.DagBag","filename":"dagbag.py","lineno":415,"error_detail":[{"exc_type":"SyntaxError","exc_value":"unmatched ')' (dag.py, line 141)","exc_notes":[],"syntax_error":{"offset":8,"filename":"/opt/airflow/dags/dag.py","line":"    \"\"\")","lineno":141,"msg":"unmatched ')'"},"is_cause":false,"frames":[{"filename":"/home/airflow/.local/lib/python3.12/site-packages/airflow/models/dagbag.py","lineno":405,"name":"parse"},{"filename":"<frozen importlib._bootstrap_external>","lineno":995,"name":"exec_module"},{"filename":"<frozen importlib._bootstrap_external>","lineno":1133,"name":"get_code"},{"filename":"<frozen importlib._bootstrap_external>","lineno":1063,"name":"source_to_code"},{"filename":"<frozen importlib._bootstrap>","lineno":488,"name":"_call_with_frames_removed"}],"is_group":false,"exceptions":[]}]}
{"timestamp":"2025-12-17T20:41:45.653433Z","level":"info","event":"Filling up the DagBag from /opt/airflow/dags/dag.py","logger":"airflow.models.dagbag.DagBag","filename":"dagbag.py","lineno":593}
{"timestamp":"2025-12-17T20:41:45.657292Z","level":"error","event":"Failed to import: /opt/airflow/dags/dag.py","logger":"airflow.models.dagbag.DagBag","filename":"dagbag.py","lineno":415,"error_detail":[{"exc_type":"SyntaxError","exc_value":"unmatched ')' (dag.py, line 141)","exc_notes":[],"syntax_error":{"offset":8,"filename":"/opt/airflow/dags/dag.py","line":"    \"\"\")","lineno":141,"msg":"unmatched ')'"},"is_cause":false,"frames":[{"filename":"/home/airflow/.local/lib/python3.12/site-packages/airflow/models/dagbag.py","lineno":405,"name":"parse"},{"filename":"<frozen importlib._bootstrap_external>","lineno":995,"name":"exec_module"},{"filename":"<frozen importlib._bootstrap_external>","lineno":1133,"name":"get_code"},{"filename":"<frozen importlib._bootstrap_external>","lineno":1063,"name":"source_to_code"},{"filename":"<frozen importlib._bootstrap>","lineno":488,"name":"_call_with_frames_removed"}],"is_group":false,"exceptions":[]}]}
{"timestamp":"2025-12-17T20:42:15.081044Z","level":"info","event":"Filling up the DagBag from /opt/airflow/dags/dag.py","logger":"airflow.models.dagbag.DagBag","filename":"dagbag.py","lineno":593}
{"timestamp":"2025-12-17T20:42:15.085775Z","level":"error","event":"Failed to import: /opt/airflow/dags/dag.py","logger":"airflow.models.dagbag.DagBag","filename":"dagbag.py","lineno":415,"error_detail":[{"exc_type":"SyntaxError","exc_value":"unmatched ')' (dag.py, line 142)","exc_notes":[],"syntax_error":{"offset":8,"filename":"/opt/airflow/dags/dag.py","line":"    \"\"\")","lineno":142,"msg":"unmatched ')'"},"is_cause":false,"frames":[{"filename":"/home/airflow/.local/lib/python3.12/site-packages/airflow/models/dagbag.py","lineno":405,"name":"parse"},{"filename":"<frozen importlib._bootstrap_external>","lineno":995,"name":"exec_module"},{"filename":"<frozen importlib._bootstrap_external>","lineno":1133,"name":"get_code"},{"filename":"<frozen importlib._bootstrap_external>","lineno":1063,"name":"source_to_code"},{"filename":"<frozen importlib._bootstrap>","lineno":488,"name":"_call_with_frames_removed"}],"is_group":false,"exceptions":[]}]}
{"timestamp":"2025-12-17T20:42:29.446298Z","level":"info","event":"Filling up the DagBag from /opt/airflow/dags/dag.py","logger":"airflow.models.dagbag.DagBag","filename":"dagbag.py","lineno":593}
{"timestamp":"2025-12-17T20:42:29.463440Z","level":"error","event":"Failed to import: /opt/airflow/dags/dag.py","logger":"airflow.models.dagbag.DagBag","filename":"dagbag.py","lineno":415,"error_detail":[{"exc_type":"SyntaxError","exc_value":"unmatched ')' (dag.py, line 145)","exc_notes":[],"syntax_error":{"offset":8,"filename":"/opt/airflow/dags/dag.py","line":"    \"\"\")","lineno":145,"msg":"unmatched ')'"},"is_cause":false,"frames":[{"filename":"/home/airflow/.local/lib/python3.12/site-packages/airflow/models/dagbag.py","lineno":405,"name":"parse"},{"filename":"<frozen importlib._bootstrap_external>","lineno":995,"name":"exec_module"},{"filename":"<frozen importlib._bootstrap_external>","lineno":1133,"name":"get_code"},{"filename":"<frozen importlib._bootstrap_external>","lineno":1063,"name":"source_to_code"},{"filename":"<frozen importlib._bootstrap>","lineno":488,"name":"_call_with_frames_removed"}],"is_group":false,"exceptions":[]}]}
{"timestamp":"2025-12-17T20:42:47.832575Z","level":"info","event":"Filling up the DagBag from /opt/airflow/dags/dag.py","logger":"airflow.models.dagbag.DagBag","filename":"dagbag.py","lineno":593}
{"timestamp":"2025-12-17T20:42:47.843187Z","level":"error","event":"Failed to import: /opt/airflow/dags/dag.py","logger":"airflow.models.dagbag.DagBag","filename":"dagbag.py","lineno":415,"error_detail":[{"exc_type":"SyntaxError","exc_value":"unmatched ')' (dag.py, line 145)","exc_notes":[],"syntax_error":{"offset":8,"filename":"/opt/airflow/dags/dag.py","line":"    \"\"\")","lineno":145,"msg":"unmatched ')'"},"is_cause":false,"frames":[{"filename":"/home/airflow/.local/lib/python3.12/site-packages/airflow/models/dagbag.py","lineno":405,"name":"parse"},{"filename":"<frozen importlib._bootstrap_external>","lineno":995,"name":"exec_module"},{"filename":"<frozen importlib._bootstrap_external>","lineno":1133,"name":"get_code"},{"filename":"<frozen importlib._bootstrap_external>","lineno":1063,"name":"source_to_code"},{"filename":"<frozen importlib._bootstrap>","lineno":488,"name":"_call_with_frames_removed"}],"is_group":false,"exceptions":[]}]}
{"timestamp":"2025-12-17T20:42:53.956744Z","level":"info","event":"Filling up the DagBag from /opt/airflow/dags/dag.py","logger":"airflow.models.dagbag.DagBag","filename":"dagbag.py","lineno":593}
{"timestamp":"2025-12-17T20:42:53.961153Z","level":"error","event":"Failed to import: /opt/airflow/dags/dag.py","logger":"airflow.models.dagbag.DagBag","filename":"dagbag.py","lineno":415,"error_detail":[{"exc_type":"SyntaxError","exc_value":"unmatched ')' (dag.py, line 146)","exc_notes":[],"syntax_error":{"offset":8,"filename":"/opt/airflow/dags/dag.py","line":"    \"\"\")","lineno":146,"msg":"unmatched ')'"},"is_cause":false,"frames":[{"filename":"/home/airflow/.local/lib/python3.12/site-packages/airflow/models/dagbag.py","lineno":405,"name":"parse"},{"filename":"<frozen importlib._bootstrap_external>","lineno":995,"name":"exec_module"},{"filename":"<frozen importlib._bootstrap_external>","lineno":1133,"name":"get_code"},{"filename":"<frozen importlib._bootstrap_external>","lineno":1063,"name":"source_to_code"},{"filename":"<frozen importlib._bootstrap>","lineno":488,"name":"_call_with_frames_removed"}],"is_group":false,"exceptions":[]}]}
{"timestamp":"2025-12-17T20:43:05.139262Z","level":"info","event":"Filling up the DagBag from /opt/airflow/dags/dag.py","logger":"airflow.models.dagbag.DagBag","filename":"dagbag.py","lineno":593}
{"timestamp":"2025-12-17T20:43:05.143595Z","level":"error","event":"Failed to import: /opt/airflow/dags/dag.py","logger":"airflow.models.dagbag.DagBag","filename":"dagbag.py","lineno":415,"error_detail":[{"exc_type":"SyntaxError","exc_value":"unmatched ')' (dag.py, line 146)","exc_notes":[],"syntax_error":{"offset":8,"filename":"/opt/airflow/dags/dag.py","line":"    \"\"\")","lineno":146,"msg":"unmatched ')'"},"is_cause":false,"frames":[{"filename":"/home/airflow/.local/lib/python3.12/site-packages/airflow/models/dagbag.py","lineno":405,"name":"parse"},{"filename":"<frozen importlib._bootstrap_external>","lineno":995,"name":"exec_module"},{"filename":"<frozen importlib._bootstrap_external>","lineno":1133,"name":"get_code"},{"filename":"<frozen importlib._bootstrap_external>","lineno":1063,"name":"source_to_code"},{"filename":"<frozen importlib._bootstrap>","lineno":488,"name":"_call_with_frames_removed"}],"is_group":false,"exceptions":[]}]}
{"timestamp":"2025-12-17T20:43:14.300764Z","level":"info","event":"Filling up the DagBag from /opt/airflow/dags/dag.py","logger":"airflow.models.dagbag.DagBag","filename":"dagbag.py","lineno":593}
{"timestamp":"2025-12-17T20:43:14.305046Z","level":"error","event":"Failed to import: /opt/airflow/dags/dag.py","logger":"airflow.models.dagbag.DagBag","filename":"dagbag.py","lineno":415,"error_detail":[{"exc_type":"SyntaxError","exc_value":"unmatched ')' (dag.py, line 146)","exc_notes":[],"syntax_error":{"offset":8,"filename":"/opt/airflow/dags/dag.py","line":"    \"\"\")","lineno":146,"msg":"unmatched ')'"},"is_cause":false,"frames":[{"filename":"/home/airflow/.local/lib/python3.12/site-packages/airflow/models/dagbag.py","lineno":405,"name":"parse"},{"filename":"<frozen importlib._bootstrap_external>","lineno":995,"name":"exec_module"},{"filename":"<frozen importlib._bootstrap_external>","lineno":1133,"name":"get_code"},{"filename":"<frozen importlib._bootstrap_external>","lineno":1063,"name":"source_to_code"},{"filename":"<frozen importlib._bootstrap>","lineno":488,"name":"_call_with_frames_removed"}],"is_group":false,"exceptions":[]}]}
{"timestamp":"2025-12-17T20:43:44.696830Z","level":"info","event":"Filling up the DagBag from /opt/airflow/dags/dag.py","logger":"airflow.models.dagbag.DagBag","filename":"dagbag.py","lineno":593}
{"timestamp":"2025-12-17T20:43:44.702061Z","level":"error","event":"Failed to import: /opt/airflow/dags/dag.py","logger":"airflow.models.dagbag.DagBag","filename":"dagbag.py","lineno":415,"error_detail":[{"exc_type":"SyntaxError","exc_value":"unmatched ')' (dag.py, line 146)","exc_notes":[],"syntax_error":{"offset":8,"filename":"/opt/airflow/dags/dag.py","line":"    \"\"\")","lineno":146,"msg":"unmatched ')'"},"is_cause":false,"frames":[{"filename":"/home/airflow/.local/lib/python3.12/site-packages/airflow/models/dagbag.py","lineno":405,"name":"parse"},{"filename":"<frozen importlib._bootstrap_external>","lineno":995,"name":"exec_module"},{"filename":"<frozen importlib._bootstrap_external>","lineno":1133,"name":"get_code"},{"filename":"<frozen importlib._bootstrap_external>","lineno":1063,"name":"source_to_code"},{"filename":"<frozen importlib._bootstrap>","lineno":488,"name":"_call_with_frames_removed"}],"is_group":false,"exceptions":[]}]}
{"timestamp":"2025-12-17T20:44:15.130523Z","level":"info","event":"Filling up the DagBag from /opt/airflow/dags/dag.py","logger":"airflow.models.dagbag.DagBag","filename":"dagbag.py","lineno":593}
{"timestamp":"2025-12-17T20:44:15.139945Z","level":"error","event":"Failed to import: /opt/airflow/dags/dag.py","logger":"airflow.models.dagbag.DagBag","filename":"dagbag.py","lineno":415,"error_detail":[{"exc_type":"SyntaxError","exc_value":"unmatched ')' (dag.py, line 146)","exc_notes":[],"syntax_error":{"offset":8,"filename":"/opt/airflow/dags/dag.py","line":"    \"\"\")","lineno":146,"msg":"unmatched ')'"},"is_cause":false,"frames":[{"filename":"/home/airflow/.local/lib/python3.12/site-packages/airflow/models/dagbag.py","lineno":405,"name":"parse"},{"filename":"<frozen importlib._bootstrap_external>","lineno":995,"name":"exec_module"},{"filename":"<frozen importlib._bootstrap_external>","lineno":1133,"name":"get_code"},{"filename":"<frozen importlib._bootstrap_external>","lineno":1063,"name":"source_to_code"},{"filename":"<frozen importlib._bootstrap>","lineno":488,"name":"_call_with_frames_removed"}],"is_group":false,"exceptions":[]}]}
{"timestamp":"2025-12-17T20:44:20.293476Z","level":"info","event":"Filling up the DagBag from /opt/airflow/dags/dag.py","logger":"airflow.models.dagbag.DagBag","filename":"dagbag.py","lineno":593}
{"timestamp":"2025-12-17T20:44:20.297581Z","level":"error","event":"Failed to import: /opt/airflow/dags/dag.py","logger":"airflow.models.dagbag.DagBag","filename":"dagbag.py","lineno":415,"error_detail":[{"exc_type":"SyntaxError","exc_value":"unterminated string literal (detected at line 66) (dag.py, line 66)","exc_notes":[],"syntax_error":{"offset":13,"filename":"/opt/airflow/dags/dag.py","line":"        sql=\"INSERT INTO openskynetwork_brute (","lineno":66,"msg":"unterminated string literal (detected at line 66)"},"is_cause":false,"frames":[{"filename":"/home/airflow/.local/lib/python3.12/site-packages/airflow/models/dagbag.py","lineno":405,"name":"parse"},{"filename":"<frozen importlib._bootstrap_external>","lineno":995,"name":"exec_module"},{"filename":"<frozen importlib._bootstrap_external>","lineno":1133,"name":"get_code"},{"filename":"<frozen importlib._bootstrap_external>","lineno":1063,"name":"source_to_code"},{"filename":"<frozen importlib._bootstrap>","lineno":488,"name":"_call_with_frames_removed"}],"is_group":false,"exceptions":[]}]}
{"timestamp":"2025-12-17T20:44:50.700369Z","level":"info","event":"Filling up the DagBag from /opt/airflow/dags/dag.py","logger":"airflow.models.dagbag.DagBag","filename":"dagbag.py","lineno":593}
{"timestamp":"2025-12-17T20:44:50.705981Z","level":"error","event":"Failed to import: /opt/airflow/dags/dag.py","logger":"airflow.models.dagbag.DagBag","filename":"dagbag.py","lineno":415,"error_detail":[{"exc_type":"SyntaxError","exc_value":"unterminated string literal (detected at line 66) (dag.py, line 66)","exc_notes":[],"syntax_error":{"offset":13,"filename":"/opt/airflow/dags/dag.py","line":"        sql=\"INSERT INTO openskynetwork_brute (","lineno":66,"msg":"unterminated string literal (detected at line 66)"},"is_cause":false,"frames":[{"filename":"/home/airflow/.local/lib/python3.12/site-packages/airflow/models/dagbag.py","lineno":405,"name":"parse"},{"filename":"<frozen importlib._bootstrap_external>","lineno":995,"name":"exec_module"},{"filename":"<frozen importlib._bootstrap_external>","lineno":1133,"name":"get_code"},{"filename":"<frozen importlib._bootstrap_external>","lineno":1063,"name":"source_to_code"},{"filename":"<frozen importlib._bootstrap>","lineno":488,"name":"_call_with_frames_removed"}],"is_group":false,"exceptions":[]}]}
{"timestamp":"2025-12-17T20:45:01.878913Z","level":"info","event":"Filling up the DagBag from /opt/airflow/dags/dag.py","logger":"airflow.models.dagbag.DagBag","filename":"dagbag.py","lineno":593}
{"timestamp":"2025-12-17T20:45:01.900083Z","level":"error","event":"Failed to import: /opt/airflow/dags/dag.py","logger":"airflow.models.dagbag.DagBag","filename":"dagbag.py","lineno":415,"error_detail":[{"exc_type":"SyntaxError","exc_value":"invalid syntax. Perhaps you forgot a comma? (dag.py, line 65)","exc_notes":[],"syntax_error":{"offset":17,"filename":"/opt/airflow/dags/dag.py","line":"        conn_id='DUCK_DB'\n","lineno":65,"msg":"invalid syntax. Perhaps you forgot a comma?"},"is_cause":false,"frames":[{"filename":"/home/airflow/.local/lib/python3.12/site-packages/airflow/models/dagbag.py","lineno":405,"name":"parse"},{"filename":"<frozen importlib._bootstrap_external>","lineno":995,"name":"exec_module"},{"filename":"<frozen importlib._bootstrap_external>","lineno":1133,"name":"get_code"},{"filename":"<frozen importlib._bootstrap_external>","lineno":1063,"name":"source_to_code"},{"filename":"<frozen importlib._bootstrap>","lineno":488,"name":"_call_with_frames_removed"}],"is_group":false,"exceptions":[]}]}
{"timestamp":"2025-12-17T20:45:32.310847Z","level":"info","event":"Filling up the DagBag from /opt/airflow/dags/dag.py","logger":"airflow.models.dagbag.DagBag","filename":"dagbag.py","lineno":593}
{"timestamp":"2025-12-17T20:45:32.314151Z","level":"error","event":"Failed to import: /opt/airflow/dags/dag.py","logger":"airflow.models.dagbag.DagBag","filename":"dagbag.py","lineno":415,"error_detail":[{"exc_type":"SyntaxError","exc_value":"invalid syntax. Perhaps you forgot a comma? (dag.py, line 65)","exc_notes":[],"syntax_error":{"offset":17,"filename":"/opt/airflow/dags/dag.py","line":"        conn_id='DUCK_DB'\n","lineno":65,"msg":"invalid syntax. Perhaps you forgot a comma?"},"is_cause":false,"frames":[{"filename":"/home/airflow/.local/lib/python3.12/site-packages/airflow/models/dagbag.py","lineno":405,"name":"parse"},{"filename":"<frozen importlib._bootstrap_external>","lineno":995,"name":"exec_module"},{"filename":"<frozen importlib._bootstrap_external>","lineno":1133,"name":"get_code"},{"filename":"<frozen importlib._bootstrap_external>","lineno":1063,"name":"source_to_code"},{"filename":"<frozen importlib._bootstrap>","lineno":488,"name":"_call_with_frames_removed"}],"is_group":false,"exceptions":[]}]}
{"timestamp":"2025-12-17T20:45:51.546982Z","level":"info","event":"Filling up the DagBag from /opt/airflow/dags/dag.py","logger":"airflow.models.dagbag.DagBag","filename":"dagbag.py","lineno":593}
{"timestamp":"2025-12-17T20:45:51.552892Z","level":"error","event":"Failed to import: /opt/airflow/dags/dag.py","logger":"airflow.models.dagbag.DagBag","filename":"dagbag.py","lineno":415,"error_detail":[{"exc_type":"SyntaxError","exc_value":"unterminated string literal (detected at line 114) (dag.py, line 114)","exc_notes":[],"syntax_error":{"offset":4,"filename":"/opt/airflow/dags/dag.py","line":"\"\"\"\"","lineno":114,"msg":"unterminated string literal (detected at line 114)"},"is_cause":false,"frames":[{"filename":"/home/airflow/.local/lib/python3.12/site-packages/airflow/models/dagbag.py","lineno":405,"name":"parse"},{"filename":"<frozen importlib._bootstrap_external>","lineno":995,"name":"exec_module"},{"filename":"<frozen importlib._bootstrap_external>","lineno":1133,"name":"get_code"},{"filename":"<frozen importlib._bootstrap_external>","lineno":1063,"name":"source_to_code"},{"filename":"<frozen importlib._bootstrap>","lineno":488,"name":"_call_with_frames_removed"}],"is_group":false,"exceptions":[]}]}
{"timestamp":"2025-12-17T20:46:06.800715Z","level":"info","event":"Filling up the DagBag from /opt/airflow/dags/dag.py","logger":"airflow.models.dagbag.DagBag","filename":"dagbag.py","lineno":593}
{"timestamp":"2025-12-17T20:46:06.804406Z","level":"error","event":"Failed to import: /opt/airflow/dags/dag.py","logger":"airflow.models.dagbag.DagBag","filename":"dagbag.py","lineno":415,"error_detail":[{"exc_type":"SyntaxError","exc_value":"unterminated string literal (detected at line 115) (dag.py, line 115)","exc_notes":[],"syntax_error":{"offset":4,"filename":"/opt/airflow/dags/dag.py","line":"\"\"\"\"","lineno":115,"msg":"unterminated string literal (detected at line 115)"},"is_cause":false,"frames":[{"filename":"/home/airflow/.local/lib/python3.12/site-packages/airflow/models/dagbag.py","lineno":405,"name":"parse"},{"filename":"<frozen importlib._bootstrap_external>","lineno":995,"name":"exec_module"},{"filename":"<frozen importlib._bootstrap_external>","lineno":1133,"name":"get_code"},{"filename":"<frozen importlib._bootstrap_external>","lineno":1063,"name":"source_to_code"},{"filename":"<frozen importlib._bootstrap>","lineno":488,"name":"_call_with_frames_removed"}],"is_group":false,"exceptions":[]}]}
{"timestamp":"2025-12-17T20:46:16.997210Z","level":"info","event":"Filling up the DagBag from /opt/airflow/dags/dag.py","logger":"airflow.models.dagbag.DagBag","filename":"dagbag.py","lineno":593}
{"timestamp":"2025-12-17T20:46:17.001087Z","level":"error","event":"Failed to import: /opt/airflow/dags/dag.py","logger":"airflow.models.dagbag.DagBag","filename":"dagbag.py","lineno":415,"error_detail":[{"exc_type":"SyntaxError","exc_value":"unterminated string literal (detected at line 115) (dag.py, line 115)","exc_notes":[],"syntax_error":{"offset":4,"filename":"/opt/airflow/dags/dag.py","line":"\"\"\"\"","lineno":115,"msg":"unterminated string literal (detected at line 115)"},"is_cause":false,"frames":[{"filename":"/home/airflow/.local/lib/python3.12/site-packages/airflow/models/dagbag.py","lineno":405,"name":"parse"},{"filename":"<frozen importlib._bootstrap_external>","lineno":995,"name":"exec_module"},{"filename":"<frozen importlib._bootstrap_external>","lineno":1133,"name":"get_code"},{"filename":"<frozen importlib._bootstrap_external>","lineno":1063,"name":"source_to_code"},{"filename":"<frozen importlib._bootstrap>","lineno":488,"name":"_call_with_frames_removed"}],"is_group":false,"exceptions":[]}]}
{"timestamp":"2025-12-17T20:46:35.327091Z","level":"info","event":"Filling up the DagBag from /opt/airflow/dags/dag.py","logger":"airflow.models.dagbag.DagBag","filename":"dagbag.py","lineno":593}
{"timestamp":"2025-12-17T20:46:35.333775Z","level":"error","event":"Failed to import: /opt/airflow/dags/dag.py","logger":"airflow.models.dagbag.DagBag","filename":"dagbag.py","lineno":415,"error_detail":[{"exc_type":"SyntaxError","exc_value":"unterminated string literal (detected at line 117) (dag.py, line 117)","exc_notes":[],"syntax_error":{"offset":4,"filename":"/opt/airflow/dags/dag.py","line":"\"\"\"\"","lineno":117,"msg":"unterminated string literal (detected at line 117)"},"is_cause":false,"frames":[{"filename":"/home/airflow/.local/lib/python3.12/site-packages/airflow/models/dagbag.py","lineno":405,"name":"parse"},{"filename":"<frozen importlib._bootstrap_external>","lineno":995,"name":"exec_module"},{"filename":"<frozen importlib._bootstrap_external>","lineno":1133,"name":"get_code"},{"filename":"<frozen importlib._bootstrap_external>","lineno":1063,"name":"source_to_code"},{"filename":"<frozen importlib._bootstrap>","lineno":488,"name":"_call_with_frames_removed"}],"is_group":false,"exceptions":[]}]}
{"timestamp":"2025-12-17T20:46:46.519498Z","level":"info","event":"Filling up the DagBag from /opt/airflow/dags/dag.py","logger":"airflow.models.dagbag.DagBag","filename":"dagbag.py","lineno":593}
{"timestamp":"2025-12-17T20:46:46.527289Z","level":"error","event":"Failed to import: /opt/airflow/dags/dag.py","logger":"airflow.models.dagbag.DagBag","filename":"dagbag.py","lineno":415,"error_detail":[{"exc_type":"SyntaxError","exc_value":"unterminated string literal (detected at line 118) (dag.py, line 118)","exc_notes":[],"syntax_error":{"offset":4,"filename":"/opt/airflow/dags/dag.py","line":"\"\"\"\"","lineno":118,"msg":"unterminated string literal (detected at line 118)"},"is_cause":false,"frames":[{"filename":"/home/airflow/.local/lib/python3.12/site-packages/airflow/models/dagbag.py","lineno":405,"name":"parse"},{"filename":"<frozen importlib._bootstrap_external>","lineno":995,"name":"exec_module"},{"filename":"<frozen importlib._bootstrap_external>","lineno":1133,"name":"get_code"},{"filename":"<frozen importlib._bootstrap_external>","lineno":1063,"name":"source_to_code"},{"filename":"<frozen importlib._bootstrap>","lineno":488,"name":"_call_with_frames_removed"}],"is_group":false,"exceptions":[]}]}
{"timestamp":"2025-12-17T20:46:51.651232Z","level":"info","event":"Filling up the DagBag from /opt/airflow/dags/dag.py","logger":"airflow.models.dagbag.DagBag","filename":"dagbag.py","lineno":593}
{"timestamp":"2025-12-17T20:46:51.655975Z","level":"error","event":"Failed to import: /opt/airflow/dags/dag.py","logger":"airflow.models.dagbag.DagBag","filename":"dagbag.py","lineno":415,"error_detail":[{"exc_type":"SyntaxError","exc_value":"unterminated string literal (detected at line 118) (dag.py, line 118)","exc_notes":[],"syntax_error":{"offset":4,"filename":"/opt/airflow/dags/dag.py","line":"\"\"\"\"","lineno":118,"msg":"unterminated string literal (detected at line 118)"},"is_cause":false,"frames":[{"filename":"/home/airflow/.local/lib/python3.12/site-packages/airflow/models/dagbag.py","lineno":405,"name":"parse"},{"filename":"<frozen importlib._bootstrap_external>","lineno":995,"name":"exec_module"},{"filename":"<frozen importlib._bootstrap_external>","lineno":1133,"name":"get_code"},{"filename":"<frozen importlib._bootstrap_external>","lineno":1063,"name":"source_to_code"},{"filename":"<frozen importlib._bootstrap>","lineno":488,"name":"_call_with_frames_removed"}],"is_group":false,"exceptions":[]}]}
{"timestamp":"2025-12-17T20:47:21.062115Z","level":"info","event":"Filling up the DagBag from /opt/airflow/dags/dag.py","logger":"airflow.models.dagbag.DagBag","filename":"dagbag.py","lineno":593}
{"timestamp":"2025-12-17T20:47:21.066205Z","level":"error","event":"Failed to import: /opt/airflow/dags/dag.py","logger":"airflow.models.dagbag.DagBag","filename":"dagbag.py","lineno":415,"error_detail":[{"exc_type":"SyntaxError","exc_value":"unterminated string literal (detected at line 117) (dag.py, line 117)","exc_notes":[],"syntax_error":{"offset":4,"filename":"/opt/airflow/dags/dag.py","line":"\"\"\"\"","lineno":117,"msg":"unterminated string literal (detected at line 117)"},"is_cause":false,"frames":[{"filename":"/home/airflow/.local/lib/python3.12/site-packages/airflow/models/dagbag.py","lineno":405,"name":"parse"},{"filename":"<frozen importlib._bootstrap_external>","lineno":995,"name":"exec_module"},{"filename":"<frozen importlib._bootstrap_external>","lineno":1133,"name":"get_code"},{"filename":"<frozen importlib._bootstrap_external>","lineno":1063,"name":"source_to_code"},{"filename":"<frozen importlib._bootstrap>","lineno":488,"name":"_call_with_frames_removed"}],"is_group":false,"exceptions":[]}]}
{"timestamp":"2025-12-17T20:47:51.436429Z","level":"info","event":"Filling up the DagBag from /opt/airflow/dags/dag.py","logger":"airflow.models.dagbag.DagBag","filename":"dagbag.py","lineno":593}
{"timestamp":"2025-12-17T20:47:51.440181Z","level":"error","event":"Failed to import: /opt/airflow/dags/dag.py","logger":"airflow.models.dagbag.DagBag","filename":"dagbag.py","lineno":415,"error_detail":[{"exc_type":"SyntaxError","exc_value":"unterminated string literal (detected at line 117) (dag.py, line 117)","exc_notes":[],"syntax_error":{"offset":4,"filename":"/opt/airflow/dags/dag.py","line":"\"\"\"\"","lineno":117,"msg":"unterminated string literal (detected at line 117)"},"is_cause":false,"frames":[{"filename":"/home/airflow/.local/lib/python3.12/site-packages/airflow/models/dagbag.py","lineno":405,"name":"parse"},{"filename":"<frozen importlib._bootstrap_external>","lineno":995,"name":"exec_module"},{"filename":"<frozen importlib._bootstrap_external>","lineno":1133,"name":"get_code"},{"filename":"<frozen importlib._bootstrap_external>","lineno":1063,"name":"source_to_code"},{"filename":"<frozen importlib._bootstrap>","lineno":488,"name":"_call_with_frames_removed"}],"is_group":false,"exceptions":[]}]}
{"timestamp":"2025-12-17T20:48:21.780313Z","level":"info","event":"Filling up the DagBag from /opt/airflow/dags/dag.py","logger":"airflow.models.dagbag.DagBag","filename":"dagbag.py","lineno":593}
{"timestamp":"2025-12-17T20:48:21.784571Z","level":"error","event":"Failed to import: /opt/airflow/dags/dag.py","logger":"airflow.models.dagbag.DagBag","filename":"dagbag.py","lineno":415,"error_detail":[{"exc_type":"SyntaxError","exc_value":"unterminated string literal (detected at line 117) (dag.py, line 117)","exc_notes":[],"syntax_error":{"offset":4,"filename":"/opt/airflow/dags/dag.py","line":"\"\"\"\"","lineno":117,"msg":"unterminated string literal (detected at line 117)"},"is_cause":false,"frames":[{"filename":"/home/airflow/.local/lib/python3.12/site-packages/airflow/models/dagbag.py","lineno":405,"name":"parse"},{"filename":"<frozen importlib._bootstrap_external>","lineno":995,"name":"exec_module"},{"filename":"<frozen importlib._bootstrap_external>","lineno":1133,"name":"get_code"},{"filename":"<frozen importlib._bootstrap_external>","lineno":1063,"name":"source_to_code"},{"filename":"<frozen importlib._bootstrap>","lineno":488,"name":"_call_with_frames_removed"}],"is_group":false,"exceptions":[]}]}
{"timestamp":"2025-12-17T20:48:52.146057Z","level":"info","event":"Filling up the DagBag from /opt/airflow/dags/dag.py","logger":"airflow.models.dagbag.DagBag","filename":"dagbag.py","lineno":593}
{"timestamp":"2025-12-17T20:48:52.150471Z","level":"error","event":"Failed to import: /opt/airflow/dags/dag.py","logger":"airflow.models.dagbag.DagBag","filename":"dagbag.py","lineno":415,"error_detail":[{"exc_type":"SyntaxError","exc_value":"unterminated string literal (detected at line 117) (dag.py, line 117)","exc_notes":[],"syntax_error":{"offset":4,"filename":"/opt/airflow/dags/dag.py","line":"\"\"\"\"","lineno":117,"msg":"unterminated string literal (detected at line 117)"},"is_cause":false,"frames":[{"filename":"/home/airflow/.local/lib/python3.12/site-packages/airflow/models/dagbag.py","lineno":405,"name":"parse"},{"filename":"<frozen importlib._bootstrap_external>","lineno":995,"name":"exec_module"},{"filename":"<frozen importlib._bootstrap_external>","lineno":1133,"name":"get_code"},{"filename":"<frozen importlib._bootstrap_external>","lineno":1063,"name":"source_to_code"},{"filename":"<frozen importlib._bootstrap>","lineno":488,"name":"_call_with_frames_removed"}],"is_group":false,"exceptions":[]}]}
{"timestamp":"2025-12-17T20:48:56.320116Z","level":"info","event":"Filling up the DagBag from /opt/airflow/dags/dag.py","logger":"airflow.models.dagbag.DagBag","filename":"dagbag.py","lineno":593}
{"timestamp":"2025-12-17T20:48:56.324143Z","level":"error","event":"Failed to import: /opt/airflow/dags/dag.py","logger":"airflow.models.dagbag.DagBag","filename":"dagbag.py","lineno":415,"error_detail":[{"exc_type":"SyntaxError","exc_value":"unterminated string literal (detected at line 116) (dag.py, line 116)","exc_notes":[],"syntax_error":{"offset":4,"filename":"/opt/airflow/dags/dag.py","line":"\"\"\"\"","lineno":116,"msg":"unterminated string literal (detected at line 116)"},"is_cause":false,"frames":[{"filename":"/home/airflow/.local/lib/python3.12/site-packages/airflow/models/dagbag.py","lineno":405,"name":"parse"},{"filename":"<frozen importlib._bootstrap_external>","lineno":995,"name":"exec_module"},{"filename":"<frozen importlib._bootstrap_external>","lineno":1133,"name":"get_code"},{"filename":"<frozen importlib._bootstrap_external>","lineno":1063,"name":"source_to_code"},{"filename":"<frozen importlib._bootstrap>","lineno":488,"name":"_call_with_frames_removed"}],"is_group":false,"exceptions":[]}]}
{"timestamp":"2025-12-17T20:49:11.538186Z","level":"info","event":"Filling up the DagBag from /opt/airflow/dags/dag.py","logger":"airflow.models.dagbag.DagBag","filename":"dagbag.py","lineno":593}
{"timestamp":"2025-12-17T20:49:11.542498Z","level":"error","event":"Failed to import: /opt/airflow/dags/dag.py","logger":"airflow.models.dagbag.DagBag","filename":"dagbag.py","lineno":415,"error_detail":[{"exc_type":"SyntaxError","exc_value":"unterminated string literal (detected at line 116) (dag.py, line 116)","exc_notes":[],"syntax_error":{"offset":4,"filename":"/opt/airflow/dags/dag.py","line":"\"\"\"\"","lineno":116,"msg":"unterminated string literal (detected at line 116)"},"is_cause":false,"frames":[{"filename":"/home/airflow/.local/lib/python3.12/site-packages/airflow/models/dagbag.py","lineno":405,"name":"parse"},{"filename":"<frozen importlib._bootstrap_external>","lineno":995,"name":"exec_module"},{"filename":"<frozen importlib._bootstrap_external>","lineno":1133,"name":"get_code"},{"filename":"<frozen importlib._bootstrap_external>","lineno":1063,"name":"source_to_code"},{"filename":"<frozen importlib._bootstrap>","lineno":488,"name":"_call_with_frames_removed"}],"is_group":false,"exceptions":[]}]}
{"timestamp":"2025-12-17T20:49:39.952631Z","level":"info","event":"Filling up the DagBag from /opt/airflow/dags/dag.py","logger":"airflow.models.dagbag.DagBag","filename":"dagbag.py","lineno":593}
{"timestamp":"2025-12-17T20:49:39.959462Z","level":"error","event":"Failed to import: /opt/airflow/dags/dag.py","logger":"airflow.models.dagbag.DagBag","filename":"dagbag.py","lineno":415,"error_detail":[{"exc_type":"SyntaxError","exc_value":"unterminated string literal (detected at line 116) (dag.py, line 116)","exc_notes":[],"syntax_error":{"offset":4,"filename":"/opt/airflow/dags/dag.py","line":"\"\"\"\"","lineno":116,"msg":"unterminated string literal (detected at line 116)"},"is_cause":false,"frames":[{"filename":"/home/airflow/.local/lib/python3.12/site-packages/airflow/models/dagbag.py","lineno":405,"name":"parse"},{"filename":"<frozen importlib._bootstrap_external>","lineno":995,"name":"exec_module"},{"filename":"<frozen importlib._bootstrap_external>","lineno":1133,"name":"get_code"},{"filename":"<frozen importlib._bootstrap_external>","lineno":1063,"name":"source_to_code"},{"filename":"<frozen importlib._bootstrap>","lineno":488,"name":"_call_with_frames_removed"}],"is_group":false,"exceptions":[]}]}
{"timestamp":"2025-12-17T20:50:10.364653Z","level":"info","event":"Filling up the DagBag from /opt/airflow/dags/dag.py","logger":"airflow.models.dagbag.DagBag","filename":"dagbag.py","lineno":593}
{"timestamp":"2025-12-17T20:50:10.372560Z","level":"error","event":"Failed to import: /opt/airflow/dags/dag.py","logger":"airflow.models.dagbag.DagBag","filename":"dagbag.py","lineno":415,"error_detail":[{"exc_type":"SyntaxError","exc_value":"unterminated string literal (detected at line 116) (dag.py, line 116)","exc_notes":[],"syntax_error":{"offset":4,"filename":"/opt/airflow/dags/dag.py","line":"\"\"\"\"","lineno":116,"msg":"unterminated string literal (detected at line 116)"},"is_cause":false,"frames":[{"filename":"/home/airflow/.local/lib/python3.12/site-packages/airflow/models/dagbag.py","lineno":405,"name":"parse"},{"filename":"<frozen importlib._bootstrap_external>","lineno":995,"name":"exec_module"},{"filename":"<frozen importlib._bootstrap_external>","lineno":1133,"name":"get_code"},{"filename":"<frozen importlib._bootstrap_external>","lineno":1063,"name":"source_to_code"},{"filename":"<frozen importlib._bootstrap>","lineno":488,"name":"_call_with_frames_removed"}],"is_group":false,"exceptions":[]}]}
{"timestamp":"2025-12-17T20:50:40.776298Z","level":"info","event":"Filling up the DagBag from /opt/airflow/dags/dag.py","logger":"airflow.models.dagbag.DagBag","filename":"dagbag.py","lineno":593}
{"timestamp":"2025-12-17T20:50:40.782000Z","level":"error","event":"Failed to import: /opt/airflow/dags/dag.py","logger":"airflow.models.dagbag.DagBag","filename":"dagbag.py","lineno":415,"error_detail":[{"exc_type":"SyntaxError","exc_value":"unterminated string literal (detected at line 116) (dag.py, line 116)","exc_notes":[],"syntax_error":{"offset":4,"filename":"/opt/airflow/dags/dag.py","line":"\"\"\"\"","lineno":116,"msg":"unterminated string literal (detected at line 116)"},"is_cause":false,"frames":[{"filename":"/home/airflow/.local/lib/python3.12/site-packages/airflow/models/dagbag.py","lineno":405,"name":"parse"},{"filename":"<frozen importlib._bootstrap_external>","lineno":995,"name":"exec_module"},{"filename":"<frozen importlib._bootstrap_external>","lineno":1133,"name":"get_code"},{"filename":"<frozen importlib._bootstrap_external>","lineno":1063,"name":"source_to_code"},{"filename":"<frozen importlib._bootstrap>","lineno":488,"name":"_call_with_frames_removed"}],"is_group":false,"exceptions":[]}]}
{"timestamp":"2025-12-17T20:51:11.197250Z","level":"info","event":"Filling up the DagBag from /opt/airflow/dags/dag.py","logger":"airflow.models.dagbag.DagBag","filename":"dagbag.py","lineno":593}
{"timestamp":"2025-12-17T20:51:11.205114Z","level":"error","event":"Failed to import: /opt/airflow/dags/dag.py","logger":"airflow.models.dagbag.DagBag","filename":"dagbag.py","lineno":415,"error_detail":[{"exc_type":"SyntaxError","exc_value":"unterminated string literal (detected at line 116) (dag.py, line 116)","exc_notes":[],"syntax_error":{"offset":4,"filename":"/opt/airflow/dags/dag.py","line":"\"\"\"\"","lineno":116,"msg":"unterminated string literal (detected at line 116)"},"is_cause":false,"frames":[{"filename":"/home/airflow/.local/lib/python3.12/site-packages/airflow/models/dagbag.py","lineno":405,"name":"parse"},{"filename":"<frozen importlib._bootstrap_external>","lineno":995,"name":"exec_module"},{"filename":"<frozen importlib._bootstrap_external>","lineno":1133,"name":"get_code"},{"filename":"<frozen importlib._bootstrap_external>","lineno":1063,"name":"source_to_code"},{"filename":"<frozen importlib._bootstrap>","lineno":488,"name":"_call_with_frames_removed"}],"is_group":false,"exceptions":[]}]}
{"timestamp":"2025-12-17T20:51:41.545648Z","level":"info","event":"Filling up the DagBag from /opt/airflow/dags/dag.py","logger":"airflow.models.dagbag.DagBag","filename":"dagbag.py","lineno":593}
{"timestamp":"2025-12-17T20:51:41.549925Z","level":"error","event":"Failed to import: /opt/airflow/dags/dag.py","logger":"airflow.models.dagbag.DagBag","filename":"dagbag.py","lineno":415,"error_detail":[{"exc_type":"SyntaxError","exc_value":"unterminated string literal (detected at line 116) (dag.py, line 116)","exc_notes":[],"syntax_error":{"offset":4,"filename":"/opt/airflow/dags/dag.py","line":"\"\"\"\"","lineno":116,"msg":"unterminated string literal (detected at line 116)"},"is_cause":false,"frames":[{"filename":"/home/airflow/.local/lib/python3.12/site-packages/airflow/models/dagbag.py","lineno":405,"name":"parse"},{"filename":"<frozen importlib._bootstrap_external>","lineno":995,"name":"exec_module"},{"filename":"<frozen importlib._bootstrap_external>","lineno":1133,"name":"get_code"},{"filename":"<frozen importlib._bootstrap_external>","lineno":1063,"name":"source_to_code"},{"filename":"<frozen importlib._bootstrap>","lineno":488,"name":"_call_with_frames_removed"}],"is_group":false,"exceptions":[]}]}
{"timestamp":"2025-12-17T20:52:11.958288Z","level":"info","event":"Filling up the DagBag from /opt/airflow/dags/dag.py","logger":"airflow.models.dagbag.DagBag","filename":"dagbag.py","lineno":593}
{"timestamp":"2025-12-17T20:52:11.962514Z","level":"error","event":"Failed to import: /opt/airflow/dags/dag.py","logger":"airflow.models.dagbag.DagBag","filename":"dagbag.py","lineno":415,"error_detail":[{"exc_type":"SyntaxError","exc_value":"unterminated string literal (detected at line 116) (dag.py, line 116)","exc_notes":[],"syntax_error":{"offset":4,"filename":"/opt/airflow/dags/dag.py","line":"\"\"\"\"","lineno":116,"msg":"unterminated string literal (detected at line 116)"},"is_cause":false,"frames":[{"filename":"/home/airflow/.local/lib/python3.12/site-packages/airflow/models/dagbag.py","lineno":405,"name":"parse"},{"filename":"<frozen importlib._bootstrap_external>","lineno":995,"name":"exec_module"},{"filename":"<frozen importlib._bootstrap_external>","lineno":1133,"name":"get_code"},{"filename":"<frozen importlib._bootstrap_external>","lineno":1063,"name":"source_to_code"},{"filename":"<frozen importlib._bootstrap>","lineno":488,"name":"_call_with_frames_removed"}],"is_group":false,"exceptions":[]}]}
{"timestamp":"2025-12-17T20:52:42.275379Z","level":"info","event":"Filling up the DagBag from /opt/airflow/dags/dag.py","logger":"airflow.models.dagbag.DagBag","filename":"dagbag.py","lineno":593}
{"timestamp":"2025-12-17T20:52:42.283742Z","level":"error","event":"Failed to import: /opt/airflow/dags/dag.py","logger":"airflow.models.dagbag.DagBag","filename":"dagbag.py","lineno":415,"error_detail":[{"exc_type":"SyntaxError","exc_value":"unterminated string literal (detected at line 116) (dag.py, line 116)","exc_notes":[],"syntax_error":{"offset":4,"filename":"/opt/airflow/dags/dag.py","line":"\"\"\"\"","lineno":116,"msg":"unterminated string literal (detected at line 116)"},"is_cause":false,"frames":[{"filename":"/home/airflow/.local/lib/python3.12/site-packages/airflow/models/dagbag.py","lineno":405,"name":"parse"},{"filename":"<frozen importlib._bootstrap_external>","lineno":995,"name":"exec_module"},{"filename":"<frozen importlib._bootstrap_external>","lineno":1133,"name":"get_code"},{"filename":"<frozen importlib._bootstrap_external>","lineno":1063,"name":"source_to_code"},{"filename":"<frozen importlib._bootstrap>","lineno":488,"name":"_call_with_frames_removed"}],"is_group":false,"exceptions":[]}]}
{"timestamp":"2025-12-17T20:52:53.612883Z","level":"info","event":"Filling up the DagBag from /opt/airflow/dags/dag.py","logger":"airflow.models.dagbag.DagBag","filename":"dagbag.py","lineno":593}
{"timestamp":"2025-12-17T20:52:53.653575Z","level":"error","event":"Failed to import: /opt/airflow/dags/dag.py","logger":"airflow.models.dagbag.DagBag","filename":"dagbag.py","lineno":415,"error_detail":[{"exc_type":"NameError","exc_value":"name 'ti' is not defined","exc_notes":[],"syntax_error":null,"is_cause":false,"frames":[{"filename":"/home/airflow/.local/lib/python3.12/site-packages/airflow/models/dagbag.py","lineno":405,"name":"parse"},{"filename":"<frozen importlib._bootstrap_external>","lineno":999,"name":"exec_module"},{"filename":"<frozen importlib._bootstrap>","lineno":488,"name":"_call_with_frames_removed"},{"filename":"/opt/airflow/dags/dag.py","lineno":174,"name":"<module>"},{"filename":"/home/airflow/.local/lib/python3.12/site-packages/airflow/sdk/definitions/dag.py","lineno":1557,"name":"factory"},{"filename":"/opt/airflow/dags/dag.py","lineno":167,"name":"flights_pipeline"},{"filename":"/opt/airflow/dags/dag.py","lineno":76,"name":"load_from_file"}],"is_group":false,"exceptions":[]}]}
{"timestamp":"2025-12-17T20:52:53.654912Z","level":"warning","event":"The `airflow.decorators.dag` attribute is deprecated. Please use `'airflow.sdk.dag'`.","category":"DeprecatedImportWarning","filename":"/opt/airflow/dags/dag.py","lineno":1,"logger":"py.warnings"}
{"timestamp":"2025-12-17T20:52:53.654948Z","level":"warning","event":"The `airflow.decorators.task` attribute is deprecated. Please use `'airflow.sdk.task'`.","category":"DeprecatedImportWarning","filename":"/opt/airflow/dags/dag.py","lineno":2,"logger":"py.warnings"}
{"timestamp":"2025-12-17T20:52:53.654968Z","level":"warning","event":"The `airflow.operators.empty.EmptyOperator` attribute is deprecated. Please use `'airflow.providers.standard.operators.empty.EmptyOperator'`.","category":"DeprecatedImportWarning","filename":"/opt/airflow/dags/dag.py","lineno":3,"logger":"py.warnings"}
{"timestamp":"2025-12-17T20:52:53.654987Z","level":"warning","event":"The `airflow.operators.python.get_current_context` attribute is deprecated. Please use `'airflow.sdk.get_current_context'`.","category":"DeprecatedImportWarning","filename":"/opt/airflow/dags/dag.py","lineno":5,"logger":"py.warnings"}
{"timestamp":"2025-12-17T20:53:21.104176Z","level":"info","event":"Filling up the DagBag from /opt/airflow/dags/dag.py","logger":"airflow.models.dagbag.DagBag","filename":"dagbag.py","lineno":593}
{"timestamp":"2025-12-17T20:53:21.166047Z","level":"error","event":"Failed to import: /opt/airflow/dags/dag.py","logger":"airflow.models.dagbag.DagBag","filename":"dagbag.py","lineno":415,"error_detail":[{"exc_type":"NameError","exc_value":"name 'ti' is not defined","exc_notes":[],"syntax_error":null,"is_cause":false,"frames":[{"filename":"/home/airflow/.local/lib/python3.12/site-packages/airflow/models/dagbag.py","lineno":405,"name":"parse"},{"filename":"<frozen importlib._bootstrap_external>","lineno":999,"name":"exec_module"},{"filename":"<frozen importlib._bootstrap>","lineno":488,"name":"_call_with_frames_removed"},{"filename":"/opt/airflow/dags/dag.py","lineno":174,"name":"<module>"},{"filename":"/home/airflow/.local/lib/python3.12/site-packages/airflow/sdk/definitions/dag.py","lineno":1557,"name":"factory"},{"filename":"/opt/airflow/dags/dag.py","lineno":167,"name":"flights_pipeline"},{"filename":"/opt/airflow/dags/dag.py","lineno":77,"name":"load_from_file"}],"is_group":false,"exceptions":[]}]}
{"timestamp":"2025-12-17T20:53:21.168747Z","level":"warning","event":"The `airflow.decorators.dag` attribute is deprecated. Please use `'airflow.sdk.dag'`.","category":"DeprecatedImportWarning","filename":"/opt/airflow/dags/dag.py","lineno":1,"logger":"py.warnings"}
{"timestamp":"2025-12-17T20:53:21.168791Z","level":"warning","event":"The `airflow.decorators.task` attribute is deprecated. Please use `'airflow.sdk.task'`.","category":"DeprecatedImportWarning","filename":"/opt/airflow/dags/dag.py","lineno":2,"logger":"py.warnings"}
{"timestamp":"2025-12-17T20:53:21.168830Z","level":"warning","event":"The `airflow.operators.empty.EmptyOperator` attribute is deprecated. Please use `'airflow.providers.standard.operators.empty.EmptyOperator'`.","category":"DeprecatedImportWarning","filename":"/opt/airflow/dags/dag.py","lineno":3,"logger":"py.warnings"}
{"timestamp":"2025-12-17T20:53:21.168851Z","level":"warning","event":"The `airflow.operators.python.get_current_context` attribute is deprecated. Please use `'airflow.sdk.get_current_context'`.","category":"DeprecatedImportWarning","filename":"/opt/airflow/dags/dag.py","lineno":5,"logger":"py.warnings"}
{"timestamp":"2025-12-17T20:53:51.551643Z","level":"info","event":"Filling up the DagBag from /opt/airflow/dags/dag.py","logger":"airflow.models.dagbag.DagBag","filename":"dagbag.py","lineno":593}
{"timestamp":"2025-12-17T20:53:51.581741Z","level":"error","event":"Failed to import: /opt/airflow/dags/dag.py","logger":"airflow.models.dagbag.DagBag","filename":"dagbag.py","lineno":415,"error_detail":[{"exc_type":"NameError","exc_value":"name 'ti' is not defined","exc_notes":[],"syntax_error":null,"is_cause":false,"frames":[{"filename":"/home/airflow/.local/lib/python3.12/site-packages/airflow/models/dagbag.py","lineno":405,"name":"parse"},{"filename":"<frozen importlib._bootstrap_external>","lineno":999,"name":"exec_module"},{"filename":"<frozen importlib._bootstrap>","lineno":488,"name":"_call_with_frames_removed"},{"filename":"/opt/airflow/dags/dag.py","lineno":174,"name":"<module>"},{"filename":"/home/airflow/.local/lib/python3.12/site-packages/airflow/sdk/definitions/dag.py","lineno":1557,"name":"factory"},{"filename":"/opt/airflow/dags/dag.py","lineno":167,"name":"flights_pipeline"},{"filename":"/opt/airflow/dags/dag.py","lineno":77,"name":"load_from_file"}],"is_group":false,"exceptions":[]}]}
{"timestamp":"2025-12-17T20:53:51.583080Z","level":"warning","event":"The `airflow.decorators.dag` attribute is deprecated. Please use `'airflow.sdk.dag'`.","category":"DeprecatedImportWarning","filename":"/opt/airflow/dags/dag.py","lineno":1,"logger":"py.warnings"}
{"timestamp":"2025-12-17T20:53:51.583121Z","level":"warning","event":"The `airflow.decorators.task` attribute is deprecated. Please use `'airflow.sdk.task'`.","category":"DeprecatedImportWarning","filename":"/opt/airflow/dags/dag.py","lineno":2,"logger":"py.warnings"}
{"timestamp":"2025-12-17T20:53:51.583143Z","level":"warning","event":"The `airflow.operators.empty.EmptyOperator` attribute is deprecated. Please use `'airflow.providers.standard.operators.empty.EmptyOperator'`.","category":"DeprecatedImportWarning","filename":"/opt/airflow/dags/dag.py","lineno":3,"logger":"py.warnings"}
{"timestamp":"2025-12-17T20:53:51.583164Z","level":"warning","event":"The `airflow.operators.python.get_current_context` attribute is deprecated. Please use `'airflow.sdk.get_current_context'`.","category":"DeprecatedImportWarning","filename":"/opt/airflow/dags/dag.py","lineno":5,"logger":"py.warnings"}
{"timestamp":"2025-12-17T20:53:53.723744Z","level":"info","event":"Filling up the DagBag from /opt/airflow/dags/dag.py","logger":"airflow.models.dagbag.DagBag","filename":"dagbag.py","lineno":593}
{"timestamp":"2025-12-17T20:53:53.766650Z","level":"error","event":"Failed to import: /opt/airflow/dags/dag.py","logger":"airflow.models.dagbag.DagBag","filename":"dagbag.py","lineno":415,"error_detail":[{"exc_type":"AttributeError","exc_value":"'NoneType' object has no attribute 'update_relative'","exc_notes":[],"syntax_error":null,"is_cause":false,"frames":[{"filename":"/home/airflow/.local/lib/python3.12/site-packages/airflow/models/dagbag.py","lineno":405,"name":"parse"},{"filename":"<frozen importlib._bootstrap_external>","lineno":999,"name":"exec_module"},{"filename":"<frozen importlib._bootstrap>","lineno":488,"name":"_call_with_frames_removed"},{"filename":"/opt/airflow/dags/dag.py","lineno":174,"name":"<module>"},{"filename":"/home/airflow/.local/lib/python3.12/site-packages/airflow/sdk/definitions/dag.py","lineno":1557,"name":"factory"},{"filename":"/opt/airflow/dags/dag.py","lineno":172,"name":"flights_pipeline"},{"filename":"/home/airflow/.local/lib/python3.12/site-packages/airflow/sdk/definitions/_internal/mixins.py","lineno":101,"name":"__rshift__"},{"filename":"/home/airflow/.local/lib/python3.12/site-packages/airflow/sdk/definitions/xcom_arg.py","lineno":157,"name":"set_downstream"},{"filename":"/home/airflow/.local/lib/python3.12/site-packages/airflow/sdk/definitions/_internal/node.py","lineno":220,"name":"set_downstream"},{"filename":"/home/airflow/.local/lib/python3.12/site-packages/airflow/sdk/definitions/_internal/node.py","lineno":172,"name":"_set_relatives"}],"is_group":false,"exceptions":[]}]}
{"timestamp":"2025-12-17T20:53:53.768620Z","level":"warning","event":"The `airflow.decorators.dag` attribute is deprecated. Please use `'airflow.sdk.dag'`.","category":"DeprecatedImportWarning","filename":"/opt/airflow/dags/dag.py","lineno":1,"logger":"py.warnings"}
{"timestamp":"2025-12-17T20:53:53.768669Z","level":"warning","event":"The `airflow.decorators.task` attribute is deprecated. Please use `'airflow.sdk.task'`.","category":"DeprecatedImportWarning","filename":"/opt/airflow/dags/dag.py","lineno":2,"logger":"py.warnings"}
{"timestamp":"2025-12-17T20:53:53.768696Z","level":"warning","event":"The `airflow.operators.empty.EmptyOperator` attribute is deprecated. Please use `'airflow.providers.standard.operators.empty.EmptyOperator'`.","category":"DeprecatedImportWarning","filename":"/opt/airflow/dags/dag.py","lineno":3,"logger":"py.warnings"}
{"timestamp":"2025-12-17T20:53:53.768718Z","level":"warning","event":"The `airflow.operators.python.get_current_context` attribute is deprecated. Please use `'airflow.sdk.get_current_context'`.","category":"DeprecatedImportWarning","filename":"/opt/airflow/dags/dag.py","lineno":5,"logger":"py.warnings"}
{"timestamp":"2025-12-17T20:54:24.174326Z","level":"info","event":"Filling up the DagBag from /opt/airflow/dags/dag.py","logger":"airflow.models.dagbag.DagBag","filename":"dagbag.py","lineno":593}
{"timestamp":"2025-12-17T20:54:24.226113Z","level":"error","event":"Failed to import: /opt/airflow/dags/dag.py","logger":"airflow.models.dagbag.DagBag","filename":"dagbag.py","lineno":415,"error_detail":[{"exc_type":"AttributeError","exc_value":"'NoneType' object has no attribute 'update_relative'","exc_notes":[],"syntax_error":null,"is_cause":false,"frames":[{"filename":"/home/airflow/.local/lib/python3.12/site-packages/airflow/models/dagbag.py","lineno":405,"name":"parse"},{"filename":"<frozen importlib._bootstrap_external>","lineno":999,"name":"exec_module"},{"filename":"<frozen importlib._bootstrap>","lineno":488,"name":"_call_with_frames_removed"},{"filename":"/opt/airflow/dags/dag.py","lineno":174,"name":"<module>"},{"filename":"/home/airflow/.local/lib/python3.12/site-packages/airflow/sdk/definitions/dag.py","lineno":1557,"name":"factory"},{"filename":"/opt/airflow/dags/dag.py","lineno":172,"name":"flights_pipeline"},{"filename":"/home/airflow/.local/lib/python3.12/site-packages/airflow/sdk/definitions/_internal/mixins.py","lineno":101,"name":"__rshift__"},{"filename":"/home/airflow/.local/lib/python3.12/site-packages/airflow/sdk/definitions/xcom_arg.py","lineno":157,"name":"set_downstream"},{"filename":"/home/airflow/.local/lib/python3.12/site-packages/airflow/sdk/definitions/_internal/node.py","lineno":220,"name":"set_downstream"},{"filename":"/home/airflow/.local/lib/python3.12/site-packages/airflow/sdk/definitions/_internal/node.py","lineno":172,"name":"_set_relatives"}],"is_group":false,"exceptions":[]}]}
{"timestamp":"2025-12-17T20:54:24.227142Z","level":"warning","event":"The `airflow.decorators.dag` attribute is deprecated. Please use `'airflow.sdk.dag'`.","category":"DeprecatedImportWarning","filename":"/opt/airflow/dags/dag.py","lineno":1,"logger":"py.warnings"}
{"timestamp":"2025-12-17T20:54:24.227184Z","level":"warning","event":"The `airflow.decorators.task` attribute is deprecated. Please use `'airflow.sdk.task'`.","category":"DeprecatedImportWarning","filename":"/opt/airflow/dags/dag.py","lineno":2,"logger":"py.warnings"}
{"timestamp":"2025-12-17T20:54:24.227208Z","level":"warning","event":"The `airflow.operators.empty.EmptyOperator` attribute is deprecated. Please use `'airflow.providers.standard.operators.empty.EmptyOperator'`.","category":"DeprecatedImportWarning","filename":"/opt/airflow/dags/dag.py","lineno":3,"logger":"py.warnings"}
{"timestamp":"2025-12-17T20:54:24.227234Z","level":"warning","event":"The `airflow.operators.python.get_current_context` attribute is deprecated. Please use `'airflow.sdk.get_current_context'`.","category":"DeprecatedImportWarning","filename":"/opt/airflow/dags/dag.py","lineno":5,"logger":"py.warnings"}
{"timestamp":"2025-12-17T20:54:54.636489Z","level":"info","event":"Filling up the DagBag from /opt/airflow/dags/dag.py","logger":"airflow.models.dagbag.DagBag","filename":"dagbag.py","lineno":593}
{"timestamp":"2025-12-17T20:54:54.675337Z","level":"error","event":"Failed to import: /opt/airflow/dags/dag.py","logger":"airflow.models.dagbag.DagBag","filename":"dagbag.py","lineno":415,"error_detail":[{"exc_type":"AttributeError","exc_value":"'NoneType' object has no attribute 'update_relative'","exc_notes":[],"syntax_error":null,"is_cause":false,"frames":[{"filename":"/home/airflow/.local/lib/python3.12/site-packages/airflow/models/dagbag.py","lineno":405,"name":"parse"},{"filename":"<frozen importlib._bootstrap_external>","lineno":999,"name":"exec_module"},{"filename":"<frozen importlib._bootstrap>","lineno":488,"name":"_call_with_frames_removed"},{"filename":"/opt/airflow/dags/dag.py","lineno":174,"name":"<module>"},{"filename":"/home/airflow/.local/lib/python3.12/site-packages/airflow/sdk/definitions/dag.py","lineno":1557,"name":"factory"},{"filename":"/opt/airflow/dags/dag.py","lineno":172,"name":"flights_pipeline"},{"filename":"/home/airflow/.local/lib/python3.12/site-packages/airflow/sdk/definitions/_internal/mixins.py","lineno":101,"name":"__rshift__"},{"filename":"/home/airflow/.local/lib/python3.12/site-packages/airflow/sdk/definitions/xcom_arg.py","lineno":157,"name":"set_downstream"},{"filename":"/home/airflow/.local/lib/python3.12/site-packages/airflow/sdk/definitions/_internal/node.py","lineno":220,"name":"set_downstream"},{"filename":"/home/airflow/.local/lib/python3.12/site-packages/airflow/sdk/definitions/_internal/node.py","lineno":172,"name":"_set_relatives"}],"is_group":false,"exceptions":[]}]}
{"timestamp":"2025-12-17T20:54:54.676375Z","level":"warning","event":"The `airflow.decorators.dag` attribute is deprecated. Please use `'airflow.sdk.dag'`.","category":"DeprecatedImportWarning","filename":"/opt/airflow/dags/dag.py","lineno":1,"logger":"py.warnings"}
{"timestamp":"2025-12-17T20:54:54.676423Z","level":"warning","event":"The `airflow.decorators.task` attribute is deprecated. Please use `'airflow.sdk.task'`.","category":"DeprecatedImportWarning","filename":"/opt/airflow/dags/dag.py","lineno":2,"logger":"py.warnings"}
{"timestamp":"2025-12-17T20:54:54.676446Z","level":"warning","event":"The `airflow.operators.empty.EmptyOperator` attribute is deprecated. Please use `'airflow.providers.standard.operators.empty.EmptyOperator'`.","category":"DeprecatedImportWarning","filename":"/opt/airflow/dags/dag.py","lineno":3,"logger":"py.warnings"}
{"timestamp":"2025-12-17T20:54:54.676466Z","level":"warning","event":"The `airflow.operators.python.get_current_context` attribute is deprecated. Please use `'airflow.sdk.get_current_context'`.","category":"DeprecatedImportWarning","filename":"/opt/airflow/dags/dag.py","lineno":5,"logger":"py.warnings"}
{"timestamp":"2025-12-17T20:55:25.014129Z","level":"info","event":"Filling up the DagBag from /opt/airflow/dags/dag.py","logger":"airflow.models.dagbag.DagBag","filename":"dagbag.py","lineno":593}
{"timestamp":"2025-12-17T20:55:25.066280Z","level":"error","event":"Failed to import: /opt/airflow/dags/dag.py","logger":"airflow.models.dagbag.DagBag","filename":"dagbag.py","lineno":415,"error_detail":[{"exc_type":"AttributeError","exc_value":"'NoneType' object has no attribute 'update_relative'","exc_notes":[],"syntax_error":null,"is_cause":false,"frames":[{"filename":"/home/airflow/.local/lib/python3.12/site-packages/airflow/models/dagbag.py","lineno":405,"name":"parse"},{"filename":"<frozen importlib._bootstrap_external>","lineno":999,"name":"exec_module"},{"filename":"<frozen importlib._bootstrap>","lineno":488,"name":"_call_with_frames_removed"},{"filename":"/opt/airflow/dags/dag.py","lineno":174,"name":"<module>"},{"filename":"/home/airflow/.local/lib/python3.12/site-packages/airflow/sdk/definitions/dag.py","lineno":1557,"name":"factory"},{"filename":"/opt/airflow/dags/dag.py","lineno":172,"name":"flights_pipeline"},{"filename":"/home/airflow/.local/lib/python3.12/site-packages/airflow/sdk/definitions/_internal/mixins.py","lineno":101,"name":"__rshift__"},{"filename":"/home/airflow/.local/lib/python3.12/site-packages/airflow/sdk/definitions/xcom_arg.py","lineno":157,"name":"set_downstream"},{"filename":"/home/airflow/.local/lib/python3.12/site-packages/airflow/sdk/definitions/_internal/node.py","lineno":220,"name":"set_downstream"},{"filename":"/home/airflow/.local/lib/python3.12/site-packages/airflow/sdk/definitions/_internal/node.py","lineno":172,"name":"_set_relatives"}],"is_group":false,"exceptions":[]}]}
{"timestamp":"2025-12-17T20:55:25.067306Z","level":"warning","event":"The `airflow.decorators.dag` attribute is deprecated. Please use `'airflow.sdk.dag'`.","category":"DeprecatedImportWarning","filename":"/opt/airflow/dags/dag.py","lineno":1,"logger":"py.warnings"}
{"timestamp":"2025-12-17T20:55:25.067353Z","level":"warning","event":"The `airflow.decorators.task` attribute is deprecated. Please use `'airflow.sdk.task'`.","category":"DeprecatedImportWarning","filename":"/opt/airflow/dags/dag.py","lineno":2,"logger":"py.warnings"}
{"timestamp":"2025-12-17T20:55:25.067376Z","level":"warning","event":"The `airflow.operators.empty.EmptyOperator` attribute is deprecated. Please use `'airflow.providers.standard.operators.empty.EmptyOperator'`.","category":"DeprecatedImportWarning","filename":"/opt/airflow/dags/dag.py","lineno":3,"logger":"py.warnings"}
{"timestamp":"2025-12-17T20:55:25.067397Z","level":"warning","event":"The `airflow.operators.python.get_current_context` attribute is deprecated. Please use `'airflow.sdk.get_current_context'`.","category":"DeprecatedImportWarning","filename":"/opt/airflow/dags/dag.py","lineno":5,"logger":"py.warnings"}
{"timestamp":"2025-12-17T20:55:55.416074Z","level":"info","event":"Filling up the DagBag from /opt/airflow/dags/dag.py","logger":"airflow.models.dagbag.DagBag","filename":"dagbag.py","lineno":593}
{"timestamp":"2025-12-17T20:55:55.455860Z","level":"error","event":"Failed to import: /opt/airflow/dags/dag.py","logger":"airflow.models.dagbag.DagBag","filename":"dagbag.py","lineno":415,"error_detail":[{"exc_type":"AttributeError","exc_value":"'NoneType' object has no attribute 'update_relative'","exc_notes":[],"syntax_error":null,"is_cause":false,"frames":[{"filename":"/home/airflow/.local/lib/python3.12/site-packages/airflow/models/dagbag.py","lineno":405,"name":"parse"},{"filename":"<frozen importlib._bootstrap_external>","lineno":999,"name":"exec_module"},{"filename":"<frozen importlib._bootstrap>","lineno":488,"name":"_call_with_frames_removed"},{"filename":"/opt/airflow/dags/dag.py","lineno":174,"name":"<module>"},{"filename":"/home/airflow/.local/lib/python3.12/site-packages/airflow/sdk/definitions/dag.py","lineno":1557,"name":"factory"},{"filename":"/opt/airflow/dags/dag.py","lineno":172,"name":"flights_pipeline"},{"filename":"/home/airflow/.local/lib/python3.12/site-packages/airflow/sdk/definitions/_internal/mixins.py","lineno":101,"name":"__rshift__"},{"filename":"/home/airflow/.local/lib/python3.12/site-packages/airflow/sdk/definitions/xcom_arg.py","lineno":157,"name":"set_downstream"},{"filename":"/home/airflow/.local/lib/python3.12/site-packages/airflow/sdk/definitions/_internal/node.py","lineno":220,"name":"set_downstream"},{"filename":"/home/airflow/.local/lib/python3.12/site-packages/airflow/sdk/definitions/_internal/node.py","lineno":172,"name":"_set_relatives"}],"is_group":false,"exceptions":[]}]}
{"timestamp":"2025-12-17T20:55:55.456877Z","level":"warning","event":"The `airflow.decorators.dag` attribute is deprecated. Please use `'airflow.sdk.dag'`.","category":"DeprecatedImportWarning","filename":"/opt/airflow/dags/dag.py","lineno":1,"logger":"py.warnings"}
{"timestamp":"2025-12-17T20:55:55.456918Z","level":"warning","event":"The `airflow.decorators.task` attribute is deprecated. Please use `'airflow.sdk.task'`.","category":"DeprecatedImportWarning","filename":"/opt/airflow/dags/dag.py","lineno":2,"logger":"py.warnings"}
{"timestamp":"2025-12-17T20:55:55.456949Z","level":"warning","event":"The `airflow.operators.empty.EmptyOperator` attribute is deprecated. Please use `'airflow.providers.standard.operators.empty.EmptyOperator'`.","category":"DeprecatedImportWarning","filename":"/opt/airflow/dags/dag.py","lineno":3,"logger":"py.warnings"}
{"timestamp":"2025-12-17T20:55:55.456972Z","level":"warning","event":"The `airflow.operators.python.get_current_context` attribute is deprecated. Please use `'airflow.sdk.get_current_context'`.","category":"DeprecatedImportWarning","filename":"/opt/airflow/dags/dag.py","lineno":5,"logger":"py.warnings"}
{"timestamp":"2025-12-17T20:56:25.816127Z","level":"info","event":"Filling up the DagBag from /opt/airflow/dags/dag.py","logger":"airflow.models.dagbag.DagBag","filename":"dagbag.py","lineno":593}
{"timestamp":"2025-12-17T20:56:25.858889Z","level":"error","event":"Failed to import: /opt/airflow/dags/dag.py","logger":"airflow.models.dagbag.DagBag","filename":"dagbag.py","lineno":415,"error_detail":[{"exc_type":"AttributeError","exc_value":"'NoneType' object has no attribute 'update_relative'","exc_notes":[],"syntax_error":null,"is_cause":false,"frames":[{"filename":"/home/airflow/.local/lib/python3.12/site-packages/airflow/models/dagbag.py","lineno":405,"name":"parse"},{"filename":"<frozen importlib._bootstrap_external>","lineno":999,"name":"exec_module"},{"filename":"<frozen importlib._bootstrap>","lineno":488,"name":"_call_with_frames_removed"},{"filename":"/opt/airflow/dags/dag.py","lineno":174,"name":"<module>"},{"filename":"/home/airflow/.local/lib/python3.12/site-packages/airflow/sdk/definitions/dag.py","lineno":1557,"name":"factory"},{"filename":"/opt/airflow/dags/dag.py","lineno":172,"name":"flights_pipeline"},{"filename":"/home/airflow/.local/lib/python3.12/site-packages/airflow/sdk/definitions/_internal/mixins.py","lineno":101,"name":"__rshift__"},{"filename":"/home/airflow/.local/lib/python3.12/site-packages/airflow/sdk/definitions/xcom_arg.py","lineno":157,"name":"set_downstream"},{"filename":"/home/airflow/.local/lib/python3.12/site-packages/airflow/sdk/definitions/_internal/node.py","lineno":220,"name":"set_downstream"},{"filename":"/home/airflow/.local/lib/python3.12/site-packages/airflow/sdk/definitions/_internal/node.py","lineno":172,"name":"_set_relatives"}],"is_group":false,"exceptions":[]}]}
{"timestamp":"2025-12-17T20:56:25.860374Z","level":"warning","event":"The `airflow.decorators.dag` attribute is deprecated. Please use `'airflow.sdk.dag'`.","category":"DeprecatedImportWarning","filename":"/opt/airflow/dags/dag.py","lineno":1,"logger":"py.warnings"}
{"timestamp":"2025-12-17T20:56:25.860413Z","level":"warning","event":"The `airflow.decorators.task` attribute is deprecated. Please use `'airflow.sdk.task'`.","category":"DeprecatedImportWarning","filename":"/opt/airflow/dags/dag.py","lineno":2,"logger":"py.warnings"}
{"timestamp":"2025-12-17T20:56:25.860435Z","level":"warning","event":"The `airflow.operators.empty.EmptyOperator` attribute is deprecated. Please use `'airflow.providers.standard.operators.empty.EmptyOperator'`.","category":"DeprecatedImportWarning","filename":"/opt/airflow/dags/dag.py","lineno":3,"logger":"py.warnings"}
{"timestamp":"2025-12-17T20:56:25.860457Z","level":"warning","event":"The `airflow.operators.python.get_current_context` attribute is deprecated. Please use `'airflow.sdk.get_current_context'`.","category":"DeprecatedImportWarning","filename":"/opt/airflow/dags/dag.py","lineno":5,"logger":"py.warnings"}
{"timestamp":"2025-12-17T20:56:56.295099Z","level":"info","event":"Filling up the DagBag from /opt/airflow/dags/dag.py","logger":"airflow.models.dagbag.DagBag","filename":"dagbag.py","lineno":593}
{"timestamp":"2025-12-17T20:56:56.335400Z","level":"error","event":"Failed to import: /opt/airflow/dags/dag.py","logger":"airflow.models.dagbag.DagBag","filename":"dagbag.py","lineno":415,"error_detail":[{"exc_type":"AttributeError","exc_value":"'NoneType' object has no attribute 'update_relative'","exc_notes":[],"syntax_error":null,"is_cause":false,"frames":[{"filename":"/home/airflow/.local/lib/python3.12/site-packages/airflow/models/dagbag.py","lineno":405,"name":"parse"},{"filename":"<frozen importlib._bootstrap_external>","lineno":999,"name":"exec_module"},{"filename":"<frozen importlib._bootstrap>","lineno":488,"name":"_call_with_frames_removed"},{"filename":"/opt/airflow/dags/dag.py","lineno":174,"name":"<module>"},{"filename":"/home/airflow/.local/lib/python3.12/site-packages/airflow/sdk/definitions/dag.py","lineno":1557,"name":"factory"},{"filename":"/opt/airflow/dags/dag.py","lineno":172,"name":"flights_pipeline"},{"filename":"/home/airflow/.local/lib/python3.12/site-packages/airflow/sdk/definitions/_internal/mixins.py","lineno":101,"name":"__rshift__"},{"filename":"/home/airflow/.local/lib/python3.12/site-packages/airflow/sdk/definitions/xcom_arg.py","lineno":157,"name":"set_downstream"},{"filename":"/home/airflow/.local/lib/python3.12/site-packages/airflow/sdk/definitions/_internal/node.py","lineno":220,"name":"set_downstream"},{"filename":"/home/airflow/.local/lib/python3.12/site-packages/airflow/sdk/definitions/_internal/node.py","lineno":172,"name":"_set_relatives"}],"is_group":false,"exceptions":[]}]}
{"timestamp":"2025-12-17T20:56:56.336436Z","level":"warning","event":"The `airflow.decorators.dag` attribute is deprecated. Please use `'airflow.sdk.dag'`.","category":"DeprecatedImportWarning","filename":"/opt/airflow/dags/dag.py","lineno":1,"logger":"py.warnings"}
{"timestamp":"2025-12-17T20:56:56.336474Z","level":"warning","event":"The `airflow.decorators.task` attribute is deprecated. Please use `'airflow.sdk.task'`.","category":"DeprecatedImportWarning","filename":"/opt/airflow/dags/dag.py","lineno":2,"logger":"py.warnings"}
{"timestamp":"2025-12-17T20:56:56.336497Z","level":"warning","event":"The `airflow.operators.empty.EmptyOperator` attribute is deprecated. Please use `'airflow.providers.standard.operators.empty.EmptyOperator'`.","category":"DeprecatedImportWarning","filename":"/opt/airflow/dags/dag.py","lineno":3,"logger":"py.warnings"}
{"timestamp":"2025-12-17T20:56:56.336526Z","level":"warning","event":"The `airflow.operators.python.get_current_context` attribute is deprecated. Please use `'airflow.sdk.get_current_context'`.","category":"DeprecatedImportWarning","filename":"/opt/airflow/dags/dag.py","lineno":5,"logger":"py.warnings"}
{"timestamp":"2025-12-17T20:57:26.782719Z","level":"info","event":"Filling up the DagBag from /opt/airflow/dags/dag.py","logger":"airflow.models.dagbag.DagBag","filename":"dagbag.py","lineno":593}
{"timestamp":"2025-12-17T20:57:26.849083Z","level":"error","event":"Failed to import: /opt/airflow/dags/dag.py","logger":"airflow.models.dagbag.DagBag","filename":"dagbag.py","lineno":415,"error_detail":[{"exc_type":"AttributeError","exc_value":"'NoneType' object has no attribute 'update_relative'","exc_notes":[],"syntax_error":null,"is_cause":false,"frames":[{"filename":"/home/airflow/.local/lib/python3.12/site-packages/airflow/models/dagbag.py","lineno":405,"name":"parse"},{"filename":"<frozen importlib._bootstrap_external>","lineno":999,"name":"exec_module"},{"filename":"<frozen importlib._bootstrap>","lineno":488,"name":"_call_with_frames_removed"},{"filename":"/opt/airflow/dags/dag.py","lineno":174,"name":"<module>"},{"filename":"/home/airflow/.local/lib/python3.12/site-packages/airflow/sdk/definitions/dag.py","lineno":1557,"name":"factory"},{"filename":"/opt/airflow/dags/dag.py","lineno":172,"name":"flights_pipeline"},{"filename":"/home/airflow/.local/lib/python3.12/site-packages/airflow/sdk/definitions/_internal/mixins.py","lineno":101,"name":"__rshift__"},{"filename":"/home/airflow/.local/lib/python3.12/site-packages/airflow/sdk/definitions/xcom_arg.py","lineno":157,"name":"set_downstream"},{"filename":"/home/airflow/.local/lib/python3.12/site-packages/airflow/sdk/definitions/_internal/node.py","lineno":220,"name":"set_downstream"},{"filename":"/home/airflow/.local/lib/python3.12/site-packages/airflow/sdk/definitions/_internal/node.py","lineno":172,"name":"_set_relatives"}],"is_group":false,"exceptions":[]}]}
{"timestamp":"2025-12-17T20:57:26.850478Z","level":"warning","event":"The `airflow.decorators.dag` attribute is deprecated. Please use `'airflow.sdk.dag'`.","category":"DeprecatedImportWarning","filename":"/opt/airflow/dags/dag.py","lineno":1,"logger":"py.warnings"}
{"timestamp":"2025-12-17T20:57:26.850532Z","level":"warning","event":"The `airflow.decorators.task` attribute is deprecated. Please use `'airflow.sdk.task'`.","category":"DeprecatedImportWarning","filename":"/opt/airflow/dags/dag.py","lineno":2,"logger":"py.warnings"}
{"timestamp":"2025-12-17T20:57:26.850559Z","level":"warning","event":"The `airflow.operators.empty.EmptyOperator` attribute is deprecated. Please use `'airflow.providers.standard.operators.empty.EmptyOperator'`.","category":"DeprecatedImportWarning","filename":"/opt/airflow/dags/dag.py","lineno":3,"logger":"py.warnings"}
{"timestamp":"2025-12-17T20:57:26.850591Z","level":"warning","event":"The `airflow.operators.python.get_current_context` attribute is deprecated. Please use `'airflow.sdk.get_current_context'`.","category":"DeprecatedImportWarning","filename":"/opt/airflow/dags/dag.py","lineno":5,"logger":"py.warnings"}
{"timestamp":"2025-12-17T20:57:43.097272Z","level":"info","event":"Filling up the DagBag from /opt/airflow/dags/dag.py","logger":"airflow.models.dagbag.DagBag","filename":"dagbag.py","lineno":593}
{"timestamp":"2025-12-17T20:57:43.145473Z","level":"error","event":"Failed to import: /opt/airflow/dags/dag.py","logger":"airflow.models.dagbag.DagBag","filename":"dagbag.py","lineno":415,"error_detail":[{"exc_type":"AttributeError","exc_value":"'NoneType' object has no attribute 'update_relative'","exc_notes":[],"syntax_error":null,"is_cause":false,"frames":[{"filename":"/home/airflow/.local/lib/python3.12/site-packages/airflow/models/dagbag.py","lineno":405,"name":"parse"},{"filename":"<frozen importlib._bootstrap_external>","lineno":999,"name":"exec_module"},{"filename":"<frozen importlib._bootstrap>","lineno":488,"name":"_call_with_frames_removed"},{"filename":"/opt/airflow/dags/dag.py","lineno":149,"name":"<module>"},{"filename":"/home/airflow/.local/lib/python3.12/site-packages/airflow/sdk/definitions/dag.py","lineno":1557,"name":"factory"},{"filename":"/opt/airflow/dags/dag.py","lineno":147,"name":"flights_pipeline"},{"filename":"/home/airflow/.local/lib/python3.12/site-packages/airflow/sdk/definitions/_internal/mixins.py","lineno":101,"name":"__rshift__"},{"filename":"/home/airflow/.local/lib/python3.12/site-packages/airflow/sdk/definitions/xcom_arg.py","lineno":157,"name":"set_downstream"},{"filename":"/home/airflow/.local/lib/python3.12/site-packages/airflow/sdk/definitions/_internal/node.py","lineno":220,"name":"set_downstream"},{"filename":"/home/airflow/.local/lib/python3.12/site-packages/airflow/sdk/definitions/_internal/node.py","lineno":172,"name":"_set_relatives"}],"is_group":false,"exceptions":[]}]}
{"timestamp":"2025-12-17T20:57:43.146688Z","level":"warning","event":"The `airflow.decorators.dag` attribute is deprecated. Please use `'airflow.sdk.dag'`.","category":"DeprecatedImportWarning","filename":"/opt/airflow/dags/dag.py","lineno":1,"logger":"py.warnings"}
{"timestamp":"2025-12-17T20:57:43.146731Z","level":"warning","event":"The `airflow.decorators.task` attribute is deprecated. Please use `'airflow.sdk.task'`.","category":"DeprecatedImportWarning","filename":"/opt/airflow/dags/dag.py","lineno":2,"logger":"py.warnings"}
{"timestamp":"2025-12-17T20:57:43.146754Z","level":"warning","event":"The `airflow.operators.empty.EmptyOperator` attribute is deprecated. Please use `'airflow.providers.standard.operators.empty.EmptyOperator'`.","category":"DeprecatedImportWarning","filename":"/opt/airflow/dags/dag.py","lineno":3,"logger":"py.warnings"}
{"timestamp":"2025-12-17T20:57:43.146773Z","level":"warning","event":"The `airflow.operators.python.get_current_context` attribute is deprecated. Please use `'airflow.sdk.get_current_context'`.","category":"DeprecatedImportWarning","filename":"/opt/airflow/dags/dag.py","lineno":5,"logger":"py.warnings"}
{"timestamp":"2025-12-17T20:58:13.625756Z","level":"info","event":"Filling up the DagBag from /opt/airflow/dags/dag.py","logger":"airflow.models.dagbag.DagBag","filename":"dagbag.py","lineno":593}
{"timestamp":"2025-12-17T20:58:13.688425Z","level":"error","event":"Failed to import: /opt/airflow/dags/dag.py","logger":"airflow.models.dagbag.DagBag","filename":"dagbag.py","lineno":415,"error_detail":[{"exc_type":"AttributeError","exc_value":"'NoneType' object has no attribute 'update_relative'","exc_notes":[],"syntax_error":null,"is_cause":false,"frames":[{"filename":"/home/airflow/.local/lib/python3.12/site-packages/airflow/models/dagbag.py","lineno":405,"name":"parse"},{"filename":"<frozen importlib._bootstrap_external>","lineno":999,"name":"exec_module"},{"filename":"<frozen importlib._bootstrap>","lineno":488,"name":"_call_with_frames_removed"},{"filename":"/opt/airflow/dags/dag.py","lineno":149,"name":"<module>"},{"filename":"/home/airflow/.local/lib/python3.12/site-packages/airflow/sdk/definitions/dag.py","lineno":1557,"name":"factory"},{"filename":"/opt/airflow/dags/dag.py","lineno":147,"name":"flights_pipeline"},{"filename":"/home/airflow/.local/lib/python3.12/site-packages/airflow/sdk/definitions/_internal/mixins.py","lineno":101,"name":"__rshift__"},{"filename":"/home/airflow/.local/lib/python3.12/site-packages/airflow/sdk/definitions/xcom_arg.py","lineno":157,"name":"set_downstream"},{"filename":"/home/airflow/.local/lib/python3.12/site-packages/airflow/sdk/definitions/_internal/node.py","lineno":220,"name":"set_downstream"},{"filename":"/home/airflow/.local/lib/python3.12/site-packages/airflow/sdk/definitions/_internal/node.py","lineno":172,"name":"_set_relatives"}],"is_group":false,"exceptions":[]}]}
{"timestamp":"2025-12-17T20:58:13.691206Z","level":"warning","event":"The `airflow.decorators.dag` attribute is deprecated. Please use `'airflow.sdk.dag'`.","category":"DeprecatedImportWarning","filename":"/opt/airflow/dags/dag.py","lineno":1,"logger":"py.warnings"}
{"timestamp":"2025-12-17T20:58:13.691252Z","level":"warning","event":"The `airflow.decorators.task` attribute is deprecated. Please use `'airflow.sdk.task'`.","category":"DeprecatedImportWarning","filename":"/opt/airflow/dags/dag.py","lineno":2,"logger":"py.warnings"}
{"timestamp":"2025-12-17T20:58:13.691273Z","level":"warning","event":"The `airflow.operators.empty.EmptyOperator` attribute is deprecated. Please use `'airflow.providers.standard.operators.empty.EmptyOperator'`.","category":"DeprecatedImportWarning","filename":"/opt/airflow/dags/dag.py","lineno":3,"logger":"py.warnings"}
{"timestamp":"2025-12-17T20:58:13.691292Z","level":"warning","event":"The `airflow.operators.python.get_current_context` attribute is deprecated. Please use `'airflow.sdk.get_current_context'`.","category":"DeprecatedImportWarning","filename":"/opt/airflow/dags/dag.py","lineno":5,"logger":"py.warnings"}
{"timestamp":"2025-12-17T20:58:35.133081Z","level":"info","event":"Filling up the DagBag from /opt/airflow/dags/dag.py","logger":"airflow.models.dagbag.DagBag","filename":"dagbag.py","lineno":593}
{"timestamp":"2025-12-17T20:58:35.194908Z","level":"warning","event":"The `airflow.decorators.dag` attribute is deprecated. Please use `'airflow.sdk.dag'`.","category":"DeprecatedImportWarning","filename":"/opt/airflow/dags/dag.py","lineno":1,"logger":"py.warnings"}
{"timestamp":"2025-12-17T20:58:35.194978Z","level":"warning","event":"The `airflow.decorators.task` attribute is deprecated. Please use `'airflow.sdk.task'`.","category":"DeprecatedImportWarning","filename":"/opt/airflow/dags/dag.py","lineno":2,"logger":"py.warnings"}
{"timestamp":"2025-12-17T20:58:35.195007Z","level":"warning","event":"The `airflow.operators.empty.EmptyOperator` attribute is deprecated. Please use `'airflow.providers.standard.operators.empty.EmptyOperator'`.","category":"DeprecatedImportWarning","filename":"/opt/airflow/dags/dag.py","lineno":3,"logger":"py.warnings"}
{"timestamp":"2025-12-17T20:58:35.195026Z","level":"warning","event":"The `airflow.operators.python.get_current_context` attribute is deprecated. Please use `'airflow.sdk.get_current_context'`.","category":"DeprecatedImportWarning","filename":"/opt/airflow/dags/dag.py","lineno":5,"logger":"py.warnings"}
{"timestamp":"2025-12-17T20:59:05.682436Z","level":"info","event":"Filling up the DagBag from /opt/airflow/dags/dag.py","logger":"airflow.models.dagbag.DagBag","filename":"dagbag.py","lineno":593}
{"timestamp":"2025-12-17T20:59:05.728545Z","level":"warning","event":"The `airflow.decorators.dag` attribute is deprecated. Please use `'airflow.sdk.dag'`.","category":"DeprecatedImportWarning","filename":"/opt/airflow/dags/dag.py","lineno":1,"logger":"py.warnings"}
{"timestamp":"2025-12-17T20:59:05.728617Z","level":"warning","event":"The `airflow.decorators.task` attribute is deprecated. Please use `'airflow.sdk.task'`.","category":"DeprecatedImportWarning","filename":"/opt/airflow/dags/dag.py","lineno":2,"logger":"py.warnings"}
{"timestamp":"2025-12-17T20:59:05.728642Z","level":"warning","event":"The `airflow.operators.empty.EmptyOperator` attribute is deprecated. Please use `'airflow.providers.standard.operators.empty.EmptyOperator'`.","category":"DeprecatedImportWarning","filename":"/opt/airflow/dags/dag.py","lineno":3,"logger":"py.warnings"}
{"timestamp":"2025-12-17T20:59:05.728662Z","level":"warning","event":"The `airflow.operators.python.get_current_context` attribute is deprecated. Please use `'airflow.sdk.get_current_context'`.","category":"DeprecatedImportWarning","filename":"/opt/airflow/dags/dag.py","lineno":5,"logger":"py.warnings"}
{"timestamp":"2025-12-17T20:59:36.202486Z","level":"info","event":"Filling up the DagBag from /opt/airflow/dags/dag.py","logger":"airflow.models.dagbag.DagBag","filename":"dagbag.py","lineno":593}
{"timestamp":"2025-12-17T20:59:36.238754Z","level":"warning","event":"The `airflow.decorators.dag` attribute is deprecated. Please use `'airflow.sdk.dag'`.","category":"DeprecatedImportWarning","filename":"/opt/airflow/dags/dag.py","lineno":1,"logger":"py.warnings"}
{"timestamp":"2025-12-17T20:59:36.238819Z","level":"warning","event":"The `airflow.decorators.task` attribute is deprecated. Please use `'airflow.sdk.task'`.","category":"DeprecatedImportWarning","filename":"/opt/airflow/dags/dag.py","lineno":2,"logger":"py.warnings"}
{"timestamp":"2025-12-17T20:59:36.238843Z","level":"warning","event":"The `airflow.operators.empty.EmptyOperator` attribute is deprecated. Please use `'airflow.providers.standard.operators.empty.EmptyOperator'`.","category":"DeprecatedImportWarning","filename":"/opt/airflow/dags/dag.py","lineno":3,"logger":"py.warnings"}
{"timestamp":"2025-12-17T20:59:36.238864Z","level":"warning","event":"The `airflow.operators.python.get_current_context` attribute is deprecated. Please use `'airflow.sdk.get_current_context'`.","category":"DeprecatedImportWarning","filename":"/opt/airflow/dags/dag.py","lineno":5,"logger":"py.warnings"}
{"timestamp":"2025-12-17T21:00:06.677306Z","level":"info","event":"Filling up the DagBag from /opt/airflow/dags/dag.py","logger":"airflow.models.dagbag.DagBag","filename":"dagbag.py","lineno":593}
{"timestamp":"2025-12-17T21:00:06.724676Z","level":"warning","event":"The `airflow.decorators.dag` attribute is deprecated. Please use `'airflow.sdk.dag'`.","category":"DeprecatedImportWarning","filename":"/opt/airflow/dags/dag.py","lineno":1,"logger":"py.warnings"}
{"timestamp":"2025-12-17T21:00:06.725635Z","level":"warning","event":"The `airflow.decorators.task` attribute is deprecated. Please use `'airflow.sdk.task'`.","category":"DeprecatedImportWarning","filename":"/opt/airflow/dags/dag.py","lineno":2,"logger":"py.warnings"}
{"timestamp":"2025-12-17T21:00:06.725706Z","level":"warning","event":"The `airflow.operators.empty.EmptyOperator` attribute is deprecated. Please use `'airflow.providers.standard.operators.empty.EmptyOperator'`.","category":"DeprecatedImportWarning","filename":"/opt/airflow/dags/dag.py","lineno":3,"logger":"py.warnings"}
{"timestamp":"2025-12-17T21:00:06.725764Z","level":"warning","event":"The `airflow.operators.python.get_current_context` attribute is deprecated. Please use `'airflow.sdk.get_current_context'`.","category":"DeprecatedImportWarning","filename":"/opt/airflow/dags/dag.py","lineno":5,"logger":"py.warnings"}
{"timestamp":"2025-12-17T21:00:37.239506Z","level":"info","event":"Filling up the DagBag from /opt/airflow/dags/dag.py","logger":"airflow.models.dagbag.DagBag","filename":"dagbag.py","lineno":593}
{"timestamp":"2025-12-17T21:00:37.304120Z","level":"warning","event":"The `airflow.decorators.dag` attribute is deprecated. Please use `'airflow.sdk.dag'`.","category":"DeprecatedImportWarning","filename":"/opt/airflow/dags/dag.py","lineno":1,"logger":"py.warnings"}
{"timestamp":"2025-12-17T21:00:37.304202Z","level":"warning","event":"The `airflow.decorators.task` attribute is deprecated. Please use `'airflow.sdk.task'`.","category":"DeprecatedImportWarning","filename":"/opt/airflow/dags/dag.py","lineno":2,"logger":"py.warnings"}
{"timestamp":"2025-12-17T21:00:37.304241Z","level":"warning","event":"The `airflow.operators.empty.EmptyOperator` attribute is deprecated. Please use `'airflow.providers.standard.operators.empty.EmptyOperator'`.","category":"DeprecatedImportWarning","filename":"/opt/airflow/dags/dag.py","lineno":3,"logger":"py.warnings"}
{"timestamp":"2025-12-17T21:00:37.304264Z","level":"warning","event":"The `airflow.operators.python.get_current_context` attribute is deprecated. Please use `'airflow.sdk.get_current_context'`.","category":"DeprecatedImportWarning","filename":"/opt/airflow/dags/dag.py","lineno":5,"logger":"py.warnings"}
{"timestamp":"2025-12-17T21:01:07.812618Z","level":"info","event":"Filling up the DagBag from /opt/airflow/dags/dag.py","logger":"airflow.models.dagbag.DagBag","filename":"dagbag.py","lineno":593}
{"timestamp":"2025-12-17T21:01:07.853835Z","level":"warning","event":"The `airflow.decorators.dag` attribute is deprecated. Please use `'airflow.sdk.dag'`.","category":"DeprecatedImportWarning","filename":"/opt/airflow/dags/dag.py","lineno":1,"logger":"py.warnings"}
{"timestamp":"2025-12-17T21:01:07.854461Z","level":"warning","event":"The `airflow.decorators.task` attribute is deprecated. Please use `'airflow.sdk.task'`.","category":"DeprecatedImportWarning","filename":"/opt/airflow/dags/dag.py","lineno":2,"logger":"py.warnings"}
{"timestamp":"2025-12-17T21:01:07.854514Z","level":"warning","event":"The `airflow.operators.empty.EmptyOperator` attribute is deprecated. Please use `'airflow.providers.standard.operators.empty.EmptyOperator'`.","category":"DeprecatedImportWarning","filename":"/opt/airflow/dags/dag.py","lineno":3,"logger":"py.warnings"}
{"timestamp":"2025-12-17T21:01:07.854547Z","level":"warning","event":"The `airflow.operators.python.get_current_context` attribute is deprecated. Please use `'airflow.sdk.get_current_context'`.","category":"DeprecatedImportWarning","filename":"/opt/airflow/dags/dag.py","lineno":5,"logger":"py.warnings"}
{"timestamp":"2025-12-17T21:01:38.308349Z","level":"info","event":"Filling up the DagBag from /opt/airflow/dags/dag.py","logger":"airflow.models.dagbag.DagBag","filename":"dagbag.py","lineno":593}
{"timestamp":"2025-12-17T21:01:38.356490Z","level":"warning","event":"The `airflow.decorators.dag` attribute is deprecated. Please use `'airflow.sdk.dag'`.","category":"DeprecatedImportWarning","filename":"/opt/airflow/dags/dag.py","lineno":1,"logger":"py.warnings"}
{"timestamp":"2025-12-17T21:01:38.356762Z","level":"warning","event":"The `airflow.decorators.task` attribute is deprecated. Please use `'airflow.sdk.task'`.","category":"DeprecatedImportWarning","filename":"/opt/airflow/dags/dag.py","lineno":2,"logger":"py.warnings"}
{"timestamp":"2025-12-17T21:01:38.357225Z","level":"warning","event":"The `airflow.operators.empty.EmptyOperator` attribute is deprecated. Please use `'airflow.providers.standard.operators.empty.EmptyOperator'`.","category":"DeprecatedImportWarning","filename":"/opt/airflow/dags/dag.py","lineno":3,"logger":"py.warnings"}
{"timestamp":"2025-12-17T21:01:38.357263Z","level":"warning","event":"The `airflow.operators.python.get_current_context` attribute is deprecated. Please use `'airflow.sdk.get_current_context'`.","category":"DeprecatedImportWarning","filename":"/opt/airflow/dags/dag.py","lineno":5,"logger":"py.warnings"}
{"timestamp":"2025-12-17T21:02:08.841290Z","level":"info","event":"Filling up the DagBag from /opt/airflow/dags/dag.py","logger":"airflow.models.dagbag.DagBag","filename":"dagbag.py","lineno":593}
{"timestamp":"2025-12-17T21:02:08.890750Z","level":"warning","event":"The `airflow.decorators.dag` attribute is deprecated. Please use `'airflow.sdk.dag'`.","category":"DeprecatedImportWarning","filename":"/opt/airflow/dags/dag.py","lineno":1,"logger":"py.warnings"}
{"timestamp":"2025-12-17T21:02:08.890820Z","level":"warning","event":"The `airflow.decorators.task` attribute is deprecated. Please use `'airflow.sdk.task'`.","category":"DeprecatedImportWarning","filename":"/opt/airflow/dags/dag.py","lineno":2,"logger":"py.warnings"}
{"timestamp":"2025-12-17T21:02:08.890847Z","level":"warning","event":"The `airflow.operators.empty.EmptyOperator` attribute is deprecated. Please use `'airflow.providers.standard.operators.empty.EmptyOperator'`.","category":"DeprecatedImportWarning","filename":"/opt/airflow/dags/dag.py","lineno":3,"logger":"py.warnings"}
{"timestamp":"2025-12-17T21:02:08.890867Z","level":"warning","event":"The `airflow.operators.python.get_current_context` attribute is deprecated. Please use `'airflow.sdk.get_current_context'`.","category":"DeprecatedImportWarning","filename":"/opt/airflow/dags/dag.py","lineno":5,"logger":"py.warnings"}
{"timestamp":"2025-12-17T21:02:39.393158Z","level":"info","event":"Filling up the DagBag from /opt/airflow/dags/dag.py","logger":"airflow.models.dagbag.DagBag","filename":"dagbag.py","lineno":593}
{"timestamp":"2025-12-17T21:02:39.434077Z","level":"warning","event":"The `airflow.decorators.dag` attribute is deprecated. Please use `'airflow.sdk.dag'`.","category":"DeprecatedImportWarning","filename":"/opt/airflow/dags/dag.py","lineno":1,"logger":"py.warnings"}
{"timestamp":"2025-12-17T21:02:39.434137Z","level":"warning","event":"The `airflow.decorators.task` attribute is deprecated. Please use `'airflow.sdk.task'`.","category":"DeprecatedImportWarning","filename":"/opt/airflow/dags/dag.py","lineno":2,"logger":"py.warnings"}
{"timestamp":"2025-12-17T21:02:39.434160Z","level":"warning","event":"The `airflow.operators.empty.EmptyOperator` attribute is deprecated. Please use `'airflow.providers.standard.operators.empty.EmptyOperator'`.","category":"DeprecatedImportWarning","filename":"/opt/airflow/dags/dag.py","lineno":3,"logger":"py.warnings"}
{"timestamp":"2025-12-17T21:02:39.434181Z","level":"warning","event":"The `airflow.operators.python.get_current_context` attribute is deprecated. Please use `'airflow.sdk.get_current_context'`.","category":"DeprecatedImportWarning","filename":"/opt/airflow/dags/dag.py","lineno":5,"logger":"py.warnings"}
{"timestamp":"2025-12-17T21:03:09.951240Z","level":"info","event":"Filling up the DagBag from /opt/airflow/dags/dag.py","logger":"airflow.models.dagbag.DagBag","filename":"dagbag.py","lineno":593}
{"timestamp":"2025-12-17T21:03:10.011925Z","level":"warning","event":"The `airflow.decorators.dag` attribute is deprecated. Please use `'airflow.sdk.dag'`.","category":"DeprecatedImportWarning","filename":"/opt/airflow/dags/dag.py","lineno":1,"logger":"py.warnings"}
{"timestamp":"2025-12-17T21:03:10.012005Z","level":"warning","event":"The `airflow.decorators.task` attribute is deprecated. Please use `'airflow.sdk.task'`.","category":"DeprecatedImportWarning","filename":"/opt/airflow/dags/dag.py","lineno":2,"logger":"py.warnings"}
{"timestamp":"2025-12-17T21:03:10.012030Z","level":"warning","event":"The `airflow.operators.empty.EmptyOperator` attribute is deprecated. Please use `'airflow.providers.standard.operators.empty.EmptyOperator'`.","category":"DeprecatedImportWarning","filename":"/opt/airflow/dags/dag.py","lineno":3,"logger":"py.warnings"}
{"timestamp":"2025-12-17T21:03:10.012048Z","level":"warning","event":"The `airflow.operators.python.get_current_context` attribute is deprecated. Please use `'airflow.sdk.get_current_context'`.","category":"DeprecatedImportWarning","filename":"/opt/airflow/dags/dag.py","lineno":5,"logger":"py.warnings"}
{"timestamp":"2025-12-17T21:03:40.517057Z","level":"info","event":"Filling up the DagBag from /opt/airflow/dags/dag.py","logger":"airflow.models.dagbag.DagBag","filename":"dagbag.py","lineno":593}
{"timestamp":"2025-12-17T21:03:40.560783Z","level":"warning","event":"The `airflow.decorators.dag` attribute is deprecated. Please use `'airflow.sdk.dag'`.","category":"DeprecatedImportWarning","filename":"/opt/airflow/dags/dag.py","lineno":1,"logger":"py.warnings"}
{"timestamp":"2025-12-17T21:03:40.560971Z","level":"warning","event":"The `airflow.decorators.task` attribute is deprecated. Please use `'airflow.sdk.task'`.","category":"DeprecatedImportWarning","filename":"/opt/airflow/dags/dag.py","lineno":2,"logger":"py.warnings"}
{"timestamp":"2025-12-17T21:03:40.561011Z","level":"warning","event":"The `airflow.operators.empty.EmptyOperator` attribute is deprecated. Please use `'airflow.providers.standard.operators.empty.EmptyOperator'`.","category":"DeprecatedImportWarning","filename":"/opt/airflow/dags/dag.py","lineno":3,"logger":"py.warnings"}
{"timestamp":"2025-12-17T21:03:40.561031Z","level":"warning","event":"The `airflow.operators.python.get_current_context` attribute is deprecated. Please use `'airflow.sdk.get_current_context'`.","category":"DeprecatedImportWarning","filename":"/opt/airflow/dags/dag.py","lineno":5,"logger":"py.warnings"}
{"timestamp":"2025-12-17T21:04:11.014271Z","level":"info","event":"Filling up the DagBag from /opt/airflow/dags/dag.py","logger":"airflow.models.dagbag.DagBag","filename":"dagbag.py","lineno":593}
{"timestamp":"2025-12-17T21:04:11.082996Z","level":"warning","event":"The `airflow.decorators.dag` attribute is deprecated. Please use `'airflow.sdk.dag'`.","category":"DeprecatedImportWarning","filename":"/opt/airflow/dags/dag.py","lineno":1,"logger":"py.warnings"}
{"timestamp":"2025-12-17T21:04:11.083063Z","level":"warning","event":"The `airflow.decorators.task` attribute is deprecated. Please use `'airflow.sdk.task'`.","category":"DeprecatedImportWarning","filename":"/opt/airflow/dags/dag.py","lineno":2,"logger":"py.warnings"}
{"timestamp":"2025-12-17T21:04:11.083086Z","level":"warning","event":"The `airflow.operators.empty.EmptyOperator` attribute is deprecated. Please use `'airflow.providers.standard.operators.empty.EmptyOperator'`.","category":"DeprecatedImportWarning","filename":"/opt/airflow/dags/dag.py","lineno":3,"logger":"py.warnings"}
{"timestamp":"2025-12-17T21:04:11.083105Z","level":"warning","event":"The `airflow.operators.python.get_current_context` attribute is deprecated. Please use `'airflow.sdk.get_current_context'`.","category":"DeprecatedImportWarning","filename":"/opt/airflow/dags/dag.py","lineno":5,"logger":"py.warnings"}
{"timestamp":"2025-12-17T21:04:41.701042Z","level":"info","event":"Filling up the DagBag from /opt/airflow/dags/dag.py","logger":"airflow.models.dagbag.DagBag","filename":"dagbag.py","lineno":593}
{"timestamp":"2025-12-17T21:04:41.811917Z","level":"warning","event":"The `airflow.decorators.dag` attribute is deprecated. Please use `'airflow.sdk.dag'`.","category":"DeprecatedImportWarning","filename":"/opt/airflow/dags/dag.py","lineno":1,"logger":"py.warnings"}
{"timestamp":"2025-12-17T21:04:41.812765Z","level":"warning","event":"The `airflow.decorators.task` attribute is deprecated. Please use `'airflow.sdk.task'`.","category":"DeprecatedImportWarning","filename":"/opt/airflow/dags/dag.py","lineno":2,"logger":"py.warnings"}
{"timestamp":"2025-12-17T21:04:41.812960Z","level":"warning","event":"The `airflow.operators.empty.EmptyOperator` attribute is deprecated. Please use `'airflow.providers.standard.operators.empty.EmptyOperator'`.","category":"DeprecatedImportWarning","filename":"/opt/airflow/dags/dag.py","lineno":3,"logger":"py.warnings"}
{"timestamp":"2025-12-17T21:04:41.813075Z","level":"warning","event":"The `airflow.operators.python.get_current_context` attribute is deprecated. Please use `'airflow.sdk.get_current_context'`.","category":"DeprecatedImportWarning","filename":"/opt/airflow/dags/dag.py","lineno":5,"logger":"py.warnings"}
{"timestamp":"2025-12-17T21:05:12.391289Z","level":"info","event":"Filling up the DagBag from /opt/airflow/dags/dag.py","logger":"airflow.models.dagbag.DagBag","filename":"dagbag.py","lineno":593}
{"timestamp":"2025-12-17T21:05:12.447389Z","level":"warning","event":"The `airflow.decorators.dag` attribute is deprecated. Please use `'airflow.sdk.dag'`.","category":"DeprecatedImportWarning","filename":"/opt/airflow/dags/dag.py","lineno":1,"logger":"py.warnings"}
{"timestamp":"2025-12-17T21:05:12.447481Z","level":"warning","event":"The `airflow.decorators.task` attribute is deprecated. Please use `'airflow.sdk.task'`.","category":"DeprecatedImportWarning","filename":"/opt/airflow/dags/dag.py","lineno":2,"logger":"py.warnings"}
{"timestamp":"2025-12-17T21:05:12.447508Z","level":"warning","event":"The `airflow.operators.empty.EmptyOperator` attribute is deprecated. Please use `'airflow.providers.standard.operators.empty.EmptyOperator'`.","category":"DeprecatedImportWarning","filename":"/opt/airflow/dags/dag.py","lineno":3,"logger":"py.warnings"}
{"timestamp":"2025-12-17T21:05:12.447530Z","level":"warning","event":"The `airflow.operators.python.get_current_context` attribute is deprecated. Please use `'airflow.sdk.get_current_context'`.","category":"DeprecatedImportWarning","filename":"/opt/airflow/dags/dag.py","lineno":5,"logger":"py.warnings"}
{"timestamp":"2025-12-17T21:05:42.900969Z","level":"info","event":"Filling up the DagBag from /opt/airflow/dags/dag.py","logger":"airflow.models.dagbag.DagBag","filename":"dagbag.py","lineno":593}
{"timestamp":"2025-12-17T21:05:42.936923Z","level":"warning","event":"The `airflow.decorators.dag` attribute is deprecated. Please use `'airflow.sdk.dag'`.","category":"DeprecatedImportWarning","filename":"/opt/airflow/dags/dag.py","lineno":1,"logger":"py.warnings"}
{"timestamp":"2025-12-17T21:05:42.936986Z","level":"warning","event":"The `airflow.decorators.task` attribute is deprecated. Please use `'airflow.sdk.task'`.","category":"DeprecatedImportWarning","filename":"/opt/airflow/dags/dag.py","lineno":2,"logger":"py.warnings"}
{"timestamp":"2025-12-17T21:05:42.937012Z","level":"warning","event":"The `airflow.operators.empty.EmptyOperator` attribute is deprecated. Please use `'airflow.providers.standard.operators.empty.EmptyOperator'`.","category":"DeprecatedImportWarning","filename":"/opt/airflow/dags/dag.py","lineno":3,"logger":"py.warnings"}
{"timestamp":"2025-12-17T21:05:42.937033Z","level":"warning","event":"The `airflow.operators.python.get_current_context` attribute is deprecated. Please use `'airflow.sdk.get_current_context'`.","category":"DeprecatedImportWarning","filename":"/opt/airflow/dags/dag.py","lineno":5,"logger":"py.warnings"}
{"timestamp":"2025-12-17T21:06:13.440311Z","level":"info","event":"Filling up the DagBag from /opt/airflow/dags/dag.py","logger":"airflow.models.dagbag.DagBag","filename":"dagbag.py","lineno":593}
{"timestamp":"2025-12-17T21:06:13.505178Z","level":"warning","event":"The `airflow.decorators.dag` attribute is deprecated. Please use `'airflow.sdk.dag'`.","category":"DeprecatedImportWarning","filename":"/opt/airflow/dags/dag.py","lineno":1,"logger":"py.warnings"}
{"timestamp":"2025-12-17T21:06:13.505266Z","level":"warning","event":"The `airflow.decorators.task` attribute is deprecated. Please use `'airflow.sdk.task'`.","category":"DeprecatedImportWarning","filename":"/opt/airflow/dags/dag.py","lineno":2,"logger":"py.warnings"}
{"timestamp":"2025-12-17T21:06:13.505303Z","level":"warning","event":"The `airflow.operators.empty.EmptyOperator` attribute is deprecated. Please use `'airflow.providers.standard.operators.empty.EmptyOperator'`.","category":"DeprecatedImportWarning","filename":"/opt/airflow/dags/dag.py","lineno":3,"logger":"py.warnings"}
{"timestamp":"2025-12-17T21:06:13.505324Z","level":"warning","event":"The `airflow.operators.python.get_current_context` attribute is deprecated. Please use `'airflow.sdk.get_current_context'`.","category":"DeprecatedImportWarning","filename":"/opt/airflow/dags/dag.py","lineno":5,"logger":"py.warnings"}
{"timestamp":"2025-12-17T21:06:43.966632Z","level":"info","event":"Filling up the DagBag from /opt/airflow/dags/dag.py","logger":"airflow.models.dagbag.DagBag","filename":"dagbag.py","lineno":593}
{"timestamp":"2025-12-17T21:06:43.999701Z","level":"warning","event":"The `airflow.decorators.dag` attribute is deprecated. Please use `'airflow.sdk.dag'`.","category":"DeprecatedImportWarning","filename":"/opt/airflow/dags/dag.py","lineno":1,"logger":"py.warnings"}
{"timestamp":"2025-12-17T21:06:43.999905Z","level":"warning","event":"The `airflow.decorators.task` attribute is deprecated. Please use `'airflow.sdk.task'`.","category":"DeprecatedImportWarning","filename":"/opt/airflow/dags/dag.py","lineno":2,"logger":"py.warnings"}
{"timestamp":"2025-12-17T21:06:43.999937Z","level":"warning","event":"The `airflow.operators.empty.EmptyOperator` attribute is deprecated. Please use `'airflow.providers.standard.operators.empty.EmptyOperator'`.","category":"DeprecatedImportWarning","filename":"/opt/airflow/dags/dag.py","lineno":3,"logger":"py.warnings"}
{"timestamp":"2025-12-17T21:06:43.999960Z","level":"warning","event":"The `airflow.operators.python.get_current_context` attribute is deprecated. Please use `'airflow.sdk.get_current_context'`.","category":"DeprecatedImportWarning","filename":"/opt/airflow/dags/dag.py","lineno":5,"logger":"py.warnings"}
{"timestamp":"2025-12-17T21:07:14.491082Z","level":"info","event":"Filling up the DagBag from /opt/airflow/dags/dag.py","logger":"airflow.models.dagbag.DagBag","filename":"dagbag.py","lineno":593}
{"timestamp":"2025-12-17T21:07:14.546900Z","level":"warning","event":"The `airflow.decorators.dag` attribute is deprecated. Please use `'airflow.sdk.dag'`.","category":"DeprecatedImportWarning","filename":"/opt/airflow/dags/dag.py","lineno":1,"logger":"py.warnings"}
{"timestamp":"2025-12-17T21:07:14.547092Z","level":"warning","event":"The `airflow.decorators.task` attribute is deprecated. Please use `'airflow.sdk.task'`.","category":"DeprecatedImportWarning","filename":"/opt/airflow/dags/dag.py","lineno":2,"logger":"py.warnings"}
{"timestamp":"2025-12-17T21:07:14.547408Z","level":"warning","event":"The `airflow.operators.empty.EmptyOperator` attribute is deprecated. Please use `'airflow.providers.standard.operators.empty.EmptyOperator'`.","category":"DeprecatedImportWarning","filename":"/opt/airflow/dags/dag.py","lineno":3,"logger":"py.warnings"}
{"timestamp":"2025-12-17T21:07:14.547587Z","level":"warning","event":"The `airflow.operators.python.get_current_context` attribute is deprecated. Please use `'airflow.sdk.get_current_context'`.","category":"DeprecatedImportWarning","filename":"/opt/airflow/dags/dag.py","lineno":5,"logger":"py.warnings"}
{"timestamp":"2025-12-17T21:07:44.964984Z","level":"info","event":"Filling up the DagBag from /opt/airflow/dags/dag.py","logger":"airflow.models.dagbag.DagBag","filename":"dagbag.py","lineno":593}
{"timestamp":"2025-12-17T21:07:44.992201Z","level":"warning","event":"The `airflow.decorators.dag` attribute is deprecated. Please use `'airflow.sdk.dag'`.","category":"DeprecatedImportWarning","filename":"/opt/airflow/dags/dag.py","lineno":1,"logger":"py.warnings"}
{"timestamp":"2025-12-17T21:07:44.992421Z","level":"warning","event":"The `airflow.decorators.task` attribute is deprecated. Please use `'airflow.sdk.task'`.","category":"DeprecatedImportWarning","filename":"/opt/airflow/dags/dag.py","lineno":2,"logger":"py.warnings"}
{"timestamp":"2025-12-17T21:07:44.992785Z","level":"warning","event":"The `airflow.operators.empty.EmptyOperator` attribute is deprecated. Please use `'airflow.providers.standard.operators.empty.EmptyOperator'`.","category":"DeprecatedImportWarning","filename":"/opt/airflow/dags/dag.py","lineno":3,"logger":"py.warnings"}
{"timestamp":"2025-12-17T21:07:44.992962Z","level":"warning","event":"The `airflow.operators.python.get_current_context` attribute is deprecated. Please use `'airflow.sdk.get_current_context'`.","category":"DeprecatedImportWarning","filename":"/opt/airflow/dags/dag.py","lineno":5,"logger":"py.warnings"}
{"timestamp":"2025-12-17T21:08:15.371185Z","level":"info","event":"Filling up the DagBag from /opt/airflow/dags/dag.py","logger":"airflow.models.dagbag.DagBag","filename":"dagbag.py","lineno":593}
{"timestamp":"2025-12-17T21:08:15.415923Z","level":"warning","event":"The `airflow.decorators.dag` attribute is deprecated. Please use `'airflow.sdk.dag'`.","category":"DeprecatedImportWarning","filename":"/opt/airflow/dags/dag.py","lineno":1,"logger":"py.warnings"}
{"timestamp":"2025-12-17T21:08:15.416179Z","level":"warning","event":"The `airflow.decorators.task` attribute is deprecated. Please use `'airflow.sdk.task'`.","category":"DeprecatedImportWarning","filename":"/opt/airflow/dags/dag.py","lineno":2,"logger":"py.warnings"}
{"timestamp":"2025-12-17T21:08:15.416220Z","level":"warning","event":"The `airflow.operators.empty.EmptyOperator` attribute is deprecated. Please use `'airflow.providers.standard.operators.empty.EmptyOperator'`.","category":"DeprecatedImportWarning","filename":"/opt/airflow/dags/dag.py","lineno":3,"logger":"py.warnings"}
{"timestamp":"2025-12-17T21:08:15.416241Z","level":"warning","event":"The `airflow.operators.python.get_current_context` attribute is deprecated. Please use `'airflow.sdk.get_current_context'`.","category":"DeprecatedImportWarning","filename":"/opt/airflow/dags/dag.py","lineno":5,"logger":"py.warnings"}
{"timestamp":"2025-12-17T21:08:45.934139Z","level":"info","event":"Filling up the DagBag from /opt/airflow/dags/dag.py","logger":"airflow.models.dagbag.DagBag","filename":"dagbag.py","lineno":593}
{"timestamp":"2025-12-17T21:08:46.019444Z","level":"warning","event":"The `airflow.decorators.dag` attribute is deprecated. Please use `'airflow.sdk.dag'`.","category":"DeprecatedImportWarning","filename":"/opt/airflow/dags/dag.py","lineno":1,"logger":"py.warnings"}
{"timestamp":"2025-12-17T21:08:46.019563Z","level":"warning","event":"The `airflow.decorators.task` attribute is deprecated. Please use `'airflow.sdk.task'`.","category":"DeprecatedImportWarning","filename":"/opt/airflow/dags/dag.py","lineno":2,"logger":"py.warnings"}
{"timestamp":"2025-12-17T21:08:46.019603Z","level":"warning","event":"The `airflow.operators.empty.EmptyOperator` attribute is deprecated. Please use `'airflow.providers.standard.operators.empty.EmptyOperator'`.","category":"DeprecatedImportWarning","filename":"/opt/airflow/dags/dag.py","lineno":3,"logger":"py.warnings"}
{"timestamp":"2025-12-17T21:08:46.019627Z","level":"warning","event":"The `airflow.operators.python.get_current_context` attribute is deprecated. Please use `'airflow.sdk.get_current_context'`.","category":"DeprecatedImportWarning","filename":"/opt/airflow/dags/dag.py","lineno":5,"logger":"py.warnings"}
{"timestamp":"2025-12-17T21:09:16.458174Z","level":"info","event":"Filling up the DagBag from /opt/airflow/dags/dag.py","logger":"airflow.models.dagbag.DagBag","filename":"dagbag.py","lineno":593}
{"timestamp":"2025-12-17T21:09:16.502603Z","level":"warning","event":"The `airflow.decorators.dag` attribute is deprecated. Please use `'airflow.sdk.dag'`.","category":"DeprecatedImportWarning","filename":"/opt/airflow/dags/dag.py","lineno":1,"logger":"py.warnings"}
{"timestamp":"2025-12-17T21:09:16.502687Z","level":"warning","event":"The `airflow.decorators.task` attribute is deprecated. Please use `'airflow.sdk.task'`.","category":"DeprecatedImportWarning","filename":"/opt/airflow/dags/dag.py","lineno":2,"logger":"py.warnings"}
{"timestamp":"2025-12-17T21:09:16.502722Z","level":"warning","event":"The `airflow.operators.empty.EmptyOperator` attribute is deprecated. Please use `'airflow.providers.standard.operators.empty.EmptyOperator'`.","category":"DeprecatedImportWarning","filename":"/opt/airflow/dags/dag.py","lineno":3,"logger":"py.warnings"}
{"timestamp":"2025-12-17T21:09:16.502758Z","level":"warning","event":"The `airflow.operators.python.get_current_context` attribute is deprecated. Please use `'airflow.sdk.get_current_context'`.","category":"DeprecatedImportWarning","filename":"/opt/airflow/dags/dag.py","lineno":5,"logger":"py.warnings"}
{"timestamp":"2025-12-17T21:09:46.995013Z","level":"info","event":"Filling up the DagBag from /opt/airflow/dags/dag.py","logger":"airflow.models.dagbag.DagBag","filename":"dagbag.py","lineno":593}
{"timestamp":"2025-12-17T21:09:47.053574Z","level":"warning","event":"The `airflow.decorators.dag` attribute is deprecated. Please use `'airflow.sdk.dag'`.","category":"DeprecatedImportWarning","filename":"/opt/airflow/dags/dag.py","lineno":1,"logger":"py.warnings"}
{"timestamp":"2025-12-17T21:09:47.053649Z","level":"warning","event":"The `airflow.decorators.task` attribute is deprecated. Please use `'airflow.sdk.task'`.","category":"DeprecatedImportWarning","filename":"/opt/airflow/dags/dag.py","lineno":2,"logger":"py.warnings"}
{"timestamp":"2025-12-17T21:09:47.053672Z","level":"warning","event":"The `airflow.operators.empty.EmptyOperator` attribute is deprecated. Please use `'airflow.providers.standard.operators.empty.EmptyOperator'`.","category":"DeprecatedImportWarning","filename":"/opt/airflow/dags/dag.py","lineno":3,"logger":"py.warnings"}
{"timestamp":"2025-12-17T21:09:47.053690Z","level":"warning","event":"The `airflow.operators.python.get_current_context` attribute is deprecated. Please use `'airflow.sdk.get_current_context'`.","category":"DeprecatedImportWarning","filename":"/opt/airflow/dags/dag.py","lineno":5,"logger":"py.warnings"}
{"timestamp":"2025-12-17T21:10:17.454768Z","level":"info","event":"Filling up the DagBag from /opt/airflow/dags/dag.py","logger":"airflow.models.dagbag.DagBag","filename":"dagbag.py","lineno":593}
{"timestamp":"2025-12-17T21:10:17.490290Z","level":"warning","event":"The `airflow.decorators.dag` attribute is deprecated. Please use `'airflow.sdk.dag'`.","category":"DeprecatedImportWarning","filename":"/opt/airflow/dags/dag.py","lineno":1,"logger":"py.warnings"}
{"timestamp":"2025-12-17T21:10:17.490371Z","level":"warning","event":"The `airflow.decorators.task` attribute is deprecated. Please use `'airflow.sdk.task'`.","category":"DeprecatedImportWarning","filename":"/opt/airflow/dags/dag.py","lineno":2,"logger":"py.warnings"}
{"timestamp":"2025-12-17T21:10:17.490393Z","level":"warning","event":"The `airflow.operators.empty.EmptyOperator` attribute is deprecated. Please use `'airflow.providers.standard.operators.empty.EmptyOperator'`.","category":"DeprecatedImportWarning","filename":"/opt/airflow/dags/dag.py","lineno":3,"logger":"py.warnings"}
{"timestamp":"2025-12-17T21:10:17.490411Z","level":"warning","event":"The `airflow.operators.python.get_current_context` attribute is deprecated. Please use `'airflow.sdk.get_current_context'`.","category":"DeprecatedImportWarning","filename":"/opt/airflow/dags/dag.py","lineno":5,"logger":"py.warnings"}
{"timestamp":"2025-12-17T21:10:47.910616Z","level":"info","event":"Filling up the DagBag from /opt/airflow/dags/dag.py","logger":"airflow.models.dagbag.DagBag","filename":"dagbag.py","lineno":593}
{"timestamp":"2025-12-17T21:10:47.957545Z","level":"warning","event":"The `airflow.decorators.dag` attribute is deprecated. Please use `'airflow.sdk.dag'`.","category":"DeprecatedImportWarning","filename":"/opt/airflow/dags/dag.py","lineno":1,"logger":"py.warnings"}
{"timestamp":"2025-12-17T21:10:47.957620Z","level":"warning","event":"The `airflow.decorators.task` attribute is deprecated. Please use `'airflow.sdk.task'`.","category":"DeprecatedImportWarning","filename":"/opt/airflow/dags/dag.py","lineno":2,"logger":"py.warnings"}
{"timestamp":"2025-12-17T21:10:47.957652Z","level":"warning","event":"The `airflow.operators.empty.EmptyOperator` attribute is deprecated. Please use `'airflow.providers.standard.operators.empty.EmptyOperator'`.","category":"DeprecatedImportWarning","filename":"/opt/airflow/dags/dag.py","lineno":3,"logger":"py.warnings"}
{"timestamp":"2025-12-17T21:10:47.957672Z","level":"warning","event":"The `airflow.operators.python.get_current_context` attribute is deprecated. Please use `'airflow.sdk.get_current_context'`.","category":"DeprecatedImportWarning","filename":"/opt/airflow/dags/dag.py","lineno":5,"logger":"py.warnings"}
{"timestamp":"2025-12-17T21:11:18.447199Z","level":"info","event":"Filling up the DagBag from /opt/airflow/dags/dag.py","logger":"airflow.models.dagbag.DagBag","filename":"dagbag.py","lineno":593}
{"timestamp":"2025-12-17T21:11:18.504268Z","level":"warning","event":"The `airflow.decorators.dag` attribute is deprecated. Please use `'airflow.sdk.dag'`.","category":"DeprecatedImportWarning","filename":"/opt/airflow/dags/dag.py","lineno":1,"logger":"py.warnings"}
{"timestamp":"2025-12-17T21:11:18.504414Z","level":"warning","event":"The `airflow.decorators.task` attribute is deprecated. Please use `'airflow.sdk.task'`.","category":"DeprecatedImportWarning","filename":"/opt/airflow/dags/dag.py","lineno":2,"logger":"py.warnings"}
{"timestamp":"2025-12-17T21:11:18.504484Z","level":"warning","event":"The `airflow.operators.empty.EmptyOperator` attribute is deprecated. Please use `'airflow.providers.standard.operators.empty.EmptyOperator'`.","category":"DeprecatedImportWarning","filename":"/opt/airflow/dags/dag.py","lineno":3,"logger":"py.warnings"}
{"timestamp":"2025-12-17T21:11:18.504553Z","level":"warning","event":"The `airflow.operators.python.get_current_context` attribute is deprecated. Please use `'airflow.sdk.get_current_context'`.","category":"DeprecatedImportWarning","filename":"/opt/airflow/dags/dag.py","lineno":5,"logger":"py.warnings"}
{"timestamp":"2025-12-17T21:11:48.885104Z","level":"info","event":"Filling up the DagBag from /opt/airflow/dags/dag.py","logger":"airflow.models.dagbag.DagBag","filename":"dagbag.py","lineno":593}
{"timestamp":"2025-12-17T21:11:48.928083Z","level":"warning","event":"The `airflow.decorators.dag` attribute is deprecated. Please use `'airflow.sdk.dag'`.","category":"DeprecatedImportWarning","filename":"/opt/airflow/dags/dag.py","lineno":1,"logger":"py.warnings"}
{"timestamp":"2025-12-17T21:11:48.928165Z","level":"warning","event":"The `airflow.decorators.task` attribute is deprecated. Please use `'airflow.sdk.task'`.","category":"DeprecatedImportWarning","filename":"/opt/airflow/dags/dag.py","lineno":2,"logger":"py.warnings"}
{"timestamp":"2025-12-17T21:11:48.928191Z","level":"warning","event":"The `airflow.operators.empty.EmptyOperator` attribute is deprecated. Please use `'airflow.providers.standard.operators.empty.EmptyOperator'`.","category":"DeprecatedImportWarning","filename":"/opt/airflow/dags/dag.py","lineno":3,"logger":"py.warnings"}
{"timestamp":"2025-12-17T21:11:48.928222Z","level":"warning","event":"The `airflow.operators.python.get_current_context` attribute is deprecated. Please use `'airflow.sdk.get_current_context'`.","category":"DeprecatedImportWarning","filename":"/opt/airflow/dags/dag.py","lineno":5,"logger":"py.warnings"}
{"timestamp":"2025-12-17T21:12:19.401345Z","level":"info","event":"Filling up the DagBag from /opt/airflow/dags/dag.py","logger":"airflow.models.dagbag.DagBag","filename":"dagbag.py","lineno":593}
{"timestamp":"2025-12-17T21:12:19.442738Z","level":"warning","event":"The `airflow.decorators.dag` attribute is deprecated. Please use `'airflow.sdk.dag'`.","category":"DeprecatedImportWarning","filename":"/opt/airflow/dags/dag.py","lineno":1,"logger":"py.warnings"}
{"timestamp":"2025-12-17T21:12:19.442801Z","level":"warning","event":"The `airflow.decorators.task` attribute is deprecated. Please use `'airflow.sdk.task'`.","category":"DeprecatedImportWarning","filename":"/opt/airflow/dags/dag.py","lineno":2,"logger":"py.warnings"}
{"timestamp":"2025-12-17T21:12:19.442854Z","level":"warning","event":"The `airflow.operators.empty.EmptyOperator` attribute is deprecated. Please use `'airflow.providers.standard.operators.empty.EmptyOperator'`.","category":"DeprecatedImportWarning","filename":"/opt/airflow/dags/dag.py","lineno":3,"logger":"py.warnings"}
{"timestamp":"2025-12-17T21:12:19.442880Z","level":"warning","event":"The `airflow.operators.python.get_current_context` attribute is deprecated. Please use `'airflow.sdk.get_current_context'`.","category":"DeprecatedImportWarning","filename":"/opt/airflow/dags/dag.py","lineno":5,"logger":"py.warnings"}
{"timestamp":"2025-12-17T21:12:49.838924Z","level":"info","event":"Filling up the DagBag from /opt/airflow/dags/dag.py","logger":"airflow.models.dagbag.DagBag","filename":"dagbag.py","lineno":593}
{"timestamp":"2025-12-17T21:12:49.873754Z","level":"warning","event":"The `airflow.decorators.dag` attribute is deprecated. Please use `'airflow.sdk.dag'`.","category":"DeprecatedImportWarning","filename":"/opt/airflow/dags/dag.py","lineno":1,"logger":"py.warnings"}
{"timestamp":"2025-12-17T21:12:49.873824Z","level":"warning","event":"The `airflow.decorators.task` attribute is deprecated. Please use `'airflow.sdk.task'`.","category":"DeprecatedImportWarning","filename":"/opt/airflow/dags/dag.py","lineno":2,"logger":"py.warnings"}
{"timestamp":"2025-12-17T21:12:49.873845Z","level":"warning","event":"The `airflow.operators.empty.EmptyOperator` attribute is deprecated. Please use `'airflow.providers.standard.operators.empty.EmptyOperator'`.","category":"DeprecatedImportWarning","filename":"/opt/airflow/dags/dag.py","lineno":3,"logger":"py.warnings"}
{"timestamp":"2025-12-17T21:12:49.873863Z","level":"warning","event":"The `airflow.operators.python.get_current_context` attribute is deprecated. Please use `'airflow.sdk.get_current_context'`.","category":"DeprecatedImportWarning","filename":"/opt/airflow/dags/dag.py","lineno":5,"logger":"py.warnings"}
{"timestamp":"2025-12-17T21:13:26.260633Z","level":"info","event":"Filling up the DagBag from /opt/airflow/dags/dag.py","logger":"airflow.models.dagbag.DagBag","filename":"dagbag.py","lineno":593}
{"timestamp":"2025-12-17T21:13:26.316687Z","level":"warning","event":"The `airflow.decorators.dag` attribute is deprecated. Please use `'airflow.sdk.dag'`.","category":"DeprecatedImportWarning","filename":"/opt/airflow/dags/dag.py","lineno":1,"logger":"py.warnings"}
{"timestamp":"2025-12-17T21:13:26.316764Z","level":"warning","event":"The `airflow.decorators.task` attribute is deprecated. Please use `'airflow.sdk.task'`.","category":"DeprecatedImportWarning","filename":"/opt/airflow/dags/dag.py","lineno":2,"logger":"py.warnings"}
{"timestamp":"2025-12-17T21:13:26.316791Z","level":"warning","event":"The `airflow.operators.empty.EmptyOperator` attribute is deprecated. Please use `'airflow.providers.standard.operators.empty.EmptyOperator'`.","category":"DeprecatedImportWarning","filename":"/opt/airflow/dags/dag.py","lineno":3,"logger":"py.warnings"}
{"timestamp":"2025-12-17T21:13:26.316813Z","level":"warning","event":"The `airflow.operators.python.get_current_context` attribute is deprecated. Please use `'airflow.sdk.get_current_context'`.","category":"DeprecatedImportWarning","filename":"/opt/airflow/dags/dag.py","lineno":5,"logger":"py.warnings"}
{"timestamp":"2025-12-17T21:13:56.619550Z","level":"info","event":"Filling up the DagBag from /opt/airflow/dags/dag.py","logger":"airflow.models.dagbag.DagBag","filename":"dagbag.py","lineno":593}
{"timestamp":"2025-12-17T21:13:56.654430Z","level":"warning","event":"The `airflow.decorators.dag` attribute is deprecated. Please use `'airflow.sdk.dag'`.","category":"DeprecatedImportWarning","filename":"/opt/airflow/dags/dag.py","lineno":1,"logger":"py.warnings"}
{"timestamp":"2025-12-17T21:13:56.654498Z","level":"warning","event":"The `airflow.decorators.task` attribute is deprecated. Please use `'airflow.sdk.task'`.","category":"DeprecatedImportWarning","filename":"/opt/airflow/dags/dag.py","lineno":2,"logger":"py.warnings"}
{"timestamp":"2025-12-17T21:13:56.654523Z","level":"warning","event":"The `airflow.operators.empty.EmptyOperator` attribute is deprecated. Please use `'airflow.providers.standard.operators.empty.EmptyOperator'`.","category":"DeprecatedImportWarning","filename":"/opt/airflow/dags/dag.py","lineno":3,"logger":"py.warnings"}
{"timestamp":"2025-12-17T21:13:56.654544Z","level":"warning","event":"The `airflow.operators.python.get_current_context` attribute is deprecated. Please use `'airflow.sdk.get_current_context'`.","category":"DeprecatedImportWarning","filename":"/opt/airflow/dags/dag.py","lineno":5,"logger":"py.warnings"}
{"timestamp":"2025-12-17T21:14:27.025138Z","level":"info","event":"Filling up the DagBag from /opt/airflow/dags/dag.py","logger":"airflow.models.dagbag.DagBag","filename":"dagbag.py","lineno":593}
{"timestamp":"2025-12-17T21:14:27.072100Z","level":"warning","event":"The `airflow.decorators.dag` attribute is deprecated. Please use `'airflow.sdk.dag'`.","category":"DeprecatedImportWarning","filename":"/opt/airflow/dags/dag.py","lineno":1,"logger":"py.warnings"}
{"timestamp":"2025-12-17T21:14:27.072164Z","level":"warning","event":"The `airflow.decorators.task` attribute is deprecated. Please use `'airflow.sdk.task'`.","category":"DeprecatedImportWarning","filename":"/opt/airflow/dags/dag.py","lineno":2,"logger":"py.warnings"}
{"timestamp":"2025-12-17T21:14:27.072187Z","level":"warning","event":"The `airflow.operators.empty.EmptyOperator` attribute is deprecated. Please use `'airflow.providers.standard.operators.empty.EmptyOperator'`.","category":"DeprecatedImportWarning","filename":"/opt/airflow/dags/dag.py","lineno":3,"logger":"py.warnings"}
{"timestamp":"2025-12-17T21:14:27.072205Z","level":"warning","event":"The `airflow.operators.python.get_current_context` attribute is deprecated. Please use `'airflow.sdk.get_current_context'`.","category":"DeprecatedImportWarning","filename":"/opt/airflow/dags/dag.py","lineno":5,"logger":"py.warnings"}
{"timestamp":"2025-12-17T21:14:57.568271Z","level":"info","event":"Filling up the DagBag from /opt/airflow/dags/dag.py","logger":"airflow.models.dagbag.DagBag","filename":"dagbag.py","lineno":593}
{"timestamp":"2025-12-17T21:14:57.604240Z","level":"warning","event":"The `airflow.decorators.dag` attribute is deprecated. Please use `'airflow.sdk.dag'`.","category":"DeprecatedImportWarning","filename":"/opt/airflow/dags/dag.py","lineno":1,"logger":"py.warnings"}
{"timestamp":"2025-12-17T21:14:57.604327Z","level":"warning","event":"The `airflow.decorators.task` attribute is deprecated. Please use `'airflow.sdk.task'`.","category":"DeprecatedImportWarning","filename":"/opt/airflow/dags/dag.py","lineno":2,"logger":"py.warnings"}
{"timestamp":"2025-12-17T21:14:57.604357Z","level":"warning","event":"The `airflow.operators.empty.EmptyOperator` attribute is deprecated. Please use `'airflow.providers.standard.operators.empty.EmptyOperator'`.","category":"DeprecatedImportWarning","filename":"/opt/airflow/dags/dag.py","lineno":3,"logger":"py.warnings"}
{"timestamp":"2025-12-17T21:14:57.604378Z","level":"warning","event":"The `airflow.operators.python.get_current_context` attribute is deprecated. Please use `'airflow.sdk.get_current_context'`.","category":"DeprecatedImportWarning","filename":"/opt/airflow/dags/dag.py","lineno":5,"logger":"py.warnings"}
{"timestamp":"2025-12-17T21:15:28.005991Z","level":"info","event":"Filling up the DagBag from /opt/airflow/dags/dag.py","logger":"airflow.models.dagbag.DagBag","filename":"dagbag.py","lineno":593}
{"timestamp":"2025-12-17T21:15:28.053471Z","level":"warning","event":"The `airflow.decorators.dag` attribute is deprecated. Please use `'airflow.sdk.dag'`.","category":"DeprecatedImportWarning","filename":"/opt/airflow/dags/dag.py","lineno":1,"logger":"py.warnings"}
{"timestamp":"2025-12-17T21:15:28.053553Z","level":"warning","event":"The `airflow.decorators.task` attribute is deprecated. Please use `'airflow.sdk.task'`.","category":"DeprecatedImportWarning","filename":"/opt/airflow/dags/dag.py","lineno":2,"logger":"py.warnings"}
{"timestamp":"2025-12-17T21:15:28.053576Z","level":"warning","event":"The `airflow.operators.empty.EmptyOperator` attribute is deprecated. Please use `'airflow.providers.standard.operators.empty.EmptyOperator'`.","category":"DeprecatedImportWarning","filename":"/opt/airflow/dags/dag.py","lineno":3,"logger":"py.warnings"}
{"timestamp":"2025-12-17T21:15:28.053595Z","level":"warning","event":"The `airflow.operators.python.get_current_context` attribute is deprecated. Please use `'airflow.sdk.get_current_context'`.","category":"DeprecatedImportWarning","filename":"/opt/airflow/dags/dag.py","lineno":5,"logger":"py.warnings"}
{"timestamp":"2025-12-17T21:15:58.407585Z","level":"info","event":"Filling up the DagBag from /opt/airflow/dags/dag.py","logger":"airflow.models.dagbag.DagBag","filename":"dagbag.py","lineno":593}
{"timestamp":"2025-12-17T21:15:58.443893Z","level":"warning","event":"The `airflow.decorators.dag` attribute is deprecated. Please use `'airflow.sdk.dag'`.","category":"DeprecatedImportWarning","filename":"/opt/airflow/dags/dag.py","lineno":1,"logger":"py.warnings"}
{"timestamp":"2025-12-17T21:15:58.443958Z","level":"warning","event":"The `airflow.decorators.task` attribute is deprecated. Please use `'airflow.sdk.task'`.","category":"DeprecatedImportWarning","filename":"/opt/airflow/dags/dag.py","lineno":2,"logger":"py.warnings"}
{"timestamp":"2025-12-17T21:15:58.443984Z","level":"warning","event":"The `airflow.operators.empty.EmptyOperator` attribute is deprecated. Please use `'airflow.providers.standard.operators.empty.EmptyOperator'`.","category":"DeprecatedImportWarning","filename":"/opt/airflow/dags/dag.py","lineno":3,"logger":"py.warnings"}
{"timestamp":"2025-12-17T21:15:58.444005Z","level":"warning","event":"The `airflow.operators.python.get_current_context` attribute is deprecated. Please use `'airflow.sdk.get_current_context'`.","category":"DeprecatedImportWarning","filename":"/opt/airflow/dags/dag.py","lineno":5,"logger":"py.warnings"}
{"timestamp":"2025-12-17T21:16:28.878086Z","level":"info","event":"Filling up the DagBag from /opt/airflow/dags/dag.py","logger":"airflow.models.dagbag.DagBag","filename":"dagbag.py","lineno":593}
{"timestamp":"2025-12-17T21:16:28.942650Z","level":"warning","event":"The `airflow.decorators.dag` attribute is deprecated. Please use `'airflow.sdk.dag'`.","category":"DeprecatedImportWarning","filename":"/opt/airflow/dags/dag.py","lineno":1,"logger":"py.warnings"}
{"timestamp":"2025-12-17T21:16:28.942749Z","level":"warning","event":"The `airflow.decorators.task` attribute is deprecated. Please use `'airflow.sdk.task'`.","category":"DeprecatedImportWarning","filename":"/opt/airflow/dags/dag.py","lineno":2,"logger":"py.warnings"}
{"timestamp":"2025-12-17T21:16:28.942787Z","level":"warning","event":"The `airflow.operators.empty.EmptyOperator` attribute is deprecated. Please use `'airflow.providers.standard.operators.empty.EmptyOperator'`.","category":"DeprecatedImportWarning","filename":"/opt/airflow/dags/dag.py","lineno":3,"logger":"py.warnings"}
{"timestamp":"2025-12-17T21:16:28.942818Z","level":"warning","event":"The `airflow.operators.python.get_current_context` attribute is deprecated. Please use `'airflow.sdk.get_current_context'`.","category":"DeprecatedImportWarning","filename":"/opt/airflow/dags/dag.py","lineno":5,"logger":"py.warnings"}
{"timestamp":"2025-12-17T21:16:59.326174Z","level":"info","event":"Filling up the DagBag from /opt/airflow/dags/dag.py","logger":"airflow.models.dagbag.DagBag","filename":"dagbag.py","lineno":593}
{"timestamp":"2025-12-17T21:16:59.426233Z","level":"warning","event":"The `airflow.decorators.dag` attribute is deprecated. Please use `'airflow.sdk.dag'`.","category":"DeprecatedImportWarning","filename":"/opt/airflow/dags/dag.py","lineno":1,"logger":"py.warnings"}
{"timestamp":"2025-12-17T21:16:59.426355Z","level":"warning","event":"The `airflow.decorators.task` attribute is deprecated. Please use `'airflow.sdk.task'`.","category":"DeprecatedImportWarning","filename":"/opt/airflow/dags/dag.py","lineno":2,"logger":"py.warnings"}
{"timestamp":"2025-12-17T21:16:59.426410Z","level":"warning","event":"The `airflow.operators.empty.EmptyOperator` attribute is deprecated. Please use `'airflow.providers.standard.operators.empty.EmptyOperator'`.","category":"DeprecatedImportWarning","filename":"/opt/airflow/dags/dag.py","lineno":3,"logger":"py.warnings"}
{"timestamp":"2025-12-17T21:16:59.426454Z","level":"warning","event":"The `airflow.operators.python.get_current_context` attribute is deprecated. Please use `'airflow.sdk.get_current_context'`.","category":"DeprecatedImportWarning","filename":"/opt/airflow/dags/dag.py","lineno":5,"logger":"py.warnings"}
{"timestamp":"2025-12-17T21:17:29.831455Z","level":"info","event":"Filling up the DagBag from /opt/airflow/dags/dag.py","logger":"airflow.models.dagbag.DagBag","filename":"dagbag.py","lineno":593}
{"timestamp":"2025-12-17T21:17:29.871041Z","level":"warning","event":"The `airflow.decorators.dag` attribute is deprecated. Please use `'airflow.sdk.dag'`.","category":"DeprecatedImportWarning","filename":"/opt/airflow/dags/dag.py","lineno":1,"logger":"py.warnings"}
{"timestamp":"2025-12-17T21:17:29.871117Z","level":"warning","event":"The `airflow.decorators.task` attribute is deprecated. Please use `'airflow.sdk.task'`.","category":"DeprecatedImportWarning","filename":"/opt/airflow/dags/dag.py","lineno":2,"logger":"py.warnings"}
{"timestamp":"2025-12-17T21:17:29.871144Z","level":"warning","event":"The `airflow.operators.empty.EmptyOperator` attribute is deprecated. Please use `'airflow.providers.standard.operators.empty.EmptyOperator'`.","category":"DeprecatedImportWarning","filename":"/opt/airflow/dags/dag.py","lineno":3,"logger":"py.warnings"}
{"timestamp":"2025-12-17T21:17:29.871167Z","level":"warning","event":"The `airflow.operators.python.get_current_context` attribute is deprecated. Please use `'airflow.sdk.get_current_context'`.","category":"DeprecatedImportWarning","filename":"/opt/airflow/dags/dag.py","lineno":5,"logger":"py.warnings"}
{"timestamp":"2025-12-17T21:17:35.986351Z","level":"info","event":"Filling up the DagBag from /opt/airflow/dags/dag.py","logger":"airflow.models.dagbag.DagBag","filename":"dagbag.py","lineno":593}
{"timestamp":"2025-12-17T21:17:36.024398Z","level":"warning","event":"The `airflow.decorators.dag` attribute is deprecated. Please use `'airflow.sdk.dag'`.","category":"DeprecatedImportWarning","filename":"/opt/airflow/dags/dag.py","lineno":1,"logger":"py.warnings"}
{"timestamp":"2025-12-17T21:17:36.024459Z","level":"warning","event":"The `airflow.decorators.task` attribute is deprecated. Please use `'airflow.sdk.task'`.","category":"DeprecatedImportWarning","filename":"/opt/airflow/dags/dag.py","lineno":2,"logger":"py.warnings"}
{"timestamp":"2025-12-17T21:17:36.024481Z","level":"warning","event":"The `airflow.operators.empty.EmptyOperator` attribute is deprecated. Please use `'airflow.providers.standard.operators.empty.EmptyOperator'`.","category":"DeprecatedImportWarning","filename":"/opt/airflow/dags/dag.py","lineno":3,"logger":"py.warnings"}
{"timestamp":"2025-12-17T21:17:36.024508Z","level":"warning","event":"The `airflow.operators.python.get_current_context` attribute is deprecated. Please use `'airflow.sdk.get_current_context'`.","category":"DeprecatedImportWarning","filename":"/opt/airflow/dags/dag.py","lineno":5,"logger":"py.warnings"}
{"timestamp":"2025-12-17T21:18:00.311789Z","level":"info","event":"Filling up the DagBag from /opt/airflow/dags/dag.py","logger":"airflow.models.dagbag.DagBag","filename":"dagbag.py","lineno":593}
{"timestamp":"2025-12-17T21:18:00.356226Z","level":"warning","event":"The `airflow.decorators.dag` attribute is deprecated. Please use `'airflow.sdk.dag'`.","category":"DeprecatedImportWarning","filename":"/opt/airflow/dags/dag.py","lineno":1,"logger":"py.warnings"}
{"timestamp":"2025-12-17T21:18:00.356309Z","level":"warning","event":"The `airflow.decorators.task` attribute is deprecated. Please use `'airflow.sdk.task'`.","category":"DeprecatedImportWarning","filename":"/opt/airflow/dags/dag.py","lineno":2,"logger":"py.warnings"}
{"timestamp":"2025-12-17T21:18:00.356348Z","level":"warning","event":"The `airflow.operators.empty.EmptyOperator` attribute is deprecated. Please use `'airflow.providers.standard.operators.empty.EmptyOperator'`.","category":"DeprecatedImportWarning","filename":"/opt/airflow/dags/dag.py","lineno":3,"logger":"py.warnings"}
{"timestamp":"2025-12-17T21:18:00.356381Z","level":"warning","event":"The `airflow.operators.python.get_current_context` attribute is deprecated. Please use `'airflow.sdk.get_current_context'`.","category":"DeprecatedImportWarning","filename":"/opt/airflow/dags/dag.py","lineno":5,"logger":"py.warnings"}
{"timestamp":"2025-12-17T21:18:30.756809Z","level":"info","event":"Filling up the DagBag from /opt/airflow/dags/dag.py","logger":"airflow.models.dagbag.DagBag","filename":"dagbag.py","lineno":593}
{"timestamp":"2025-12-17T21:18:30.800977Z","level":"warning","event":"The `airflow.decorators.dag` attribute is deprecated. Please use `'airflow.sdk.dag'`.","category":"DeprecatedImportWarning","filename":"/opt/airflow/dags/dag.py","lineno":1,"logger":"py.warnings"}
{"timestamp":"2025-12-17T21:18:30.801105Z","level":"warning","event":"The `airflow.decorators.task` attribute is deprecated. Please use `'airflow.sdk.task'`.","category":"DeprecatedImportWarning","filename":"/opt/airflow/dags/dag.py","lineno":2,"logger":"py.warnings"}
{"timestamp":"2025-12-17T21:18:30.801153Z","level":"warning","event":"The `airflow.operators.empty.EmptyOperator` attribute is deprecated. Please use `'airflow.providers.standard.operators.empty.EmptyOperator'`.","category":"DeprecatedImportWarning","filename":"/opt/airflow/dags/dag.py","lineno":3,"logger":"py.warnings"}
{"timestamp":"2025-12-17T21:18:30.801179Z","level":"warning","event":"The `airflow.operators.python.get_current_context` attribute is deprecated. Please use `'airflow.sdk.get_current_context'`.","category":"DeprecatedImportWarning","filename":"/opt/airflow/dags/dag.py","lineno":5,"logger":"py.warnings"}
{"timestamp":"2025-12-17T21:19:01.146250Z","level":"info","event":"Filling up the DagBag from /opt/airflow/dags/dag.py","logger":"airflow.models.dagbag.DagBag","filename":"dagbag.py","lineno":593}
{"timestamp":"2025-12-17T21:19:01.199523Z","level":"warning","event":"The `airflow.decorators.dag` attribute is deprecated. Please use `'airflow.sdk.dag'`.","category":"DeprecatedImportWarning","filename":"/opt/airflow/dags/dag.py","lineno":1,"logger":"py.warnings"}
{"timestamp":"2025-12-17T21:19:01.199598Z","level":"warning","event":"The `airflow.decorators.task` attribute is deprecated. Please use `'airflow.sdk.task'`.","category":"DeprecatedImportWarning","filename":"/opt/airflow/dags/dag.py","lineno":2,"logger":"py.warnings"}
{"timestamp":"2025-12-17T21:19:01.199625Z","level":"warning","event":"The `airflow.operators.empty.EmptyOperator` attribute is deprecated. Please use `'airflow.providers.standard.operators.empty.EmptyOperator'`.","category":"DeprecatedImportWarning","filename":"/opt/airflow/dags/dag.py","lineno":3,"logger":"py.warnings"}
{"timestamp":"2025-12-17T21:19:01.199650Z","level":"warning","event":"The `airflow.operators.python.get_current_context` attribute is deprecated. Please use `'airflow.sdk.get_current_context'`.","category":"DeprecatedImportWarning","filename":"/opt/airflow/dags/dag.py","lineno":5,"logger":"py.warnings"}
{"timestamp":"2025-12-17T21:19:31.622207Z","level":"info","event":"Filling up the DagBag from /opt/airflow/dags/dag.py","logger":"airflow.models.dagbag.DagBag","filename":"dagbag.py","lineno":593}
{"timestamp":"2025-12-17T21:19:31.662953Z","level":"warning","event":"The `airflow.decorators.dag` attribute is deprecated. Please use `'airflow.sdk.dag'`.","category":"DeprecatedImportWarning","filename":"/opt/airflow/dags/dag.py","lineno":1,"logger":"py.warnings"}
{"timestamp":"2025-12-17T21:19:31.663057Z","level":"warning","event":"The `airflow.decorators.task` attribute is deprecated. Please use `'airflow.sdk.task'`.","category":"DeprecatedImportWarning","filename":"/opt/airflow/dags/dag.py","lineno":2,"logger":"py.warnings"}
{"timestamp":"2025-12-17T21:19:31.663120Z","level":"warning","event":"The `airflow.operators.empty.EmptyOperator` attribute is deprecated. Please use `'airflow.providers.standard.operators.empty.EmptyOperator'`.","category":"DeprecatedImportWarning","filename":"/opt/airflow/dags/dag.py","lineno":3,"logger":"py.warnings"}
{"timestamp":"2025-12-17T21:19:31.663155Z","level":"warning","event":"The `airflow.operators.python.get_current_context` attribute is deprecated. Please use `'airflow.sdk.get_current_context'`.","category":"DeprecatedImportWarning","filename":"/opt/airflow/dags/dag.py","lineno":5,"logger":"py.warnings"}
{"timestamp":"2025-12-17T21:20:02.026147Z","level":"info","event":"Filling up the DagBag from /opt/airflow/dags/dag.py","logger":"airflow.models.dagbag.DagBag","filename":"dagbag.py","lineno":593}
{"timestamp":"2025-12-17T21:20:02.079585Z","level":"warning","event":"The `airflow.decorators.dag` attribute is deprecated. Please use `'airflow.sdk.dag'`.","category":"DeprecatedImportWarning","filename":"/opt/airflow/dags/dag.py","lineno":1,"logger":"py.warnings"}
{"timestamp":"2025-12-17T21:20:02.079821Z","level":"warning","event":"The `airflow.decorators.task` attribute is deprecated. Please use `'airflow.sdk.task'`.","category":"DeprecatedImportWarning","filename":"/opt/airflow/dags/dag.py","lineno":2,"logger":"py.warnings"}
{"timestamp":"2025-12-17T21:20:02.079867Z","level":"warning","event":"The `airflow.operators.empty.EmptyOperator` attribute is deprecated. Please use `'airflow.providers.standard.operators.empty.EmptyOperator'`.","category":"DeprecatedImportWarning","filename":"/opt/airflow/dags/dag.py","lineno":3,"logger":"py.warnings"}
{"timestamp":"2025-12-17T21:20:02.079887Z","level":"warning","event":"The `airflow.operators.python.get_current_context` attribute is deprecated. Please use `'airflow.sdk.get_current_context'`.","category":"DeprecatedImportWarning","filename":"/opt/airflow/dags/dag.py","lineno":5,"logger":"py.warnings"}
{"timestamp":"2025-12-17T21:20:32.526878Z","level":"info","event":"Filling up the DagBag from /opt/airflow/dags/dag.py","logger":"airflow.models.dagbag.DagBag","filename":"dagbag.py","lineno":593}
{"timestamp":"2025-12-17T21:20:32.591108Z","level":"warning","event":"The `airflow.decorators.dag` attribute is deprecated. Please use `'airflow.sdk.dag'`.","category":"DeprecatedImportWarning","filename":"/opt/airflow/dags/dag.py","lineno":1,"logger":"py.warnings"}
{"timestamp":"2025-12-17T21:20:32.591215Z","level":"warning","event":"The `airflow.decorators.task` attribute is deprecated. Please use `'airflow.sdk.task'`.","category":"DeprecatedImportWarning","filename":"/opt/airflow/dags/dag.py","lineno":2,"logger":"py.warnings"}
{"timestamp":"2025-12-17T21:20:32.591253Z","level":"warning","event":"The `airflow.operators.empty.EmptyOperator` attribute is deprecated. Please use `'airflow.providers.standard.operators.empty.EmptyOperator'`.","category":"DeprecatedImportWarning","filename":"/opt/airflow/dags/dag.py","lineno":3,"logger":"py.warnings"}
{"timestamp":"2025-12-17T21:20:32.591285Z","level":"warning","event":"The `airflow.operators.python.get_current_context` attribute is deprecated. Please use `'airflow.sdk.get_current_context'`.","category":"DeprecatedImportWarning","filename":"/opt/airflow/dags/dag.py","lineno":5,"logger":"py.warnings"}
{"timestamp":"2025-12-17T21:21:02.952969Z","level":"info","event":"Filling up the DagBag from /opt/airflow/dags/dag.py","logger":"airflow.models.dagbag.DagBag","filename":"dagbag.py","lineno":593}
{"timestamp":"2025-12-17T21:21:03.000232Z","level":"warning","event":"The `airflow.decorators.dag` attribute is deprecated. Please use `'airflow.sdk.dag'`.","category":"DeprecatedImportWarning","filename":"/opt/airflow/dags/dag.py","lineno":1,"logger":"py.warnings"}
{"timestamp":"2025-12-17T21:21:03.000298Z","level":"warning","event":"The `airflow.decorators.task` attribute is deprecated. Please use `'airflow.sdk.task'`.","category":"DeprecatedImportWarning","filename":"/opt/airflow/dags/dag.py","lineno":2,"logger":"py.warnings"}
{"timestamp":"2025-12-17T21:21:03.000325Z","level":"warning","event":"The `airflow.operators.empty.EmptyOperator` attribute is deprecated. Please use `'airflow.providers.standard.operators.empty.EmptyOperator'`.","category":"DeprecatedImportWarning","filename":"/opt/airflow/dags/dag.py","lineno":3,"logger":"py.warnings"}
{"timestamp":"2025-12-17T21:21:03.000347Z","level":"warning","event":"The `airflow.operators.python.get_current_context` attribute is deprecated. Please use `'airflow.sdk.get_current_context'`.","category":"DeprecatedImportWarning","filename":"/opt/airflow/dags/dag.py","lineno":5,"logger":"py.warnings"}
{"timestamp":"2025-12-17T21:21:33.368121Z","level":"info","event":"Filling up the DagBag from /opt/airflow/dags/dag.py","logger":"airflow.models.dagbag.DagBag","filename":"dagbag.py","lineno":593}
{"timestamp":"2025-12-17T21:21:33.400913Z","level":"warning","event":"The `airflow.decorators.dag` attribute is deprecated. Please use `'airflow.sdk.dag'`.","category":"DeprecatedImportWarning","filename":"/opt/airflow/dags/dag.py","lineno":1,"logger":"py.warnings"}
{"timestamp":"2025-12-17T21:21:33.401342Z","level":"warning","event":"The `airflow.decorators.task` attribute is deprecated. Please use `'airflow.sdk.task'`.","category":"DeprecatedImportWarning","filename":"/opt/airflow/dags/dag.py","lineno":2,"logger":"py.warnings"}
{"timestamp":"2025-12-17T21:21:33.401379Z","level":"warning","event":"The `airflow.operators.empty.EmptyOperator` attribute is deprecated. Please use `'airflow.providers.standard.operators.empty.EmptyOperator'`.","category":"DeprecatedImportWarning","filename":"/opt/airflow/dags/dag.py","lineno":3,"logger":"py.warnings"}
{"timestamp":"2025-12-17T21:21:33.401534Z","level":"warning","event":"The `airflow.operators.python.get_current_context` attribute is deprecated. Please use `'airflow.sdk.get_current_context'`.","category":"DeprecatedImportWarning","filename":"/opt/airflow/dags/dag.py","lineno":5,"logger":"py.warnings"}
{"timestamp":"2025-12-17T21:22:03.786627Z","level":"info","event":"Filling up the DagBag from /opt/airflow/dags/dag.py","logger":"airflow.models.dagbag.DagBag","filename":"dagbag.py","lineno":593}
{"timestamp":"2025-12-17T21:22:03.833420Z","level":"warning","event":"The `airflow.decorators.dag` attribute is deprecated. Please use `'airflow.sdk.dag'`.","category":"DeprecatedImportWarning","filename":"/opt/airflow/dags/dag.py","lineno":1,"logger":"py.warnings"}
{"timestamp":"2025-12-17T21:22:03.833609Z","level":"warning","event":"The `airflow.decorators.task` attribute is deprecated. Please use `'airflow.sdk.task'`.","category":"DeprecatedImportWarning","filename":"/opt/airflow/dags/dag.py","lineno":2,"logger":"py.warnings"}
{"timestamp":"2025-12-17T21:22:03.833939Z","level":"warning","event":"The `airflow.operators.empty.EmptyOperator` attribute is deprecated. Please use `'airflow.providers.standard.operators.empty.EmptyOperator'`.","category":"DeprecatedImportWarning","filename":"/opt/airflow/dags/dag.py","lineno":3,"logger":"py.warnings"}
{"timestamp":"2025-12-17T21:22:03.833966Z","level":"warning","event":"The `airflow.operators.python.get_current_context` attribute is deprecated. Please use `'airflow.sdk.get_current_context'`.","category":"DeprecatedImportWarning","filename":"/opt/airflow/dags/dag.py","lineno":5,"logger":"py.warnings"}
{"timestamp":"2025-12-17T21:22:34.208319Z","level":"info","event":"Filling up the DagBag from /opt/airflow/dags/dag.py","logger":"airflow.models.dagbag.DagBag","filename":"dagbag.py","lineno":593}
{"timestamp":"2025-12-17T21:22:34.243029Z","level":"warning","event":"The `airflow.decorators.dag` attribute is deprecated. Please use `'airflow.sdk.dag'`.","category":"DeprecatedImportWarning","filename":"/opt/airflow/dags/dag.py","lineno":1,"logger":"py.warnings"}
{"timestamp":"2025-12-17T21:22:34.243090Z","level":"warning","event":"The `airflow.decorators.task` attribute is deprecated. Please use `'airflow.sdk.task'`.","category":"DeprecatedImportWarning","filename":"/opt/airflow/dags/dag.py","lineno":2,"logger":"py.warnings"}
{"timestamp":"2025-12-17T21:22:34.243114Z","level":"warning","event":"The `airflow.operators.empty.EmptyOperator` attribute is deprecated. Please use `'airflow.providers.standard.operators.empty.EmptyOperator'`.","category":"DeprecatedImportWarning","filename":"/opt/airflow/dags/dag.py","lineno":3,"logger":"py.warnings"}
{"timestamp":"2025-12-17T21:22:34.243142Z","level":"warning","event":"The `airflow.operators.python.get_current_context` attribute is deprecated. Please use `'airflow.sdk.get_current_context'`.","category":"DeprecatedImportWarning","filename":"/opt/airflow/dags/dag.py","lineno":5,"logger":"py.warnings"}
{"timestamp":"2025-12-17T21:23:04.568421Z","level":"info","event":"Filling up the DagBag from /opt/airflow/dags/dag.py","logger":"airflow.models.dagbag.DagBag","filename":"dagbag.py","lineno":593}
{"timestamp":"2025-12-17T21:23:04.607088Z","level":"warning","event":"The `airflow.decorators.dag` attribute is deprecated. Please use `'airflow.sdk.dag'`.","category":"DeprecatedImportWarning","filename":"/opt/airflow/dags/dag.py","lineno":1,"logger":"py.warnings"}
{"timestamp":"2025-12-17T21:23:04.607161Z","level":"warning","event":"The `airflow.decorators.task` attribute is deprecated. Please use `'airflow.sdk.task'`.","category":"DeprecatedImportWarning","filename":"/opt/airflow/dags/dag.py","lineno":2,"logger":"py.warnings"}
{"timestamp":"2025-12-17T21:23:04.607187Z","level":"warning","event":"The `airflow.operators.empty.EmptyOperator` attribute is deprecated. Please use `'airflow.providers.standard.operators.empty.EmptyOperator'`.","category":"DeprecatedImportWarning","filename":"/opt/airflow/dags/dag.py","lineno":3,"logger":"py.warnings"}
{"timestamp":"2025-12-17T21:23:04.607208Z","level":"warning","event":"The `airflow.operators.python.get_current_context` attribute is deprecated. Please use `'airflow.sdk.get_current_context'`.","category":"DeprecatedImportWarning","filename":"/opt/airflow/dags/dag.py","lineno":5,"logger":"py.warnings"}
{"timestamp":"2025-12-17T21:23:35.024196Z","level":"info","event":"Filling up the DagBag from /opt/airflow/dags/dag.py","logger":"airflow.models.dagbag.DagBag","filename":"dagbag.py","lineno":593}
{"timestamp":"2025-12-17T21:23:35.063908Z","level":"warning","event":"The `airflow.decorators.dag` attribute is deprecated. Please use `'airflow.sdk.dag'`.","category":"DeprecatedImportWarning","filename":"/opt/airflow/dags/dag.py","lineno":1,"logger":"py.warnings"}
{"timestamp":"2025-12-17T21:23:35.063973Z","level":"warning","event":"The `airflow.decorators.task` attribute is deprecated. Please use `'airflow.sdk.task'`.","category":"DeprecatedImportWarning","filename":"/opt/airflow/dags/dag.py","lineno":2,"logger":"py.warnings"}
{"timestamp":"2025-12-17T21:23:35.063997Z","level":"warning","event":"The `airflow.operators.empty.EmptyOperator` attribute is deprecated. Please use `'airflow.providers.standard.operators.empty.EmptyOperator'`.","category":"DeprecatedImportWarning","filename":"/opt/airflow/dags/dag.py","lineno":3,"logger":"py.warnings"}
{"timestamp":"2025-12-17T21:23:35.064016Z","level":"warning","event":"The `airflow.operators.python.get_current_context` attribute is deprecated. Please use `'airflow.sdk.get_current_context'`.","category":"DeprecatedImportWarning","filename":"/opt/airflow/dags/dag.py","lineno":5,"logger":"py.warnings"}
{"timestamp":"2025-12-17T21:24:05.459116Z","level":"info","event":"Filling up the DagBag from /opt/airflow/dags/dag.py","logger":"airflow.models.dagbag.DagBag","filename":"dagbag.py","lineno":593}
{"timestamp":"2025-12-17T21:24:05.489157Z","level":"warning","event":"The `airflow.decorators.dag` attribute is deprecated. Please use `'airflow.sdk.dag'`.","category":"DeprecatedImportWarning","filename":"/opt/airflow/dags/dag.py","lineno":1,"logger":"py.warnings"}
{"timestamp":"2025-12-17T21:24:05.489320Z","level":"warning","event":"The `airflow.decorators.task` attribute is deprecated. Please use `'airflow.sdk.task'`.","category":"DeprecatedImportWarning","filename":"/opt/airflow/dags/dag.py","lineno":2,"logger":"py.warnings"}
{"timestamp":"2025-12-17T21:24:05.489357Z","level":"warning","event":"The `airflow.operators.empty.EmptyOperator` attribute is deprecated. Please use `'airflow.providers.standard.operators.empty.EmptyOperator'`.","category":"DeprecatedImportWarning","filename":"/opt/airflow/dags/dag.py","lineno":3,"logger":"py.warnings"}
{"timestamp":"2025-12-17T21:24:05.489380Z","level":"warning","event":"The `airflow.operators.python.get_current_context` attribute is deprecated. Please use `'airflow.sdk.get_current_context'`.","category":"DeprecatedImportWarning","filename":"/opt/airflow/dags/dag.py","lineno":5,"logger":"py.warnings"}
{"timestamp":"2025-12-17T21:24:35.939505Z","level":"info","event":"Filling up the DagBag from /opt/airflow/dags/dag.py","logger":"airflow.models.dagbag.DagBag","filename":"dagbag.py","lineno":593}
{"timestamp":"2025-12-17T21:24:35.991573Z","level":"warning","event":"The `airflow.decorators.dag` attribute is deprecated. Please use `'airflow.sdk.dag'`.","category":"DeprecatedImportWarning","filename":"/opt/airflow/dags/dag.py","lineno":1,"logger":"py.warnings"}
{"timestamp":"2025-12-17T21:24:35.992256Z","level":"warning","event":"The `airflow.decorators.task` attribute is deprecated. Please use `'airflow.sdk.task'`.","category":"DeprecatedImportWarning","filename":"/opt/airflow/dags/dag.py","lineno":2,"logger":"py.warnings"}
{"timestamp":"2025-12-17T21:24:35.992306Z","level":"warning","event":"The `airflow.operators.empty.EmptyOperator` attribute is deprecated. Please use `'airflow.providers.standard.operators.empty.EmptyOperator'`.","category":"DeprecatedImportWarning","filename":"/opt/airflow/dags/dag.py","lineno":3,"logger":"py.warnings"}
{"timestamp":"2025-12-17T21:24:35.992344Z","level":"warning","event":"The `airflow.operators.python.get_current_context` attribute is deprecated. Please use `'airflow.sdk.get_current_context'`.","category":"DeprecatedImportWarning","filename":"/opt/airflow/dags/dag.py","lineno":5,"logger":"py.warnings"}
{"timestamp":"2025-12-17T21:25:06.443869Z","level":"info","event":"Filling up the DagBag from /opt/airflow/dags/dag.py","logger":"airflow.models.dagbag.DagBag","filename":"dagbag.py","lineno":593}
{"timestamp":"2025-12-17T21:25:06.501751Z","level":"warning","event":"The `airflow.decorators.dag` attribute is deprecated. Please use `'airflow.sdk.dag'`.","category":"DeprecatedImportWarning","filename":"/opt/airflow/dags/dag.py","lineno":1,"logger":"py.warnings"}
{"timestamp":"2025-12-17T21:25:06.501823Z","level":"warning","event":"The `airflow.decorators.task` attribute is deprecated. Please use `'airflow.sdk.task'`.","category":"DeprecatedImportWarning","filename":"/opt/airflow/dags/dag.py","lineno":2,"logger":"py.warnings"}
{"timestamp":"2025-12-17T21:25:06.501849Z","level":"warning","event":"The `airflow.operators.empty.EmptyOperator` attribute is deprecated. Please use `'airflow.providers.standard.operators.empty.EmptyOperator'`.","category":"DeprecatedImportWarning","filename":"/opt/airflow/dags/dag.py","lineno":3,"logger":"py.warnings"}
{"timestamp":"2025-12-17T21:25:06.501874Z","level":"warning","event":"The `airflow.operators.python.get_current_context` attribute is deprecated. Please use `'airflow.sdk.get_current_context'`.","category":"DeprecatedImportWarning","filename":"/opt/airflow/dags/dag.py","lineno":5,"logger":"py.warnings"}
{"timestamp":"2025-12-17T21:25:36.908987Z","level":"info","event":"Filling up the DagBag from /opt/airflow/dags/dag.py","logger":"airflow.models.dagbag.DagBag","filename":"dagbag.py","lineno":593}
{"timestamp":"2025-12-17T21:25:36.947646Z","level":"warning","event":"The `airflow.decorators.dag` attribute is deprecated. Please use `'airflow.sdk.dag'`.","category":"DeprecatedImportWarning","filename":"/opt/airflow/dags/dag.py","lineno":1,"logger":"py.warnings"}
{"timestamp":"2025-12-17T21:25:36.947840Z","level":"warning","event":"The `airflow.decorators.task` attribute is deprecated. Please use `'airflow.sdk.task'`.","category":"DeprecatedImportWarning","filename":"/opt/airflow/dags/dag.py","lineno":2,"logger":"py.warnings"}
{"timestamp":"2025-12-17T21:25:36.947882Z","level":"warning","event":"The `airflow.operators.empty.EmptyOperator` attribute is deprecated. Please use `'airflow.providers.standard.operators.empty.EmptyOperator'`.","category":"DeprecatedImportWarning","filename":"/opt/airflow/dags/dag.py","lineno":3,"logger":"py.warnings"}
{"timestamp":"2025-12-17T21:25:36.947903Z","level":"warning","event":"The `airflow.operators.python.get_current_context` attribute is deprecated. Please use `'airflow.sdk.get_current_context'`.","category":"DeprecatedImportWarning","filename":"/opt/airflow/dags/dag.py","lineno":5,"logger":"py.warnings"}
{"timestamp":"2025-12-17T21:26:07.353180Z","level":"info","event":"Filling up the DagBag from /opt/airflow/dags/dag.py","logger":"airflow.models.dagbag.DagBag","filename":"dagbag.py","lineno":593}
{"timestamp":"2025-12-17T21:26:07.390159Z","level":"warning","event":"The `airflow.decorators.dag` attribute is deprecated. Please use `'airflow.sdk.dag'`.","category":"DeprecatedImportWarning","filename":"/opt/airflow/dags/dag.py","lineno":1,"logger":"py.warnings"}
{"timestamp":"2025-12-17T21:26:07.390220Z","level":"warning","event":"The `airflow.decorators.task` attribute is deprecated. Please use `'airflow.sdk.task'`.","category":"DeprecatedImportWarning","filename":"/opt/airflow/dags/dag.py","lineno":2,"logger":"py.warnings"}
{"timestamp":"2025-12-17T21:26:07.390245Z","level":"warning","event":"The `airflow.operators.empty.EmptyOperator` attribute is deprecated. Please use `'airflow.providers.standard.operators.empty.EmptyOperator'`.","category":"DeprecatedImportWarning","filename":"/opt/airflow/dags/dag.py","lineno":3,"logger":"py.warnings"}
{"timestamp":"2025-12-17T21:26:07.390265Z","level":"warning","event":"The `airflow.operators.python.get_current_context` attribute is deprecated. Please use `'airflow.sdk.get_current_context'`.","category":"DeprecatedImportWarning","filename":"/opt/airflow/dags/dag.py","lineno":5,"logger":"py.warnings"}
{"timestamp":"2025-12-17T21:26:37.802437Z","level":"info","event":"Filling up the DagBag from /opt/airflow/dags/dag.py","logger":"airflow.models.dagbag.DagBag","filename":"dagbag.py","lineno":593}
{"timestamp":"2025-12-17T21:26:37.844104Z","level":"warning","event":"The `airflow.decorators.dag` attribute is deprecated. Please use `'airflow.sdk.dag'`.","category":"DeprecatedImportWarning","filename":"/opt/airflow/dags/dag.py","lineno":1,"logger":"py.warnings"}
{"timestamp":"2025-12-17T21:26:37.844314Z","level":"warning","event":"The `airflow.decorators.task` attribute is deprecated. Please use `'airflow.sdk.task'`.","category":"DeprecatedImportWarning","filename":"/opt/airflow/dags/dag.py","lineno":2,"logger":"py.warnings"}
{"timestamp":"2025-12-17T21:26:37.844344Z","level":"warning","event":"The `airflow.operators.empty.EmptyOperator` attribute is deprecated. Please use `'airflow.providers.standard.operators.empty.EmptyOperator'`.","category":"DeprecatedImportWarning","filename":"/opt/airflow/dags/dag.py","lineno":3,"logger":"py.warnings"}
{"timestamp":"2025-12-17T21:26:37.844369Z","level":"warning","event":"The `airflow.operators.python.get_current_context` attribute is deprecated. Please use `'airflow.sdk.get_current_context'`.","category":"DeprecatedImportWarning","filename":"/opt/airflow/dags/dag.py","lineno":5,"logger":"py.warnings"}
{"timestamp":"2025-12-17T21:27:08.231277Z","level":"info","event":"Filling up the DagBag from /opt/airflow/dags/dag.py","logger":"airflow.models.dagbag.DagBag","filename":"dagbag.py","lineno":593}
{"timestamp":"2025-12-17T21:27:08.285987Z","level":"warning","event":"The `airflow.decorators.dag` attribute is deprecated. Please use `'airflow.sdk.dag'`.","category":"DeprecatedImportWarning","filename":"/opt/airflow/dags/dag.py","lineno":1,"logger":"py.warnings"}
{"timestamp":"2025-12-17T21:27:08.286077Z","level":"warning","event":"The `airflow.decorators.task` attribute is deprecated. Please use `'airflow.sdk.task'`.","category":"DeprecatedImportWarning","filename":"/opt/airflow/dags/dag.py","lineno":2,"logger":"py.warnings"}
{"timestamp":"2025-12-17T21:27:08.286101Z","level":"warning","event":"The `airflow.operators.empty.EmptyOperator` attribute is deprecated. Please use `'airflow.providers.standard.operators.empty.EmptyOperator'`.","category":"DeprecatedImportWarning","filename":"/opt/airflow/dags/dag.py","lineno":3,"logger":"py.warnings"}
{"timestamp":"2025-12-17T21:27:08.286125Z","level":"warning","event":"The `airflow.operators.python.get_current_context` attribute is deprecated. Please use `'airflow.sdk.get_current_context'`.","category":"DeprecatedImportWarning","filename":"/opt/airflow/dags/dag.py","lineno":5,"logger":"py.warnings"}
{"timestamp":"2025-12-17T21:27:38.718292Z","level":"info","event":"Filling up the DagBag from /opt/airflow/dags/dag.py","logger":"airflow.models.dagbag.DagBag","filename":"dagbag.py","lineno":593}
{"timestamp":"2025-12-17T21:27:38.793343Z","level":"warning","event":"The `airflow.decorators.dag` attribute is deprecated. Please use `'airflow.sdk.dag'`.","category":"DeprecatedImportWarning","filename":"/opt/airflow/dags/dag.py","lineno":1,"logger":"py.warnings"}
{"timestamp":"2025-12-17T21:27:38.793453Z","level":"warning","event":"The `airflow.decorators.task` attribute is deprecated. Please use `'airflow.sdk.task'`.","category":"DeprecatedImportWarning","filename":"/opt/airflow/dags/dag.py","lineno":2,"logger":"py.warnings"}
{"timestamp":"2025-12-17T21:27:38.793488Z","level":"warning","event":"The `airflow.operators.empty.EmptyOperator` attribute is deprecated. Please use `'airflow.providers.standard.operators.empty.EmptyOperator'`.","category":"DeprecatedImportWarning","filename":"/opt/airflow/dags/dag.py","lineno":3,"logger":"py.warnings"}
{"timestamp":"2025-12-17T21:27:38.793531Z","level":"warning","event":"The `airflow.operators.python.get_current_context` attribute is deprecated. Please use `'airflow.sdk.get_current_context'`.","category":"DeprecatedImportWarning","filename":"/opt/airflow/dags/dag.py","lineno":5,"logger":"py.warnings"}
{"timestamp":"2025-12-17T21:28:09.228889Z","level":"info","event":"Filling up the DagBag from /opt/airflow/dags/dag.py","logger":"airflow.models.dagbag.DagBag","filename":"dagbag.py","lineno":593}
{"timestamp":"2025-12-17T21:28:09.281811Z","level":"warning","event":"The `airflow.decorators.dag` attribute is deprecated. Please use `'airflow.sdk.dag'`.","category":"DeprecatedImportWarning","filename":"/opt/airflow/dags/dag.py","lineno":1,"logger":"py.warnings"}
{"timestamp":"2025-12-17T21:28:09.281871Z","level":"warning","event":"The `airflow.decorators.task` attribute is deprecated. Please use `'airflow.sdk.task'`.","category":"DeprecatedImportWarning","filename":"/opt/airflow/dags/dag.py","lineno":2,"logger":"py.warnings"}
{"timestamp":"2025-12-17T21:28:09.281893Z","level":"warning","event":"The `airflow.operators.empty.EmptyOperator` attribute is deprecated. Please use `'airflow.providers.standard.operators.empty.EmptyOperator'`.","category":"DeprecatedImportWarning","filename":"/opt/airflow/dags/dag.py","lineno":3,"logger":"py.warnings"}
{"timestamp":"2025-12-17T21:28:09.281912Z","level":"warning","event":"The `airflow.operators.python.get_current_context` attribute is deprecated. Please use `'airflow.sdk.get_current_context'`.","category":"DeprecatedImportWarning","filename":"/opt/airflow/dags/dag.py","lineno":5,"logger":"py.warnings"}
{"timestamp":"2025-12-17T21:28:39.706256Z","level":"info","event":"Filling up the DagBag from /opt/airflow/dags/dag.py","logger":"airflow.models.dagbag.DagBag","filename":"dagbag.py","lineno":593}
{"timestamp":"2025-12-17T21:28:39.744460Z","level":"warning","event":"The `airflow.decorators.dag` attribute is deprecated. Please use `'airflow.sdk.dag'`.","category":"DeprecatedImportWarning","filename":"/opt/airflow/dags/dag.py","lineno":1,"logger":"py.warnings"}
{"timestamp":"2025-12-17T21:28:39.744538Z","level":"warning","event":"The `airflow.decorators.task` attribute is deprecated. Please use `'airflow.sdk.task'`.","category":"DeprecatedImportWarning","filename":"/opt/airflow/dags/dag.py","lineno":2,"logger":"py.warnings"}
{"timestamp":"2025-12-17T21:28:39.744562Z","level":"warning","event":"The `airflow.operators.empty.EmptyOperator` attribute is deprecated. Please use `'airflow.providers.standard.operators.empty.EmptyOperator'`.","category":"DeprecatedImportWarning","filename":"/opt/airflow/dags/dag.py","lineno":3,"logger":"py.warnings"}
{"timestamp":"2025-12-17T21:28:39.744583Z","level":"warning","event":"The `airflow.operators.python.get_current_context` attribute is deprecated. Please use `'airflow.sdk.get_current_context'`.","category":"DeprecatedImportWarning","filename":"/opt/airflow/dags/dag.py","lineno":5,"logger":"py.warnings"}
{"timestamp":"2025-12-17T21:29:10.119670Z","level":"info","event":"Filling up the DagBag from /opt/airflow/dags/dag.py","logger":"airflow.models.dagbag.DagBag","filename":"dagbag.py","lineno":593}
{"timestamp":"2025-12-17T21:29:10.171085Z","level":"warning","event":"The `airflow.decorators.dag` attribute is deprecated. Please use `'airflow.sdk.dag'`.","category":"DeprecatedImportWarning","filename":"/opt/airflow/dags/dag.py","lineno":1,"logger":"py.warnings"}
{"timestamp":"2025-12-17T21:29:10.171162Z","level":"warning","event":"The `airflow.decorators.task` attribute is deprecated. Please use `'airflow.sdk.task'`.","category":"DeprecatedImportWarning","filename":"/opt/airflow/dags/dag.py","lineno":2,"logger":"py.warnings"}
{"timestamp":"2025-12-17T21:29:10.171196Z","level":"warning","event":"The `airflow.operators.empty.EmptyOperator` attribute is deprecated. Please use `'airflow.providers.standard.operators.empty.EmptyOperator'`.","category":"DeprecatedImportWarning","filename":"/opt/airflow/dags/dag.py","lineno":3,"logger":"py.warnings"}
{"timestamp":"2025-12-17T21:29:10.171227Z","level":"warning","event":"The `airflow.operators.python.get_current_context` attribute is deprecated. Please use `'airflow.sdk.get_current_context'`.","category":"DeprecatedImportWarning","filename":"/opt/airflow/dags/dag.py","lineno":5,"logger":"py.warnings"}
{"timestamp":"2025-12-17T21:29:40.533166Z","level":"info","event":"Filling up the DagBag from /opt/airflow/dags/dag.py","logger":"airflow.models.dagbag.DagBag","filename":"dagbag.py","lineno":593}
{"timestamp":"2025-12-17T21:29:40.595601Z","level":"warning","event":"The `airflow.decorators.dag` attribute is deprecated. Please use `'airflow.sdk.dag'`.","category":"DeprecatedImportWarning","filename":"/opt/airflow/dags/dag.py","lineno":1,"logger":"py.warnings"}
{"timestamp":"2025-12-17T21:29:40.595701Z","level":"warning","event":"The `airflow.decorators.task` attribute is deprecated. Please use `'airflow.sdk.task'`.","category":"DeprecatedImportWarning","filename":"/opt/airflow/dags/dag.py","lineno":2,"logger":"py.warnings"}
{"timestamp":"2025-12-17T21:29:40.595753Z","level":"warning","event":"The `airflow.operators.empty.EmptyOperator` attribute is deprecated. Please use `'airflow.providers.standard.operators.empty.EmptyOperator'`.","category":"DeprecatedImportWarning","filename":"/opt/airflow/dags/dag.py","lineno":3,"logger":"py.warnings"}
{"timestamp":"2025-12-17T21:29:40.595797Z","level":"warning","event":"The `airflow.operators.python.get_current_context` attribute is deprecated. Please use `'airflow.sdk.get_current_context'`.","category":"DeprecatedImportWarning","filename":"/opt/airflow/dags/dag.py","lineno":5,"logger":"py.warnings"}
{"timestamp":"2025-12-17T21:30:10.986076Z","level":"info","event":"Filling up the DagBag from /opt/airflow/dags/dag.py","logger":"airflow.models.dagbag.DagBag","filename":"dagbag.py","lineno":593}
{"timestamp":"2025-12-17T21:30:11.021048Z","level":"warning","event":"The `airflow.decorators.dag` attribute is deprecated. Please use `'airflow.sdk.dag'`.","category":"DeprecatedImportWarning","filename":"/opt/airflow/dags/dag.py","lineno":1,"logger":"py.warnings"}
{"timestamp":"2025-12-17T21:30:11.021112Z","level":"warning","event":"The `airflow.decorators.task` attribute is deprecated. Please use `'airflow.sdk.task'`.","category":"DeprecatedImportWarning","filename":"/opt/airflow/dags/dag.py","lineno":2,"logger":"py.warnings"}
{"timestamp":"2025-12-17T21:30:11.021138Z","level":"warning","event":"The `airflow.operators.empty.EmptyOperator` attribute is deprecated. Please use `'airflow.providers.standard.operators.empty.EmptyOperator'`.","category":"DeprecatedImportWarning","filename":"/opt/airflow/dags/dag.py","lineno":3,"logger":"py.warnings"}
{"timestamp":"2025-12-17T21:30:11.021159Z","level":"warning","event":"The `airflow.operators.python.get_current_context` attribute is deprecated. Please use `'airflow.sdk.get_current_context'`.","category":"DeprecatedImportWarning","filename":"/opt/airflow/dags/dag.py","lineno":5,"logger":"py.warnings"}
{"timestamp":"2025-12-17T21:30:41.466058Z","level":"info","event":"Filling up the DagBag from /opt/airflow/dags/dag.py","logger":"airflow.models.dagbag.DagBag","filename":"dagbag.py","lineno":593}
{"timestamp":"2025-12-17T21:30:41.517702Z","level":"warning","event":"The `airflow.decorators.dag` attribute is deprecated. Please use `'airflow.sdk.dag'`.","category":"DeprecatedImportWarning","filename":"/opt/airflow/dags/dag.py","lineno":1,"logger":"py.warnings"}
{"timestamp":"2025-12-17T21:30:41.517769Z","level":"warning","event":"The `airflow.decorators.task` attribute is deprecated. Please use `'airflow.sdk.task'`.","category":"DeprecatedImportWarning","filename":"/opt/airflow/dags/dag.py","lineno":2,"logger":"py.warnings"}
{"timestamp":"2025-12-17T21:30:41.517791Z","level":"warning","event":"The `airflow.operators.empty.EmptyOperator` attribute is deprecated. Please use `'airflow.providers.standard.operators.empty.EmptyOperator'`.","category":"DeprecatedImportWarning","filename":"/opt/airflow/dags/dag.py","lineno":3,"logger":"py.warnings"}
{"timestamp":"2025-12-17T21:30:41.517815Z","level":"warning","event":"The `airflow.operators.python.get_current_context` attribute is deprecated. Please use `'airflow.sdk.get_current_context'`.","category":"DeprecatedImportWarning","filename":"/opt/airflow/dags/dag.py","lineno":5,"logger":"py.warnings"}
{"timestamp":"2025-12-17T21:31:11.924853Z","level":"info","event":"Filling up the DagBag from /opt/airflow/dags/dag.py","logger":"airflow.models.dagbag.DagBag","filename":"dagbag.py","lineno":593}
{"timestamp":"2025-12-17T21:31:11.963758Z","level":"warning","event":"The `airflow.decorators.dag` attribute is deprecated. Please use `'airflow.sdk.dag'`.","category":"DeprecatedImportWarning","filename":"/opt/airflow/dags/dag.py","lineno":1,"logger":"py.warnings"}
{"timestamp":"2025-12-17T21:31:11.963817Z","level":"warning","event":"The `airflow.decorators.task` attribute is deprecated. Please use `'airflow.sdk.task'`.","category":"DeprecatedImportWarning","filename":"/opt/airflow/dags/dag.py","lineno":2,"logger":"py.warnings"}
{"timestamp":"2025-12-17T21:31:11.963840Z","level":"warning","event":"The `airflow.operators.empty.EmptyOperator` attribute is deprecated. Please use `'airflow.providers.standard.operators.empty.EmptyOperator'`.","category":"DeprecatedImportWarning","filename":"/opt/airflow/dags/dag.py","lineno":3,"logger":"py.warnings"}
{"timestamp":"2025-12-17T21:31:11.963861Z","level":"warning","event":"The `airflow.operators.python.get_current_context` attribute is deprecated. Please use `'airflow.sdk.get_current_context'`.","category":"DeprecatedImportWarning","filename":"/opt/airflow/dags/dag.py","lineno":5,"logger":"py.warnings"}
{"timestamp":"2025-12-17T21:31:39.325958Z","level":"info","event":"Filling up the DagBag from /opt/airflow/dags/dag.py","logger":"airflow.models.dagbag.DagBag","filename":"dagbag.py","lineno":593}
{"timestamp":"2025-12-17T21:31:39.388613Z","level":"warning","event":"The `airflow.decorators.dag` attribute is deprecated. Please use `'airflow.sdk.dag'`.","category":"DeprecatedImportWarning","filename":"/opt/airflow/dags/dag.py","lineno":1,"logger":"py.warnings"}
{"timestamp":"2025-12-17T21:31:39.388690Z","level":"warning","event":"The `airflow.decorators.task` attribute is deprecated. Please use `'airflow.sdk.task'`.","category":"DeprecatedImportWarning","filename":"/opt/airflow/dags/dag.py","lineno":2,"logger":"py.warnings"}
{"timestamp":"2025-12-17T21:31:39.388713Z","level":"warning","event":"The `airflow.operators.empty.EmptyOperator` attribute is deprecated. Please use `'airflow.providers.standard.operators.empty.EmptyOperator'`.","category":"DeprecatedImportWarning","filename":"/opt/airflow/dags/dag.py","lineno":3,"logger":"py.warnings"}
{"timestamp":"2025-12-17T21:31:39.388733Z","level":"warning","event":"The `airflow.operators.python.get_current_context` attribute is deprecated. Please use `'airflow.sdk.get_current_context'`.","category":"DeprecatedImportWarning","filename":"/opt/airflow/dags/dag.py","lineno":5,"logger":"py.warnings"}
{"timestamp":"2025-12-17T21:32:09.820888Z","level":"info","event":"Filling up the DagBag from /opt/airflow/dags/dag.py","logger":"airflow.models.dagbag.DagBag","filename":"dagbag.py","lineno":593}
{"timestamp":"2025-12-17T21:32:09.873901Z","level":"warning","event":"The `airflow.decorators.dag` attribute is deprecated. Please use `'airflow.sdk.dag'`.","category":"DeprecatedImportWarning","filename":"/opt/airflow/dags/dag.py","lineno":1,"logger":"py.warnings"}
{"timestamp":"2025-12-17T21:32:09.874123Z","level":"warning","event":"The `airflow.decorators.task` attribute is deprecated. Please use `'airflow.sdk.task'`.","category":"DeprecatedImportWarning","filename":"/opt/airflow/dags/dag.py","lineno":2,"logger":"py.warnings"}
{"timestamp":"2025-12-17T21:32:09.874165Z","level":"warning","event":"The `airflow.operators.empty.EmptyOperator` attribute is deprecated. Please use `'airflow.providers.standard.operators.empty.EmptyOperator'`.","category":"DeprecatedImportWarning","filename":"/opt/airflow/dags/dag.py","lineno":3,"logger":"py.warnings"}
{"timestamp":"2025-12-17T21:32:09.874186Z","level":"warning","event":"The `airflow.operators.python.get_current_context` attribute is deprecated. Please use `'airflow.sdk.get_current_context'`.","category":"DeprecatedImportWarning","filename":"/opt/airflow/dags/dag.py","lineno":5,"logger":"py.warnings"}
{"timestamp":"2025-12-17T21:32:40.260828Z","level":"info","event":"Filling up the DagBag from /opt/airflow/dags/dag.py","logger":"airflow.models.dagbag.DagBag","filename":"dagbag.py","lineno":593}
{"timestamp":"2025-12-17T21:32:40.296162Z","level":"warning","event":"The `airflow.decorators.dag` attribute is deprecated. Please use `'airflow.sdk.dag'`.","category":"DeprecatedImportWarning","filename":"/opt/airflow/dags/dag.py","lineno":1,"logger":"py.warnings"}
{"timestamp":"2025-12-17T21:32:40.296365Z","level":"warning","event":"The `airflow.decorators.task` attribute is deprecated. Please use `'airflow.sdk.task'`.","category":"DeprecatedImportWarning","filename":"/opt/airflow/dags/dag.py","lineno":2,"logger":"py.warnings"}
{"timestamp":"2025-12-17T21:32:40.296747Z","level":"warning","event":"The `airflow.operators.empty.EmptyOperator` attribute is deprecated. Please use `'airflow.providers.standard.operators.empty.EmptyOperator'`.","category":"DeprecatedImportWarning","filename":"/opt/airflow/dags/dag.py","lineno":3,"logger":"py.warnings"}
{"timestamp":"2025-12-17T21:32:40.296897Z","level":"warning","event":"The `airflow.operators.python.get_current_context` attribute is deprecated. Please use `'airflow.sdk.get_current_context'`.","category":"DeprecatedImportWarning","filename":"/opt/airflow/dags/dag.py","lineno":5,"logger":"py.warnings"}
{"timestamp":"2025-12-17T21:32:54.625942Z","level":"info","event":"Filling up the DagBag from /opt/airflow/dags/dag.py","logger":"airflow.models.dagbag.DagBag","filename":"dagbag.py","lineno":593}
{"timestamp":"2025-12-17T21:32:54.675571Z","level":"warning","event":"The `airflow.decorators.dag` attribute is deprecated. Please use `'airflow.sdk.dag'`.","category":"DeprecatedImportWarning","filename":"/opt/airflow/dags/dag.py","lineno":1,"logger":"py.warnings"}
{"timestamp":"2025-12-17T21:32:54.675656Z","level":"warning","event":"The `airflow.decorators.task` attribute is deprecated. Please use `'airflow.sdk.task'`.","category":"DeprecatedImportWarning","filename":"/opt/airflow/dags/dag.py","lineno":2,"logger":"py.warnings"}
{"timestamp":"2025-12-17T21:32:54.675680Z","level":"warning","event":"The `airflow.operators.empty.EmptyOperator` attribute is deprecated. Please use `'airflow.providers.standard.operators.empty.EmptyOperator'`.","category":"DeprecatedImportWarning","filename":"/opt/airflow/dags/dag.py","lineno":3,"logger":"py.warnings"}
{"timestamp":"2025-12-17T21:32:54.675698Z","level":"warning","event":"The `airflow.operators.python.get_current_context` attribute is deprecated. Please use `'airflow.sdk.get_current_context'`.","category":"DeprecatedImportWarning","filename":"/opt/airflow/dags/dag.py","lineno":5,"logger":"py.warnings"}
{"timestamp":"2025-12-17T21:33:25.102315Z","level":"info","event":"Filling up the DagBag from /opt/airflow/dags/dag.py","logger":"airflow.models.dagbag.DagBag","filename":"dagbag.py","lineno":593}
{"timestamp":"2025-12-17T21:33:25.136862Z","level":"warning","event":"The `airflow.decorators.dag` attribute is deprecated. Please use `'airflow.sdk.dag'`.","category":"DeprecatedImportWarning","filename":"/opt/airflow/dags/dag.py","lineno":1,"logger":"py.warnings"}
{"timestamp":"2025-12-17T21:33:25.137065Z","level":"warning","event":"The `airflow.decorators.task` attribute is deprecated. Please use `'airflow.sdk.task'`.","category":"DeprecatedImportWarning","filename":"/opt/airflow/dags/dag.py","lineno":2,"logger":"py.warnings"}
{"timestamp":"2025-12-17T21:33:25.137423Z","level":"warning","event":"The `airflow.operators.empty.EmptyOperator` attribute is deprecated. Please use `'airflow.providers.standard.operators.empty.EmptyOperator'`.","category":"DeprecatedImportWarning","filename":"/opt/airflow/dags/dag.py","lineno":3,"logger":"py.warnings"}
{"timestamp":"2025-12-17T21:33:25.137591Z","level":"warning","event":"The `airflow.operators.python.get_current_context` attribute is deprecated. Please use `'airflow.sdk.get_current_context'`.","category":"DeprecatedImportWarning","filename":"/opt/airflow/dags/dag.py","lineno":5,"logger":"py.warnings"}
{"timestamp":"2025-12-17T21:33:55.592799Z","level":"info","event":"Filling up the DagBag from /opt/airflow/dags/dag.py","logger":"airflow.models.dagbag.DagBag","filename":"dagbag.py","lineno":593}
{"timestamp":"2025-12-17T21:33:55.631517Z","level":"warning","event":"The `airflow.decorators.dag` attribute is deprecated. Please use `'airflow.sdk.dag'`.","category":"DeprecatedImportWarning","filename":"/opt/airflow/dags/dag.py","lineno":1,"logger":"py.warnings"}
{"timestamp":"2025-12-17T21:33:55.631585Z","level":"warning","event":"The `airflow.decorators.task` attribute is deprecated. Please use `'airflow.sdk.task'`.","category":"DeprecatedImportWarning","filename":"/opt/airflow/dags/dag.py","lineno":2,"logger":"py.warnings"}
{"timestamp":"2025-12-17T21:33:55.631626Z","level":"warning","event":"The `airflow.operators.empty.EmptyOperator` attribute is deprecated. Please use `'airflow.providers.standard.operators.empty.EmptyOperator'`.","category":"DeprecatedImportWarning","filename":"/opt/airflow/dags/dag.py","lineno":3,"logger":"py.warnings"}
{"timestamp":"2025-12-17T21:33:55.631649Z","level":"warning","event":"The `airflow.operators.python.get_current_context` attribute is deprecated. Please use `'airflow.sdk.get_current_context'`.","category":"DeprecatedImportWarning","filename":"/opt/airflow/dags/dag.py","lineno":5,"logger":"py.warnings"}
{"timestamp":"2025-12-17T21:34:26.164173Z","level":"info","event":"Filling up the DagBag from /opt/airflow/dags/dag.py","logger":"airflow.models.dagbag.DagBag","filename":"dagbag.py","lineno":593}
{"timestamp":"2025-12-17T21:34:26.222609Z","level":"warning","event":"The `airflow.decorators.dag` attribute is deprecated. Please use `'airflow.sdk.dag'`.","category":"DeprecatedImportWarning","filename":"/opt/airflow/dags/dag.py","lineno":1,"logger":"py.warnings"}
{"timestamp":"2025-12-17T21:34:26.222668Z","level":"warning","event":"The `airflow.decorators.task` attribute is deprecated. Please use `'airflow.sdk.task'`.","category":"DeprecatedImportWarning","filename":"/opt/airflow/dags/dag.py","lineno":2,"logger":"py.warnings"}
{"timestamp":"2025-12-17T21:34:26.222697Z","level":"warning","event":"The `airflow.operators.empty.EmptyOperator` attribute is deprecated. Please use `'airflow.providers.standard.operators.empty.EmptyOperator'`.","category":"DeprecatedImportWarning","filename":"/opt/airflow/dags/dag.py","lineno":3,"logger":"py.warnings"}
{"timestamp":"2025-12-17T21:34:26.222717Z","level":"warning","event":"The `airflow.operators.python.get_current_context` attribute is deprecated. Please use `'airflow.sdk.get_current_context'`.","category":"DeprecatedImportWarning","filename":"/opt/airflow/dags/dag.py","lineno":5,"logger":"py.warnings"}
{"timestamp":"2025-12-17T21:34:56.696303Z","level":"info","event":"Filling up the DagBag from /opt/airflow/dags/dag.py","logger":"airflow.models.dagbag.DagBag","filename":"dagbag.py","lineno":593}
{"timestamp":"2025-12-17T21:34:56.739528Z","level":"warning","event":"The `airflow.decorators.dag` attribute is deprecated. Please use `'airflow.sdk.dag'`.","category":"DeprecatedImportWarning","filename":"/opt/airflow/dags/dag.py","lineno":1,"logger":"py.warnings"}
{"timestamp":"2025-12-17T21:34:56.739588Z","level":"warning","event":"The `airflow.decorators.task` attribute is deprecated. Please use `'airflow.sdk.task'`.","category":"DeprecatedImportWarning","filename":"/opt/airflow/dags/dag.py","lineno":2,"logger":"py.warnings"}
{"timestamp":"2025-12-17T21:34:56.739621Z","level":"warning","event":"The `airflow.operators.empty.EmptyOperator` attribute is deprecated. Please use `'airflow.providers.standard.operators.empty.EmptyOperator'`.","category":"DeprecatedImportWarning","filename":"/opt/airflow/dags/dag.py","lineno":3,"logger":"py.warnings"}
{"timestamp":"2025-12-17T21:34:56.739643Z","level":"warning","event":"The `airflow.operators.python.get_current_context` attribute is deprecated. Please use `'airflow.sdk.get_current_context'`.","category":"DeprecatedImportWarning","filename":"/opt/airflow/dags/dag.py","lineno":5,"logger":"py.warnings"}
{"timestamp":"2025-12-17T21:35:05.904586Z","level":"info","event":"Filling up the DagBag from /opt/airflow/dags/dag.py","logger":"airflow.models.dagbag.DagBag","filename":"dagbag.py","lineno":593}
{"timestamp":"2025-12-17T21:35:05.937858Z","level":"error","event":"Failed to import: /opt/airflow/dags/dag.py","logger":"airflow.models.dagbag.DagBag","filename":"dagbag.py","lineno":415,"error_detail":[{"exc_type":"NameError","exc_value":"name 'ti' is not defined","exc_notes":[],"syntax_error":null,"is_cause":false,"frames":[{"filename":"/home/airflow/.local/lib/python3.12/site-packages/airflow/models/dagbag.py","lineno":405,"name":"parse"},{"filename":"<frozen importlib._bootstrap_external>","lineno":999,"name":"exec_module"},{"filename":"<frozen importlib._bootstrap>","lineno":488,"name":"_call_with_frames_removed"},{"filename":"/opt/airflow/dags/dag.py","lineno":154,"name":"<module>"},{"filename":"/home/airflow/.local/lib/python3.12/site-packages/airflow/sdk/definitions/dag.py","lineno":1557,"name":"factory"},{"filename":"/opt/airflow/dags/dag.py","lineno":147,"name":"flights_pipeline"},{"filename":"/opt/airflow/dags/dag.py","lineno":64,"name":"load_from_file"}],"is_group":false,"exceptions":[]}]}
{"timestamp":"2025-12-17T21:35:05.942277Z","level":"warning","event":"The `airflow.decorators.dag` attribute is deprecated. Please use `'airflow.sdk.dag'`.","category":"DeprecatedImportWarning","filename":"/opt/airflow/dags/dag.py","lineno":1,"logger":"py.warnings"}
{"timestamp":"2025-12-17T21:35:05.942368Z","level":"warning","event":"The `airflow.decorators.task` attribute is deprecated. Please use `'airflow.sdk.task'`.","category":"DeprecatedImportWarning","filename":"/opt/airflow/dags/dag.py","lineno":2,"logger":"py.warnings"}
{"timestamp":"2025-12-17T21:35:05.942429Z","level":"warning","event":"The `airflow.operators.empty.EmptyOperator` attribute is deprecated. Please use `'airflow.providers.standard.operators.empty.EmptyOperator'`.","category":"DeprecatedImportWarning","filename":"/opt/airflow/dags/dag.py","lineno":3,"logger":"py.warnings"}
{"timestamp":"2025-12-17T21:35:05.942483Z","level":"warning","event":"The `airflow.operators.python.get_current_context` attribute is deprecated. Please use `'airflow.sdk.get_current_context'`.","category":"DeprecatedImportWarning","filename":"/opt/airflow/dags/dag.py","lineno":5,"logger":"py.warnings"}
{"timestamp":"2025-12-17T21:35:21.352837Z","level":"info","event":"Filling up the DagBag from /opt/airflow/dags/dag.py","logger":"airflow.models.dagbag.DagBag","filename":"dagbag.py","lineno":593}
{"timestamp":"2025-12-17T21:35:21.423598Z","level":"error","event":"Failed to import: /opt/airflow/dags/dag.py","logger":"airflow.models.dagbag.DagBag","filename":"dagbag.py","lineno":415,"error_detail":[{"exc_type":"AttributeError","exc_value":"'NoneType' object has no attribute 'xcom_pull'","exc_notes":[],"syntax_error":null,"is_cause":false,"frames":[{"filename":"/home/airflow/.local/lib/python3.12/site-packages/airflow/models/dagbag.py","lineno":405,"name":"parse"},{"filename":"<frozen importlib._bootstrap_external>","lineno":999,"name":"exec_module"},{"filename":"<frozen importlib._bootstrap>","lineno":488,"name":"_call_with_frames_removed"},{"filename":"/opt/airflow/dags/dag.py","lineno":154,"name":"<module>"},{"filename":"/home/airflow/.local/lib/python3.12/site-packages/airflow/sdk/definitions/dag.py","lineno":1557,"name":"factory"},{"filename":"/opt/airflow/dags/dag.py","lineno":147,"name":"flights_pipeline"},{"filename":"/opt/airflow/dags/dag.py","lineno":64,"name":"load_from_file"}],"is_group":false,"exceptions":[]}]}
{"timestamp":"2025-12-17T21:35:21.425951Z","level":"warning","event":"The `airflow.decorators.dag` attribute is deprecated. Please use `'airflow.sdk.dag'`.","category":"DeprecatedImportWarning","filename":"/opt/airflow/dags/dag.py","lineno":1,"logger":"py.warnings"}
{"timestamp":"2025-12-17T21:35:21.425993Z","level":"warning","event":"The `airflow.decorators.task` attribute is deprecated. Please use `'airflow.sdk.task'`.","category":"DeprecatedImportWarning","filename":"/opt/airflow/dags/dag.py","lineno":2,"logger":"py.warnings"}
{"timestamp":"2025-12-17T21:35:21.426015Z","level":"warning","event":"The `airflow.operators.empty.EmptyOperator` attribute is deprecated. Please use `'airflow.providers.standard.operators.empty.EmptyOperator'`.","category":"DeprecatedImportWarning","filename":"/opt/airflow/dags/dag.py","lineno":3,"logger":"py.warnings"}
{"timestamp":"2025-12-17T21:35:21.426033Z","level":"warning","event":"The `airflow.operators.python.get_current_context` attribute is deprecated. Please use `'airflow.sdk.get_current_context'`.","category":"DeprecatedImportWarning","filename":"/opt/airflow/dags/dag.py","lineno":5,"logger":"py.warnings"}
{"timestamp":"2025-12-17T21:35:51.839073Z","level":"info","event":"Filling up the DagBag from /opt/airflow/dags/dag.py","logger":"airflow.models.dagbag.DagBag","filename":"dagbag.py","lineno":593}
{"timestamp":"2025-12-17T21:35:51.880449Z","level":"error","event":"Failed to import: /opt/airflow/dags/dag.py","logger":"airflow.models.dagbag.DagBag","filename":"dagbag.py","lineno":415,"error_detail":[{"exc_type":"AttributeError","exc_value":"'NoneType' object has no attribute 'xcom_pull'","exc_notes":[],"syntax_error":null,"is_cause":false,"frames":[{"filename":"/home/airflow/.local/lib/python3.12/site-packages/airflow/models/dagbag.py","lineno":405,"name":"parse"},{"filename":"<frozen importlib._bootstrap_external>","lineno":999,"name":"exec_module"},{"filename":"<frozen importlib._bootstrap>","lineno":488,"name":"_call_with_frames_removed"},{"filename":"/opt/airflow/dags/dag.py","lineno":154,"name":"<module>"},{"filename":"/home/airflow/.local/lib/python3.12/site-packages/airflow/sdk/definitions/dag.py","lineno":1557,"name":"factory"},{"filename":"/opt/airflow/dags/dag.py","lineno":147,"name":"flights_pipeline"},{"filename":"/opt/airflow/dags/dag.py","lineno":64,"name":"load_from_file"}],"is_group":false,"exceptions":[]}]}
{"timestamp":"2025-12-17T21:35:51.882507Z","level":"warning","event":"The `airflow.decorators.dag` attribute is deprecated. Please use `'airflow.sdk.dag'`.","category":"DeprecatedImportWarning","filename":"/opt/airflow/dags/dag.py","lineno":1,"logger":"py.warnings"}
{"timestamp":"2025-12-17T21:35:51.882554Z","level":"warning","event":"The `airflow.decorators.task` attribute is deprecated. Please use `'airflow.sdk.task'`.","category":"DeprecatedImportWarning","filename":"/opt/airflow/dags/dag.py","lineno":2,"logger":"py.warnings"}
{"timestamp":"2025-12-17T21:35:51.882580Z","level":"warning","event":"The `airflow.operators.empty.EmptyOperator` attribute is deprecated. Please use `'airflow.providers.standard.operators.empty.EmptyOperator'`.","category":"DeprecatedImportWarning","filename":"/opt/airflow/dags/dag.py","lineno":3,"logger":"py.warnings"}
{"timestamp":"2025-12-17T21:35:51.882603Z","level":"warning","event":"The `airflow.operators.python.get_current_context` attribute is deprecated. Please use `'airflow.sdk.get_current_context'`.","category":"DeprecatedImportWarning","filename":"/opt/airflow/dags/dag.py","lineno":5,"logger":"py.warnings"}
{"timestamp":"2025-12-17T21:36:22.366523Z","level":"info","event":"Filling up the DagBag from /opt/airflow/dags/dag.py","logger":"airflow.models.dagbag.DagBag","filename":"dagbag.py","lineno":593}
{"timestamp":"2025-12-17T21:36:22.405732Z","level":"error","event":"Failed to import: /opt/airflow/dags/dag.py","logger":"airflow.models.dagbag.DagBag","filename":"dagbag.py","lineno":415,"error_detail":[{"exc_type":"AttributeError","exc_value":"'NoneType' object has no attribute 'xcom_pull'","exc_notes":[],"syntax_error":null,"is_cause":false,"frames":[{"filename":"/home/airflow/.local/lib/python3.12/site-packages/airflow/models/dagbag.py","lineno":405,"name":"parse"},{"filename":"<frozen importlib._bootstrap_external>","lineno":999,"name":"exec_module"},{"filename":"<frozen importlib._bootstrap>","lineno":488,"name":"_call_with_frames_removed"},{"filename":"/opt/airflow/dags/dag.py","lineno":154,"name":"<module>"},{"filename":"/home/airflow/.local/lib/python3.12/site-packages/airflow/sdk/definitions/dag.py","lineno":1557,"name":"factory"},{"filename":"/opt/airflow/dags/dag.py","lineno":147,"name":"flights_pipeline"},{"filename":"/opt/airflow/dags/dag.py","lineno":64,"name":"load_from_file"}],"is_group":false,"exceptions":[]}]}
{"timestamp":"2025-12-17T21:36:22.407241Z","level":"warning","event":"The `airflow.decorators.dag` attribute is deprecated. Please use `'airflow.sdk.dag'`.","category":"DeprecatedImportWarning","filename":"/opt/airflow/dags/dag.py","lineno":1,"logger":"py.warnings"}
{"timestamp":"2025-12-17T21:36:22.407283Z","level":"warning","event":"The `airflow.decorators.task` attribute is deprecated. Please use `'airflow.sdk.task'`.","category":"DeprecatedImportWarning","filename":"/opt/airflow/dags/dag.py","lineno":2,"logger":"py.warnings"}
{"timestamp":"2025-12-17T21:36:22.407312Z","level":"warning","event":"The `airflow.operators.empty.EmptyOperator` attribute is deprecated. Please use `'airflow.providers.standard.operators.empty.EmptyOperator'`.","category":"DeprecatedImportWarning","filename":"/opt/airflow/dags/dag.py","lineno":3,"logger":"py.warnings"}
{"timestamp":"2025-12-17T21:36:22.407331Z","level":"warning","event":"The `airflow.operators.python.get_current_context` attribute is deprecated. Please use `'airflow.sdk.get_current_context'`.","category":"DeprecatedImportWarning","filename":"/opt/airflow/dags/dag.py","lineno":5,"logger":"py.warnings"}
{"timestamp":"2025-12-17T21:36:52.887589Z","level":"info","event":"Filling up the DagBag from /opt/airflow/dags/dag.py","logger":"airflow.models.dagbag.DagBag","filename":"dagbag.py","lineno":593}
{"timestamp":"2025-12-17T21:36:52.940392Z","level":"warning","event":"The `airflow.decorators.dag` attribute is deprecated. Please use `'airflow.sdk.dag'`.","category":"DeprecatedImportWarning","filename":"/opt/airflow/dags/dag.py","lineno":1,"logger":"py.warnings"}
{"timestamp":"2025-12-17T21:36:52.940484Z","level":"warning","event":"The `airflow.decorators.task` attribute is deprecated. Please use `'airflow.sdk.task'`.","category":"DeprecatedImportWarning","filename":"/opt/airflow/dags/dag.py","lineno":2,"logger":"py.warnings"}
{"timestamp":"2025-12-17T21:36:52.940524Z","level":"warning","event":"The `airflow.operators.empty.EmptyOperator` attribute is deprecated. Please use `'airflow.providers.standard.operators.empty.EmptyOperator'`.","category":"DeprecatedImportWarning","filename":"/opt/airflow/dags/dag.py","lineno":3,"logger":"py.warnings"}
{"timestamp":"2025-12-17T21:36:52.940558Z","level":"warning","event":"The `airflow.operators.python.get_current_context` attribute is deprecated. Please use `'airflow.sdk.get_current_context'`.","category":"DeprecatedImportWarning","filename":"/opt/airflow/dags/dag.py","lineno":5,"logger":"py.warnings"}
{"timestamp":"2025-12-17T21:37:23.502813Z","level":"info","event":"Filling up the DagBag from /opt/airflow/dags/dag.py","logger":"airflow.models.dagbag.DagBag","filename":"dagbag.py","lineno":593}
{"timestamp":"2025-12-17T21:37:23.542273Z","level":"warning","event":"The `airflow.decorators.dag` attribute is deprecated. Please use `'airflow.sdk.dag'`.","category":"DeprecatedImportWarning","filename":"/opt/airflow/dags/dag.py","lineno":1,"logger":"py.warnings"}
{"timestamp":"2025-12-17T21:37:23.542472Z","level":"warning","event":"The `airflow.decorators.task` attribute is deprecated. Please use `'airflow.sdk.task'`.","category":"DeprecatedImportWarning","filename":"/opt/airflow/dags/dag.py","lineno":2,"logger":"py.warnings"}
{"timestamp":"2025-12-17T21:37:23.542815Z","level":"warning","event":"The `airflow.operators.empty.EmptyOperator` attribute is deprecated. Please use `'airflow.providers.standard.operators.empty.EmptyOperator'`.","category":"DeprecatedImportWarning","filename":"/opt/airflow/dags/dag.py","lineno":3,"logger":"py.warnings"}
{"timestamp":"2025-12-17T21:37:23.542839Z","level":"warning","event":"The `airflow.operators.python.get_current_context` attribute is deprecated. Please use `'airflow.sdk.get_current_context'`.","category":"DeprecatedImportWarning","filename":"/opt/airflow/dags/dag.py","lineno":5,"logger":"py.warnings"}
{"timestamp":"2025-12-17T21:37:27.620472Z","level":"info","event":"Filling up the DagBag from /opt/airflow/dags/dag.py","logger":"airflow.models.dagbag.DagBag","filename":"dagbag.py","lineno":593}
{"timestamp":"2025-12-17T21:37:27.653091Z","level":"warning","event":"The `airflow.decorators.dag` attribute is deprecated. Please use `'airflow.sdk.dag'`.","category":"DeprecatedImportWarning","filename":"/opt/airflow/dags/dag.py","lineno":1,"logger":"py.warnings"}
{"timestamp":"2025-12-17T21:37:27.653153Z","level":"warning","event":"The `airflow.decorators.task` attribute is deprecated. Please use `'airflow.sdk.task'`.","category":"DeprecatedImportWarning","filename":"/opt/airflow/dags/dag.py","lineno":2,"logger":"py.warnings"}
{"timestamp":"2025-12-17T21:37:27.653179Z","level":"warning","event":"The `airflow.operators.empty.EmptyOperator` attribute is deprecated. Please use `'airflow.providers.standard.operators.empty.EmptyOperator'`.","category":"DeprecatedImportWarning","filename":"/opt/airflow/dags/dag.py","lineno":3,"logger":"py.warnings"}
{"timestamp":"2025-12-17T21:37:27.653201Z","level":"warning","event":"The `airflow.operators.python.get_current_context` attribute is deprecated. Please use `'airflow.sdk.get_current_context'`.","category":"DeprecatedImportWarning","filename":"/opt/airflow/dags/dag.py","lineno":5,"logger":"py.warnings"}
{"timestamp":"2025-12-17T21:37:58.100142Z","level":"info","event":"Filling up the DagBag from /opt/airflow/dags/dag.py","logger":"airflow.models.dagbag.DagBag","filename":"dagbag.py","lineno":593}
{"timestamp":"2025-12-17T21:37:58.126808Z","level":"warning","event":"The `airflow.decorators.dag` attribute is deprecated. Please use `'airflow.sdk.dag'`.","category":"DeprecatedImportWarning","filename":"/opt/airflow/dags/dag.py","lineno":1,"logger":"py.warnings"}
{"timestamp":"2025-12-17T21:37:58.126860Z","level":"warning","event":"The `airflow.decorators.task` attribute is deprecated. Please use `'airflow.sdk.task'`.","category":"DeprecatedImportWarning","filename":"/opt/airflow/dags/dag.py","lineno":2,"logger":"py.warnings"}
{"timestamp":"2025-12-17T21:37:58.126881Z","level":"warning","event":"The `airflow.operators.empty.EmptyOperator` attribute is deprecated. Please use `'airflow.providers.standard.operators.empty.EmptyOperator'`.","category":"DeprecatedImportWarning","filename":"/opt/airflow/dags/dag.py","lineno":3,"logger":"py.warnings"}
{"timestamp":"2025-12-17T21:37:58.126899Z","level":"warning","event":"The `airflow.operators.python.get_current_context` attribute is deprecated. Please use `'airflow.sdk.get_current_context'`.","category":"DeprecatedImportWarning","filename":"/opt/airflow/dags/dag.py","lineno":5,"logger":"py.warnings"}
{"timestamp":"2025-12-17T21:38:28.630017Z","level":"info","event":"Filling up the DagBag from /opt/airflow/dags/dag.py","logger":"airflow.models.dagbag.DagBag","filename":"dagbag.py","lineno":593}
{"timestamp":"2025-12-17T21:38:28.677889Z","level":"warning","event":"The `airflow.decorators.dag` attribute is deprecated. Please use `'airflow.sdk.dag'`.","category":"DeprecatedImportWarning","filename":"/opt/airflow/dags/dag.py","lineno":1,"logger":"py.warnings"}
{"timestamp":"2025-12-17T21:38:28.677957Z","level":"warning","event":"The `airflow.decorators.task` attribute is deprecated. Please use `'airflow.sdk.task'`.","category":"DeprecatedImportWarning","filename":"/opt/airflow/dags/dag.py","lineno":2,"logger":"py.warnings"}
{"timestamp":"2025-12-17T21:38:28.677983Z","level":"warning","event":"The `airflow.operators.empty.EmptyOperator` attribute is deprecated. Please use `'airflow.providers.standard.operators.empty.EmptyOperator'`.","category":"DeprecatedImportWarning","filename":"/opt/airflow/dags/dag.py","lineno":3,"logger":"py.warnings"}
{"timestamp":"2025-12-17T21:38:28.678005Z","level":"warning","event":"The `airflow.operators.python.get_current_context` attribute is deprecated. Please use `'airflow.sdk.get_current_context'`.","category":"DeprecatedImportWarning","filename":"/opt/airflow/dags/dag.py","lineno":5,"logger":"py.warnings"}
{"timestamp":"2025-12-17T21:38:59.096175Z","level":"info","event":"Filling up the DagBag from /opt/airflow/dags/dag.py","logger":"airflow.models.dagbag.DagBag","filename":"dagbag.py","lineno":593}
{"timestamp":"2025-12-17T21:38:59.132473Z","level":"warning","event":"The `airflow.decorators.dag` attribute is deprecated. Please use `'airflow.sdk.dag'`.","category":"DeprecatedImportWarning","filename":"/opt/airflow/dags/dag.py","lineno":1,"logger":"py.warnings"}
{"timestamp":"2025-12-17T21:38:59.132727Z","level":"warning","event":"The `airflow.decorators.task` attribute is deprecated. Please use `'airflow.sdk.task'`.","category":"DeprecatedImportWarning","filename":"/opt/airflow/dags/dag.py","lineno":2,"logger":"py.warnings"}
{"timestamp":"2025-12-17T21:38:59.132771Z","level":"warning","event":"The `airflow.operators.empty.EmptyOperator` attribute is deprecated. Please use `'airflow.providers.standard.operators.empty.EmptyOperator'`.","category":"DeprecatedImportWarning","filename":"/opt/airflow/dags/dag.py","lineno":3,"logger":"py.warnings"}
{"timestamp":"2025-12-17T21:38:59.132792Z","level":"warning","event":"The `airflow.operators.python.get_current_context` attribute is deprecated. Please use `'airflow.sdk.get_current_context'`.","category":"DeprecatedImportWarning","filename":"/opt/airflow/dags/dag.py","lineno":5,"logger":"py.warnings"}
{"timestamp":"2025-12-17T21:39:29.579146Z","level":"info","event":"Filling up the DagBag from /opt/airflow/dags/dag.py","logger":"airflow.models.dagbag.DagBag","filename":"dagbag.py","lineno":593}
{"timestamp":"2025-12-17T21:39:29.623527Z","level":"warning","event":"The `airflow.decorators.dag` attribute is deprecated. Please use `'airflow.sdk.dag'`.","category":"DeprecatedImportWarning","filename":"/opt/airflow/dags/dag.py","lineno":1,"logger":"py.warnings"}
{"timestamp":"2025-12-17T21:39:29.623728Z","level":"warning","event":"The `airflow.decorators.task` attribute is deprecated. Please use `'airflow.sdk.task'`.","category":"DeprecatedImportWarning","filename":"/opt/airflow/dags/dag.py","lineno":2,"logger":"py.warnings"}
{"timestamp":"2025-12-17T21:39:29.623769Z","level":"warning","event":"The `airflow.operators.empty.EmptyOperator` attribute is deprecated. Please use `'airflow.providers.standard.operators.empty.EmptyOperator'`.","category":"DeprecatedImportWarning","filename":"/opt/airflow/dags/dag.py","lineno":3,"logger":"py.warnings"}
{"timestamp":"2025-12-17T21:39:29.623791Z","level":"warning","event":"The `airflow.operators.python.get_current_context` attribute is deprecated. Please use `'airflow.sdk.get_current_context'`.","category":"DeprecatedImportWarning","filename":"/opt/airflow/dags/dag.py","lineno":5,"logger":"py.warnings"}
{"timestamp":"2025-12-17T21:39:55.058636Z","level":"info","event":"Filling up the DagBag from /opt/airflow/dags/dag.py","logger":"airflow.models.dagbag.DagBag","filename":"dagbag.py","lineno":593}
{"timestamp":"2025-12-17T21:39:55.109547Z","level":"warning","event":"The `airflow.decorators.dag` attribute is deprecated. Please use `'airflow.sdk.dag'`.","category":"DeprecatedImportWarning","filename":"/opt/airflow/dags/dag.py","lineno":1,"logger":"py.warnings"}
{"timestamp":"2025-12-17T21:39:55.109753Z","level":"warning","event":"The `airflow.decorators.task` attribute is deprecated. Please use `'airflow.sdk.task'`.","category":"DeprecatedImportWarning","filename":"/opt/airflow/dags/dag.py","lineno":2,"logger":"py.warnings"}
{"timestamp":"2025-12-17T21:39:55.109809Z","level":"warning","event":"The `airflow.operators.empty.EmptyOperator` attribute is deprecated. Please use `'airflow.providers.standard.operators.empty.EmptyOperator'`.","category":"DeprecatedImportWarning","filename":"/opt/airflow/dags/dag.py","lineno":3,"logger":"py.warnings"}
{"timestamp":"2025-12-17T21:39:55.109838Z","level":"warning","event":"The `airflow.operators.python.get_current_context` attribute is deprecated. Please use `'airflow.sdk.get_current_context'`.","category":"DeprecatedImportWarning","filename":"/opt/airflow/dags/dag.py","lineno":5,"logger":"py.warnings"}
{"timestamp":"2025-12-17T21:40:16.471611Z","level":"info","event":"Filling up the DagBag from /opt/airflow/dags/dag.py","logger":"airflow.models.dagbag.DagBag","filename":"dagbag.py","lineno":593}
{"timestamp":"2025-12-17T21:40:16.520434Z","level":"warning","event":"The `airflow.decorators.dag` attribute is deprecated. Please use `'airflow.sdk.dag'`.","category":"DeprecatedImportWarning","filename":"/opt/airflow/dags/dag.py","lineno":1,"logger":"py.warnings"}
{"timestamp":"2025-12-17T21:40:16.520508Z","level":"warning","event":"The `airflow.decorators.task` attribute is deprecated. Please use `'airflow.sdk.task'`.","category":"DeprecatedImportWarning","filename":"/opt/airflow/dags/dag.py","lineno":2,"logger":"py.warnings"}
{"timestamp":"2025-12-17T21:40:16.520531Z","level":"warning","event":"The `airflow.operators.empty.EmptyOperator` attribute is deprecated. Please use `'airflow.providers.standard.operators.empty.EmptyOperator'`.","category":"DeprecatedImportWarning","filename":"/opt/airflow/dags/dag.py","lineno":3,"logger":"py.warnings"}
{"timestamp":"2025-12-17T21:40:16.520552Z","level":"warning","event":"The `airflow.operators.python.get_current_context` attribute is deprecated. Please use `'airflow.sdk.get_current_context'`.","category":"DeprecatedImportWarning","filename":"/opt/airflow/dags/dag.py","lineno":5,"logger":"py.warnings"}
{"timestamp":"2025-12-17T21:40:46.988572Z","level":"info","event":"Filling up the DagBag from /opt/airflow/dags/dag.py","logger":"airflow.models.dagbag.DagBag","filename":"dagbag.py","lineno":593}
{"timestamp":"2025-12-17T21:40:47.030576Z","level":"warning","event":"The `airflow.decorators.dag` attribute is deprecated. Please use `'airflow.sdk.dag'`.","category":"DeprecatedImportWarning","filename":"/opt/airflow/dags/dag.py","lineno":1,"logger":"py.warnings"}
{"timestamp":"2025-12-17T21:40:47.030787Z","level":"warning","event":"The `airflow.decorators.task` attribute is deprecated. Please use `'airflow.sdk.task'`.","category":"DeprecatedImportWarning","filename":"/opt/airflow/dags/dag.py","lineno":2,"logger":"py.warnings"}
{"timestamp":"2025-12-17T21:40:47.030833Z","level":"warning","event":"The `airflow.operators.empty.EmptyOperator` attribute is deprecated. Please use `'airflow.providers.standard.operators.empty.EmptyOperator'`.","category":"DeprecatedImportWarning","filename":"/opt/airflow/dags/dag.py","lineno":3,"logger":"py.warnings"}
{"timestamp":"2025-12-17T21:40:47.030854Z","level":"warning","event":"The `airflow.operators.python.get_current_context` attribute is deprecated. Please use `'airflow.sdk.get_current_context'`.","category":"DeprecatedImportWarning","filename":"/opt/airflow/dags/dag.py","lineno":5,"logger":"py.warnings"}
{"timestamp":"2025-12-17T21:40:59.396936Z","level":"info","event":"Filling up the DagBag from /opt/airflow/dags/dag.py","logger":"airflow.models.dagbag.DagBag","filename":"dagbag.py","lineno":593}
{"timestamp":"2025-12-17T21:40:59.402975Z","level":"error","event":"Failed to import: /opt/airflow/dags/dag.py","logger":"airflow.models.dagbag.DagBag","filename":"dagbag.py","lineno":415,"error_detail":[{"exc_type":"SyntaxError","exc_value":"invalid syntax (dag.py, line 62)","exc_notes":[],"syntax_error":{"offset":6,"filename":"/opt/airflow/dags/dag.py","line":"ddef load_from_file():\n","lineno":62,"msg":"invalid syntax"},"is_cause":false,"frames":[{"filename":"/home/airflow/.local/lib/python3.12/site-packages/airflow/models/dagbag.py","lineno":405,"name":"parse"},{"filename":"<frozen importlib._bootstrap_external>","lineno":995,"name":"exec_module"},{"filename":"<frozen importlib._bootstrap_external>","lineno":1133,"name":"get_code"},{"filename":"<frozen importlib._bootstrap_external>","lineno":1063,"name":"source_to_code"},{"filename":"<frozen importlib._bootstrap>","lineno":488,"name":"_call_with_frames_removed"}],"is_group":false,"exceptions":[]}]}
{"timestamp":"2025-12-17T21:41:28.878486Z","level":"info","event":"Filling up the DagBag from /opt/airflow/dags/dag.py","logger":"airflow.models.dagbag.DagBag","filename":"dagbag.py","lineno":593}
{"timestamp":"2025-12-17T21:41:28.929020Z","level":"error","event":"Failed to import: /opt/airflow/dags/dag.py","logger":"airflow.models.dagbag.DagBag","filename":"dagbag.py","lineno":415,"error_detail":[{"exc_type":"RuntimeError","exc_value":"Current context was requested but no context was found! Are you running within an Airflow task?","exc_notes":[],"syntax_error":null,"is_cause":false,"frames":[{"filename":"/home/airflow/.local/lib/python3.12/site-packages/airflow/models/dagbag.py","lineno":405,"name":"parse"},{"filename":"<frozen importlib._bootstrap_external>","lineno":999,"name":"exec_module"},{"filename":"<frozen importlib._bootstrap>","lineno":488,"name":"_call_with_frames_removed"},{"filename":"/opt/airflow/dags/dag.py","lineno":178,"name":"<module>"},{"filename":"/home/airflow/.local/lib/python3.12/site-packages/airflow/sdk/definitions/dag.py","lineno":1557,"name":"factory"},{"filename":"/opt/airflow/dags/dag.py","lineno":171,"name":"flights_pipeline"},{"filename":"/opt/airflow/dags/dag.py","lineno":63,"name":"load_from_file"},{"filename":"/home/airflow/.local/lib/python3.12/site-packages/airflow/sdk/definitions/context.py","lineno":137,"name":"get_current_context"},{"filename":"/home/airflow/.local/lib/python3.12/site-packages/airflow/sdk/definitions/_internal/contextmanager.py","lineno":44,"name":"_get_current_context"}],"is_group":false,"exceptions":[]}]}
{"timestamp":"2025-12-17T21:41:28.931156Z","level":"warning","event":"The `airflow.decorators.dag` attribute is deprecated. Please use `'airflow.sdk.dag'`.","category":"DeprecatedImportWarning","filename":"/opt/airflow/dags/dag.py","lineno":1,"logger":"py.warnings"}
{"timestamp":"2025-12-17T21:41:28.931242Z","level":"warning","event":"The `airflow.decorators.task` attribute is deprecated. Please use `'airflow.sdk.task'`.","category":"DeprecatedImportWarning","filename":"/opt/airflow/dags/dag.py","lineno":2,"logger":"py.warnings"}
{"timestamp":"2025-12-17T21:41:28.931281Z","level":"warning","event":"The `airflow.operators.empty.EmptyOperator` attribute is deprecated. Please use `'airflow.providers.standard.operators.empty.EmptyOperator'`.","category":"DeprecatedImportWarning","filename":"/opt/airflow/dags/dag.py","lineno":3,"logger":"py.warnings"}
{"timestamp":"2025-12-17T21:41:28.931313Z","level":"warning","event":"The `airflow.operators.python.get_current_context` attribute is deprecated. Please use `'airflow.sdk.get_current_context'`.","category":"DeprecatedImportWarning","filename":"/opt/airflow/dags/dag.py","lineno":5,"logger":"py.warnings"}
{"timestamp":"2025-12-17T21:41:59.422346Z","level":"info","event":"Filling up the DagBag from /opt/airflow/dags/dag.py","logger":"airflow.models.dagbag.DagBag","filename":"dagbag.py","lineno":593}
{"timestamp":"2025-12-17T21:41:59.524299Z","level":"error","event":"Failed to import: /opt/airflow/dags/dag.py","logger":"airflow.models.dagbag.DagBag","filename":"dagbag.py","lineno":415,"error_detail":[{"exc_type":"RuntimeError","exc_value":"Current context was requested but no context was found! Are you running within an Airflow task?","exc_notes":[],"syntax_error":null,"is_cause":false,"frames":[{"filename":"/home/airflow/.local/lib/python3.12/site-packages/airflow/models/dagbag.py","lineno":405,"name":"parse"},{"filename":"<frozen importlib._bootstrap_external>","lineno":999,"name":"exec_module"},{"filename":"<frozen importlib._bootstrap>","lineno":488,"name":"_call_with_frames_removed"},{"filename":"/opt/airflow/dags/dag.py","lineno":178,"name":"<module>"},{"filename":"/home/airflow/.local/lib/python3.12/site-packages/airflow/sdk/definitions/dag.py","lineno":1557,"name":"factory"},{"filename":"/opt/airflow/dags/dag.py","lineno":171,"name":"flights_pipeline"},{"filename":"/opt/airflow/dags/dag.py","lineno":63,"name":"load_from_file"},{"filename":"/home/airflow/.local/lib/python3.12/site-packages/airflow/sdk/definitions/context.py","lineno":137,"name":"get_current_context"},{"filename":"/home/airflow/.local/lib/python3.12/site-packages/airflow/sdk/definitions/_internal/contextmanager.py","lineno":44,"name":"_get_current_context"}],"is_group":false,"exceptions":[]}]}
{"timestamp":"2025-12-17T21:41:59.525820Z","level":"warning","event":"The `airflow.decorators.dag` attribute is deprecated. Please use `'airflow.sdk.dag'`.","category":"DeprecatedImportWarning","filename":"/opt/airflow/dags/dag.py","lineno":1,"logger":"py.warnings"}
{"timestamp":"2025-12-17T21:41:59.525908Z","level":"warning","event":"The `airflow.decorators.task` attribute is deprecated. Please use `'airflow.sdk.task'`.","category":"DeprecatedImportWarning","filename":"/opt/airflow/dags/dag.py","lineno":2,"logger":"py.warnings"}
{"timestamp":"2025-12-17T21:41:59.525939Z","level":"warning","event":"The `airflow.operators.empty.EmptyOperator` attribute is deprecated. Please use `'airflow.providers.standard.operators.empty.EmptyOperator'`.","category":"DeprecatedImportWarning","filename":"/opt/airflow/dags/dag.py","lineno":3,"logger":"py.warnings"}
{"timestamp":"2025-12-17T21:41:59.525960Z","level":"warning","event":"The `airflow.operators.python.get_current_context` attribute is deprecated. Please use `'airflow.sdk.get_current_context'`.","category":"DeprecatedImportWarning","filename":"/opt/airflow/dags/dag.py","lineno":5,"logger":"py.warnings"}
{"timestamp":"2025-12-17T21:42:21.769348Z","level":"warning","event":"Error when trying to pre-import module 'airflow.sdk.task' found in /opt/airflow/dags/dag.py: No module named 'airflow.sdk.task'","logger":"processor"}
{"timestamp":"2025-12-17T21:42:21.812542Z","level":"info","event":"Filling up the DagBag from /opt/airflow/dags/dag.py","logger":"airflow.models.dagbag.DagBag","filename":"dagbag.py","lineno":593}
{"timestamp":"2025-12-17T21:42:21.828106Z","level":"error","event":"Failed to import: /opt/airflow/dags/dag.py","logger":"airflow.models.dagbag.DagBag","filename":"dagbag.py","lineno":415,"error_detail":[{"exc_type":"ModuleNotFoundError","exc_value":"No module named 'airflow.sdk.task'","exc_notes":[],"syntax_error":null,"is_cause":false,"frames":[{"filename":"/home/airflow/.local/lib/python3.12/site-packages/airflow/models/dagbag.py","lineno":405,"name":"parse"},{"filename":"<frozen importlib._bootstrap_external>","lineno":999,"name":"exec_module"},{"filename":"<frozen importlib._bootstrap>","lineno":488,"name":"_call_with_frames_removed"},{"filename":"/opt/airflow/dags/dag.py","lineno":10,"name":"<module>"}],"is_group":false,"exceptions":[]}]}
{"timestamp":"2025-12-17T21:42:21.830729Z","level":"warning","event":"The `airflow.decorators.dag` attribute is deprecated. Please use `'airflow.sdk.dag'`.","category":"DeprecatedImportWarning","filename":"/opt/airflow/dags/dag.py","lineno":1,"logger":"py.warnings"}
{"timestamp":"2025-12-17T21:42:21.830771Z","level":"warning","event":"The `airflow.decorators.task` attribute is deprecated. Please use `'airflow.sdk.task'`.","category":"DeprecatedImportWarning","filename":"/opt/airflow/dags/dag.py","lineno":2,"logger":"py.warnings"}
{"timestamp":"2025-12-17T21:42:21.830795Z","level":"warning","event":"The `airflow.operators.empty.EmptyOperator` attribute is deprecated. Please use `'airflow.providers.standard.operators.empty.EmptyOperator'`.","category":"DeprecatedImportWarning","filename":"/opt/airflow/dags/dag.py","lineno":3,"logger":"py.warnings"}
{"timestamp":"2025-12-17T21:42:21.830815Z","level":"warning","event":"The `airflow.operators.python.get_current_context` attribute is deprecated. Please use `'airflow.sdk.get_current_context'`.","category":"DeprecatedImportWarning","filename":"/opt/airflow/dags/dag.py","lineno":5,"logger":"py.warnings"}
{"timestamp":"2025-12-17T21:42:52.267802Z","level":"warning","event":"Error when trying to pre-import module 'airflow.sdk.task' found in /opt/airflow/dags/dag.py: No module named 'airflow.sdk.task'","logger":"processor"}
{"timestamp":"2025-12-17T21:42:52.326391Z","level":"info","event":"Filling up the DagBag from /opt/airflow/dags/dag.py","logger":"airflow.models.dagbag.DagBag","filename":"dagbag.py","lineno":593}
{"timestamp":"2025-12-17T21:42:52.337802Z","level":"error","event":"Failed to import: /opt/airflow/dags/dag.py","logger":"airflow.models.dagbag.DagBag","filename":"dagbag.py","lineno":415,"error_detail":[{"exc_type":"ModuleNotFoundError","exc_value":"No module named 'airflow.sdk.task'","exc_notes":[],"syntax_error":null,"is_cause":false,"frames":[{"filename":"/home/airflow/.local/lib/python3.12/site-packages/airflow/models/dagbag.py","lineno":405,"name":"parse"},{"filename":"<frozen importlib._bootstrap_external>","lineno":999,"name":"exec_module"},{"filename":"<frozen importlib._bootstrap>","lineno":488,"name":"_call_with_frames_removed"},{"filename":"/opt/airflow/dags/dag.py","lineno":10,"name":"<module>"}],"is_group":false,"exceptions":[]}]}
{"timestamp":"2025-12-17T21:42:52.340530Z","level":"warning","event":"The `airflow.decorators.dag` attribute is deprecated. Please use `'airflow.sdk.dag'`.","category":"DeprecatedImportWarning","filename":"/opt/airflow/dags/dag.py","lineno":1,"logger":"py.warnings"}
{"timestamp":"2025-12-17T21:42:52.340571Z","level":"warning","event":"The `airflow.decorators.task` attribute is deprecated. Please use `'airflow.sdk.task'`.","category":"DeprecatedImportWarning","filename":"/opt/airflow/dags/dag.py","lineno":2,"logger":"py.warnings"}
{"timestamp":"2025-12-17T21:42:52.340592Z","level":"warning","event":"The `airflow.operators.empty.EmptyOperator` attribute is deprecated. Please use `'airflow.providers.standard.operators.empty.EmptyOperator'`.","category":"DeprecatedImportWarning","filename":"/opt/airflow/dags/dag.py","lineno":3,"logger":"py.warnings"}
{"timestamp":"2025-12-17T21:42:52.340612Z","level":"warning","event":"The `airflow.operators.python.get_current_context` attribute is deprecated. Please use `'airflow.sdk.get_current_context'`.","category":"DeprecatedImportWarning","filename":"/opt/airflow/dags/dag.py","lineno":5,"logger":"py.warnings"}
{"timestamp":"2025-12-17T21:43:22.726539Z","level":"warning","event":"Error when trying to pre-import module 'airflow.sdk.task' found in /opt/airflow/dags/dag.py: No module named 'airflow.sdk.task'","logger":"processor"}
{"timestamp":"2025-12-17T21:43:22.777838Z","level":"info","event":"Filling up the DagBag from /opt/airflow/dags/dag.py","logger":"airflow.models.dagbag.DagBag","filename":"dagbag.py","lineno":593}
{"timestamp":"2025-12-17T21:43:22.791347Z","level":"error","event":"Failed to import: /opt/airflow/dags/dag.py","logger":"airflow.models.dagbag.DagBag","filename":"dagbag.py","lineno":415,"error_detail":[{"exc_type":"ModuleNotFoundError","exc_value":"No module named 'airflow.sdk.task'","exc_notes":[],"syntax_error":null,"is_cause":false,"frames":[{"filename":"/home/airflow/.local/lib/python3.12/site-packages/airflow/models/dagbag.py","lineno":405,"name":"parse"},{"filename":"<frozen importlib._bootstrap_external>","lineno":999,"name":"exec_module"},{"filename":"<frozen importlib._bootstrap>","lineno":488,"name":"_call_with_frames_removed"},{"filename":"/opt/airflow/dags/dag.py","lineno":10,"name":"<module>"}],"is_group":false,"exceptions":[]}]}
{"timestamp":"2025-12-17T21:43:22.797612Z","level":"warning","event":"The `airflow.decorators.dag` attribute is deprecated. Please use `'airflow.sdk.dag'`.","category":"DeprecatedImportWarning","filename":"/opt/airflow/dags/dag.py","lineno":1,"logger":"py.warnings"}
{"timestamp":"2025-12-17T21:43:22.797672Z","level":"warning","event":"The `airflow.decorators.task` attribute is deprecated. Please use `'airflow.sdk.task'`.","category":"DeprecatedImportWarning","filename":"/opt/airflow/dags/dag.py","lineno":2,"logger":"py.warnings"}
{"timestamp":"2025-12-17T21:43:22.797697Z","level":"warning","event":"The `airflow.operators.empty.EmptyOperator` attribute is deprecated. Please use `'airflow.providers.standard.operators.empty.EmptyOperator'`.","category":"DeprecatedImportWarning","filename":"/opt/airflow/dags/dag.py","lineno":3,"logger":"py.warnings"}
{"timestamp":"2025-12-17T21:43:22.797719Z","level":"warning","event":"The `airflow.operators.python.get_current_context` attribute is deprecated. Please use `'airflow.sdk.get_current_context'`.","category":"DeprecatedImportWarning","filename":"/opt/airflow/dags/dag.py","lineno":5,"logger":"py.warnings"}
{"timestamp":"2025-12-17T21:43:53.264296Z","level":"warning","event":"Error when trying to pre-import module 'airflow.sdk.task' found in /opt/airflow/dags/dag.py: No module named 'airflow.sdk.task'","logger":"processor"}
{"timestamp":"2025-12-17T21:43:53.302500Z","level":"info","event":"Filling up the DagBag from /opt/airflow/dags/dag.py","logger":"airflow.models.dagbag.DagBag","filename":"dagbag.py","lineno":593}
{"timestamp":"2025-12-17T21:43:53.316946Z","level":"error","event":"Failed to import: /opt/airflow/dags/dag.py","logger":"airflow.models.dagbag.DagBag","filename":"dagbag.py","lineno":415,"error_detail":[{"exc_type":"ModuleNotFoundError","exc_value":"No module named 'airflow.sdk.task'","exc_notes":[],"syntax_error":null,"is_cause":false,"frames":[{"filename":"/home/airflow/.local/lib/python3.12/site-packages/airflow/models/dagbag.py","lineno":405,"name":"parse"},{"filename":"<frozen importlib._bootstrap_external>","lineno":999,"name":"exec_module"},{"filename":"<frozen importlib._bootstrap>","lineno":488,"name":"_call_with_frames_removed"},{"filename":"/opt/airflow/dags/dag.py","lineno":10,"name":"<module>"}],"is_group":false,"exceptions":[]}]}
{"timestamp":"2025-12-17T21:43:53.318731Z","level":"warning","event":"The `airflow.decorators.dag` attribute is deprecated. Please use `'airflow.sdk.dag'`.","category":"DeprecatedImportWarning","filename":"/opt/airflow/dags/dag.py","lineno":1,"logger":"py.warnings"}
{"timestamp":"2025-12-17T21:43:53.318778Z","level":"warning","event":"The `airflow.decorators.task` attribute is deprecated. Please use `'airflow.sdk.task'`.","category":"DeprecatedImportWarning","filename":"/opt/airflow/dags/dag.py","lineno":2,"logger":"py.warnings"}
{"timestamp":"2025-12-17T21:43:53.318818Z","level":"warning","event":"The `airflow.operators.empty.EmptyOperator` attribute is deprecated. Please use `'airflow.providers.standard.operators.empty.EmptyOperator'`.","category":"DeprecatedImportWarning","filename":"/opt/airflow/dags/dag.py","lineno":3,"logger":"py.warnings"}
{"timestamp":"2025-12-17T21:43:53.318845Z","level":"warning","event":"The `airflow.operators.python.get_current_context` attribute is deprecated. Please use `'airflow.sdk.get_current_context'`.","category":"DeprecatedImportWarning","filename":"/opt/airflow/dags/dag.py","lineno":5,"logger":"py.warnings"}
{"timestamp":"2025-12-17T21:44:03.576043Z","level":"info","event":"Filling up the DagBag from /opt/airflow/dags/dag.py","logger":"airflow.models.dagbag.DagBag","filename":"dagbag.py","lineno":593}
{"timestamp":"2025-12-17T21:44:03.631884Z","level":"error","event":"Failed to import: /opt/airflow/dags/dag.py","logger":"airflow.models.dagbag.DagBag","filename":"dagbag.py","lineno":415,"error_detail":[{"exc_type":"AttributeError","exc_value":"'NoneType' object has no attribute 'xcom_pull'","exc_notes":[],"syntax_error":null,"is_cause":false,"frames":[{"filename":"/home/airflow/.local/lib/python3.12/site-packages/airflow/models/dagbag.py","lineno":405,"name":"parse"},{"filename":"<frozen importlib._bootstrap_external>","lineno":999,"name":"exec_module"},{"filename":"<frozen importlib._bootstrap>","lineno":488,"name":"_call_with_frames_removed"},{"filename":"/opt/airflow/dags/dag.py","lineno":176,"name":"<module>"},{"filename":"/home/airflow/.local/lib/python3.12/site-packages/airflow/sdk/definitions/dag.py","lineno":1557,"name":"factory"},{"filename":"/opt/airflow/dags/dag.py","lineno":169,"name":"flights_pipeline"},{"filename":"/opt/airflow/dags/dag.py","lineno":65,"name":"load_from_file"}],"is_group":false,"exceptions":[]}]}
{"timestamp":"2025-12-17T21:44:03.633695Z","level":"warning","event":"The `airflow.decorators.dag` attribute is deprecated. Please use `'airflow.sdk.dag'`.","category":"DeprecatedImportWarning","filename":"/opt/airflow/dags/dag.py","lineno":1,"logger":"py.warnings"}
{"timestamp":"2025-12-17T21:44:03.633742Z","level":"warning","event":"The `airflow.decorators.task` attribute is deprecated. Please use `'airflow.sdk.task'`.","category":"DeprecatedImportWarning","filename":"/opt/airflow/dags/dag.py","lineno":2,"logger":"py.warnings"}
{"timestamp":"2025-12-17T21:44:03.633765Z","level":"warning","event":"The `airflow.operators.empty.EmptyOperator` attribute is deprecated. Please use `'airflow.providers.standard.operators.empty.EmptyOperator'`.","category":"DeprecatedImportWarning","filename":"/opt/airflow/dags/dag.py","lineno":3,"logger":"py.warnings"}
{"timestamp":"2025-12-17T21:44:03.633785Z","level":"warning","event":"The `airflow.operators.python.get_current_context` attribute is deprecated. Please use `'airflow.sdk.get_current_context'`.","category":"DeprecatedImportWarning","filename":"/opt/airflow/dags/dag.py","lineno":5,"logger":"py.warnings"}
{"timestamp":"2025-12-17T21:44:34.105604Z","level":"info","event":"Filling up the DagBag from /opt/airflow/dags/dag.py","logger":"airflow.models.dagbag.DagBag","filename":"dagbag.py","lineno":593}
{"timestamp":"2025-12-17T21:44:34.189167Z","level":"error","event":"Failed to import: /opt/airflow/dags/dag.py","logger":"airflow.models.dagbag.DagBag","filename":"dagbag.py","lineno":415,"error_detail":[{"exc_type":"AttributeError","exc_value":"'NoneType' object has no attribute 'xcom_pull'","exc_notes":[],"syntax_error":null,"is_cause":false,"frames":[{"filename":"/home/airflow/.local/lib/python3.12/site-packages/airflow/models/dagbag.py","lineno":405,"name":"parse"},{"filename":"<frozen importlib._bootstrap_external>","lineno":999,"name":"exec_module"},{"filename":"<frozen importlib._bootstrap>","lineno":488,"name":"_call_with_frames_removed"},{"filename":"/opt/airflow/dags/dag.py","lineno":176,"name":"<module>"},{"filename":"/home/airflow/.local/lib/python3.12/site-packages/airflow/sdk/definitions/dag.py","lineno":1557,"name":"factory"},{"filename":"/opt/airflow/dags/dag.py","lineno":169,"name":"flights_pipeline"},{"filename":"/opt/airflow/dags/dag.py","lineno":65,"name":"load_from_file"}],"is_group":false,"exceptions":[]}]}
{"timestamp":"2025-12-17T21:44:34.192804Z","level":"warning","event":"The `airflow.decorators.dag` attribute is deprecated. Please use `'airflow.sdk.dag'`.","category":"DeprecatedImportWarning","filename":"/opt/airflow/dags/dag.py","lineno":1,"logger":"py.warnings"}
{"timestamp":"2025-12-17T21:44:34.192852Z","level":"warning","event":"The `airflow.decorators.task` attribute is deprecated. Please use `'airflow.sdk.task'`.","category":"DeprecatedImportWarning","filename":"/opt/airflow/dags/dag.py","lineno":2,"logger":"py.warnings"}
{"timestamp":"2025-12-17T21:44:34.192889Z","level":"warning","event":"The `airflow.operators.empty.EmptyOperator` attribute is deprecated. Please use `'airflow.providers.standard.operators.empty.EmptyOperator'`.","category":"DeprecatedImportWarning","filename":"/opt/airflow/dags/dag.py","lineno":3,"logger":"py.warnings"}
{"timestamp":"2025-12-17T21:44:34.192911Z","level":"warning","event":"The `airflow.operators.python.get_current_context` attribute is deprecated. Please use `'airflow.sdk.get_current_context'`.","category":"DeprecatedImportWarning","filename":"/opt/airflow/dags/dag.py","lineno":5,"logger":"py.warnings"}
{"timestamp":"2025-12-17T21:44:36.315530Z","level":"info","event":"Filling up the DagBag from /opt/airflow/dags/dag.py","logger":"airflow.models.dagbag.DagBag","filename":"dagbag.py","lineno":593}
{"timestamp":"2025-12-17T21:44:36.376570Z","level":"warning","event":"The `airflow.decorators.dag` attribute is deprecated. Please use `'airflow.sdk.dag'`.","category":"DeprecatedImportWarning","filename":"/opt/airflow/dags/dag.py","lineno":1,"logger":"py.warnings"}
{"timestamp":"2025-12-17T21:44:36.376654Z","level":"warning","event":"The `airflow.decorators.task` attribute is deprecated. Please use `'airflow.sdk.task'`.","category":"DeprecatedImportWarning","filename":"/opt/airflow/dags/dag.py","lineno":2,"logger":"py.warnings"}
{"timestamp":"2025-12-17T21:44:36.376678Z","level":"warning","event":"The `airflow.operators.empty.EmptyOperator` attribute is deprecated. Please use `'airflow.providers.standard.operators.empty.EmptyOperator'`.","category":"DeprecatedImportWarning","filename":"/opt/airflow/dags/dag.py","lineno":3,"logger":"py.warnings"}
{"timestamp":"2025-12-17T21:44:36.376697Z","level":"warning","event":"The `airflow.operators.python.get_current_context` attribute is deprecated. Please use `'airflow.sdk.get_current_context'`.","category":"DeprecatedImportWarning","filename":"/opt/airflow/dags/dag.py","lineno":5,"logger":"py.warnings"}
{"timestamp":"2025-12-17T21:45:06.834563Z","level":"info","event":"Filling up the DagBag from /opt/airflow/dags/dag.py","logger":"airflow.models.dagbag.DagBag","filename":"dagbag.py","lineno":593}
{"timestamp":"2025-12-17T21:45:06.883569Z","level":"warning","event":"The `airflow.decorators.dag` attribute is deprecated. Please use `'airflow.sdk.dag'`.","category":"DeprecatedImportWarning","filename":"/opt/airflow/dags/dag.py","lineno":1,"logger":"py.warnings"}
{"timestamp":"2025-12-17T21:45:06.883651Z","level":"warning","event":"The `airflow.decorators.task` attribute is deprecated. Please use `'airflow.sdk.task'`.","category":"DeprecatedImportWarning","filename":"/opt/airflow/dags/dag.py","lineno":2,"logger":"py.warnings"}
{"timestamp":"2025-12-17T21:45:06.883682Z","level":"warning","event":"The `airflow.operators.empty.EmptyOperator` attribute is deprecated. Please use `'airflow.providers.standard.operators.empty.EmptyOperator'`.","category":"DeprecatedImportWarning","filename":"/opt/airflow/dags/dag.py","lineno":3,"logger":"py.warnings"}
{"timestamp":"2025-12-17T21:45:06.883710Z","level":"warning","event":"The `airflow.operators.python.get_current_context` attribute is deprecated. Please use `'airflow.sdk.get_current_context'`.","category":"DeprecatedImportWarning","filename":"/opt/airflow/dags/dag.py","lineno":5,"logger":"py.warnings"}
{"timestamp":"2025-12-17T21:45:37.345798Z","level":"info","event":"Filling up the DagBag from /opt/airflow/dags/dag.py","logger":"airflow.models.dagbag.DagBag","filename":"dagbag.py","lineno":593}
{"timestamp":"2025-12-17T21:45:37.384359Z","level":"warning","event":"The `airflow.decorators.dag` attribute is deprecated. Please use `'airflow.sdk.dag'`.","category":"DeprecatedImportWarning","filename":"/opt/airflow/dags/dag.py","lineno":1,"logger":"py.warnings"}
{"timestamp":"2025-12-17T21:45:37.384870Z","level":"warning","event":"The `airflow.decorators.task` attribute is deprecated. Please use `'airflow.sdk.task'`.","category":"DeprecatedImportWarning","filename":"/opt/airflow/dags/dag.py","lineno":2,"logger":"py.warnings"}
{"timestamp":"2025-12-17T21:45:37.384921Z","level":"warning","event":"The `airflow.operators.empty.EmptyOperator` attribute is deprecated. Please use `'airflow.providers.standard.operators.empty.EmptyOperator'`.","category":"DeprecatedImportWarning","filename":"/opt/airflow/dags/dag.py","lineno":3,"logger":"py.warnings"}
{"timestamp":"2025-12-17T21:45:37.384945Z","level":"warning","event":"The `airflow.operators.python.get_current_context` attribute is deprecated. Please use `'airflow.sdk.get_current_context'`.","category":"DeprecatedImportWarning","filename":"/opt/airflow/dags/dag.py","lineno":5,"logger":"py.warnings"}
{"timestamp":"2025-12-17T21:46:07.814099Z","level":"info","event":"Filling up the DagBag from /opt/airflow/dags/dag.py","logger":"airflow.models.dagbag.DagBag","filename":"dagbag.py","lineno":593}
{"timestamp":"2025-12-17T21:46:07.868072Z","level":"warning","event":"The `airflow.decorators.dag` attribute is deprecated. Please use `'airflow.sdk.dag'`.","category":"DeprecatedImportWarning","filename":"/opt/airflow/dags/dag.py","lineno":1,"logger":"py.warnings"}
{"timestamp":"2025-12-17T21:46:07.868331Z","level":"warning","event":"The `airflow.decorators.task` attribute is deprecated. Please use `'airflow.sdk.task'`.","category":"DeprecatedImportWarning","filename":"/opt/airflow/dags/dag.py","lineno":2,"logger":"py.warnings"}
{"timestamp":"2025-12-17T21:46:07.868380Z","level":"warning","event":"The `airflow.operators.empty.EmptyOperator` attribute is deprecated. Please use `'airflow.providers.standard.operators.empty.EmptyOperator'`.","category":"DeprecatedImportWarning","filename":"/opt/airflow/dags/dag.py","lineno":3,"logger":"py.warnings"}
{"timestamp":"2025-12-17T21:46:07.868406Z","level":"warning","event":"The `airflow.operators.python.get_current_context` attribute is deprecated. Please use `'airflow.sdk.get_current_context'`.","category":"DeprecatedImportWarning","filename":"/opt/airflow/dags/dag.py","lineno":5,"logger":"py.warnings"}
{"timestamp":"2025-12-17T21:46:38.312261Z","level":"info","event":"Filling up the DagBag from /opt/airflow/dags/dag.py","logger":"airflow.models.dagbag.DagBag","filename":"dagbag.py","lineno":593}
{"timestamp":"2025-12-17T21:46:38.356840Z","level":"warning","event":"The `airflow.decorators.dag` attribute is deprecated. Please use `'airflow.sdk.dag'`.","category":"DeprecatedImportWarning","filename":"/opt/airflow/dags/dag.py","lineno":1,"logger":"py.warnings"}
{"timestamp":"2025-12-17T21:46:38.356899Z","level":"warning","event":"The `airflow.decorators.task` attribute is deprecated. Please use `'airflow.sdk.task'`.","category":"DeprecatedImportWarning","filename":"/opt/airflow/dags/dag.py","lineno":2,"logger":"py.warnings"}
{"timestamp":"2025-12-17T21:46:38.356924Z","level":"warning","event":"The `airflow.operators.empty.EmptyOperator` attribute is deprecated. Please use `'airflow.providers.standard.operators.empty.EmptyOperator'`.","category":"DeprecatedImportWarning","filename":"/opt/airflow/dags/dag.py","lineno":3,"logger":"py.warnings"}
{"timestamp":"2025-12-17T21:46:38.356945Z","level":"warning","event":"The `airflow.operators.python.get_current_context` attribute is deprecated. Please use `'airflow.sdk.get_current_context'`.","category":"DeprecatedImportWarning","filename":"/opt/airflow/dags/dag.py","lineno":5,"logger":"py.warnings"}
{"timestamp":"2025-12-17T21:46:47.502760Z","level":"info","event":"Filling up the DagBag from /opt/airflow/dags/dag.py","logger":"airflow.models.dagbag.DagBag","filename":"dagbag.py","lineno":593}
{"timestamp":"2025-12-17T21:46:47.539656Z","level":"warning","event":"The `airflow.decorators.dag` attribute is deprecated. Please use `'airflow.sdk.dag'`.","category":"DeprecatedImportWarning","filename":"/opt/airflow/dags/dag.py","lineno":1,"logger":"py.warnings"}
{"timestamp":"2025-12-17T21:46:47.539868Z","level":"warning","event":"The `airflow.decorators.task` attribute is deprecated. Please use `'airflow.sdk.task'`.","category":"DeprecatedImportWarning","filename":"/opt/airflow/dags/dag.py","lineno":2,"logger":"py.warnings"}
{"timestamp":"2025-12-17T21:46:47.540253Z","level":"warning","event":"The `airflow.operators.empty.EmptyOperator` attribute is deprecated. Please use `'airflow.providers.standard.operators.empty.EmptyOperator'`.","category":"DeprecatedImportWarning","filename":"/opt/airflow/dags/dag.py","lineno":3,"logger":"py.warnings"}
{"timestamp":"2025-12-17T21:46:47.540293Z","level":"warning","event":"The `airflow.operators.python.get_current_context` attribute is deprecated. Please use `'airflow.sdk.get_current_context'`.","category":"DeprecatedImportWarning","filename":"/opt/airflow/dags/dag.py","lineno":5,"logger":"py.warnings"}
{"timestamp":"2025-12-17T21:47:17.969826Z","level":"info","event":"Filling up the DagBag from /opt/airflow/dags/dag.py","logger":"airflow.models.dagbag.DagBag","filename":"dagbag.py","lineno":593}
{"timestamp":"2025-12-17T21:47:18.020098Z","level":"warning","event":"The `airflow.decorators.dag` attribute is deprecated. Please use `'airflow.sdk.dag'`.","category":"DeprecatedImportWarning","filename":"/opt/airflow/dags/dag.py","lineno":1,"logger":"py.warnings"}
{"timestamp":"2025-12-17T21:47:18.020175Z","level":"warning","event":"The `airflow.decorators.task` attribute is deprecated. Please use `'airflow.sdk.task'`.","category":"DeprecatedImportWarning","filename":"/opt/airflow/dags/dag.py","lineno":2,"logger":"py.warnings"}
{"timestamp":"2025-12-17T21:47:18.020207Z","level":"warning","event":"The `airflow.operators.empty.EmptyOperator` attribute is deprecated. Please use `'airflow.providers.standard.operators.empty.EmptyOperator'`.","category":"DeprecatedImportWarning","filename":"/opt/airflow/dags/dag.py","lineno":3,"logger":"py.warnings"}
{"timestamp":"2025-12-17T21:47:18.020230Z","level":"warning","event":"The `airflow.operators.python.get_current_context` attribute is deprecated. Please use `'airflow.sdk.get_current_context'`.","category":"DeprecatedImportWarning","filename":"/opt/airflow/dags/dag.py","lineno":5,"logger":"py.warnings"}
{"timestamp":"2025-12-17T21:47:19.098403Z","level":"info","event":"Filling up the DagBag from /opt/airflow/dags/dag.py","logger":"airflow.models.dagbag.DagBag","filename":"dagbag.py","lineno":593}
{"timestamp":"2025-12-17T21:47:19.135494Z","level":"warning","event":"The `airflow.decorators.dag` attribute is deprecated. Please use `'airflow.sdk.dag'`.","category":"DeprecatedImportWarning","filename":"/opt/airflow/dags/dag.py","lineno":1,"logger":"py.warnings"}
{"timestamp":"2025-12-17T21:47:19.135559Z","level":"warning","event":"The `airflow.decorators.task` attribute is deprecated. Please use `'airflow.sdk.task'`.","category":"DeprecatedImportWarning","filename":"/opt/airflow/dags/dag.py","lineno":2,"logger":"py.warnings"}
{"timestamp":"2025-12-17T21:47:19.135584Z","level":"warning","event":"The `airflow.operators.empty.EmptyOperator` attribute is deprecated. Please use `'airflow.providers.standard.operators.empty.EmptyOperator'`.","category":"DeprecatedImportWarning","filename":"/opt/airflow/dags/dag.py","lineno":3,"logger":"py.warnings"}
{"timestamp":"2025-12-17T21:47:19.135604Z","level":"warning","event":"The `airflow.operators.python.get_current_context` attribute is deprecated. Please use `'airflow.sdk.get_current_context'`.","category":"DeprecatedImportWarning","filename":"/opt/airflow/dags/dag.py","lineno":5,"logger":"py.warnings"}
{"timestamp":"2025-12-17T21:47:49.607845Z","level":"info","event":"Filling up the DagBag from /opt/airflow/dags/dag.py","logger":"airflow.models.dagbag.DagBag","filename":"dagbag.py","lineno":593}
{"timestamp":"2025-12-17T21:47:49.658266Z","level":"warning","event":"The `airflow.decorators.dag` attribute is deprecated. Please use `'airflow.sdk.dag'`.","category":"DeprecatedImportWarning","filename":"/opt/airflow/dags/dag.py","lineno":1,"logger":"py.warnings"}
{"timestamp":"2025-12-17T21:47:49.658522Z","level":"warning","event":"The `airflow.decorators.task` attribute is deprecated. Please use `'airflow.sdk.task'`.","category":"DeprecatedImportWarning","filename":"/opt/airflow/dags/dag.py","lineno":2,"logger":"py.warnings"}
{"timestamp":"2025-12-17T21:47:49.658565Z","level":"warning","event":"The `airflow.operators.empty.EmptyOperator` attribute is deprecated. Please use `'airflow.providers.standard.operators.empty.EmptyOperator'`.","category":"DeprecatedImportWarning","filename":"/opt/airflow/dags/dag.py","lineno":3,"logger":"py.warnings"}
{"timestamp":"2025-12-17T21:47:49.658586Z","level":"warning","event":"The `airflow.operators.python.get_current_context` attribute is deprecated. Please use `'airflow.sdk.get_current_context'`.","category":"DeprecatedImportWarning","filename":"/opt/airflow/dags/dag.py","lineno":5,"logger":"py.warnings"}
{"timestamp":"2025-12-17T21:48:20.143930Z","level":"info","event":"Filling up the DagBag from /opt/airflow/dags/dag.py","logger":"airflow.models.dagbag.DagBag","filename":"dagbag.py","lineno":593}
{"timestamp":"2025-12-17T21:48:20.192620Z","level":"warning","event":"The `airflow.decorators.dag` attribute is deprecated. Please use `'airflow.sdk.dag'`.","category":"DeprecatedImportWarning","filename":"/opt/airflow/dags/dag.py","lineno":1,"logger":"py.warnings"}
{"timestamp":"2025-12-17T21:48:20.192845Z","level":"warning","event":"The `airflow.decorators.task` attribute is deprecated. Please use `'airflow.sdk.task'`.","category":"DeprecatedImportWarning","filename":"/opt/airflow/dags/dag.py","lineno":2,"logger":"py.warnings"}
{"timestamp":"2025-12-17T21:48:20.193233Z","level":"warning","event":"The `airflow.operators.empty.EmptyOperator` attribute is deprecated. Please use `'airflow.providers.standard.operators.empty.EmptyOperator'`.","category":"DeprecatedImportWarning","filename":"/opt/airflow/dags/dag.py","lineno":3,"logger":"py.warnings"}
{"timestamp":"2025-12-17T21:48:20.193255Z","level":"warning","event":"The `airflow.operators.python.get_current_context` attribute is deprecated. Please use `'airflow.sdk.get_current_context'`.","category":"DeprecatedImportWarning","filename":"/opt/airflow/dags/dag.py","lineno":5,"logger":"py.warnings"}
{"timestamp":"2025-12-17T21:48:50.655072Z","level":"info","event":"Filling up the DagBag from /opt/airflow/dags/dag.py","logger":"airflow.models.dagbag.DagBag","filename":"dagbag.py","lineno":593}
{"timestamp":"2025-12-17T21:48:50.715673Z","level":"warning","event":"The `airflow.decorators.dag` attribute is deprecated. Please use `'airflow.sdk.dag'`.","category":"DeprecatedImportWarning","filename":"/opt/airflow/dags/dag.py","lineno":1,"logger":"py.warnings"}
{"timestamp":"2025-12-17T21:48:50.715884Z","level":"warning","event":"The `airflow.decorators.task` attribute is deprecated. Please use `'airflow.sdk.task'`.","category":"DeprecatedImportWarning","filename":"/opt/airflow/dags/dag.py","lineno":2,"logger":"py.warnings"}
{"timestamp":"2025-12-17T21:48:50.715923Z","level":"warning","event":"The `airflow.operators.empty.EmptyOperator` attribute is deprecated. Please use `'airflow.providers.standard.operators.empty.EmptyOperator'`.","category":"DeprecatedImportWarning","filename":"/opt/airflow/dags/dag.py","lineno":3,"logger":"py.warnings"}
{"timestamp":"2025-12-17T21:48:50.715943Z","level":"warning","event":"The `airflow.operators.python.get_current_context` attribute is deprecated. Please use `'airflow.sdk.get_current_context'`.","category":"DeprecatedImportWarning","filename":"/opt/airflow/dags/dag.py","lineno":5,"logger":"py.warnings"}
{"timestamp":"2025-12-17T21:49:21.138386Z","level":"info","event":"Filling up the DagBag from /opt/airflow/dags/dag.py","logger":"airflow.models.dagbag.DagBag","filename":"dagbag.py","lineno":593}
{"timestamp":"2025-12-17T21:49:21.180089Z","level":"warning","event":"The `airflow.decorators.dag` attribute is deprecated. Please use `'airflow.sdk.dag'`.","category":"DeprecatedImportWarning","filename":"/opt/airflow/dags/dag.py","lineno":1,"logger":"py.warnings"}
{"timestamp":"2025-12-17T21:49:21.180276Z","level":"warning","event":"The `airflow.decorators.task` attribute is deprecated. Please use `'airflow.sdk.task'`.","category":"DeprecatedImportWarning","filename":"/opt/airflow/dags/dag.py","lineno":2,"logger":"py.warnings"}
{"timestamp":"2025-12-17T21:49:21.180615Z","level":"warning","event":"The `airflow.operators.empty.EmptyOperator` attribute is deprecated. Please use `'airflow.providers.standard.operators.empty.EmptyOperator'`.","category":"DeprecatedImportWarning","filename":"/opt/airflow/dags/dag.py","lineno":3,"logger":"py.warnings"}
{"timestamp":"2025-12-17T21:49:21.180650Z","level":"warning","event":"The `airflow.operators.python.get_current_context` attribute is deprecated. Please use `'airflow.sdk.get_current_context'`.","category":"DeprecatedImportWarning","filename":"/opt/airflow/dags/dag.py","lineno":5,"logger":"py.warnings"}
{"timestamp":"2025-12-17T21:49:51.653071Z","level":"info","event":"Filling up the DagBag from /opt/airflow/dags/dag.py","logger":"airflow.models.dagbag.DagBag","filename":"dagbag.py","lineno":593}
{"timestamp":"2025-12-17T21:49:51.704987Z","level":"warning","event":"The `airflow.decorators.dag` attribute is deprecated. Please use `'airflow.sdk.dag'`.","category":"DeprecatedImportWarning","filename":"/opt/airflow/dags/dag.py","lineno":1,"logger":"py.warnings"}
{"timestamp":"2025-12-17T21:49:51.705058Z","level":"warning","event":"The `airflow.decorators.task` attribute is deprecated. Please use `'airflow.sdk.task'`.","category":"DeprecatedImportWarning","filename":"/opt/airflow/dags/dag.py","lineno":2,"logger":"py.warnings"}
{"timestamp":"2025-12-17T21:49:51.705086Z","level":"warning","event":"The `airflow.operators.empty.EmptyOperator` attribute is deprecated. Please use `'airflow.providers.standard.operators.empty.EmptyOperator'`.","category":"DeprecatedImportWarning","filename":"/opt/airflow/dags/dag.py","lineno":3,"logger":"py.warnings"}
{"timestamp":"2025-12-17T21:49:51.705105Z","level":"warning","event":"The `airflow.operators.python.get_current_context` attribute is deprecated. Please use `'airflow.sdk.get_current_context'`.","category":"DeprecatedImportWarning","filename":"/opt/airflow/dags/dag.py","lineno":5,"logger":"py.warnings"}
{"timestamp":"2025-12-17T21:50:08.972547Z","level":"info","event":"Filling up the DagBag from /opt/airflow/dags/dag.py","logger":"airflow.models.dagbag.DagBag","filename":"dagbag.py","lineno":593}
{"timestamp":"2025-12-17T21:50:09.020209Z","level":"warning","event":"The `airflow.decorators.dag` attribute is deprecated. Please use `'airflow.sdk.dag'`.","category":"DeprecatedImportWarning","filename":"/opt/airflow/dags/dag.py","lineno":1,"logger":"py.warnings"}
{"timestamp":"2025-12-17T21:50:09.020306Z","level":"warning","event":"The `airflow.decorators.task` attribute is deprecated. Please use `'airflow.sdk.task'`.","category":"DeprecatedImportWarning","filename":"/opt/airflow/dags/dag.py","lineno":2,"logger":"py.warnings"}
{"timestamp":"2025-12-17T21:50:09.020358Z","level":"warning","event":"The `airflow.operators.empty.EmptyOperator` attribute is deprecated. Please use `'airflow.providers.standard.operators.empty.EmptyOperator'`.","category":"DeprecatedImportWarning","filename":"/opt/airflow/dags/dag.py","lineno":3,"logger":"py.warnings"}
{"timestamp":"2025-12-17T21:50:09.020384Z","level":"warning","event":"The `airflow.operators.python.get_current_context` attribute is deprecated. Please use `'airflow.sdk.get_current_context'`.","category":"DeprecatedImportWarning","filename":"/opt/airflow/dags/dag.py","lineno":5,"logger":"py.warnings"}
{"timestamp":"2025-12-17T21:50:39.479716Z","level":"info","event":"Filling up the DagBag from /opt/airflow/dags/dag.py","logger":"airflow.models.dagbag.DagBag","filename":"dagbag.py","lineno":593}
{"timestamp":"2025-12-17T21:50:39.534475Z","level":"warning","event":"The `airflow.decorators.dag` attribute is deprecated. Please use `'airflow.sdk.dag'`.","category":"DeprecatedImportWarning","filename":"/opt/airflow/dags/dag.py","lineno":1,"logger":"py.warnings"}
{"timestamp":"2025-12-17T21:50:39.534541Z","level":"warning","event":"The `airflow.decorators.task` attribute is deprecated. Please use `'airflow.sdk.task'`.","category":"DeprecatedImportWarning","filename":"/opt/airflow/dags/dag.py","lineno":2,"logger":"py.warnings"}
{"timestamp":"2025-12-17T21:50:39.534565Z","level":"warning","event":"The `airflow.operators.empty.EmptyOperator` attribute is deprecated. Please use `'airflow.providers.standard.operators.empty.EmptyOperator'`.","category":"DeprecatedImportWarning","filename":"/opt/airflow/dags/dag.py","lineno":3,"logger":"py.warnings"}
{"timestamp":"2025-12-17T21:50:39.534587Z","level":"warning","event":"The `airflow.operators.python.get_current_context` attribute is deprecated. Please use `'airflow.sdk.get_current_context'`.","category":"DeprecatedImportWarning","filename":"/opt/airflow/dags/dag.py","lineno":5,"logger":"py.warnings"}
{"timestamp":"2025-12-17T21:50:59.822934Z","level":"info","event":"Filling up the DagBag from /opt/airflow/dags/dag.py","logger":"airflow.models.dagbag.DagBag","filename":"dagbag.py","lineno":593}
{"timestamp":"2025-12-17T21:50:59.877522Z","level":"warning","event":"The `airflow.decorators.dag` attribute is deprecated. Please use `'airflow.sdk.dag'`.","category":"DeprecatedImportWarning","filename":"/opt/airflow/dags/dag.py","lineno":1,"logger":"py.warnings"}
{"timestamp":"2025-12-17T21:50:59.877589Z","level":"warning","event":"The `airflow.decorators.task` attribute is deprecated. Please use `'airflow.sdk.task'`.","category":"DeprecatedImportWarning","filename":"/opt/airflow/dags/dag.py","lineno":2,"logger":"py.warnings"}
{"timestamp":"2025-12-17T21:50:59.877615Z","level":"warning","event":"The `airflow.operators.empty.EmptyOperator` attribute is deprecated. Please use `'airflow.providers.standard.operators.empty.EmptyOperator'`.","category":"DeprecatedImportWarning","filename":"/opt/airflow/dags/dag.py","lineno":3,"logger":"py.warnings"}
{"timestamp":"2025-12-17T21:50:59.877649Z","level":"warning","event":"The `airflow.operators.python.get_current_context` attribute is deprecated. Please use `'airflow.sdk.get_current_context'`.","category":"DeprecatedImportWarning","filename":"/opt/airflow/dags/dag.py","lineno":5,"logger":"py.warnings"}
{"timestamp":"2025-12-17T21:51:30.338482Z","level":"info","event":"Filling up the DagBag from /opt/airflow/dags/dag.py","logger":"airflow.models.dagbag.DagBag","filename":"dagbag.py","lineno":593}
{"timestamp":"2025-12-17T21:51:30.381408Z","level":"warning","event":"The `airflow.decorators.dag` attribute is deprecated. Please use `'airflow.sdk.dag'`.","category":"DeprecatedImportWarning","filename":"/opt/airflow/dags/dag.py","lineno":1,"logger":"py.warnings"}
{"timestamp":"2025-12-17T21:51:30.381476Z","level":"warning","event":"The `airflow.decorators.task` attribute is deprecated. Please use `'airflow.sdk.task'`.","category":"DeprecatedImportWarning","filename":"/opt/airflow/dags/dag.py","lineno":2,"logger":"py.warnings"}
{"timestamp":"2025-12-17T21:51:30.381510Z","level":"warning","event":"The `airflow.operators.empty.EmptyOperator` attribute is deprecated. Please use `'airflow.providers.standard.operators.empty.EmptyOperator'`.","category":"DeprecatedImportWarning","filename":"/opt/airflow/dags/dag.py","lineno":3,"logger":"py.warnings"}
{"timestamp":"2025-12-17T21:51:30.381534Z","level":"warning","event":"The `airflow.operators.python.get_current_context` attribute is deprecated. Please use `'airflow.sdk.get_current_context'`.","category":"DeprecatedImportWarning","filename":"/opt/airflow/dags/dag.py","lineno":5,"logger":"py.warnings"}
{"timestamp":"2025-12-17T21:52:00.895141Z","level":"info","event":"Filling up the DagBag from /opt/airflow/dags/dag.py","logger":"airflow.models.dagbag.DagBag","filename":"dagbag.py","lineno":593}
{"timestamp":"2025-12-17T21:52:00.936069Z","level":"warning","event":"The `airflow.decorators.dag` attribute is deprecated. Please use `'airflow.sdk.dag'`.","category":"DeprecatedImportWarning","filename":"/opt/airflow/dags/dag.py","lineno":1,"logger":"py.warnings"}
{"timestamp":"2025-12-17T21:52:00.936395Z","level":"warning","event":"The `airflow.decorators.task` attribute is deprecated. Please use `'airflow.sdk.task'`.","category":"DeprecatedImportWarning","filename":"/opt/airflow/dags/dag.py","lineno":2,"logger":"py.warnings"}
{"timestamp":"2025-12-17T21:52:00.936445Z","level":"warning","event":"The `airflow.operators.empty.EmptyOperator` attribute is deprecated. Please use `'airflow.providers.standard.operators.empty.EmptyOperator'`.","category":"DeprecatedImportWarning","filename":"/opt/airflow/dags/dag.py","lineno":3,"logger":"py.warnings"}
{"timestamp":"2025-12-17T21:52:00.936464Z","level":"warning","event":"The `airflow.operators.python.get_current_context` attribute is deprecated. Please use `'airflow.sdk.get_current_context'`.","category":"DeprecatedImportWarning","filename":"/opt/airflow/dags/dag.py","lineno":5,"logger":"py.warnings"}
{"timestamp":"2025-12-17T21:52:20.291773Z","level":"info","event":"Filling up the DagBag from /opt/airflow/dags/dag.py","logger":"airflow.models.dagbag.DagBag","filename":"dagbag.py","lineno":593}
{"timestamp":"2025-12-17T21:52:20.344334Z","level":"warning","event":"The `airflow.decorators.dag` attribute is deprecated. Please use `'airflow.sdk.dag'`.","category":"DeprecatedImportWarning","filename":"/opt/airflow/dags/dag.py","lineno":1,"logger":"py.warnings"}
{"timestamp":"2025-12-17T21:52:20.344402Z","level":"warning","event":"The `airflow.decorators.task` attribute is deprecated. Please use `'airflow.sdk.task'`.","category":"DeprecatedImportWarning","filename":"/opt/airflow/dags/dag.py","lineno":2,"logger":"py.warnings"}
{"timestamp":"2025-12-17T21:52:20.344426Z","level":"warning","event":"The `airflow.operators.empty.EmptyOperator` attribute is deprecated. Please use `'airflow.providers.standard.operators.empty.EmptyOperator'`.","category":"DeprecatedImportWarning","filename":"/opt/airflow/dags/dag.py","lineno":3,"logger":"py.warnings"}
{"timestamp":"2025-12-17T21:52:20.344445Z","level":"warning","event":"The `airflow.operators.python.get_current_context` attribute is deprecated. Please use `'airflow.sdk.get_current_context'`.","category":"DeprecatedImportWarning","filename":"/opt/airflow/dags/dag.py","lineno":5,"logger":"py.warnings"}
{"timestamp":"2025-12-17T21:52:50.737166Z","level":"info","event":"Filling up the DagBag from /opt/airflow/dags/dag.py","logger":"airflow.models.dagbag.DagBag","filename":"dagbag.py","lineno":593}
{"timestamp":"2025-12-17T21:52:50.791259Z","level":"warning","event":"The `airflow.decorators.dag` attribute is deprecated. Please use `'airflow.sdk.dag'`.","category":"DeprecatedImportWarning","filename":"/opt/airflow/dags/dag.py","lineno":1,"logger":"py.warnings"}
{"timestamp":"2025-12-17T21:52:50.791353Z","level":"warning","event":"The `airflow.decorators.task` attribute is deprecated. Please use `'airflow.sdk.task'`.","category":"DeprecatedImportWarning","filename":"/opt/airflow/dags/dag.py","lineno":2,"logger":"py.warnings"}
{"timestamp":"2025-12-17T21:52:50.791391Z","level":"warning","event":"The `airflow.operators.empty.EmptyOperator` attribute is deprecated. Please use `'airflow.providers.standard.operators.empty.EmptyOperator'`.","category":"DeprecatedImportWarning","filename":"/opt/airflow/dags/dag.py","lineno":3,"logger":"py.warnings"}
{"timestamp":"2025-12-17T21:52:50.791424Z","level":"warning","event":"The `airflow.operators.python.get_current_context` attribute is deprecated. Please use `'airflow.sdk.get_current_context'`.","category":"DeprecatedImportWarning","filename":"/opt/airflow/dags/dag.py","lineno":5,"logger":"py.warnings"}
{"timestamp":"2025-12-17T21:53:21.224909Z","level":"info","event":"Filling up the DagBag from /opt/airflow/dags/dag.py","logger":"airflow.models.dagbag.DagBag","filename":"dagbag.py","lineno":593}
{"timestamp":"2025-12-17T21:53:21.292157Z","level":"error","event":"Failed to import: /opt/airflow/dags/dag.py","logger":"airflow.models.dagbag.DagBag","filename":"dagbag.py","lineno":415,"error_detail":[{"exc_type":"KeyError","exc_value":"'ti'","exc_notes":[],"syntax_error":null,"is_cause":false,"frames":[{"filename":"/home/airflow/.local/lib/python3.12/site-packages/airflow/models/dagbag.py","lineno":405,"name":"parse"},{"filename":"<frozen importlib._bootstrap_external>","lineno":999,"name":"exec_module"},{"filename":"<frozen importlib._bootstrap>","lineno":488,"name":"_call_with_frames_removed"},{"filename":"/opt/airflow/dags/dag.py","lineno":153,"name":"<module>"},{"filename":"/home/airflow/.local/lib/python3.12/site-packages/airflow/sdk/definitions/dag.py","lineno":1557,"name":"factory"},{"filename":"/opt/airflow/dags/dag.py","lineno":146,"name":"flights_pipeline"},{"filename":"/opt/airflow/dags/dag.py","lineno":63,"name":"load_from_file"}],"is_group":false,"exceptions":[]}]}
{"timestamp":"2025-12-17T21:53:21.296548Z","level":"warning","event":"The `airflow.decorators.dag` attribute is deprecated. Please use `'airflow.sdk.dag'`.","category":"DeprecatedImportWarning","filename":"/opt/airflow/dags/dag.py","lineno":1,"logger":"py.warnings"}
{"timestamp":"2025-12-17T21:53:21.296618Z","level":"warning","event":"The `airflow.decorators.task` attribute is deprecated. Please use `'airflow.sdk.task'`.","category":"DeprecatedImportWarning","filename":"/opt/airflow/dags/dag.py","lineno":2,"logger":"py.warnings"}
{"timestamp":"2025-12-17T21:53:21.296647Z","level":"warning","event":"The `airflow.operators.empty.EmptyOperator` attribute is deprecated. Please use `'airflow.providers.standard.operators.empty.EmptyOperator'`.","category":"DeprecatedImportWarning","filename":"/opt/airflow/dags/dag.py","lineno":3,"logger":"py.warnings"}
{"timestamp":"2025-12-17T21:53:21.296672Z","level":"warning","event":"The `airflow.operators.python.get_current_context` attribute is deprecated. Please use `'airflow.sdk.get_current_context'`.","category":"DeprecatedImportWarning","filename":"/opt/airflow/dags/dag.py","lineno":5,"logger":"py.warnings"}
{"timestamp":"2025-12-17T21:53:51.767279Z","level":"info","event":"Filling up the DagBag from /opt/airflow/dags/dag.py","logger":"airflow.models.dagbag.DagBag","filename":"dagbag.py","lineno":593}
{"timestamp":"2025-12-17T21:53:51.824307Z","level":"error","event":"Failed to import: /opt/airflow/dags/dag.py","logger":"airflow.models.dagbag.DagBag","filename":"dagbag.py","lineno":415,"error_detail":[{"exc_type":"KeyError","exc_value":"'ti'","exc_notes":[],"syntax_error":null,"is_cause":false,"frames":[{"filename":"/home/airflow/.local/lib/python3.12/site-packages/airflow/models/dagbag.py","lineno":405,"name":"parse"},{"filename":"<frozen importlib._bootstrap_external>","lineno":999,"name":"exec_module"},{"filename":"<frozen importlib._bootstrap>","lineno":488,"name":"_call_with_frames_removed"},{"filename":"/opt/airflow/dags/dag.py","lineno":153,"name":"<module>"},{"filename":"/home/airflow/.local/lib/python3.12/site-packages/airflow/sdk/definitions/dag.py","lineno":1557,"name":"factory"},{"filename":"/opt/airflow/dags/dag.py","lineno":146,"name":"flights_pipeline"},{"filename":"/opt/airflow/dags/dag.py","lineno":63,"name":"load_from_file"}],"is_group":false,"exceptions":[]}]}
{"timestamp":"2025-12-17T21:53:51.827047Z","level":"warning","event":"The `airflow.decorators.dag` attribute is deprecated. Please use `'airflow.sdk.dag'`.","category":"DeprecatedImportWarning","filename":"/opt/airflow/dags/dag.py","lineno":1,"logger":"py.warnings"}
{"timestamp":"2025-12-17T21:53:51.827121Z","level":"warning","event":"The `airflow.decorators.task` attribute is deprecated. Please use `'airflow.sdk.task'`.","category":"DeprecatedImportWarning","filename":"/opt/airflow/dags/dag.py","lineno":2,"logger":"py.warnings"}
{"timestamp":"2025-12-17T21:53:51.827193Z","level":"warning","event":"The `airflow.operators.empty.EmptyOperator` attribute is deprecated. Please use `'airflow.providers.standard.operators.empty.EmptyOperator'`.","category":"DeprecatedImportWarning","filename":"/opt/airflow/dags/dag.py","lineno":3,"logger":"py.warnings"}
{"timestamp":"2025-12-17T21:53:51.827252Z","level":"warning","event":"The `airflow.operators.python.get_current_context` attribute is deprecated. Please use `'airflow.sdk.get_current_context'`.","category":"DeprecatedImportWarning","filename":"/opt/airflow/dags/dag.py","lineno":5,"logger":"py.warnings"}
{"timestamp":"2025-12-17T21:54:22.342390Z","level":"info","event":"Filling up the DagBag from /opt/airflow/dags/dag.py","logger":"airflow.models.dagbag.DagBag","filename":"dagbag.py","lineno":593}
{"timestamp":"2025-12-17T21:54:22.396401Z","level":"error","event":"Failed to import: /opt/airflow/dags/dag.py","logger":"airflow.models.dagbag.DagBag","filename":"dagbag.py","lineno":415,"error_detail":[{"exc_type":"KeyError","exc_value":"'ti'","exc_notes":[],"syntax_error":null,"is_cause":false,"frames":[{"filename":"/home/airflow/.local/lib/python3.12/site-packages/airflow/models/dagbag.py","lineno":405,"name":"parse"},{"filename":"<frozen importlib._bootstrap_external>","lineno":999,"name":"exec_module"},{"filename":"<frozen importlib._bootstrap>","lineno":488,"name":"_call_with_frames_removed"},{"filename":"/opt/airflow/dags/dag.py","lineno":153,"name":"<module>"},{"filename":"/home/airflow/.local/lib/python3.12/site-packages/airflow/sdk/definitions/dag.py","lineno":1557,"name":"factory"},{"filename":"/opt/airflow/dags/dag.py","lineno":146,"name":"flights_pipeline"},{"filename":"/opt/airflow/dags/dag.py","lineno":63,"name":"load_from_file"}],"is_group":false,"exceptions":[]}]}
{"timestamp":"2025-12-17T21:54:22.398101Z","level":"warning","event":"The `airflow.decorators.dag` attribute is deprecated. Please use `'airflow.sdk.dag'`.","category":"DeprecatedImportWarning","filename":"/opt/airflow/dags/dag.py","lineno":1,"logger":"py.warnings"}
{"timestamp":"2025-12-17T21:54:22.398157Z","level":"warning","event":"The `airflow.decorators.task` attribute is deprecated. Please use `'airflow.sdk.task'`.","category":"DeprecatedImportWarning","filename":"/opt/airflow/dags/dag.py","lineno":2,"logger":"py.warnings"}
{"timestamp":"2025-12-17T21:54:22.398184Z","level":"warning","event":"The `airflow.operators.empty.EmptyOperator` attribute is deprecated. Please use `'airflow.providers.standard.operators.empty.EmptyOperator'`.","category":"DeprecatedImportWarning","filename":"/opt/airflow/dags/dag.py","lineno":3,"logger":"py.warnings"}
{"timestamp":"2025-12-17T21:54:22.398221Z","level":"warning","event":"The `airflow.operators.python.get_current_context` attribute is deprecated. Please use `'airflow.sdk.get_current_context'`.","category":"DeprecatedImportWarning","filename":"/opt/airflow/dags/dag.py","lineno":5,"logger":"py.warnings"}
{"timestamp":"2025-12-17T21:54:39.735883Z","level":"info","event":"Filling up the DagBag from /opt/airflow/dags/dag.py","logger":"airflow.models.dagbag.DagBag","filename":"dagbag.py","lineno":593}
{"timestamp":"2025-12-17T21:54:39.852572Z","level":"warning","event":"The `airflow.decorators.dag` attribute is deprecated. Please use `'airflow.sdk.dag'`.","category":"DeprecatedImportWarning","filename":"/opt/airflow/dags/dag.py","lineno":1,"logger":"py.warnings"}
{"timestamp":"2025-12-17T21:54:39.852858Z","level":"warning","event":"The `airflow.decorators.task` attribute is deprecated. Please use `'airflow.sdk.task'`.","category":"DeprecatedImportWarning","filename":"/opt/airflow/dags/dag.py","lineno":2,"logger":"py.warnings"}
{"timestamp":"2025-12-17T21:54:39.852904Z","level":"warning","event":"The `airflow.operators.empty.EmptyOperator` attribute is deprecated. Please use `'airflow.providers.standard.operators.empty.EmptyOperator'`.","category":"DeprecatedImportWarning","filename":"/opt/airflow/dags/dag.py","lineno":3,"logger":"py.warnings"}
{"timestamp":"2025-12-17T21:54:39.852936Z","level":"warning","event":"The `airflow.operators.python.get_current_context` attribute is deprecated. Please use `'airflow.sdk.get_current_context'`.","category":"DeprecatedImportWarning","filename":"/opt/airflow/dags/dag.py","lineno":5,"logger":"py.warnings"}
{"timestamp":"2025-12-17T21:55:10.310370Z","level":"info","event":"Filling up the DagBag from /opt/airflow/dags/dag.py","logger":"airflow.models.dagbag.DagBag","filename":"dagbag.py","lineno":593}
{"timestamp":"2025-12-17T21:55:10.366050Z","level":"warning","event":"The `airflow.decorators.dag` attribute is deprecated. Please use `'airflow.sdk.dag'`.","category":"DeprecatedImportWarning","filename":"/opt/airflow/dags/dag.py","lineno":1,"logger":"py.warnings"}
{"timestamp":"2025-12-17T21:55:10.366127Z","level":"warning","event":"The `airflow.decorators.task` attribute is deprecated. Please use `'airflow.sdk.task'`.","category":"DeprecatedImportWarning","filename":"/opt/airflow/dags/dag.py","lineno":2,"logger":"py.warnings"}
{"timestamp":"2025-12-17T21:55:10.366285Z","level":"warning","event":"The `airflow.operators.empty.EmptyOperator` attribute is deprecated. Please use `'airflow.providers.standard.operators.empty.EmptyOperator'`.","category":"DeprecatedImportWarning","filename":"/opt/airflow/dags/dag.py","lineno":3,"logger":"py.warnings"}
{"timestamp":"2025-12-17T21:55:10.366320Z","level":"warning","event":"The `airflow.operators.python.get_current_context` attribute is deprecated. Please use `'airflow.sdk.get_current_context'`.","category":"DeprecatedImportWarning","filename":"/opt/airflow/dags/dag.py","lineno":5,"logger":"py.warnings"}
{"timestamp":"2025-12-17T21:55:40.804236Z","level":"info","event":"Filling up the DagBag from /opt/airflow/dags/dag.py","logger":"airflow.models.dagbag.DagBag","filename":"dagbag.py","lineno":593}
{"timestamp":"2025-12-17T21:55:40.855533Z","level":"warning","event":"The `airflow.decorators.dag` attribute is deprecated. Please use `'airflow.sdk.dag'`.","category":"DeprecatedImportWarning","filename":"/opt/airflow/dags/dag.py","lineno":1,"logger":"py.warnings"}
{"timestamp":"2025-12-17T21:55:40.855826Z","level":"warning","event":"The `airflow.decorators.task` attribute is deprecated. Please use `'airflow.sdk.task'`.","category":"DeprecatedImportWarning","filename":"/opt/airflow/dags/dag.py","lineno":2,"logger":"py.warnings"}
{"timestamp":"2025-12-17T21:55:40.855895Z","level":"warning","event":"The `airflow.operators.empty.EmptyOperator` attribute is deprecated. Please use `'airflow.providers.standard.operators.empty.EmptyOperator'`.","category":"DeprecatedImportWarning","filename":"/opt/airflow/dags/dag.py","lineno":3,"logger":"py.warnings"}
{"timestamp":"2025-12-17T21:55:40.855937Z","level":"warning","event":"The `airflow.operators.python.get_current_context` attribute is deprecated. Please use `'airflow.sdk.get_current_context'`.","category":"DeprecatedImportWarning","filename":"/opt/airflow/dags/dag.py","lineno":5,"logger":"py.warnings"}
{"timestamp":"2025-12-17T21:56:11.314404Z","level":"info","event":"Filling up the DagBag from /opt/airflow/dags/dag.py","logger":"airflow.models.dagbag.DagBag","filename":"dagbag.py","lineno":593}
{"timestamp":"2025-12-17T21:56:11.359604Z","level":"warning","event":"The `airflow.decorators.dag` attribute is deprecated. Please use `'airflow.sdk.dag'`.","category":"DeprecatedImportWarning","filename":"/opt/airflow/dags/dag.py","lineno":1,"logger":"py.warnings"}
{"timestamp":"2025-12-17T21:56:11.359662Z","level":"warning","event":"The `airflow.decorators.task` attribute is deprecated. Please use `'airflow.sdk.task'`.","category":"DeprecatedImportWarning","filename":"/opt/airflow/dags/dag.py","lineno":2,"logger":"py.warnings"}
{"timestamp":"2025-12-17T21:56:11.359685Z","level":"warning","event":"The `airflow.operators.empty.EmptyOperator` attribute is deprecated. Please use `'airflow.providers.standard.operators.empty.EmptyOperator'`.","category":"DeprecatedImportWarning","filename":"/opt/airflow/dags/dag.py","lineno":3,"logger":"py.warnings"}
{"timestamp":"2025-12-17T21:56:11.359704Z","level":"warning","event":"The `airflow.operators.python.get_current_context` attribute is deprecated. Please use `'airflow.sdk.get_current_context'`.","category":"DeprecatedImportWarning","filename":"/opt/airflow/dags/dag.py","lineno":5,"logger":"py.warnings"}
{"timestamp":"2025-12-17T21:56:41.794765Z","level":"info","event":"Filling up the DagBag from /opt/airflow/dags/dag.py","logger":"airflow.models.dagbag.DagBag","filename":"dagbag.py","lineno":593}
{"timestamp":"2025-12-17T21:56:41.839346Z","level":"warning","event":"The `airflow.decorators.dag` attribute is deprecated. Please use `'airflow.sdk.dag'`.","category":"DeprecatedImportWarning","filename":"/opt/airflow/dags/dag.py","lineno":1,"logger":"py.warnings"}
{"timestamp":"2025-12-17T21:56:41.839404Z","level":"warning","event":"The `airflow.decorators.task` attribute is deprecated. Please use `'airflow.sdk.task'`.","category":"DeprecatedImportWarning","filename":"/opt/airflow/dags/dag.py","lineno":2,"logger":"py.warnings"}
{"timestamp":"2025-12-17T21:56:41.839437Z","level":"warning","event":"The `airflow.operators.empty.EmptyOperator` attribute is deprecated. Please use `'airflow.providers.standard.operators.empty.EmptyOperator'`.","category":"DeprecatedImportWarning","filename":"/opt/airflow/dags/dag.py","lineno":3,"logger":"py.warnings"}
{"timestamp":"2025-12-17T21:56:41.839458Z","level":"warning","event":"The `airflow.operators.python.get_current_context` attribute is deprecated. Please use `'airflow.sdk.get_current_context'`.","category":"DeprecatedImportWarning","filename":"/opt/airflow/dags/dag.py","lineno":5,"logger":"py.warnings"}
{"timestamp":"2025-12-17T21:57:12.263235Z","level":"info","event":"Filling up the DagBag from /opt/airflow/dags/dag.py","logger":"airflow.models.dagbag.DagBag","filename":"dagbag.py","lineno":593}
{"timestamp":"2025-12-17T21:57:12.313402Z","level":"warning","event":"The `airflow.decorators.dag` attribute is deprecated. Please use `'airflow.sdk.dag'`.","category":"DeprecatedImportWarning","filename":"/opt/airflow/dags/dag.py","lineno":1,"logger":"py.warnings"}
{"timestamp":"2025-12-17T21:57:12.313654Z","level":"warning","event":"The `airflow.decorators.task` attribute is deprecated. Please use `'airflow.sdk.task'`.","category":"DeprecatedImportWarning","filename":"/opt/airflow/dags/dag.py","lineno":2,"logger":"py.warnings"}
{"timestamp":"2025-12-17T21:57:12.313696Z","level":"warning","event":"The `airflow.operators.empty.EmptyOperator` attribute is deprecated. Please use `'airflow.providers.standard.operators.empty.EmptyOperator'`.","category":"DeprecatedImportWarning","filename":"/opt/airflow/dags/dag.py","lineno":3,"logger":"py.warnings"}
{"timestamp":"2025-12-17T21:57:12.313716Z","level":"warning","event":"The `airflow.operators.python.get_current_context` attribute is deprecated. Please use `'airflow.sdk.get_current_context'`.","category":"DeprecatedImportWarning","filename":"/opt/airflow/dags/dag.py","lineno":5,"logger":"py.warnings"}
{"timestamp":"2025-12-17T21:57:42.740765Z","level":"info","event":"Filling up the DagBag from /opt/airflow/dags/dag.py","logger":"airflow.models.dagbag.DagBag","filename":"dagbag.py","lineno":593}
{"timestamp":"2025-12-17T21:57:42.787474Z","level":"warning","event":"The `airflow.decorators.dag` attribute is deprecated. Please use `'airflow.sdk.dag'`.","category":"DeprecatedImportWarning","filename":"/opt/airflow/dags/dag.py","lineno":1,"logger":"py.warnings"}
{"timestamp":"2025-12-17T21:57:42.787540Z","level":"warning","event":"The `airflow.decorators.task` attribute is deprecated. Please use `'airflow.sdk.task'`.","category":"DeprecatedImportWarning","filename":"/opt/airflow/dags/dag.py","lineno":2,"logger":"py.warnings"}
{"timestamp":"2025-12-17T21:57:42.787566Z","level":"warning","event":"The `airflow.operators.empty.EmptyOperator` attribute is deprecated. Please use `'airflow.providers.standard.operators.empty.EmptyOperator'`.","category":"DeprecatedImportWarning","filename":"/opt/airflow/dags/dag.py","lineno":3,"logger":"py.warnings"}
{"timestamp":"2025-12-17T21:57:42.787587Z","level":"warning","event":"The `airflow.operators.python.get_current_context` attribute is deprecated. Please use `'airflow.sdk.get_current_context'`.","category":"DeprecatedImportWarning","filename":"/opt/airflow/dags/dag.py","lineno":5,"logger":"py.warnings"}
{"timestamp":"2025-12-17T21:58:13.219549Z","level":"info","event":"Filling up the DagBag from /opt/airflow/dags/dag.py","logger":"airflow.models.dagbag.DagBag","filename":"dagbag.py","lineno":593}
{"timestamp":"2025-12-17T21:58:13.273724Z","level":"warning","event":"The `airflow.decorators.dag` attribute is deprecated. Please use `'airflow.sdk.dag'`.","category":"DeprecatedImportWarning","filename":"/opt/airflow/dags/dag.py","lineno":1,"logger":"py.warnings"}
{"timestamp":"2025-12-17T21:58:13.273784Z","level":"warning","event":"The `airflow.decorators.task` attribute is deprecated. Please use `'airflow.sdk.task'`.","category":"DeprecatedImportWarning","filename":"/opt/airflow/dags/dag.py","lineno":2,"logger":"py.warnings"}
{"timestamp":"2025-12-17T21:58:13.273810Z","level":"warning","event":"The `airflow.operators.empty.EmptyOperator` attribute is deprecated. Please use `'airflow.providers.standard.operators.empty.EmptyOperator'`.","category":"DeprecatedImportWarning","filename":"/opt/airflow/dags/dag.py","lineno":3,"logger":"py.warnings"}
{"timestamp":"2025-12-17T21:58:13.273831Z","level":"warning","event":"The `airflow.operators.python.get_current_context` attribute is deprecated. Please use `'airflow.sdk.get_current_context'`.","category":"DeprecatedImportWarning","filename":"/opt/airflow/dags/dag.py","lineno":5,"logger":"py.warnings"}
{"timestamp":"2025-12-17T21:58:43.641718Z","level":"info","event":"Filling up the DagBag from /opt/airflow/dags/dag.py","logger":"airflow.models.dagbag.DagBag","filename":"dagbag.py","lineno":593}
{"timestamp":"2025-12-17T21:58:43.687606Z","level":"warning","event":"The `airflow.decorators.dag` attribute is deprecated. Please use `'airflow.sdk.dag'`.","category":"DeprecatedImportWarning","filename":"/opt/airflow/dags/dag.py","lineno":1,"logger":"py.warnings"}
{"timestamp":"2025-12-17T21:58:43.687678Z","level":"warning","event":"The `airflow.decorators.task` attribute is deprecated. Please use `'airflow.sdk.task'`.","category":"DeprecatedImportWarning","filename":"/opt/airflow/dags/dag.py","lineno":2,"logger":"py.warnings"}
{"timestamp":"2025-12-17T21:58:43.687706Z","level":"warning","event":"The `airflow.operators.empty.EmptyOperator` attribute is deprecated. Please use `'airflow.providers.standard.operators.empty.EmptyOperator'`.","category":"DeprecatedImportWarning","filename":"/opt/airflow/dags/dag.py","lineno":3,"logger":"py.warnings"}
{"timestamp":"2025-12-17T21:58:43.687728Z","level":"warning","event":"The `airflow.operators.python.get_current_context` attribute is deprecated. Please use `'airflow.sdk.get_current_context'`.","category":"DeprecatedImportWarning","filename":"/opt/airflow/dags/dag.py","lineno":5,"logger":"py.warnings"}
{"timestamp":"2025-12-17T21:59:14.115107Z","level":"info","event":"Filling up the DagBag from /opt/airflow/dags/dag.py","logger":"airflow.models.dagbag.DagBag","filename":"dagbag.py","lineno":593}
{"timestamp":"2025-12-17T21:59:14.168653Z","level":"warning","event":"The `airflow.decorators.dag` attribute is deprecated. Please use `'airflow.sdk.dag'`.","category":"DeprecatedImportWarning","filename":"/opt/airflow/dags/dag.py","lineno":1,"logger":"py.warnings"}
{"timestamp":"2025-12-17T21:59:14.168739Z","level":"warning","event":"The `airflow.decorators.task` attribute is deprecated. Please use `'airflow.sdk.task'`.","category":"DeprecatedImportWarning","filename":"/opt/airflow/dags/dag.py","lineno":2,"logger":"py.warnings"}
{"timestamp":"2025-12-17T21:59:14.168767Z","level":"warning","event":"The `airflow.operators.empty.EmptyOperator` attribute is deprecated. Please use `'airflow.providers.standard.operators.empty.EmptyOperator'`.","category":"DeprecatedImportWarning","filename":"/opt/airflow/dags/dag.py","lineno":3,"logger":"py.warnings"}
{"timestamp":"2025-12-17T21:59:14.168788Z","level":"warning","event":"The `airflow.operators.python.get_current_context` attribute is deprecated. Please use `'airflow.sdk.get_current_context'`.","category":"DeprecatedImportWarning","filename":"/opt/airflow/dags/dag.py","lineno":5,"logger":"py.warnings"}
{"timestamp":"2025-12-17T21:59:44.627721Z","level":"info","event":"Filling up the DagBag from /opt/airflow/dags/dag.py","logger":"airflow.models.dagbag.DagBag","filename":"dagbag.py","lineno":593}
{"timestamp":"2025-12-17T21:59:44.668017Z","level":"warning","event":"The `airflow.decorators.dag` attribute is deprecated. Please use `'airflow.sdk.dag'`.","category":"DeprecatedImportWarning","filename":"/opt/airflow/dags/dag.py","lineno":1,"logger":"py.warnings"}
{"timestamp":"2025-12-17T21:59:44.668096Z","level":"warning","event":"The `airflow.decorators.task` attribute is deprecated. Please use `'airflow.sdk.task'`.","category":"DeprecatedImportWarning","filename":"/opt/airflow/dags/dag.py","lineno":2,"logger":"py.warnings"}
{"timestamp":"2025-12-17T21:59:44.668123Z","level":"warning","event":"The `airflow.operators.empty.EmptyOperator` attribute is deprecated. Please use `'airflow.providers.standard.operators.empty.EmptyOperator'`.","category":"DeprecatedImportWarning","filename":"/opt/airflow/dags/dag.py","lineno":3,"logger":"py.warnings"}
{"timestamp":"2025-12-17T21:59:44.668145Z","level":"warning","event":"The `airflow.operators.python.get_current_context` attribute is deprecated. Please use `'airflow.sdk.get_current_context'`.","category":"DeprecatedImportWarning","filename":"/opt/airflow/dags/dag.py","lineno":5,"logger":"py.warnings"}
{"timestamp":"2025-12-17T22:00:15.093910Z","level":"info","event":"Filling up the DagBag from /opt/airflow/dags/dag.py","logger":"airflow.models.dagbag.DagBag","filename":"dagbag.py","lineno":593}
{"timestamp":"2025-12-17T22:00:15.147217Z","level":"warning","event":"The `airflow.decorators.dag` attribute is deprecated. Please use `'airflow.sdk.dag'`.","category":"DeprecatedImportWarning","filename":"/opt/airflow/dags/dag.py","lineno":1,"logger":"py.warnings"}
{"timestamp":"2025-12-17T22:00:15.147309Z","level":"warning","event":"The `airflow.decorators.task` attribute is deprecated. Please use `'airflow.sdk.task'`.","category":"DeprecatedImportWarning","filename":"/opt/airflow/dags/dag.py","lineno":2,"logger":"py.warnings"}
{"timestamp":"2025-12-17T22:00:15.147339Z","level":"warning","event":"The `airflow.operators.empty.EmptyOperator` attribute is deprecated. Please use `'airflow.providers.standard.operators.empty.EmptyOperator'`.","category":"DeprecatedImportWarning","filename":"/opt/airflow/dags/dag.py","lineno":3,"logger":"py.warnings"}
{"timestamp":"2025-12-17T22:00:15.147360Z","level":"warning","event":"The `airflow.operators.python.get_current_context` attribute is deprecated. Please use `'airflow.sdk.get_current_context'`.","category":"DeprecatedImportWarning","filename":"/opt/airflow/dags/dag.py","lineno":5,"logger":"py.warnings"}
{"timestamp":"2025-12-17T22:00:45.638735Z","level":"info","event":"Filling up the DagBag from /opt/airflow/dags/dag.py","logger":"airflow.models.dagbag.DagBag","filename":"dagbag.py","lineno":593}
{"timestamp":"2025-12-17T22:00:45.700784Z","level":"warning","event":"The `airflow.decorators.dag` attribute is deprecated. Please use `'airflow.sdk.dag'`.","category":"DeprecatedImportWarning","filename":"/opt/airflow/dags/dag.py","lineno":1,"logger":"py.warnings"}
{"timestamp":"2025-12-17T22:00:45.700882Z","level":"warning","event":"The `airflow.decorators.task` attribute is deprecated. Please use `'airflow.sdk.task'`.","category":"DeprecatedImportWarning","filename":"/opt/airflow/dags/dag.py","lineno":2,"logger":"py.warnings"}
{"timestamp":"2025-12-17T22:00:45.700917Z","level":"warning","event":"The `airflow.operators.empty.EmptyOperator` attribute is deprecated. Please use `'airflow.providers.standard.operators.empty.EmptyOperator'`.","category":"DeprecatedImportWarning","filename":"/opt/airflow/dags/dag.py","lineno":3,"logger":"py.warnings"}
{"timestamp":"2025-12-17T22:00:45.700948Z","level":"warning","event":"The `airflow.operators.python.get_current_context` attribute is deprecated. Please use `'airflow.sdk.get_current_context'`.","category":"DeprecatedImportWarning","filename":"/opt/airflow/dags/dag.py","lineno":5,"logger":"py.warnings"}
{"timestamp":"2025-12-17T22:01:16.118999Z","level":"info","event":"Filling up the DagBag from /opt/airflow/dags/dag.py","logger":"airflow.models.dagbag.DagBag","filename":"dagbag.py","lineno":593}
{"timestamp":"2025-12-17T22:01:16.189945Z","level":"warning","event":"The `airflow.decorators.dag` attribute is deprecated. Please use `'airflow.sdk.dag'`.","category":"DeprecatedImportWarning","filename":"/opt/airflow/dags/dag.py","lineno":1,"logger":"py.warnings"}
{"timestamp":"2025-12-17T22:01:16.190031Z","level":"warning","event":"The `airflow.decorators.task` attribute is deprecated. Please use `'airflow.sdk.task'`.","category":"DeprecatedImportWarning","filename":"/opt/airflow/dags/dag.py","lineno":2,"logger":"py.warnings"}
{"timestamp":"2025-12-17T22:01:16.190062Z","level":"warning","event":"The `airflow.operators.empty.EmptyOperator` attribute is deprecated. Please use `'airflow.providers.standard.operators.empty.EmptyOperator'`.","category":"DeprecatedImportWarning","filename":"/opt/airflow/dags/dag.py","lineno":3,"logger":"py.warnings"}
{"timestamp":"2025-12-17T22:01:16.190098Z","level":"warning","event":"The `airflow.operators.python.get_current_context` attribute is deprecated. Please use `'airflow.sdk.get_current_context'`.","category":"DeprecatedImportWarning","filename":"/opt/airflow/dags/dag.py","lineno":5,"logger":"py.warnings"}
{"timestamp":"2025-12-17T22:01:46.668742Z","level":"info","event":"Filling up the DagBag from /opt/airflow/dags/dag.py","logger":"airflow.models.dagbag.DagBag","filename":"dagbag.py","lineno":593}
{"timestamp":"2025-12-17T22:01:46.715822Z","level":"warning","event":"The `airflow.decorators.dag` attribute is deprecated. Please use `'airflow.sdk.dag'`.","category":"DeprecatedImportWarning","filename":"/opt/airflow/dags/dag.py","lineno":1,"logger":"py.warnings"}
{"timestamp":"2025-12-17T22:01:46.715883Z","level":"warning","event":"The `airflow.decorators.task` attribute is deprecated. Please use `'airflow.sdk.task'`.","category":"DeprecatedImportWarning","filename":"/opt/airflow/dags/dag.py","lineno":2,"logger":"py.warnings"}
{"timestamp":"2025-12-17T22:01:46.715905Z","level":"warning","event":"The `airflow.operators.empty.EmptyOperator` attribute is deprecated. Please use `'airflow.providers.standard.operators.empty.EmptyOperator'`.","category":"DeprecatedImportWarning","filename":"/opt/airflow/dags/dag.py","lineno":3,"logger":"py.warnings"}
{"timestamp":"2025-12-17T22:01:46.715924Z","level":"warning","event":"The `airflow.operators.python.get_current_context` attribute is deprecated. Please use `'airflow.sdk.get_current_context'`.","category":"DeprecatedImportWarning","filename":"/opt/airflow/dags/dag.py","lineno":5,"logger":"py.warnings"}
{"timestamp":"2025-12-17T22:02:17.150486Z","level":"info","event":"Filling up the DagBag from /opt/airflow/dags/dag.py","logger":"airflow.models.dagbag.DagBag","filename":"dagbag.py","lineno":593}
{"timestamp":"2025-12-17T22:02:17.193747Z","level":"warning","event":"The `airflow.decorators.dag` attribute is deprecated. Please use `'airflow.sdk.dag'`.","category":"DeprecatedImportWarning","filename":"/opt/airflow/dags/dag.py","lineno":1,"logger":"py.warnings"}
{"timestamp":"2025-12-17T22:02:17.194082Z","level":"warning","event":"The `airflow.decorators.task` attribute is deprecated. Please use `'airflow.sdk.task'`.","category":"DeprecatedImportWarning","filename":"/opt/airflow/dags/dag.py","lineno":2,"logger":"py.warnings"}
{"timestamp":"2025-12-17T22:02:17.194111Z","level":"warning","event":"The `airflow.operators.empty.EmptyOperator` attribute is deprecated. Please use `'airflow.providers.standard.operators.empty.EmptyOperator'`.","category":"DeprecatedImportWarning","filename":"/opt/airflow/dags/dag.py","lineno":3,"logger":"py.warnings"}
{"timestamp":"2025-12-17T22:02:17.194132Z","level":"warning","event":"The `airflow.operators.python.get_current_context` attribute is deprecated. Please use `'airflow.sdk.get_current_context'`.","category":"DeprecatedImportWarning","filename":"/opt/airflow/dags/dag.py","lineno":5,"logger":"py.warnings"}
{"timestamp":"2025-12-17T22:02:47.682770Z","level":"info","event":"Filling up the DagBag from /opt/airflow/dags/dag.py","logger":"airflow.models.dagbag.DagBag","filename":"dagbag.py","lineno":593}
{"timestamp":"2025-12-17T22:02:47.740454Z","level":"warning","event":"The `airflow.decorators.dag` attribute is deprecated. Please use `'airflow.sdk.dag'`.","category":"DeprecatedImportWarning","filename":"/opt/airflow/dags/dag.py","lineno":1,"logger":"py.warnings"}
{"timestamp":"2025-12-17T22:02:47.740552Z","level":"warning","event":"The `airflow.decorators.task` attribute is deprecated. Please use `'airflow.sdk.task'`.","category":"DeprecatedImportWarning","filename":"/opt/airflow/dags/dag.py","lineno":2,"logger":"py.warnings"}
{"timestamp":"2025-12-17T22:02:47.740588Z","level":"warning","event":"The `airflow.operators.empty.EmptyOperator` attribute is deprecated. Please use `'airflow.providers.standard.operators.empty.EmptyOperator'`.","category":"DeprecatedImportWarning","filename":"/opt/airflow/dags/dag.py","lineno":3,"logger":"py.warnings"}
{"timestamp":"2025-12-17T22:02:47.740622Z","level":"warning","event":"The `airflow.operators.python.get_current_context` attribute is deprecated. Please use `'airflow.sdk.get_current_context'`.","category":"DeprecatedImportWarning","filename":"/opt/airflow/dags/dag.py","lineno":5,"logger":"py.warnings"}
{"timestamp":"2025-12-17T22:03:18.198518Z","level":"info","event":"Filling up the DagBag from /opt/airflow/dags/dag.py","logger":"airflow.models.dagbag.DagBag","filename":"dagbag.py","lineno":593}
{"timestamp":"2025-12-17T22:03:18.229787Z","level":"warning","event":"The `airflow.decorators.dag` attribute is deprecated. Please use `'airflow.sdk.dag'`.","category":"DeprecatedImportWarning","filename":"/opt/airflow/dags/dag.py","lineno":1,"logger":"py.warnings"}
{"timestamp":"2025-12-17T22:03:18.229858Z","level":"warning","event":"The `airflow.decorators.task` attribute is deprecated. Please use `'airflow.sdk.task'`.","category":"DeprecatedImportWarning","filename":"/opt/airflow/dags/dag.py","lineno":2,"logger":"py.warnings"}
{"timestamp":"2025-12-17T22:03:18.229887Z","level":"warning","event":"The `airflow.operators.empty.EmptyOperator` attribute is deprecated. Please use `'airflow.providers.standard.operators.empty.EmptyOperator'`.","category":"DeprecatedImportWarning","filename":"/opt/airflow/dags/dag.py","lineno":3,"logger":"py.warnings"}
{"timestamp":"2025-12-17T22:03:18.229910Z","level":"warning","event":"The `airflow.operators.python.get_current_context` attribute is deprecated. Please use `'airflow.sdk.get_current_context'`.","category":"DeprecatedImportWarning","filename":"/opt/airflow/dags/dag.py","lineno":5,"logger":"py.warnings"}
{"timestamp":"2025-12-17T22:03:48.695995Z","level":"info","event":"Filling up the DagBag from /opt/airflow/dags/dag.py","logger":"airflow.models.dagbag.DagBag","filename":"dagbag.py","lineno":593}
{"timestamp":"2025-12-17T22:03:48.735815Z","level":"warning","event":"The `airflow.decorators.dag` attribute is deprecated. Please use `'airflow.sdk.dag'`.","category":"DeprecatedImportWarning","filename":"/opt/airflow/dags/dag.py","lineno":1,"logger":"py.warnings"}
{"timestamp":"2025-12-17T22:03:48.735885Z","level":"warning","event":"The `airflow.decorators.task` attribute is deprecated. Please use `'airflow.sdk.task'`.","category":"DeprecatedImportWarning","filename":"/opt/airflow/dags/dag.py","lineno":2,"logger":"py.warnings"}
{"timestamp":"2025-12-17T22:03:48.735913Z","level":"warning","event":"The `airflow.operators.empty.EmptyOperator` attribute is deprecated. Please use `'airflow.providers.standard.operators.empty.EmptyOperator'`.","category":"DeprecatedImportWarning","filename":"/opt/airflow/dags/dag.py","lineno":3,"logger":"py.warnings"}
{"timestamp":"2025-12-17T22:03:48.735935Z","level":"warning","event":"The `airflow.operators.python.get_current_context` attribute is deprecated. Please use `'airflow.sdk.get_current_context'`.","category":"DeprecatedImportWarning","filename":"/opt/airflow/dags/dag.py","lineno":5,"logger":"py.warnings"}
{"timestamp":"2025-12-17T22:04:19.203162Z","level":"info","event":"Filling up the DagBag from /opt/airflow/dags/dag.py","logger":"airflow.models.dagbag.DagBag","filename":"dagbag.py","lineno":593}
{"timestamp":"2025-12-17T22:04:19.242119Z","level":"warning","event":"The `airflow.decorators.dag` attribute is deprecated. Please use `'airflow.sdk.dag'`.","category":"DeprecatedImportWarning","filename":"/opt/airflow/dags/dag.py","lineno":1,"logger":"py.warnings"}
{"timestamp":"2025-12-17T22:04:19.242178Z","level":"warning","event":"The `airflow.decorators.task` attribute is deprecated. Please use `'airflow.sdk.task'`.","category":"DeprecatedImportWarning","filename":"/opt/airflow/dags/dag.py","lineno":2,"logger":"py.warnings"}
{"timestamp":"2025-12-17T22:04:19.242202Z","level":"warning","event":"The `airflow.operators.empty.EmptyOperator` attribute is deprecated. Please use `'airflow.providers.standard.operators.empty.EmptyOperator'`.","category":"DeprecatedImportWarning","filename":"/opt/airflow/dags/dag.py","lineno":3,"logger":"py.warnings"}
{"timestamp":"2025-12-17T22:04:19.242223Z","level":"warning","event":"The `airflow.operators.python.get_current_context` attribute is deprecated. Please use `'airflow.sdk.get_current_context'`.","category":"DeprecatedImportWarning","filename":"/opt/airflow/dags/dag.py","lineno":5,"logger":"py.warnings"}
{"timestamp":"2025-12-17T22:04:49.676487Z","level":"info","event":"Filling up the DagBag from /opt/airflow/dags/dag.py","logger":"airflow.models.dagbag.DagBag","filename":"dagbag.py","lineno":593}
{"timestamp":"2025-12-17T22:04:49.733002Z","level":"warning","event":"The `airflow.decorators.dag` attribute is deprecated. Please use `'airflow.sdk.dag'`.","category":"DeprecatedImportWarning","filename":"/opt/airflow/dags/dag.py","lineno":1,"logger":"py.warnings"}
{"timestamp":"2025-12-17T22:04:49.733097Z","level":"warning","event":"The `airflow.decorators.task` attribute is deprecated. Please use `'airflow.sdk.task'`.","category":"DeprecatedImportWarning","filename":"/opt/airflow/dags/dag.py","lineno":2,"logger":"py.warnings"}
{"timestamp":"2025-12-17T22:04:49.733124Z","level":"warning","event":"The `airflow.operators.empty.EmptyOperator` attribute is deprecated. Please use `'airflow.providers.standard.operators.empty.EmptyOperator'`.","category":"DeprecatedImportWarning","filename":"/opt/airflow/dags/dag.py","lineno":3,"logger":"py.warnings"}
{"timestamp":"2025-12-17T22:04:49.733144Z","level":"warning","event":"The `airflow.operators.python.get_current_context` attribute is deprecated. Please use `'airflow.sdk.get_current_context'`.","category":"DeprecatedImportWarning","filename":"/opt/airflow/dags/dag.py","lineno":5,"logger":"py.warnings"}
{"timestamp":"2025-12-17T22:05:20.215501Z","level":"info","event":"Filling up the DagBag from /opt/airflow/dags/dag.py","logger":"airflow.models.dagbag.DagBag","filename":"dagbag.py","lineno":593}
{"timestamp":"2025-12-17T22:05:20.263972Z","level":"warning","event":"The `airflow.decorators.dag` attribute is deprecated. Please use `'airflow.sdk.dag'`.","category":"DeprecatedImportWarning","filename":"/opt/airflow/dags/dag.py","lineno":1,"logger":"py.warnings"}
{"timestamp":"2025-12-17T22:05:20.264192Z","level":"warning","event":"The `airflow.decorators.task` attribute is deprecated. Please use `'airflow.sdk.task'`.","category":"DeprecatedImportWarning","filename":"/opt/airflow/dags/dag.py","lineno":2,"logger":"py.warnings"}
{"timestamp":"2025-12-17T22:05:20.264232Z","level":"warning","event":"The `airflow.operators.empty.EmptyOperator` attribute is deprecated. Please use `'airflow.providers.standard.operators.empty.EmptyOperator'`.","category":"DeprecatedImportWarning","filename":"/opt/airflow/dags/dag.py","lineno":3,"logger":"py.warnings"}
{"timestamp":"2025-12-17T22:05:20.264253Z","level":"warning","event":"The `airflow.operators.python.get_current_context` attribute is deprecated. Please use `'airflow.sdk.get_current_context'`.","category":"DeprecatedImportWarning","filename":"/opt/airflow/dags/dag.py","lineno":5,"logger":"py.warnings"}
{"timestamp":"2025-12-17T22:05:50.763302Z","level":"info","event":"Filling up the DagBag from /opt/airflow/dags/dag.py","logger":"airflow.models.dagbag.DagBag","filename":"dagbag.py","lineno":593}
{"timestamp":"2025-12-17T22:05:50.876820Z","level":"warning","event":"The `airflow.decorators.dag` attribute is deprecated. Please use `'airflow.sdk.dag'`.","category":"DeprecatedImportWarning","filename":"/opt/airflow/dags/dag.py","lineno":1,"logger":"py.warnings"}
{"timestamp":"2025-12-17T22:05:50.876977Z","level":"warning","event":"The `airflow.decorators.task` attribute is deprecated. Please use `'airflow.sdk.task'`.","category":"DeprecatedImportWarning","filename":"/opt/airflow/dags/dag.py","lineno":2,"logger":"py.warnings"}
{"timestamp":"2025-12-17T22:05:50.877024Z","level":"warning","event":"The `airflow.operators.empty.EmptyOperator` attribute is deprecated. Please use `'airflow.providers.standard.operators.empty.EmptyOperator'`.","category":"DeprecatedImportWarning","filename":"/opt/airflow/dags/dag.py","lineno":3,"logger":"py.warnings"}
{"timestamp":"2025-12-17T22:05:50.877055Z","level":"warning","event":"The `airflow.operators.python.get_current_context` attribute is deprecated. Please use `'airflow.sdk.get_current_context'`.","category":"DeprecatedImportWarning","filename":"/opt/airflow/dags/dag.py","lineno":5,"logger":"py.warnings"}
{"timestamp":"2025-12-17T22:06:21.257243Z","level":"info","event":"Filling up the DagBag from /opt/airflow/dags/dag.py","logger":"airflow.models.dagbag.DagBag","filename":"dagbag.py","lineno":593}
{"timestamp":"2025-12-17T22:06:21.303720Z","level":"warning","event":"The `airflow.decorators.dag` attribute is deprecated. Please use `'airflow.sdk.dag'`.","category":"DeprecatedImportWarning","filename":"/opt/airflow/dags/dag.py","lineno":1,"logger":"py.warnings"}
{"timestamp":"2025-12-17T22:06:21.303801Z","level":"warning","event":"The `airflow.decorators.task` attribute is deprecated. Please use `'airflow.sdk.task'`.","category":"DeprecatedImportWarning","filename":"/opt/airflow/dags/dag.py","lineno":2,"logger":"py.warnings"}
{"timestamp":"2025-12-17T22:06:21.303831Z","level":"warning","event":"The `airflow.operators.empty.EmptyOperator` attribute is deprecated. Please use `'airflow.providers.standard.operators.empty.EmptyOperator'`.","category":"DeprecatedImportWarning","filename":"/opt/airflow/dags/dag.py","lineno":3,"logger":"py.warnings"}
{"timestamp":"2025-12-17T22:06:21.303865Z","level":"warning","event":"The `airflow.operators.python.get_current_context` attribute is deprecated. Please use `'airflow.sdk.get_current_context'`.","category":"DeprecatedImportWarning","filename":"/opt/airflow/dags/dag.py","lineno":5,"logger":"py.warnings"}
{"timestamp":"2025-12-17T22:06:51.840537Z","level":"info","event":"Filling up the DagBag from /opt/airflow/dags/dag.py","logger":"airflow.models.dagbag.DagBag","filename":"dagbag.py","lineno":593}
{"timestamp":"2025-12-17T22:06:51.886164Z","level":"warning","event":"The `airflow.decorators.dag` attribute is deprecated. Please use `'airflow.sdk.dag'`.","category":"DeprecatedImportWarning","filename":"/opt/airflow/dags/dag.py","lineno":1,"logger":"py.warnings"}
{"timestamp":"2025-12-17T22:06:51.886228Z","level":"warning","event":"The `airflow.decorators.task` attribute is deprecated. Please use `'airflow.sdk.task'`.","category":"DeprecatedImportWarning","filename":"/opt/airflow/dags/dag.py","lineno":2,"logger":"py.warnings"}
{"timestamp":"2025-12-17T22:06:51.886260Z","level":"warning","event":"The `airflow.operators.empty.EmptyOperator` attribute is deprecated. Please use `'airflow.providers.standard.operators.empty.EmptyOperator'`.","category":"DeprecatedImportWarning","filename":"/opt/airflow/dags/dag.py","lineno":3,"logger":"py.warnings"}
{"timestamp":"2025-12-17T22:06:51.886281Z","level":"warning","event":"The `airflow.operators.python.get_current_context` attribute is deprecated. Please use `'airflow.sdk.get_current_context'`.","category":"DeprecatedImportWarning","filename":"/opt/airflow/dags/dag.py","lineno":5,"logger":"py.warnings"}
{"timestamp":"2025-12-17T22:07:22.321318Z","level":"info","event":"Filling up the DagBag from /opt/airflow/dags/dag.py","logger":"airflow.models.dagbag.DagBag","filename":"dagbag.py","lineno":593}
{"timestamp":"2025-12-17T22:07:22.363526Z","level":"warning","event":"The `airflow.decorators.dag` attribute is deprecated. Please use `'airflow.sdk.dag'`.","category":"DeprecatedImportWarning","filename":"/opt/airflow/dags/dag.py","lineno":1,"logger":"py.warnings"}
{"timestamp":"2025-12-17T22:07:22.363588Z","level":"warning","event":"The `airflow.decorators.task` attribute is deprecated. Please use `'airflow.sdk.task'`.","category":"DeprecatedImportWarning","filename":"/opt/airflow/dags/dag.py","lineno":2,"logger":"py.warnings"}
{"timestamp":"2025-12-17T22:07:22.363613Z","level":"warning","event":"The `airflow.operators.empty.EmptyOperator` attribute is deprecated. Please use `'airflow.providers.standard.operators.empty.EmptyOperator'`.","category":"DeprecatedImportWarning","filename":"/opt/airflow/dags/dag.py","lineno":3,"logger":"py.warnings"}
{"timestamp":"2025-12-17T22:07:22.363634Z","level":"warning","event":"The `airflow.operators.python.get_current_context` attribute is deprecated. Please use `'airflow.sdk.get_current_context'`.","category":"DeprecatedImportWarning","filename":"/opt/airflow/dags/dag.py","lineno":5,"logger":"py.warnings"}
{"timestamp":"2025-12-17T22:07:52.804304Z","level":"info","event":"Filling up the DagBag from /opt/airflow/dags/dag.py","logger":"airflow.models.dagbag.DagBag","filename":"dagbag.py","lineno":593}
{"timestamp":"2025-12-17T22:07:52.849876Z","level":"warning","event":"The `airflow.decorators.dag` attribute is deprecated. Please use `'airflow.sdk.dag'`.","category":"DeprecatedImportWarning","filename":"/opt/airflow/dags/dag.py","lineno":1,"logger":"py.warnings"}
{"timestamp":"2025-12-17T22:07:52.849962Z","level":"warning","event":"The `airflow.decorators.task` attribute is deprecated. Please use `'airflow.sdk.task'`.","category":"DeprecatedImportWarning","filename":"/opt/airflow/dags/dag.py","lineno":2,"logger":"py.warnings"}
{"timestamp":"2025-12-17T22:07:52.849988Z","level":"warning","event":"The `airflow.operators.empty.EmptyOperator` attribute is deprecated. Please use `'airflow.providers.standard.operators.empty.EmptyOperator'`.","category":"DeprecatedImportWarning","filename":"/opt/airflow/dags/dag.py","lineno":3,"logger":"py.warnings"}
{"timestamp":"2025-12-17T22:07:52.850010Z","level":"warning","event":"The `airflow.operators.python.get_current_context` attribute is deprecated. Please use `'airflow.sdk.get_current_context'`.","category":"DeprecatedImportWarning","filename":"/opt/airflow/dags/dag.py","lineno":5,"logger":"py.warnings"}
{"timestamp":"2025-12-17T22:08:23.268862Z","level":"info","event":"Filling up the DagBag from /opt/airflow/dags/dag.py","logger":"airflow.models.dagbag.DagBag","filename":"dagbag.py","lineno":593}
{"timestamp":"2025-12-17T22:08:23.324669Z","level":"warning","event":"The `airflow.decorators.dag` attribute is deprecated. Please use `'airflow.sdk.dag'`.","category":"DeprecatedImportWarning","filename":"/opt/airflow/dags/dag.py","lineno":1,"logger":"py.warnings"}
{"timestamp":"2025-12-17T22:08:23.324742Z","level":"warning","event":"The `airflow.decorators.task` attribute is deprecated. Please use `'airflow.sdk.task'`.","category":"DeprecatedImportWarning","filename":"/opt/airflow/dags/dag.py","lineno":2,"logger":"py.warnings"}
{"timestamp":"2025-12-17T22:08:23.324767Z","level":"warning","event":"The `airflow.operators.empty.EmptyOperator` attribute is deprecated. Please use `'airflow.providers.standard.operators.empty.EmptyOperator'`.","category":"DeprecatedImportWarning","filename":"/opt/airflow/dags/dag.py","lineno":3,"logger":"py.warnings"}
{"timestamp":"2025-12-17T22:08:23.324788Z","level":"warning","event":"The `airflow.operators.python.get_current_context` attribute is deprecated. Please use `'airflow.sdk.get_current_context'`.","category":"DeprecatedImportWarning","filename":"/opt/airflow/dags/dag.py","lineno":5,"logger":"py.warnings"}
{"timestamp":"2025-12-17T22:08:53.782638Z","level":"info","event":"Filling up the DagBag from /opt/airflow/dags/dag.py","logger":"airflow.models.dagbag.DagBag","filename":"dagbag.py","lineno":593}
{"timestamp":"2025-12-17T22:08:53.856100Z","level":"warning","event":"The `airflow.decorators.dag` attribute is deprecated. Please use `'airflow.sdk.dag'`.","category":"DeprecatedImportWarning","filename":"/opt/airflow/dags/dag.py","lineno":1,"logger":"py.warnings"}
{"timestamp":"2025-12-17T22:08:53.856184Z","level":"warning","event":"The `airflow.decorators.task` attribute is deprecated. Please use `'airflow.sdk.task'`.","category":"DeprecatedImportWarning","filename":"/opt/airflow/dags/dag.py","lineno":2,"logger":"py.warnings"}
{"timestamp":"2025-12-17T22:08:53.856207Z","level":"warning","event":"The `airflow.operators.empty.EmptyOperator` attribute is deprecated. Please use `'airflow.providers.standard.operators.empty.EmptyOperator'`.","category":"DeprecatedImportWarning","filename":"/opt/airflow/dags/dag.py","lineno":3,"logger":"py.warnings"}
{"timestamp":"2025-12-17T22:08:53.856226Z","level":"warning","event":"The `airflow.operators.python.get_current_context` attribute is deprecated. Please use `'airflow.sdk.get_current_context'`.","category":"DeprecatedImportWarning","filename":"/opt/airflow/dags/dag.py","lineno":5,"logger":"py.warnings"}
{"timestamp":"2025-12-17T22:09:24.297939Z","level":"info","event":"Filling up the DagBag from /opt/airflow/dags/dag.py","logger":"airflow.models.dagbag.DagBag","filename":"dagbag.py","lineno":593}
{"timestamp":"2025-12-17T22:09:24.343953Z","level":"warning","event":"The `airflow.decorators.dag` attribute is deprecated. Please use `'airflow.sdk.dag'`.","category":"DeprecatedImportWarning","filename":"/opt/airflow/dags/dag.py","lineno":1,"logger":"py.warnings"}
{"timestamp":"2025-12-17T22:09:24.344041Z","level":"warning","event":"The `airflow.decorators.task` attribute is deprecated. Please use `'airflow.sdk.task'`.","category":"DeprecatedImportWarning","filename":"/opt/airflow/dags/dag.py","lineno":2,"logger":"py.warnings"}
{"timestamp":"2025-12-17T22:09:24.344068Z","level":"warning","event":"The `airflow.operators.empty.EmptyOperator` attribute is deprecated. Please use `'airflow.providers.standard.operators.empty.EmptyOperator'`.","category":"DeprecatedImportWarning","filename":"/opt/airflow/dags/dag.py","lineno":3,"logger":"py.warnings"}
{"timestamp":"2025-12-17T22:09:24.344091Z","level":"warning","event":"The `airflow.operators.python.get_current_context` attribute is deprecated. Please use `'airflow.sdk.get_current_context'`.","category":"DeprecatedImportWarning","filename":"/opt/airflow/dags/dag.py","lineno":5,"logger":"py.warnings"}
{"timestamp":"2025-12-17T22:09:54.790912Z","level":"info","event":"Filling up the DagBag from /opt/airflow/dags/dag.py","logger":"airflow.models.dagbag.DagBag","filename":"dagbag.py","lineno":593}
{"timestamp":"2025-12-17T22:09:54.841818Z","level":"warning","event":"The `airflow.decorators.dag` attribute is deprecated. Please use `'airflow.sdk.dag'`.","category":"DeprecatedImportWarning","filename":"/opt/airflow/dags/dag.py","lineno":1,"logger":"py.warnings"}
{"timestamp":"2025-12-17T22:09:54.842038Z","level":"warning","event":"The `airflow.decorators.task` attribute is deprecated. Please use `'airflow.sdk.task'`.","category":"DeprecatedImportWarning","filename":"/opt/airflow/dags/dag.py","lineno":2,"logger":"py.warnings"}
{"timestamp":"2025-12-17T22:09:54.842077Z","level":"warning","event":"The `airflow.operators.empty.EmptyOperator` attribute is deprecated. Please use `'airflow.providers.standard.operators.empty.EmptyOperator'`.","category":"DeprecatedImportWarning","filename":"/opt/airflow/dags/dag.py","lineno":3,"logger":"py.warnings"}
{"timestamp":"2025-12-17T22:09:54.842100Z","level":"warning","event":"The `airflow.operators.python.get_current_context` attribute is deprecated. Please use `'airflow.sdk.get_current_context'`.","category":"DeprecatedImportWarning","filename":"/opt/airflow/dags/dag.py","lineno":5,"logger":"py.warnings"}
{"timestamp":"2025-12-17T22:10:25.287291Z","level":"info","event":"Filling up the DagBag from /opt/airflow/dags/dag.py","logger":"airflow.models.dagbag.DagBag","filename":"dagbag.py","lineno":593}
{"timestamp":"2025-12-17T22:10:25.336784Z","level":"warning","event":"The `airflow.decorators.dag` attribute is deprecated. Please use `'airflow.sdk.dag'`.","category":"DeprecatedImportWarning","filename":"/opt/airflow/dags/dag.py","lineno":1,"logger":"py.warnings"}
{"timestamp":"2025-12-17T22:10:25.336859Z","level":"warning","event":"The `airflow.decorators.task` attribute is deprecated. Please use `'airflow.sdk.task'`.","category":"DeprecatedImportWarning","filename":"/opt/airflow/dags/dag.py","lineno":2,"logger":"py.warnings"}
{"timestamp":"2025-12-17T22:10:25.336882Z","level":"warning","event":"The `airflow.operators.empty.EmptyOperator` attribute is deprecated. Please use `'airflow.providers.standard.operators.empty.EmptyOperator'`.","category":"DeprecatedImportWarning","filename":"/opt/airflow/dags/dag.py","lineno":3,"logger":"py.warnings"}
{"timestamp":"2025-12-17T22:10:25.336908Z","level":"warning","event":"The `airflow.operators.python.get_current_context` attribute is deprecated. Please use `'airflow.sdk.get_current_context'`.","category":"DeprecatedImportWarning","filename":"/opt/airflow/dags/dag.py","lineno":5,"logger":"py.warnings"}
{"timestamp":"2025-12-17T22:10:55.768371Z","level":"info","event":"Filling up the DagBag from /opt/airflow/dags/dag.py","logger":"airflow.models.dagbag.DagBag","filename":"dagbag.py","lineno":593}
{"timestamp":"2025-12-17T22:10:55.803511Z","level":"warning","event":"The `airflow.decorators.dag` attribute is deprecated. Please use `'airflow.sdk.dag'`.","category":"DeprecatedImportWarning","filename":"/opt/airflow/dags/dag.py","lineno":1,"logger":"py.warnings"}
{"timestamp":"2025-12-17T22:10:55.803568Z","level":"warning","event":"The `airflow.decorators.task` attribute is deprecated. Please use `'airflow.sdk.task'`.","category":"DeprecatedImportWarning","filename":"/opt/airflow/dags/dag.py","lineno":2,"logger":"py.warnings"}
{"timestamp":"2025-12-17T22:10:55.803591Z","level":"warning","event":"The `airflow.operators.empty.EmptyOperator` attribute is deprecated. Please use `'airflow.providers.standard.operators.empty.EmptyOperator'`.","category":"DeprecatedImportWarning","filename":"/opt/airflow/dags/dag.py","lineno":3,"logger":"py.warnings"}
{"timestamp":"2025-12-17T22:10:55.803611Z","level":"warning","event":"The `airflow.operators.python.get_current_context` attribute is deprecated. Please use `'airflow.sdk.get_current_context'`.","category":"DeprecatedImportWarning","filename":"/opt/airflow/dags/dag.py","lineno":5,"logger":"py.warnings"}
{"timestamp":"2025-12-17T22:11:26.277403Z","level":"info","event":"Filling up the DagBag from /opt/airflow/dags/dag.py","logger":"airflow.models.dagbag.DagBag","filename":"dagbag.py","lineno":593}
{"timestamp":"2025-12-17T22:11:26.318635Z","level":"warning","event":"The `airflow.decorators.dag` attribute is deprecated. Please use `'airflow.sdk.dag'`.","category":"DeprecatedImportWarning","filename":"/opt/airflow/dags/dag.py","lineno":1,"logger":"py.warnings"}
{"timestamp":"2025-12-17T22:11:26.318698Z","level":"warning","event":"The `airflow.decorators.task` attribute is deprecated. Please use `'airflow.sdk.task'`.","category":"DeprecatedImportWarning","filename":"/opt/airflow/dags/dag.py","lineno":2,"logger":"py.warnings"}
{"timestamp":"2025-12-17T22:11:26.318733Z","level":"warning","event":"The `airflow.operators.empty.EmptyOperator` attribute is deprecated. Please use `'airflow.providers.standard.operators.empty.EmptyOperator'`.","category":"DeprecatedImportWarning","filename":"/opt/airflow/dags/dag.py","lineno":3,"logger":"py.warnings"}
{"timestamp":"2025-12-17T22:11:26.318755Z","level":"warning","event":"The `airflow.operators.python.get_current_context` attribute is deprecated. Please use `'airflow.sdk.get_current_context'`.","category":"DeprecatedImportWarning","filename":"/opt/airflow/dags/dag.py","lineno":5,"logger":"py.warnings"}
{"timestamp":"2025-12-17T22:11:56.806587Z","level":"info","event":"Filling up the DagBag from /opt/airflow/dags/dag.py","logger":"airflow.models.dagbag.DagBag","filename":"dagbag.py","lineno":593}
{"timestamp":"2025-12-17T22:11:56.846000Z","level":"warning","event":"The `airflow.decorators.dag` attribute is deprecated. Please use `'airflow.sdk.dag'`.","category":"DeprecatedImportWarning","filename":"/opt/airflow/dags/dag.py","lineno":1,"logger":"py.warnings"}
{"timestamp":"2025-12-17T22:11:56.846073Z","level":"warning","event":"The `airflow.decorators.task` attribute is deprecated. Please use `'airflow.sdk.task'`.","category":"DeprecatedImportWarning","filename":"/opt/airflow/dags/dag.py","lineno":2,"logger":"py.warnings"}
{"timestamp":"2025-12-17T22:11:56.846098Z","level":"warning","event":"The `airflow.operators.empty.EmptyOperator` attribute is deprecated. Please use `'airflow.providers.standard.operators.empty.EmptyOperator'`.","category":"DeprecatedImportWarning","filename":"/opt/airflow/dags/dag.py","lineno":3,"logger":"py.warnings"}
{"timestamp":"2025-12-17T22:11:56.846124Z","level":"warning","event":"The `airflow.operators.python.get_current_context` attribute is deprecated. Please use `'airflow.sdk.get_current_context'`.","category":"DeprecatedImportWarning","filename":"/opt/airflow/dags/dag.py","lineno":5,"logger":"py.warnings"}
{"timestamp":"2025-12-17T22:12:27.277607Z","level":"info","event":"Filling up the DagBag from /opt/airflow/dags/dag.py","logger":"airflow.models.dagbag.DagBag","filename":"dagbag.py","lineno":593}
{"timestamp":"2025-12-17T22:12:27.317217Z","level":"warning","event":"The `airflow.decorators.dag` attribute is deprecated. Please use `'airflow.sdk.dag'`.","category":"DeprecatedImportWarning","filename":"/opt/airflow/dags/dag.py","lineno":1,"logger":"py.warnings"}
{"timestamp":"2025-12-17T22:12:27.317415Z","level":"warning","event":"The `airflow.decorators.task` attribute is deprecated. Please use `'airflow.sdk.task'`.","category":"DeprecatedImportWarning","filename":"/opt/airflow/dags/dag.py","lineno":2,"logger":"py.warnings"}
{"timestamp":"2025-12-17T22:12:27.317769Z","level":"warning","event":"The `airflow.operators.empty.EmptyOperator` attribute is deprecated. Please use `'airflow.providers.standard.operators.empty.EmptyOperator'`.","category":"DeprecatedImportWarning","filename":"/opt/airflow/dags/dag.py","lineno":3,"logger":"py.warnings"}
{"timestamp":"2025-12-17T22:12:27.317941Z","level":"warning","event":"The `airflow.operators.python.get_current_context` attribute is deprecated. Please use `'airflow.sdk.get_current_context'`.","category":"DeprecatedImportWarning","filename":"/opt/airflow/dags/dag.py","lineno":5,"logger":"py.warnings"}
{"timestamp":"2025-12-17T22:12:57.775795Z","level":"info","event":"Filling up the DagBag from /opt/airflow/dags/dag.py","logger":"airflow.models.dagbag.DagBag","filename":"dagbag.py","lineno":593}
{"timestamp":"2025-12-17T22:12:57.813915Z","level":"warning","event":"The `airflow.decorators.dag` attribute is deprecated. Please use `'airflow.sdk.dag'`.","category":"DeprecatedImportWarning","filename":"/opt/airflow/dags/dag.py","lineno":1,"logger":"py.warnings"}
{"timestamp":"2025-12-17T22:12:57.814108Z","level":"warning","event":"The `airflow.decorators.task` attribute is deprecated. Please use `'airflow.sdk.task'`.","category":"DeprecatedImportWarning","filename":"/opt/airflow/dags/dag.py","lineno":2,"logger":"py.warnings"}
{"timestamp":"2025-12-17T22:12:57.814153Z","level":"warning","event":"The `airflow.operators.empty.EmptyOperator` attribute is deprecated. Please use `'airflow.providers.standard.operators.empty.EmptyOperator'`.","category":"DeprecatedImportWarning","filename":"/opt/airflow/dags/dag.py","lineno":3,"logger":"py.warnings"}
{"timestamp":"2025-12-17T22:12:57.814177Z","level":"warning","event":"The `airflow.operators.python.get_current_context` attribute is deprecated. Please use `'airflow.sdk.get_current_context'`.","category":"DeprecatedImportWarning","filename":"/opt/airflow/dags/dag.py","lineno":5,"logger":"py.warnings"}
{"timestamp":"2025-12-17T22:13:28.283166Z","level":"info","event":"Filling up the DagBag from /opt/airflow/dags/dag.py","logger":"airflow.models.dagbag.DagBag","filename":"dagbag.py","lineno":593}
{"timestamp":"2025-12-17T22:13:28.320146Z","level":"warning","event":"The `airflow.decorators.dag` attribute is deprecated. Please use `'airflow.sdk.dag'`.","category":"DeprecatedImportWarning","filename":"/opt/airflow/dags/dag.py","lineno":1,"logger":"py.warnings"}
{"timestamp":"2025-12-17T22:13:28.320228Z","level":"warning","event":"The `airflow.decorators.task` attribute is deprecated. Please use `'airflow.sdk.task'`.","category":"DeprecatedImportWarning","filename":"/opt/airflow/dags/dag.py","lineno":2,"logger":"py.warnings"}
{"timestamp":"2025-12-17T22:13:28.320264Z","level":"warning","event":"The `airflow.operators.empty.EmptyOperator` attribute is deprecated. Please use `'airflow.providers.standard.operators.empty.EmptyOperator'`.","category":"DeprecatedImportWarning","filename":"/opt/airflow/dags/dag.py","lineno":3,"logger":"py.warnings"}
{"timestamp":"2025-12-17T22:13:28.320285Z","level":"warning","event":"The `airflow.operators.python.get_current_context` attribute is deprecated. Please use `'airflow.sdk.get_current_context'`.","category":"DeprecatedImportWarning","filename":"/opt/airflow/dags/dag.py","lineno":5,"logger":"py.warnings"}
{"timestamp":"2025-12-17T22:13:58.586580Z","level":"info","event":"Filling up the DagBag from /opt/airflow/dags/dag.py","logger":"airflow.models.dagbag.DagBag","filename":"dagbag.py","lineno":593}
{"timestamp":"2025-12-17T22:13:58.627772Z","level":"warning","event":"The `airflow.decorators.dag` attribute is deprecated. Please use `'airflow.sdk.dag'`.","category":"DeprecatedImportWarning","filename":"/opt/airflow/dags/dag.py","lineno":1,"logger":"py.warnings"}
{"timestamp":"2025-12-17T22:13:58.627846Z","level":"warning","event":"The `airflow.decorators.task` attribute is deprecated. Please use `'airflow.sdk.task'`.","category":"DeprecatedImportWarning","filename":"/opt/airflow/dags/dag.py","lineno":2,"logger":"py.warnings"}
{"timestamp":"2025-12-17T22:13:58.627871Z","level":"warning","event":"The `airflow.operators.empty.EmptyOperator` attribute is deprecated. Please use `'airflow.providers.standard.operators.empty.EmptyOperator'`.","category":"DeprecatedImportWarning","filename":"/opt/airflow/dags/dag.py","lineno":3,"logger":"py.warnings"}
{"timestamp":"2025-12-17T22:13:58.627891Z","level":"warning","event":"The `airflow.operators.python.get_current_context` attribute is deprecated. Please use `'airflow.sdk.get_current_context'`.","category":"DeprecatedImportWarning","filename":"/opt/airflow/dags/dag.py","lineno":5,"logger":"py.warnings"}
{"timestamp":"2025-12-17T22:14:28.931330Z","level":"info","event":"Filling up the DagBag from /opt/airflow/dags/dag.py","logger":"airflow.models.dagbag.DagBag","filename":"dagbag.py","lineno":593}
{"timestamp":"2025-12-17T22:14:28.979318Z","level":"warning","event":"The `airflow.decorators.dag` attribute is deprecated. Please use `'airflow.sdk.dag'`.","category":"DeprecatedImportWarning","filename":"/opt/airflow/dags/dag.py","lineno":1,"logger":"py.warnings"}
{"timestamp":"2025-12-17T22:14:28.979390Z","level":"warning","event":"The `airflow.decorators.task` attribute is deprecated. Please use `'airflow.sdk.task'`.","category":"DeprecatedImportWarning","filename":"/opt/airflow/dags/dag.py","lineno":2,"logger":"py.warnings"}
{"timestamp":"2025-12-17T22:14:28.979415Z","level":"warning","event":"The `airflow.operators.empty.EmptyOperator` attribute is deprecated. Please use `'airflow.providers.standard.operators.empty.EmptyOperator'`.","category":"DeprecatedImportWarning","filename":"/opt/airflow/dags/dag.py","lineno":3,"logger":"py.warnings"}
{"timestamp":"2025-12-17T22:14:28.979436Z","level":"warning","event":"The `airflow.operators.python.get_current_context` attribute is deprecated. Please use `'airflow.sdk.get_current_context'`.","category":"DeprecatedImportWarning","filename":"/opt/airflow/dags/dag.py","lineno":5,"logger":"py.warnings"}
{"timestamp":"2025-12-17T22:14:59.230095Z","level":"info","event":"Filling up the DagBag from /opt/airflow/dags/dag.py","logger":"airflow.models.dagbag.DagBag","filename":"dagbag.py","lineno":593}
{"timestamp":"2025-12-17T22:14:59.260761Z","level":"warning","event":"The `airflow.decorators.dag` attribute is deprecated. Please use `'airflow.sdk.dag'`.","category":"DeprecatedImportWarning","filename":"/opt/airflow/dags/dag.py","lineno":1,"logger":"py.warnings"}
{"timestamp":"2025-12-17T22:14:59.260831Z","level":"warning","event":"The `airflow.decorators.task` attribute is deprecated. Please use `'airflow.sdk.task'`.","category":"DeprecatedImportWarning","filename":"/opt/airflow/dags/dag.py","lineno":2,"logger":"py.warnings"}
{"timestamp":"2025-12-17T22:14:59.260857Z","level":"warning","event":"The `airflow.operators.empty.EmptyOperator` attribute is deprecated. Please use `'airflow.providers.standard.operators.empty.EmptyOperator'`.","category":"DeprecatedImportWarning","filename":"/opt/airflow/dags/dag.py","lineno":3,"logger":"py.warnings"}
{"timestamp":"2025-12-17T22:14:59.260878Z","level":"warning","event":"The `airflow.operators.python.get_current_context` attribute is deprecated. Please use `'airflow.sdk.get_current_context'`.","category":"DeprecatedImportWarning","filename":"/opt/airflow/dags/dag.py","lineno":5,"logger":"py.warnings"}
{"timestamp":"2025-12-17T22:15:29.525439Z","level":"info","event":"Filling up the DagBag from /opt/airflow/dags/dag.py","logger":"airflow.models.dagbag.DagBag","filename":"dagbag.py","lineno":593}
{"timestamp":"2025-12-17T22:15:29.564264Z","level":"warning","event":"The `airflow.decorators.dag` attribute is deprecated. Please use `'airflow.sdk.dag'`.","category":"DeprecatedImportWarning","filename":"/opt/airflow/dags/dag.py","lineno":1,"logger":"py.warnings"}
{"timestamp":"2025-12-17T22:15:29.564332Z","level":"warning","event":"The `airflow.decorators.task` attribute is deprecated. Please use `'airflow.sdk.task'`.","category":"DeprecatedImportWarning","filename":"/opt/airflow/dags/dag.py","lineno":2,"logger":"py.warnings"}
{"timestamp":"2025-12-17T22:15:29.564361Z","level":"warning","event":"The `airflow.operators.empty.EmptyOperator` attribute is deprecated. Please use `'airflow.providers.standard.operators.empty.EmptyOperator'`.","category":"DeprecatedImportWarning","filename":"/opt/airflow/dags/dag.py","lineno":3,"logger":"py.warnings"}
{"timestamp":"2025-12-17T22:15:29.564389Z","level":"warning","event":"The `airflow.operators.python.get_current_context` attribute is deprecated. Please use `'airflow.sdk.get_current_context'`.","category":"DeprecatedImportWarning","filename":"/opt/airflow/dags/dag.py","lineno":5,"logger":"py.warnings"}
{"timestamp":"2025-12-17T22:15:59.801887Z","level":"info","event":"Filling up the DagBag from /opt/airflow/dags/dag.py","logger":"airflow.models.dagbag.DagBag","filename":"dagbag.py","lineno":593}
{"timestamp":"2025-12-17T22:15:59.831281Z","level":"warning","event":"The `airflow.decorators.dag` attribute is deprecated. Please use `'airflow.sdk.dag'`.","category":"DeprecatedImportWarning","filename":"/opt/airflow/dags/dag.py","lineno":1,"logger":"py.warnings"}
{"timestamp":"2025-12-17T22:15:59.831359Z","level":"warning","event":"The `airflow.decorators.task` attribute is deprecated. Please use `'airflow.sdk.task'`.","category":"DeprecatedImportWarning","filename":"/opt/airflow/dags/dag.py","lineno":2,"logger":"py.warnings"}
{"timestamp":"2025-12-17T22:15:59.831384Z","level":"warning","event":"The `airflow.operators.empty.EmptyOperator` attribute is deprecated. Please use `'airflow.providers.standard.operators.empty.EmptyOperator'`.","category":"DeprecatedImportWarning","filename":"/opt/airflow/dags/dag.py","lineno":3,"logger":"py.warnings"}
{"timestamp":"2025-12-17T22:15:59.831418Z","level":"warning","event":"The `airflow.operators.python.get_current_context` attribute is deprecated. Please use `'airflow.sdk.get_current_context'`.","category":"DeprecatedImportWarning","filename":"/opt/airflow/dags/dag.py","lineno":5,"logger":"py.warnings"}
{"timestamp":"2025-12-17T22:16:30.108126Z","level":"info","event":"Filling up the DagBag from /opt/airflow/dags/dag.py","logger":"airflow.models.dagbag.DagBag","filename":"dagbag.py","lineno":593}
{"timestamp":"2025-12-17T22:16:30.141794Z","level":"warning","event":"The `airflow.decorators.dag` attribute is deprecated. Please use `'airflow.sdk.dag'`.","category":"DeprecatedImportWarning","filename":"/opt/airflow/dags/dag.py","lineno":1,"logger":"py.warnings"}
{"timestamp":"2025-12-17T22:16:30.141864Z","level":"warning","event":"The `airflow.decorators.task` attribute is deprecated. Please use `'airflow.sdk.task'`.","category":"DeprecatedImportWarning","filename":"/opt/airflow/dags/dag.py","lineno":2,"logger":"py.warnings"}
{"timestamp":"2025-12-17T22:16:30.141888Z","level":"warning","event":"The `airflow.operators.empty.EmptyOperator` attribute is deprecated. Please use `'airflow.providers.standard.operators.empty.EmptyOperator'`.","category":"DeprecatedImportWarning","filename":"/opt/airflow/dags/dag.py","lineno":3,"logger":"py.warnings"}
{"timestamp":"2025-12-17T22:16:30.141920Z","level":"warning","event":"The `airflow.operators.python.get_current_context` attribute is deprecated. Please use `'airflow.sdk.get_current_context'`.","category":"DeprecatedImportWarning","filename":"/opt/airflow/dags/dag.py","lineno":5,"logger":"py.warnings"}
{"timestamp":"2025-12-17T22:17:00.446670Z","level":"info","event":"Filling up the DagBag from /opt/airflow/dags/dag.py","logger":"airflow.models.dagbag.DagBag","filename":"dagbag.py","lineno":593}
{"timestamp":"2025-12-17T22:17:00.502244Z","level":"warning","event":"The `airflow.decorators.dag` attribute is deprecated. Please use `'airflow.sdk.dag'`.","category":"DeprecatedImportWarning","filename":"/opt/airflow/dags/dag.py","lineno":1,"logger":"py.warnings"}
{"timestamp":"2025-12-17T22:17:00.502312Z","level":"warning","event":"The `airflow.decorators.task` attribute is deprecated. Please use `'airflow.sdk.task'`.","category":"DeprecatedImportWarning","filename":"/opt/airflow/dags/dag.py","lineno":2,"logger":"py.warnings"}
{"timestamp":"2025-12-17T22:17:00.502337Z","level":"warning","event":"The `airflow.operators.empty.EmptyOperator` attribute is deprecated. Please use `'airflow.providers.standard.operators.empty.EmptyOperator'`.","category":"DeprecatedImportWarning","filename":"/opt/airflow/dags/dag.py","lineno":3,"logger":"py.warnings"}
{"timestamp":"2025-12-17T22:17:00.502362Z","level":"warning","event":"The `airflow.operators.python.get_current_context` attribute is deprecated. Please use `'airflow.sdk.get_current_context'`.","category":"DeprecatedImportWarning","filename":"/opt/airflow/dags/dag.py","lineno":5,"logger":"py.warnings"}
{"timestamp":"2025-12-17T22:17:30.789837Z","level":"info","event":"Filling up the DagBag from /opt/airflow/dags/dag.py","logger":"airflow.models.dagbag.DagBag","filename":"dagbag.py","lineno":593}
{"timestamp":"2025-12-17T22:17:30.840913Z","level":"warning","event":"The `airflow.decorators.dag` attribute is deprecated. Please use `'airflow.sdk.dag'`.","category":"DeprecatedImportWarning","filename":"/opt/airflow/dags/dag.py","lineno":1,"logger":"py.warnings"}
{"timestamp":"2025-12-17T22:17:30.841042Z","level":"warning","event":"The `airflow.decorators.task` attribute is deprecated. Please use `'airflow.sdk.task'`.","category":"DeprecatedImportWarning","filename":"/opt/airflow/dags/dag.py","lineno":2,"logger":"py.warnings"}
{"timestamp":"2025-12-17T22:17:30.841098Z","level":"warning","event":"The `airflow.operators.empty.EmptyOperator` attribute is deprecated. Please use `'airflow.providers.standard.operators.empty.EmptyOperator'`.","category":"DeprecatedImportWarning","filename":"/opt/airflow/dags/dag.py","lineno":3,"logger":"py.warnings"}
{"timestamp":"2025-12-17T22:17:30.841138Z","level":"warning","event":"The `airflow.operators.python.get_current_context` attribute is deprecated. Please use `'airflow.sdk.get_current_context'`.","category":"DeprecatedImportWarning","filename":"/opt/airflow/dags/dag.py","lineno":5,"logger":"py.warnings"}
{"timestamp":"2025-12-17T22:18:01.076606Z","level":"info","event":"Filling up the DagBag from /opt/airflow/dags/dag.py","logger":"airflow.models.dagbag.DagBag","filename":"dagbag.py","lineno":593}
{"timestamp":"2025-12-17T22:18:01.110411Z","level":"warning","event":"The `airflow.decorators.dag` attribute is deprecated. Please use `'airflow.sdk.dag'`.","category":"DeprecatedImportWarning","filename":"/opt/airflow/dags/dag.py","lineno":1,"logger":"py.warnings"}
{"timestamp":"2025-12-17T22:18:01.110481Z","level":"warning","event":"The `airflow.decorators.task` attribute is deprecated. Please use `'airflow.sdk.task'`.","category":"DeprecatedImportWarning","filename":"/opt/airflow/dags/dag.py","lineno":2,"logger":"py.warnings"}
{"timestamp":"2025-12-17T22:18:01.110510Z","level":"warning","event":"The `airflow.operators.empty.EmptyOperator` attribute is deprecated. Please use `'airflow.providers.standard.operators.empty.EmptyOperator'`.","category":"DeprecatedImportWarning","filename":"/opt/airflow/dags/dag.py","lineno":3,"logger":"py.warnings"}
{"timestamp":"2025-12-17T22:18:01.110531Z","level":"warning","event":"The `airflow.operators.python.get_current_context` attribute is deprecated. Please use `'airflow.sdk.get_current_context'`.","category":"DeprecatedImportWarning","filename":"/opt/airflow/dags/dag.py","lineno":5,"logger":"py.warnings"}
{"timestamp":"2025-12-17T22:18:31.353950Z","level":"info","event":"Filling up the DagBag from /opt/airflow/dags/dag.py","logger":"airflow.models.dagbag.DagBag","filename":"dagbag.py","lineno":593}
{"timestamp":"2025-12-17T22:18:31.381375Z","level":"warning","event":"The `airflow.decorators.dag` attribute is deprecated. Please use `'airflow.sdk.dag'`.","category":"DeprecatedImportWarning","filename":"/opt/airflow/dags/dag.py","lineno":1,"logger":"py.warnings"}
{"timestamp":"2025-12-17T22:18:31.381442Z","level":"warning","event":"The `airflow.decorators.task` attribute is deprecated. Please use `'airflow.sdk.task'`.","category":"DeprecatedImportWarning","filename":"/opt/airflow/dags/dag.py","lineno":2,"logger":"py.warnings"}
{"timestamp":"2025-12-17T22:18:31.381467Z","level":"warning","event":"The `airflow.operators.empty.EmptyOperator` attribute is deprecated. Please use `'airflow.providers.standard.operators.empty.EmptyOperator'`.","category":"DeprecatedImportWarning","filename":"/opt/airflow/dags/dag.py","lineno":3,"logger":"py.warnings"}
{"timestamp":"2025-12-17T22:18:31.381487Z","level":"warning","event":"The `airflow.operators.python.get_current_context` attribute is deprecated. Please use `'airflow.sdk.get_current_context'`.","category":"DeprecatedImportWarning","filename":"/opt/airflow/dags/dag.py","lineno":5,"logger":"py.warnings"}
{"timestamp":"2025-12-17T22:19:01.660879Z","level":"info","event":"Filling up the DagBag from /opt/airflow/dags/dag.py","logger":"airflow.models.dagbag.DagBag","filename":"dagbag.py","lineno":593}
{"timestamp":"2025-12-17T22:19:01.693265Z","level":"warning","event":"The `airflow.decorators.dag` attribute is deprecated. Please use `'airflow.sdk.dag'`.","category":"DeprecatedImportWarning","filename":"/opt/airflow/dags/dag.py","lineno":1,"logger":"py.warnings"}
{"timestamp":"2025-12-17T22:19:01.693331Z","level":"warning","event":"The `airflow.decorators.task` attribute is deprecated. Please use `'airflow.sdk.task'`.","category":"DeprecatedImportWarning","filename":"/opt/airflow/dags/dag.py","lineno":2,"logger":"py.warnings"}
{"timestamp":"2025-12-17T22:19:01.693355Z","level":"warning","event":"The `airflow.operators.empty.EmptyOperator` attribute is deprecated. Please use `'airflow.providers.standard.operators.empty.EmptyOperator'`.","category":"DeprecatedImportWarning","filename":"/opt/airflow/dags/dag.py","lineno":3,"logger":"py.warnings"}
{"timestamp":"2025-12-17T22:19:01.693377Z","level":"warning","event":"The `airflow.operators.python.get_current_context` attribute is deprecated. Please use `'airflow.sdk.get_current_context'`.","category":"DeprecatedImportWarning","filename":"/opt/airflow/dags/dag.py","lineno":5,"logger":"py.warnings"}
{"timestamp":"2025-12-17T22:19:31.927122Z","level":"info","event":"Filling up the DagBag from /opt/airflow/dags/dag.py","logger":"airflow.models.dagbag.DagBag","filename":"dagbag.py","lineno":593}
{"timestamp":"2025-12-17T22:19:31.955420Z","level":"warning","event":"The `airflow.decorators.dag` attribute is deprecated. Please use `'airflow.sdk.dag'`.","category":"DeprecatedImportWarning","filename":"/opt/airflow/dags/dag.py","lineno":1,"logger":"py.warnings"}
{"timestamp":"2025-12-17T22:19:31.955484Z","level":"warning","event":"The `airflow.decorators.task` attribute is deprecated. Please use `'airflow.sdk.task'`.","category":"DeprecatedImportWarning","filename":"/opt/airflow/dags/dag.py","lineno":2,"logger":"py.warnings"}
{"timestamp":"2025-12-17T22:19:31.955509Z","level":"warning","event":"The `airflow.operators.empty.EmptyOperator` attribute is deprecated. Please use `'airflow.providers.standard.operators.empty.EmptyOperator'`.","category":"DeprecatedImportWarning","filename":"/opt/airflow/dags/dag.py","lineno":3,"logger":"py.warnings"}
{"timestamp":"2025-12-17T22:19:31.955529Z","level":"warning","event":"The `airflow.operators.python.get_current_context` attribute is deprecated. Please use `'airflow.sdk.get_current_context'`.","category":"DeprecatedImportWarning","filename":"/opt/airflow/dags/dag.py","lineno":5,"logger":"py.warnings"}
{"timestamp":"2025-12-17T22:20:02.198532Z","level":"info","event":"Filling up the DagBag from /opt/airflow/dags/dag.py","logger":"airflow.models.dagbag.DagBag","filename":"dagbag.py","lineno":593}
{"timestamp":"2025-12-17T22:20:02.219628Z","level":"warning","event":"The `airflow.decorators.dag` attribute is deprecated. Please use `'airflow.sdk.dag'`.","category":"DeprecatedImportWarning","filename":"/opt/airflow/dags/dag.py","lineno":1,"logger":"py.warnings"}
{"timestamp":"2025-12-17T22:20:02.219694Z","level":"warning","event":"The `airflow.decorators.task` attribute is deprecated. Please use `'airflow.sdk.task'`.","category":"DeprecatedImportWarning","filename":"/opt/airflow/dags/dag.py","lineno":2,"logger":"py.warnings"}
{"timestamp":"2025-12-17T22:20:02.219719Z","level":"warning","event":"The `airflow.operators.empty.EmptyOperator` attribute is deprecated. Please use `'airflow.providers.standard.operators.empty.EmptyOperator'`.","category":"DeprecatedImportWarning","filename":"/opt/airflow/dags/dag.py","lineno":3,"logger":"py.warnings"}
{"timestamp":"2025-12-17T22:20:02.219740Z","level":"warning","event":"The `airflow.operators.python.get_current_context` attribute is deprecated. Please use `'airflow.sdk.get_current_context'`.","category":"DeprecatedImportWarning","filename":"/opt/airflow/dags/dag.py","lineno":5,"logger":"py.warnings"}
{"timestamp":"2025-12-17T22:20:32.494247Z","level":"info","event":"Filling up the DagBag from /opt/airflow/dags/dag.py","logger":"airflow.models.dagbag.DagBag","filename":"dagbag.py","lineno":593}
{"timestamp":"2025-12-17T22:20:32.530643Z","level":"warning","event":"The `airflow.decorators.dag` attribute is deprecated. Please use `'airflow.sdk.dag'`.","category":"DeprecatedImportWarning","filename":"/opt/airflow/dags/dag.py","lineno":1,"logger":"py.warnings"}
{"timestamp":"2025-12-17T22:20:32.530714Z","level":"warning","event":"The `airflow.decorators.task` attribute is deprecated. Please use `'airflow.sdk.task'`.","category":"DeprecatedImportWarning","filename":"/opt/airflow/dags/dag.py","lineno":2,"logger":"py.warnings"}
{"timestamp":"2025-12-17T22:20:32.530739Z","level":"warning","event":"The `airflow.operators.empty.EmptyOperator` attribute is deprecated. Please use `'airflow.providers.standard.operators.empty.EmptyOperator'`.","category":"DeprecatedImportWarning","filename":"/opt/airflow/dags/dag.py","lineno":3,"logger":"py.warnings"}
{"timestamp":"2025-12-17T22:20:32.530760Z","level":"warning","event":"The `airflow.operators.python.get_current_context` attribute is deprecated. Please use `'airflow.sdk.get_current_context'`.","category":"DeprecatedImportWarning","filename":"/opt/airflow/dags/dag.py","lineno":5,"logger":"py.warnings"}
{"timestamp":"2025-12-17T22:21:02.826704Z","level":"info","event":"Filling up the DagBag from /opt/airflow/dags/dag.py","logger":"airflow.models.dagbag.DagBag","filename":"dagbag.py","lineno":593}
{"timestamp":"2025-12-17T22:21:02.861507Z","level":"warning","event":"The `airflow.decorators.dag` attribute is deprecated. Please use `'airflow.sdk.dag'`.","category":"DeprecatedImportWarning","filename":"/opt/airflow/dags/dag.py","lineno":1,"logger":"py.warnings"}
{"timestamp":"2025-12-17T22:21:02.861588Z","level":"warning","event":"The `airflow.decorators.task` attribute is deprecated. Please use `'airflow.sdk.task'`.","category":"DeprecatedImportWarning","filename":"/opt/airflow/dags/dag.py","lineno":2,"logger":"py.warnings"}
{"timestamp":"2025-12-17T22:21:02.861618Z","level":"warning","event":"The `airflow.operators.empty.EmptyOperator` attribute is deprecated. Please use `'airflow.providers.standard.operators.empty.EmptyOperator'`.","category":"DeprecatedImportWarning","filename":"/opt/airflow/dags/dag.py","lineno":3,"logger":"py.warnings"}
{"timestamp":"2025-12-17T22:21:02.861639Z","level":"warning","event":"The `airflow.operators.python.get_current_context` attribute is deprecated. Please use `'airflow.sdk.get_current_context'`.","category":"DeprecatedImportWarning","filename":"/opt/airflow/dags/dag.py","lineno":5,"logger":"py.warnings"}
{"timestamp":"2025-12-17T22:21:33.141065Z","level":"info","event":"Filling up the DagBag from /opt/airflow/dags/dag.py","logger":"airflow.models.dagbag.DagBag","filename":"dagbag.py","lineno":593}
{"timestamp":"2025-12-17T22:21:33.209311Z","level":"warning","event":"The `airflow.decorators.dag` attribute is deprecated. Please use `'airflow.sdk.dag'`.","category":"DeprecatedImportWarning","filename":"/opt/airflow/dags/dag.py","lineno":1,"logger":"py.warnings"}
{"timestamp":"2025-12-17T22:21:33.209517Z","level":"warning","event":"The `airflow.decorators.task` attribute is deprecated. Please use `'airflow.sdk.task'`.","category":"DeprecatedImportWarning","filename":"/opt/airflow/dags/dag.py","lineno":2,"logger":"py.warnings"}
{"timestamp":"2025-12-17T22:21:33.209546Z","level":"warning","event":"The `airflow.operators.empty.EmptyOperator` attribute is deprecated. Please use `'airflow.providers.standard.operators.empty.EmptyOperator'`.","category":"DeprecatedImportWarning","filename":"/opt/airflow/dags/dag.py","lineno":3,"logger":"py.warnings"}
{"timestamp":"2025-12-17T22:21:33.211186Z","level":"warning","event":"The `airflow.operators.python.get_current_context` attribute is deprecated. Please use `'airflow.sdk.get_current_context'`.","category":"DeprecatedImportWarning","filename":"/opt/airflow/dags/dag.py","lineno":5,"logger":"py.warnings"}
{"timestamp":"2025-12-17T22:22:04.469040Z","level":"info","event":"Filling up the DagBag from /opt/airflow/dags/dag.py","logger":"airflow.models.dagbag.DagBag","filename":"dagbag.py","lineno":593}
{"timestamp":"2025-12-17T22:22:04.522858Z","level":"warning","event":"The `airflow.decorators.dag` attribute is deprecated. Please use `'airflow.sdk.dag'`.","category":"DeprecatedImportWarning","filename":"/opt/airflow/dags/dag.py","lineno":1,"logger":"py.warnings"}
{"timestamp":"2025-12-17T22:22:04.523166Z","level":"warning","event":"The `airflow.decorators.task` attribute is deprecated. Please use `'airflow.sdk.task'`.","category":"DeprecatedImportWarning","filename":"/opt/airflow/dags/dag.py","lineno":2,"logger":"py.warnings"}
{"timestamp":"2025-12-17T22:22:04.524171Z","level":"warning","event":"The `airflow.operators.empty.EmptyOperator` attribute is deprecated. Please use `'airflow.providers.standard.operators.empty.EmptyOperator'`.","category":"DeprecatedImportWarning","filename":"/opt/airflow/dags/dag.py","lineno":3,"logger":"py.warnings"}
{"timestamp":"2025-12-17T22:22:04.524215Z","level":"warning","event":"The `airflow.operators.python.get_current_context` attribute is deprecated. Please use `'airflow.sdk.get_current_context'`.","category":"DeprecatedImportWarning","filename":"/opt/airflow/dags/dag.py","lineno":5,"logger":"py.warnings"}
{"timestamp":"2025-12-17T22:22:34.795715Z","level":"info","event":"Filling up the DagBag from /opt/airflow/dags/dag.py","logger":"airflow.models.dagbag.DagBag","filename":"dagbag.py","lineno":593}
{"timestamp":"2025-12-17T22:22:34.845368Z","level":"warning","event":"The `airflow.decorators.dag` attribute is deprecated. Please use `'airflow.sdk.dag'`.","category":"DeprecatedImportWarning","filename":"/opt/airflow/dags/dag.py","lineno":1,"logger":"py.warnings"}
{"timestamp":"2025-12-17T22:22:34.845437Z","level":"warning","event":"The `airflow.decorators.task` attribute is deprecated. Please use `'airflow.sdk.task'`.","category":"DeprecatedImportWarning","filename":"/opt/airflow/dags/dag.py","lineno":2,"logger":"py.warnings"}
{"timestamp":"2025-12-17T22:22:34.845462Z","level":"warning","event":"The `airflow.operators.empty.EmptyOperator` attribute is deprecated. Please use `'airflow.providers.standard.operators.empty.EmptyOperator'`.","category":"DeprecatedImportWarning","filename":"/opt/airflow/dags/dag.py","lineno":3,"logger":"py.warnings"}
{"timestamp":"2025-12-17T22:22:34.845483Z","level":"warning","event":"The `airflow.operators.python.get_current_context` attribute is deprecated. Please use `'airflow.sdk.get_current_context'`.","category":"DeprecatedImportWarning","filename":"/opt/airflow/dags/dag.py","lineno":5,"logger":"py.warnings"}
{"timestamp":"2025-12-17T22:23:05.128250Z","level":"info","event":"Filling up the DagBag from /opt/airflow/dags/dag.py","logger":"airflow.models.dagbag.DagBag","filename":"dagbag.py","lineno":593}
{"timestamp":"2025-12-17T22:23:05.212174Z","level":"warning","event":"The `airflow.decorators.dag` attribute is deprecated. Please use `'airflow.sdk.dag'`.","category":"DeprecatedImportWarning","filename":"/opt/airflow/dags/dag.py","lineno":1,"logger":"py.warnings"}
{"timestamp":"2025-12-17T22:23:05.212287Z","level":"warning","event":"The `airflow.decorators.task` attribute is deprecated. Please use `'airflow.sdk.task'`.","category":"DeprecatedImportWarning","filename":"/opt/airflow/dags/dag.py","lineno":2,"logger":"py.warnings"}
{"timestamp":"2025-12-17T22:23:05.212326Z","level":"warning","event":"The `airflow.operators.empty.EmptyOperator` attribute is deprecated. Please use `'airflow.providers.standard.operators.empty.EmptyOperator'`.","category":"DeprecatedImportWarning","filename":"/opt/airflow/dags/dag.py","lineno":3,"logger":"py.warnings"}
{"timestamp":"2025-12-17T22:23:05.212362Z","level":"warning","event":"The `airflow.operators.python.get_current_context` attribute is deprecated. Please use `'airflow.sdk.get_current_context'`.","category":"DeprecatedImportWarning","filename":"/opt/airflow/dags/dag.py","lineno":5,"logger":"py.warnings"}
{"timestamp":"2025-12-17T22:23:35.527247Z","level":"info","event":"Filling up the DagBag from /opt/airflow/dags/dag.py","logger":"airflow.models.dagbag.DagBag","filename":"dagbag.py","lineno":593}
{"timestamp":"2025-12-17T22:23:35.562589Z","level":"warning","event":"The `airflow.decorators.dag` attribute is deprecated. Please use `'airflow.sdk.dag'`.","category":"DeprecatedImportWarning","filename":"/opt/airflow/dags/dag.py","lineno":1,"logger":"py.warnings"}
{"timestamp":"2025-12-17T22:23:35.562667Z","level":"warning","event":"The `airflow.decorators.task` attribute is deprecated. Please use `'airflow.sdk.task'`.","category":"DeprecatedImportWarning","filename":"/opt/airflow/dags/dag.py","lineno":2,"logger":"py.warnings"}
{"timestamp":"2025-12-17T22:23:35.562701Z","level":"warning","event":"The `airflow.operators.empty.EmptyOperator` attribute is deprecated. Please use `'airflow.providers.standard.operators.empty.EmptyOperator'`.","category":"DeprecatedImportWarning","filename":"/opt/airflow/dags/dag.py","lineno":3,"logger":"py.warnings"}
{"timestamp":"2025-12-17T22:23:35.562731Z","level":"warning","event":"The `airflow.operators.python.get_current_context` attribute is deprecated. Please use `'airflow.sdk.get_current_context'`.","category":"DeprecatedImportWarning","filename":"/opt/airflow/dags/dag.py","lineno":5,"logger":"py.warnings"}
{"timestamp":"2025-12-17T22:24:05.872286Z","level":"info","event":"Filling up the DagBag from /opt/airflow/dags/dag.py","logger":"airflow.models.dagbag.DagBag","filename":"dagbag.py","lineno":593}
{"timestamp":"2025-12-17T22:24:05.914049Z","level":"warning","event":"The `airflow.decorators.dag` attribute is deprecated. Please use `'airflow.sdk.dag'`.","category":"DeprecatedImportWarning","filename":"/opt/airflow/dags/dag.py","lineno":1,"logger":"py.warnings"}
{"timestamp":"2025-12-17T22:24:05.914129Z","level":"warning","event":"The `airflow.decorators.task` attribute is deprecated. Please use `'airflow.sdk.task'`.","category":"DeprecatedImportWarning","filename":"/opt/airflow/dags/dag.py","lineno":2,"logger":"py.warnings"}
{"timestamp":"2025-12-17T22:24:05.914155Z","level":"warning","event":"The `airflow.operators.empty.EmptyOperator` attribute is deprecated. Please use `'airflow.providers.standard.operators.empty.EmptyOperator'`.","category":"DeprecatedImportWarning","filename":"/opt/airflow/dags/dag.py","lineno":3,"logger":"py.warnings"}
{"timestamp":"2025-12-17T22:24:05.914176Z","level":"warning","event":"The `airflow.operators.python.get_current_context` attribute is deprecated. Please use `'airflow.sdk.get_current_context'`.","category":"DeprecatedImportWarning","filename":"/opt/airflow/dags/dag.py","lineno":5,"logger":"py.warnings"}
{"timestamp":"2025-12-17T22:24:36.222550Z","level":"info","event":"Filling up the DagBag from /opt/airflow/dags/dag.py","logger":"airflow.models.dagbag.DagBag","filename":"dagbag.py","lineno":593}
{"timestamp":"2025-12-17T22:24:36.260921Z","level":"warning","event":"The `airflow.decorators.dag` attribute is deprecated. Please use `'airflow.sdk.dag'`.","category":"DeprecatedImportWarning","filename":"/opt/airflow/dags/dag.py","lineno":1,"logger":"py.warnings"}
{"timestamp":"2025-12-17T22:24:36.260991Z","level":"warning","event":"The `airflow.decorators.task` attribute is deprecated. Please use `'airflow.sdk.task'`.","category":"DeprecatedImportWarning","filename":"/opt/airflow/dags/dag.py","lineno":2,"logger":"py.warnings"}
{"timestamp":"2025-12-17T22:24:36.261020Z","level":"warning","event":"The `airflow.operators.empty.EmptyOperator` attribute is deprecated. Please use `'airflow.providers.standard.operators.empty.EmptyOperator'`.","category":"DeprecatedImportWarning","filename":"/opt/airflow/dags/dag.py","lineno":3,"logger":"py.warnings"}
{"timestamp":"2025-12-17T22:24:36.261052Z","level":"warning","event":"The `airflow.operators.python.get_current_context` attribute is deprecated. Please use `'airflow.sdk.get_current_context'`.","category":"DeprecatedImportWarning","filename":"/opt/airflow/dags/dag.py","lineno":5,"logger":"py.warnings"}
{"timestamp":"2025-12-17T22:25:06.558925Z","level":"info","event":"Filling up the DagBag from /opt/airflow/dags/dag.py","logger":"airflow.models.dagbag.DagBag","filename":"dagbag.py","lineno":593}
{"timestamp":"2025-12-17T22:25:06.595323Z","level":"warning","event":"The `airflow.decorators.dag` attribute is deprecated. Please use `'airflow.sdk.dag'`.","category":"DeprecatedImportWarning","filename":"/opt/airflow/dags/dag.py","lineno":1,"logger":"py.warnings"}
{"timestamp":"2025-12-17T22:25:06.595388Z","level":"warning","event":"The `airflow.decorators.task` attribute is deprecated. Please use `'airflow.sdk.task'`.","category":"DeprecatedImportWarning","filename":"/opt/airflow/dags/dag.py","lineno":2,"logger":"py.warnings"}
{"timestamp":"2025-12-17T22:25:06.595413Z","level":"warning","event":"The `airflow.operators.empty.EmptyOperator` attribute is deprecated. Please use `'airflow.providers.standard.operators.empty.EmptyOperator'`.","category":"DeprecatedImportWarning","filename":"/opt/airflow/dags/dag.py","lineno":3,"logger":"py.warnings"}
{"timestamp":"2025-12-17T22:25:06.595433Z","level":"warning","event":"The `airflow.operators.python.get_current_context` attribute is deprecated. Please use `'airflow.sdk.get_current_context'`.","category":"DeprecatedImportWarning","filename":"/opt/airflow/dags/dag.py","lineno":5,"logger":"py.warnings"}
{"timestamp":"2025-12-17T22:25:36.857255Z","level":"info","event":"Filling up the DagBag from /opt/airflow/dags/dag.py","logger":"airflow.models.dagbag.DagBag","filename":"dagbag.py","lineno":593}
{"timestamp":"2025-12-17T22:25:36.890928Z","level":"warning","event":"The `airflow.decorators.dag` attribute is deprecated. Please use `'airflow.sdk.dag'`.","category":"DeprecatedImportWarning","filename":"/opt/airflow/dags/dag.py","lineno":1,"logger":"py.warnings"}
{"timestamp":"2025-12-17T22:25:36.891021Z","level":"warning","event":"The `airflow.decorators.task` attribute is deprecated. Please use `'airflow.sdk.task'`.","category":"DeprecatedImportWarning","filename":"/opt/airflow/dags/dag.py","lineno":2,"logger":"py.warnings"}
{"timestamp":"2025-12-17T22:25:36.891061Z","level":"warning","event":"The `airflow.operators.empty.EmptyOperator` attribute is deprecated. Please use `'airflow.providers.standard.operators.empty.EmptyOperator'`.","category":"DeprecatedImportWarning","filename":"/opt/airflow/dags/dag.py","lineno":3,"logger":"py.warnings"}
{"timestamp":"2025-12-17T22:25:36.891094Z","level":"warning","event":"The `airflow.operators.python.get_current_context` attribute is deprecated. Please use `'airflow.sdk.get_current_context'`.","category":"DeprecatedImportWarning","filename":"/opt/airflow/dags/dag.py","lineno":5,"logger":"py.warnings"}
{"timestamp":"2025-12-17T22:26:07.328204Z","level":"info","event":"Filling up the DagBag from /opt/airflow/dags/dag.py","logger":"airflow.models.dagbag.DagBag","filename":"dagbag.py","lineno":593}
{"timestamp":"2025-12-17T22:26:07.383792Z","level":"warning","event":"The `airflow.decorators.dag` attribute is deprecated. Please use `'airflow.sdk.dag'`.","category":"DeprecatedImportWarning","filename":"/opt/airflow/dags/dag.py","lineno":1,"logger":"py.warnings"}
{"timestamp":"2025-12-17T22:26:07.383891Z","level":"warning","event":"The `airflow.decorators.task` attribute is deprecated. Please use `'airflow.sdk.task'`.","category":"DeprecatedImportWarning","filename":"/opt/airflow/dags/dag.py","lineno":2,"logger":"py.warnings"}
{"timestamp":"2025-12-17T22:26:07.383944Z","level":"warning","event":"The `airflow.operators.empty.EmptyOperator` attribute is deprecated. Please use `'airflow.providers.standard.operators.empty.EmptyOperator'`.","category":"DeprecatedImportWarning","filename":"/opt/airflow/dags/dag.py","lineno":3,"logger":"py.warnings"}
{"timestamp":"2025-12-17T22:26:07.383982Z","level":"warning","event":"The `airflow.operators.python.get_current_context` attribute is deprecated. Please use `'airflow.sdk.get_current_context'`.","category":"DeprecatedImportWarning","filename":"/opt/airflow/dags/dag.py","lineno":5,"logger":"py.warnings"}
{"timestamp":"2025-12-17T22:43:39.605357Z","level":"info","event":"Filling up the DagBag from /opt/airflow/dags/dag.py","logger":"airflow.models.dagbag.DagBag","filename":"dagbag.py","lineno":593}
{"timestamp":"2025-12-17T22:43:39.638259Z","level":"warning","event":"The `airflow.decorators.dag` attribute is deprecated. Please use `'airflow.sdk.dag'`.","category":"DeprecatedImportWarning","filename":"/opt/airflow/dags/dag.py","lineno":1,"logger":"py.warnings"}
{"timestamp":"2025-12-17T22:43:39.638326Z","level":"warning","event":"The `airflow.decorators.task` attribute is deprecated. Please use `'airflow.sdk.task'`.","category":"DeprecatedImportWarning","filename":"/opt/airflow/dags/dag.py","lineno":2,"logger":"py.warnings"}
{"timestamp":"2025-12-17T22:43:39.638359Z","level":"warning","event":"The `airflow.operators.empty.EmptyOperator` attribute is deprecated. Please use `'airflow.providers.standard.operators.empty.EmptyOperator'`.","category":"DeprecatedImportWarning","filename":"/opt/airflow/dags/dag.py","lineno":3,"logger":"py.warnings"}
{"timestamp":"2025-12-17T22:43:39.638388Z","level":"warning","event":"The `airflow.operators.python.get_current_context` attribute is deprecated. Please use `'airflow.sdk.get_current_context'`.","category":"DeprecatedImportWarning","filename":"/opt/airflow/dags/dag.py","lineno":5,"logger":"py.warnings"}
{"timestamp":"2025-12-17T22:48:03.498881Z","level":"info","event":"Filling up the DagBag from /opt/airflow/dags/dag.py","logger":"airflow.models.dagbag.DagBag","filename":"dagbag.py","lineno":593}
{"timestamp":"2025-12-17T22:48:03.608295Z","level":"warning","event":"The `airflow.decorators.dag` attribute is deprecated. Please use `'airflow.sdk.dag'`.","category":"DeprecatedImportWarning","filename":"/opt/airflow/dags/dag.py","lineno":1,"logger":"py.warnings"}
{"timestamp":"2025-12-17T22:48:03.608498Z","level":"warning","event":"The `airflow.decorators.task` attribute is deprecated. Please use `'airflow.sdk.task'`.","category":"DeprecatedImportWarning","filename":"/opt/airflow/dags/dag.py","lineno":2,"logger":"py.warnings"}
{"timestamp":"2025-12-17T22:48:03.608743Z","level":"warning","event":"The `airflow.operators.empty.EmptyOperator` attribute is deprecated. Please use `'airflow.providers.standard.operators.empty.EmptyOperator'`.","category":"DeprecatedImportWarning","filename":"/opt/airflow/dags/dag.py","lineno":3,"logger":"py.warnings"}
{"timestamp":"2025-12-17T22:48:03.608888Z","level":"warning","event":"The `airflow.operators.python.get_current_context` attribute is deprecated. Please use `'airflow.sdk.get_current_context'`.","category":"DeprecatedImportWarning","filename":"/opt/airflow/dags/dag.py","lineno":5,"logger":"py.warnings"}
{"timestamp":"2025-12-17T23:27:49.306866Z","level":"info","event":"Filling up the DagBag from /opt/airflow/dags/dag.py","logger":"airflow.models.dagbag.DagBag","filename":"dagbag.py","lineno":593}
{"timestamp":"2025-12-17T23:27:49.383356Z","level":"warning","event":"The `airflow.decorators.dag` attribute is deprecated. Please use `'airflow.sdk.dag'`.","category":"DeprecatedImportWarning","filename":"/opt/airflow/dags/dag.py","lineno":1,"logger":"py.warnings"}
{"timestamp":"2025-12-17T23:27:49.384058Z","level":"warning","event":"The `airflow.decorators.task` attribute is deprecated. Please use `'airflow.sdk.task'`.","category":"DeprecatedImportWarning","filename":"/opt/airflow/dags/dag.py","lineno":2,"logger":"py.warnings"}
{"timestamp":"2025-12-17T23:27:49.384126Z","level":"warning","event":"The `airflow.operators.empty.EmptyOperator` attribute is deprecated. Please use `'airflow.providers.standard.operators.empty.EmptyOperator'`.","category":"DeprecatedImportWarning","filename":"/opt/airflow/dags/dag.py","lineno":3,"logger":"py.warnings"}
{"timestamp":"2025-12-17T23:27:49.384161Z","level":"warning","event":"The `airflow.operators.python.get_current_context` attribute is deprecated. Please use `'airflow.sdk.get_current_context'`.","category":"DeprecatedImportWarning","filename":"/opt/airflow/dags/dag.py","lineno":5,"logger":"py.warnings"}
